protocol,mode,protein_id,cluster_id,fold,n_residues,pcc,spearman,rmse_z
cluster,graph+identity0,1ABA,cluster_1ABA,4,87,0.6381146777939685,0.7154417460542202,0.7740725578458676
cluster,graph+identity0,1AHO,cluster_1AHO,3,64,0.6322311323175778,0.7417438386914385,0.7778382076348765
cluster,graph+identity0,1AIE,cluster_1AIE,4,31,0.6772941841541282,0.5008064516129033,0.7444632743569132
cluster,graph+identity0,1AKG,cluster_1AKG,2,16,0.48926433693267024,0.7181753232004174,0.894282508927331
cluster,graph+identity0,1ATG,cluster_1ATG,5,231,0.5258546718221114,0.5824077774496578,0.8576847815023434
cluster,graph+identity0,1BGF,cluster_1BGF,2,124,0.6131655672101646,0.45004429634527904,0.7925733342106054
cluster,graph+identity0,1BX7,cluster_1BX7,2,51,0.5497058785221628,0.22497737556561084,0.8941351936340681
cluster,graph+identity0,1BYI,cluster_1BYI,5,224,0.5540454873882946,0.6019457333797316,0.837646863237008
cluster,graph+identity0,1CCR,cluster_1CCR,5,111,0.5118186575163314,0.519390031955727,0.85934995758652
cluster,graph+identity0,1CYO,cluster_1CYO,2,88,0.6179607856281124,0.5558686522840325,0.7936282455440155
cluster,graph+identity0,1DF4,cluster_1DF4,5,57,0.9166513436107055,0.8127430645579466,0.5626807445494096
cluster,graph+identity0,1E5K,cluster_1E5K,3,188,0.7593305354611727,0.7475413329749333,0.6615513799572122
cluster,graph+identity0,1ES5,cluster_1ES5,3,260,0.6471840292132434,0.7159440515716373,0.7721644638972284
cluster,graph+identity0,1ETL,cluster_1ETL,3,12,0.8031745214310714,0.6994565338373893,0.7196397285398652
cluster,graph+identity0,1ETM,cluster_1ETM,1,12,0.5969537545750244,0.4012018580146848,0.8235883262074208
cluster,graph+identity0,1ETN,cluster_1ETN,4,12,-0.24893267662335672,-0.0997839668231577,1.2523579150380155
cluster,graph+identity0,1EW4,cluster_1EW4,2,106,0.6414282447931364,0.6617409224392875,0.7706412296715384
cluster,graph+identity0,1F8R,cluster_1F8R,3,1932,0.7732936262468273,0.7561393134414046,0.680050653921491
cluster,graph+identity0,1FF4,cluster_1FF4,4,65,0.6065788125614964,0.5847528928768311,0.7977390618772328
cluster,graph+identity0,1FK5,cluster_1FK5,2,93,0.5332629671501807,0.5060932167353456,0.848866487752284
cluster,graph+identity0,1GCO,cluster_1GCO,4,1044,0.6612504820689794,0.6222811911404001,0.7539357398049314
cluster,graph+identity0,1GK7,cluster_1GK7,3,39,0.778921232642652,0.4818057600178176,0.6406266750731123
cluster,graph+identity0,1GVD,cluster_1GVD,3,52,0.7346453017161617,0.6009263410901189,0.699293045665569
cluster,graph+identity0,1GXU,cluster_1GXU,1,88,0.618712317278321,0.5988420473830041,0.7942529717184985
cluster,graph+identity0,1H6V,cluster_1H6V,2,2927,0.49295019885145896,0.5515089693423719,0.8847516910981242
cluster,graph+identity0,1HJE,cluster_1HJE,4,13,0.6815904793119527,0.6208791208791209,0.7821703271142587
cluster,graph+identity0,1I71,cluster_1I71,3,83,0.583707436916689,0.5892286463429337,0.8120765998668341
cluster,graph+identity0,1IDP,cluster_1IDP,2,441,0.7581122001604712,0.8705932130240505,0.6687734389415599
cluster,graph+identity0,1IFR,cluster_1IFR,3,113,0.6543424566277674,0.7210256879499103,0.7774661543573698
cluster,graph+identity0,1K8U,cluster_1K8U,2,89,0.513575237379113,0.3503249503136526,0.8736780691927027
cluster,graph+identity0,1KMM,cluster_1KMM,4,1499,0.7124530215291817,0.7327845663962054,0.7112835815827161
cluster,graph+identity0,1KNG,cluster_1KNG,1,144,0.55659750923821,0.5086016514137798,0.8375874266480242
cluster,graph+identity0,1KR4,cluster_1KR4,3,110,0.6110142942276334,0.5630714299110205,0.7943909829678739
cluster,graph+identity0,1KYC,cluster_1KYC,5,15,0.7926310057209632,0.7642857142857141,0.6998050138272661
cluster,graph+identity0,1LR7,cluster_1LR7,1,73,0.5974712472498593,0.667427707564186,0.8200123321164658
cluster,graph+identity0,1MF7,cluster_1MF7,2,194,0.6741377020276162,0.762602852032901,0.7581165821657884
cluster,graph+identity0,1N7E,cluster_1N7E,5,95,0.5506495208946035,0.6664333682481787,0.8350482789843015
cluster,graph+identity0,1NKD,cluster_1NKD,1,59,0.681822658136012,0.7190367655043198,0.7853473066400707
cluster,graph+identity0,1NKO,cluster_1NKO,1,122,0.5073436003918105,0.7213075208800803,0.8788376820584985
cluster,graph+identity0,1NLS,cluster_1NLS,5,237,0.5205706561285913,0.7311241037207891,0.8626938521546288
cluster,graph+identity0,1NNX,cluster_1NNX,2,93,0.7919125357711798,0.808418257054223,0.6211852956214499
cluster,graph+identity0,1NOA,cluster_1NOA,4,113,0.556274074564649,0.5136508623419702,0.834245293080984
cluster,graph+identity0,1NOT,cluster_1NOT,3,13,0.6207555191115524,0.6208791208791209,0.8595261845835083
cluster,graph+identity0,1O06,cluster_1O06,1,20,0.9379047853062641,0.7097744360902255,0.36667008883022034
cluster,graph+identity0,1O08,cluster_1O08,5,221,0.33801726439242874,0.6020943209447697,0.9706898110002468
cluster,graph+identity0,1OB4,cluster_1OB4,1,16,0.5424386385579263,0.3852941176470588,0.9014647301422493
cluster,graph+identity0,1OB7,cluster_1OB7,4,16,0.5931832002942246,0.8329656412529433,0.8269223088372168
cluster,graph+identity0,1OPD,cluster_1OPD,2,85,0.4278381675337142,0.40822947151880384,0.9106098277939175
cluster,graph+identity0,1P9I,cluster_1P9I,2,29,0.6711761316559519,0.4660098522167487,0.7459511037737626
cluster,graph+identity0,1PEF,cluster_1PEF,5,18,0.8076260329050684,0.8493292053663571,0.6222898035828158
cluster,graph+identity0,1PEN,cluster_1PEN,5,16,0.5573653955029992,0.5268581264462079,0.8608269191251757
cluster,graph+identity0,1PMY,cluster_1PMY,4,123,0.6831798315119905,0.5944918451571767,0.7560312387061309
cluster,graph+identity0,1PZ4,cluster_1PZ4,2,113,0.7154420286204479,0.6785161034461562,0.715677587235689
cluster,graph+identity0,1Q9B,cluster_1Q9B,2,43,0.7804184656118267,0.7586831772878285,0.6487695356855224
cluster,graph+identity0,1QAU,cluster_1QAU,3,112,0.6676810792848695,0.6209859802301911,0.7531389231634857
cluster,graph+identity0,1QKI,cluster_1QKI,1,3912,0.5633176452895222,0.6346076744642151,0.8510132276840788
cluster,graph+identity0,1QTO,cluster_1QTO,2,122,0.6221279945879838,0.6107031921254678,0.7833205344808214
cluster,graph+identity0,1R29,cluster_1R29,5,122,0.6100491657099579,0.5856813116384095,0.7962632768034448
cluster,graph+identity0,1R7J,cluster_1R7J,1,90,0.7584587953764655,0.6250833450794833,0.6721646897837502
cluster,graph+identity0,1RJU,cluster_1RJU,4,36,0.4014654486344759,0.26203346203346206,0.9459299597709605
cluster,graph+identity0,1RRO,cluster_1RRO,5,108,0.30057968445902,0.23170380261431375,0.9661653254461174
cluster,graph+identity0,1SAU,cluster_1SAU,1,114,0.6390857203254195,0.6394532200582185,0.7827944236428244
cluster,graph+identity0,1TGR,cluster_1TGR,1,104,0.7208540660593453,0.6799478284744654,0.7116785390744053
cluster,graph+identity0,1TZV,cluster_1TZV,4,141,0.7990530823898399,0.7590899799325355,0.6228385121922873
cluster,graph+identity0,1U06,cluster_1U06,2,55,0.45805004585648024,0.2780713938293964,0.8974850915482214
cluster,graph+identity0,1U7I,cluster_1U7I,3,267,0.7592481068456739,0.7962796125522877,0.6703506539828191
cluster,graph+identity0,1U9C,cluster_1U9C,1,221,0.5909610064544513,0.4331507431188666,0.8171046896033936
cluster,graph+identity0,1UHA,cluster_1UHA,1,82,0.6277293452551237,0.6935970136276849,0.7785778239816044
cluster,graph+identity0,1UKU,cluster_1KR4,3,102,0.6974787441637351,0.528945433992058,0.7259382238322317
cluster,graph+identity0,1ULR,cluster_1ULR,4,87,0.602092309258395,0.6533314500608101,0.8164649365110699
cluster,graph+identity0,1UOY,cluster_1UOY,5,64,0.6607607451283507,0.6150253551840119,0.7681179912749463
cluster,graph+identity0,1USE,cluster_1USE,3,40,0.12661683081472985,0.05459662288930583,1.132137494793327
cluster,graph+identity0,1USM,cluster_1USM,5,77,0.820526750562879,0.7310500752699777,0.6156340772437867
cluster,graph+identity0,1UTG,cluster_1UTG,4,70,0.5726082852154164,0.5219361555282874,0.8323728763671946
cluster,graph+identity0,1V05,cluster_1V05,4,96,0.5977007506479775,0.5460600388462086,0.8108533843181391
cluster,graph+identity0,1V70,cluster_1V70,4,105,0.5407350928221876,0.6293931038695607,0.8442357671623305
cluster,graph+identity0,1VRZ,cluster_1VRZ,3,21,0.7461485925233663,0.749187942430745,0.7896119814324415
cluster,graph+identity0,1W2L,cluster_1W2L,4,97,0.5820073469623289,0.4161478023693616,0.8174066446174102
cluster,graph+identity0,1WBE,cluster_1WBE,3,204,0.5487867903585929,0.6081739994652688,0.8384328323129094
cluster,graph+identity0,1WHI,cluster_1WHI,1,122,0.5256160093357503,0.636120157095315,0.856870882757536
cluster,graph+identity0,1WLY,cluster_1WLY,5,322,0.6811390559185471,0.7249493916284674,0.7399970107545731
cluster,graph+identity0,1WPA,cluster_1WPA,2,107,0.5772312303706784,0.3655043876573011,0.8192753172097171
cluster,graph+identity0,1X3O,cluster_1X3O,3,80,0.548408367834091,0.5765153335502978,0.8380664496654162
cluster,graph+identity0,1XY1,cluster_1XY1,3,16,0.6478140804584621,0.6330984631347665,1.0988930369952352
cluster,graph+identity0,1XY2,cluster_1XY2,3,8,0.5738077574565065,0.5091750772173156,0.8780407633028295
cluster,graph+identity0,1Y6X,cluster_1Y6X,5,87,0.4891690148098437,0.5153391564314832,0.8844584385621768
cluster,graph+identity0,1YJO,cluster_1YJO,5,6,0.3490984478351309,0.2571428571428572,1.0524822829407166
cluster,graph+identity0,1YZM,cluster_1YZM,5,46,0.7605437436639194,0.6507339348752337,0.7457671452592769
cluster,graph+identity0,1Z21,cluster_1Z21,3,96,0.6248395314672779,0.6576640430078858,0.783966069232597
cluster,graph+identity0,1ZCE,cluster_1ZCE,2,146,0.7665069079930958,0.7906316276926207,0.6791715768693442
cluster,graph+identity0,1ZVA,cluster_1ZVA,1,75,0.5625573719785084,0.5508990563146521,0.8274152990922078
cluster,graph+identity0,2A50,cluster_2A50,4,457,0.5547983399479519,0.6149240021260581,0.8453598307600154
cluster,graph+identity0,2AGK,cluster_2AGK,2,233,0.6823687760655386,0.7313114600949061,0.7395256446614898
cluster,graph+identity0,2AH1,cluster_2AH1,5,939,0.5428884664099164,0.5568756485737537,0.8589651426166318
cluster,graph+identity0,2B0A,cluster_2B0A,4,186,0.5934519950238394,0.6216155480857566,0.8251876187163834
cluster,graph+identity0,2BCM,cluster_2BCM,4,413,0.5559051223345458,0.4982617994028857,0.8317862761427286
cluster,graph+identity0,2BF9,cluster_2BF9,5,36,0.6147563694883095,0.4993886360814003,0.8424651631600646
cluster,graph+identity0,2BRF,cluster_2BRF,4,100,0.7584719774723083,0.7087023839835233,0.691381153611017
cluster,graph+identity0,2C71,cluster_2C71,5,205,0.6392328854455817,0.6716062865403237,0.8039111481222803
cluster,graph+identity0,2CE0,cluster_2CE0,2,99,0.5851954513995393,0.5746568418102296,0.8111969653650635
cluster,graph+identity0,2CG7,cluster_2CG7,5,90,0.533602390264671,0.5291071929964889,0.8493704534103145
cluster,graph+identity0,2COV,cluster_2COV,3,534,0.7719585506149479,0.7144940748551896,0.6545995526668466
cluster,graph+identity0,2CWS,cluster_2CWS,4,227,0.6715533836323259,0.7198278084533832,0.7541452455988443
cluster,graph+identity0,2D5W,cluster_2D5W,5,1214,0.6941664578540659,0.66476233053493,0.7364212643262426
cluster,graph+identity0,2DKO,cluster_2DKO,2,253,0.7891241283991447,0.6795022136171445,0.6189220206012992
cluster,graph+identity0,2DPL,cluster_2DPL,5,565,0.4647485338080902,0.513519780215055,0.8956513435607469
cluster,graph+identity0,2DSX,cluster_2DSX,4,52,0.38064681917388776,0.28798907186198835,0.9253887795828449
cluster,graph+identity0,2E10,cluster_2E10,5,439,0.7788994951073697,0.7974348121089417,0.6403100294496451
cluster,graph+identity0,2E3H,cluster_2E3H,4,81,0.6949728014235571,0.6894090815523577,0.7241146324146651
cluster,graph+identity0,2EAQ,cluster_2EAQ,4,89,0.6987040623494252,0.477074528569641,0.7362174820866403
cluster,graph+identity0,2EHP,cluster_2EHP,3,248,0.7845978511226739,0.8028538480804926,0.6403073254325233
cluster,graph+identity0,2EHS,cluster_1X3O,3,75,0.6957907783776688,0.6944480007530583,0.7475266605124123
cluster,graph+identity0,2ERW,cluster_2ERW,3,53,0.3022494549638819,0.0952726541405668,1.0095593070309818
cluster,graph+identity0,2ETX,cluster_2ETX,1,389,0.54575736129004,0.5631698458784541,0.8459182152509815
cluster,graph+identity0,2FB6,cluster_2FB6,5,116,0.7822472847591426,0.6850824910718158,0.6817646306416546
cluster,graph+identity0,2FG1,cluster_2FG1,1,157,0.6221849262401667,0.5464164248796186,0.7860707174235282
cluster,graph+identity0,2FN9,cluster_2FN9,2,560,0.5943131441401057,0.5891962072795018,0.8058303726095277
cluster,graph+identity0,2FQ3,cluster_2FQ3,2,85,0.6810104028459806,0.6945866718780536,0.7525001711673113
cluster,graph+identity0,2G69,cluster_2G69,1,99,0.6267415325478891,0.6368128436290214,0.8007391404923802
cluster,graph+identity0,2G7O,cluster_2G7O,2,68,0.7745184484980665,0.44740935956531924,0.6814766080107315
cluster,graph+identity0,2G7S,cluster_2G7S,1,190,0.6485211832609385,0.6069693827170058,0.7787113223244458
cluster,graph+identity0,2GKG,cluster_2GKG,5,122,0.6843728528672132,0.5413644400713817,0.7511706929229433
cluster,graph+identity0,2GOM,cluster_2GOM,4,121,0.5835277844655478,0.4381726576218737,0.8179392915181
cluster,graph+identity0,2GXG,cluster_2GXG,1,140,0.6985275565997139,0.6819386997760445,0.7312832831216717
cluster,graph+identity0,2GZQ,cluster_2GZQ,5,191,0.4223120028906294,0.37490779383399814,0.9262310910862606
cluster,graph+identity0,2HQK,cluster_2HQK,1,213,0.8014015700034799,0.7627805061796605,0.6710908097602766
cluster,graph+identity0,2HYK,cluster_2HYK,1,237,0.5877247572590097,0.5665337225701096,0.8113038569900601
cluster,graph+identity0,2I24,cluster_2I24,4,113,0.5025385126272083,0.4809654910046815,0.8677524831891921
cluster,graph+identity0,2I49,cluster_2I49,3,398,0.6736358877622975,0.676380131859063,0.7553436198377288
cluster,graph+identity0,2IBL,cluster_2IBL,2,108,0.6541009533568115,0.6400278186433542,0.8784862226695449
cluster,graph+identity0,2IGD,cluster_2IGD,1,61,0.555551753273565,0.54366852659213,0.8377562360066045
cluster,graph+identity0,2IMF,cluster_2IMF,3,203,0.6586355442974173,0.6494548660087109,0.7558218567836701
cluster,graph+identity0,2IP6,cluster_2IP6,5,87,0.6308834801526682,0.4137095158067711,0.7808929625309867
cluster,graph+identity0,2IVY,cluster_2IVY,3,88,0.5025313313325479,0.4141507980548399,0.877463343762846
cluster,graph+identity0,2J32,cluster_2J32,4,244,0.813982616060007,0.7003280988260691,0.5966918987569482
cluster,graph+identity0,2J9W,cluster_2J9W,1,200,0.6931077362100925,0.6705827910188921,0.7384308680912579
cluster,graph+identity0,2JKU,cluster_2JKU,1,35,0.4569618280645801,0.3066041046807332,0.9371655790545078
cluster,graph+identity0,2JLI,cluster_2JLI,4,100,0.5994077564109096,0.5066413037094767,0.8021625714089423
cluster,graph+identity0,2JLJ,cluster_2JLI,4,115,0.7419128576341496,0.6109253462221863,0.6817509527444925
cluster,graph+identity0,2MCM,cluster_1NOA,4,112,0.7656611638797485,0.7226615471170305,0.6967412298636824
cluster,graph+identity0,2NLS,cluster_2NLS,2,36,0.47916573470573204,0.3783783783783784,0.8805113051750225
cluster,graph+identity0,2NR7,cluster_2NR7,4,194,0.8146845422973354,0.7277806677523642,0.6133953498563063
cluster,graph+identity0,2NUH,cluster_1KR4,3,104,0.6463947345074768,0.5605552207357228,0.7708309944497564
cluster,graph+identity0,2O6X,cluster_2O6X,2,306,0.7960471953220095,0.8054950773467026,0.6190732498108187
cluster,graph+identity0,2OA2,cluster_2OA2,4,132,0.5198599726600985,0.3929277236773219,0.8578967633863673
cluster,graph+identity0,2OCT,cluster_2OCT,4,192,0.5223271534831619,0.5332233532170523,0.8790494667628357
cluster,graph+identity0,2OHW,cluster_2OHW,4,256,0.5834999576101898,0.657366241275528,0.8214126817621991
cluster,graph+identity0,2OKT,cluster_2OKT,5,342,0.3950862729093049,0.3919236878368489,0.9545858024913252
cluster,graph+identity0,2OL9,cluster_2OL9,1,6,0.8390789677436306,0.5428571428571429,0.5631850543842898
cluster,graph+identity0,2OLX,cluster_2OLX,3,4,0.8789468472498708,0.7999999999999999,0.8118191459679233
cluster,graph+identity0,2PKT,cluster_2PKT,1,91,0.03829402332045874,0.06736982934913217,1.0788779410325076
cluster,graph+identity0,2PLT,cluster_2PLT,2,98,0.4758141138042485,0.528556309303816,0.8890874680217289
cluster,graph+identity0,2PMR,cluster_2PMR,4,76,0.6402250972568267,0.7549248794263789,0.7732917472801474
cluster,graph+identity0,2POF,cluster_2POF,4,440,0.6777137582387184,0.710002628690628,0.7393592606453242
cluster,graph+identity0,2PPN,cluster_2PPN,5,107,0.6347813179545272,0.7297049734984361,0.7899852333618301
cluster,graph+identity0,2PSF,cluster_2PSF,4,608,0.5479757788449293,0.4787351855369661,0.8401166048426456
cluster,graph+identity0,2PTH,cluster_2PTH,3,193,0.7361638289252208,0.8089290178140603,0.6959191572546567
cluster,graph+identity0,2Q4N,cluster_2Q4N,2,153,0.6844515119525009,0.5895621596002669,0.7425272013167754
cluster,graph+identity0,2Q52,cluster_1WBE,3,412,0.7589946746417761,0.7484606288696435,0.676545193071309
cluster,graph+identity0,2QJL,cluster_2QJL,5,99,0.6282740945010562,0.664017638584569,0.7975067568899299
cluster,graph+identity0,2R16,cluster_2R16,1,175,0.5437736021996602,0.4364312801190867,0.848471829368442
cluster,graph+identity0,2R6Q,cluster_2R6Q,3,138,0.5578446816917498,0.4287648463750102,0.8370368000878663
cluster,graph+identity0,2RB8,cluster_2RB8,4,93,0.6203896862183922,0.5110581425298482,0.7875794911222489
cluster,graph+identity0,2RE2,cluster_2RE2,2,238,0.664676507280534,0.4700463414379443,0.7493464979611214
cluster,graph+identity0,2RFR,cluster_2RFR,2,154,0.675854595964053,0.46918914664589756,0.7383081237937155
cluster,graph+identity0,2V9V,cluster_2V9V,1,135,0.5293234869691861,0.4580141502599546,0.8491832133216612
cluster,graph+identity0,2VE8,cluster_2VE8,1,515,0.7100412562166482,0.6135625701103833,0.7098237026257675
cluster,graph+identity0,2VH7,cluster_2VH7,5,94,0.7340114007512567,0.7197352832370009,0.6990835196282182
cluster,graph+identity0,2VIM,cluster_2VIM,5,104,0.3583550957191988,0.37617059870248426,0.9447822478688229
cluster,graph+identity0,2VPA,cluster_2VPA,2,204,0.7533360441761366,0.7686292581084384,0.7594511564886709
cluster,graph+identity0,2VQ4,cluster_2VQ4,4,106,0.6959053754090612,0.7782919649601557,0.720193413003979
cluster,graph+identity0,2VY8,cluster_2VY8,5,149,0.7467662200088018,0.7591577974282793,0.6750420786869261
cluster,graph+identity0,2VYO,cluster_2C71,5,206,0.7133101997579941,0.724696261800646,0.7203569351962907
cluster,graph+identity0,2W1V,cluster_2W1V,5,548,0.70890255553813,0.7642329034505059,0.7240047418165759
cluster,graph+identity0,2W2A,cluster_2W2A,3,350,0.6481177289366521,0.6867156489475617,0.7632849079191641
cluster,graph+identity0,2W6A,cluster_2W6A,3,117,0.772039831662888,0.49766213342910187,0.6483867842325852
cluster,graph+identity0,2WJ5,cluster_2WJ5,2,96,0.5734674457122193,0.5687581815782968,0.8658090868101269
cluster,graph+identity0,2WUJ,cluster_2WUJ,1,100,0.47686555936037034,0.21029229098663024,0.8840049480441973
cluster,graph+identity0,2WW7,cluster_2WW7,3,150,0.46296170077312854,0.5207718853366116,0.9535809026862945
cluster,graph+identity0,2WWE,cluster_2WWE,4,111,0.5666755331177973,0.4919311671896036,0.8252583616627601
cluster,graph+identity0,2X1Q,cluster_2X1Q,5,240,0.45677774367028523,0.38016849625119675,0.9061869395151043
cluster,graph+identity0,2X25,cluster_2X25,2,168,0.6343453359718574,0.7026099149115567,0.787151843334686
cluster,graph+identity0,2X3M,cluster_2X3M,3,166,0.7292170781985127,0.6022786226847502,0.719615179073134
cluster,graph+identity0,2X5Y,cluster_2X5Y,4,171,0.7233479087673718,0.7007740645563025,0.7107215029287428
cluster,graph+identity0,2X9Z,cluster_2X9Z,5,262,0.5905163262557986,0.5962826375273809,0.8074503546626682
cluster,graph+identity0,2XHF,cluster_2XHF,5,310,0.5867262346590746,0.6365529577149217,0.810275742460221
cluster,graph+identity0,2Y0T,cluster_2Y0T,3,101,0.7766076253019276,0.7517509094641854,0.649152297883543
cluster,graph+identity0,2Y72,cluster_2Y72,5,170,0.7264693834516778,0.6913566225060688,0.7106614019112226
cluster,graph+identity0,2Y7L,cluster_2Y7L,4,319,0.7338221367635499,0.6971265493872284,0.6951940190882789
cluster,graph+identity0,2Y9F,cluster_2Y9F,4,149,0.7647389771728677,0.8468375485571522,0.6465704331972544
cluster,graph+identity0,2YLB,cluster_2YLB,2,400,0.7441756713063264,0.800559842550392,0.6710737951505613
cluster,graph+identity0,2YNY,cluster_2YNY,1,315,0.7300758357056583,0.7227578255586516,0.7162865184242914
cluster,graph+identity0,2ZCM,cluster_2ZCM,1,357,0.42390157618175994,0.354171166789411,0.9097360449464582
cluster,graph+identity0,2ZU1,cluster_2ZU1,2,360,0.7059692874702245,0.7571755837251215,0.7114456159739067
cluster,graph+identity0,3A0M,cluster_3A0M,1,148,0.7172794153732629,0.5603560448831318,0.7500289846285288
cluster,graph+identity0,3A7L,cluster_3A7L,4,128,0.679553884414093,0.5908056962140964,0.748839246926613
cluster,graph+identity0,3AMC,cluster_3AMC,2,614,0.736132236542063,0.7706626348089437,0.708833065280837
cluster,graph+identity0,3AUB,cluster_3AUB,1,116,0.6008039017651087,0.6530231737370936,0.8035263346609557
cluster,graph+identity0,3B5O,cluster_3B5O,1,230,0.6296951702752739,0.6168477463540143,0.7790439286379728
cluster,graph+identity0,3BA1,cluster_3BA1,4,312,0.6539399088414287,0.5749455137136689,0.7575340175574301
cluster,graph+identity0,3BED,cluster_3BED,1,261,0.8098849721871787,0.8237245105103994,0.619476671358433
cluster,graph+identity0,3BQX,cluster_3BQX,4,139,0.4774768860739374,0.4880183297048598,0.9061200117359827
cluster,graph+identity0,3BZQ,cluster_3BZQ,3,99,0.574387430840859,0.561883499599487,0.8203919327018993
cluster,graph+identity0,3BZZ,cluster_3BZZ,5,100,0.4564065977716218,0.4358387365832406,0.9130777889194732
cluster,graph+identity0,3DRF,cluster_3DRF,4,547,0.5507470713674254,0.5530095497299469,0.8356945373485837
cluster,graph+identity0,3DWV,cluster_3DWV,2,325,0.6357420188742153,0.7094593880124116,0.7782844955584064
cluster,graph+identity0,3E5T,cluster_2HQK,1,228,0.5227662060466656,0.43886871522089205,0.8546543701685339
cluster,graph+identity0,3E7R,cluster_3E7R,4,40,0.7361417850361655,0.7866960719646693,0.7262809869364741
cluster,graph+identity0,3EUR,cluster_3EUR,3,140,0.39882633323779243,0.3838646686006935,0.9298728562393128
cluster,graph+identity0,3F2Z,cluster_3F2Z,3,149,0.7786053747691154,0.7492975530256484,0.6488183927022096
cluster,graph+identity0,3F7E,cluster_3F7E,3,254,0.7590579080519763,0.8034399838326421,0.662411450550456
cluster,graph+identity0,3FCN,cluster_3FCN,1,158,0.6390240397096082,0.5663006538497805,0.7710901309196446
cluster,graph+identity0,3FE7,cluster_3FE7,3,91,0.5036461724715604,0.5333237775955104,0.8641933685566222
cluster,graph+identity0,3FKE,cluster_3FKE,5,250,0.5272275722941951,0.514405810378096,0.8588110845483331
cluster,graph+identity0,3FMY,cluster_3FMY,2,66,0.6452021862357638,0.6708625585964045,0.7690865898596717
cluster,graph+identity0,3FOD,cluster_3FOD,1,48,0.405299113972002,0.41806437666754936,1.0139336746579863
cluster,graph+identity0,3FSO,cluster_3FSO,2,221,0.8036566381639975,0.5895372132867994,0.613364604395786
cluster,graph+identity0,3FTD,cluster_3FTD,1,240,0.7075493902235894,0.6780097849301622,0.7229288034918033
cluster,graph+identity0,3FVA,cluster_3FVA,1,6,0.7645517693842776,0.7775419143502353,0.6737101111220933
cluster,graph+identity0,3G1S,cluster_3G1S,1,418,0.6378131635161817,0.7011760434883936,0.7752353111077042
cluster,graph+identity0,3GBW,cluster_3GBW,4,161,0.7446559172033601,0.8384066759474208,0.6847164315558198
cluster,graph+identity0,3GHJ,cluster_3GHJ,5,116,0.5377176132976419,0.5015396207303454,0.8499198786011354
cluster,graph+identity0,3HFO,cluster_3HFO,4,197,0.6414712097840257,0.6695192168896175,0.7730088377435972
cluster,graph+identity0,3HHP,cluster_3HHP,5,1234,0.7489869998746752,0.7859907763772915,0.6809711636192499
cluster,graph+identity0,3HNY,cluster_3HNY,5,156,0.7180560883774104,0.7290924810349128,0.7033189709259299
cluster,graph+identity0,3HP4,cluster_3HP4,4,183,0.5299702049636857,0.4533188038674134,0.85454832711102
cluster,graph+identity0,3HWU,cluster_3HWU,2,144,0.7354902023805194,0.722557308939503,0.6795705537960611
cluster,graph+identity0,3HYD,cluster_3HYD,5,7,0.8354246582216717,0.6071428571428572,0.619521673338496
cluster,graph+identity0,3HZ8,cluster_3HZ8,2,192,0.5014718596674292,0.47191459872411146,0.8753026554479773
cluster,graph+identity0,3I2V,cluster_3I2V,3,124,0.42648461899246315,0.44620265116635993,0.9329481174895009
cluster,graph+identity0,3I2Z,cluster_3I2Z,5,138,0.5676339409454945,0.5724651330670797,0.8274720565668074
cluster,graph+identity0,3I4O,cluster_3I4O,1,135,0.7425868933383385,0.7089699207559966,0.6725086201984614
cluster,graph+identity0,3I7M,cluster_3I7M,2,134,0.6282847903114985,0.5403764193637656,0.7797832734406388
cluster,graph+identity0,3IHS,cluster_1OPD,2,169,0.6070096743334559,0.5025682654030604,0.7991825923529712
cluster,graph+identity0,3IVV,cluster_3IVV,4,149,0.7960376824342769,0.7823858210474894,0.6211851041711622
cluster,graph+identity0,3K6Y,cluster_3K6Y,2,227,0.6131700767713655,0.6162949626046192,0.792350431533027
cluster,graph+identity0,3KBE,cluster_3KBE,5,140,0.6897883940945155,0.6797840400577496,0.7244966902029838
cluster,graph+identity0,3KGK,cluster_3KGK,2,190,0.8016996921061148,0.7912886281833256,0.6143138562108666
cluster,graph+identity0,3KZD,cluster_3KZD,3,85,0.6092377654500499,0.6656927604802962,0.7992975087836616
cluster,graph+identity0,3L41,cluster_2ETX,1,220,0.6870043819454257,0.6833835273277408,0.7300125937838823
cluster,graph+identity0,3LAA,cluster_3LAA,3,169,0.5833746303964867,0.5080451325857227,0.8915497918795869
cluster,graph+identity0,3LAX,cluster_3LAX,3,106,0.7231408830083907,0.718749921298616,0.7038703715414224
cluster,graph+identity0,3LG3,cluster_3LG3,4,833,0.6075474767565191,0.6231836516132382,0.8290145386330028
cluster,graph+identity0,3LJI,cluster_3LJI,5,272,0.5987960120530724,0.5388440678079471,0.8027535035245841
cluster,graph+identity0,3M3P,cluster_3M3P,1,249,0.621899807764816,0.6380781076457733,0.7834425074389525
cluster,graph+identity0,3M8J,cluster_3M8J,1,178,0.6846619234537559,0.7369986690549268,0.7317260532483956
cluster,graph+identity0,3M9J,cluster_3M9J,3,210,0.5081466153883003,0.5305392177878643,0.8642676280311951
cluster,graph+identity0,3M9Q,cluster_3M9Q,2,176,0.4772735475171006,0.5366394028794419,0.9308250695341862
cluster,graph+identity0,3MAB,cluster_1OPD,2,173,0.6413738632988721,0.5690125208743997,0.7677313048157464
cluster,graph+identity0,3MD4,cluster_3MD4,2,12,0.7323253914316851,0.7600712181471058,0.7258554306535844
cluster,graph+identity0,3MD5,cluster_3MD5,5,12,0.5701178120387157,0.6853146853146854,1.0210721037930544
cluster,graph+identity0,3MEA,cluster_3MEA,2,166,0.6647522215653332,0.7431140552399614,0.7631461130676928
cluster,graph+identity0,3MGN,cluster_3MGN,2,348,0.18906138925329613,0.2502276491009984,1.1804281388929363
cluster,graph+identity0,3MRE,cluster_3MRE,5,383,0.6646680888113817,0.7382988928315323,0.7558131150543184
cluster,graph+identity0,3N11,cluster_3N11,1,325,0.5561312497966031,0.6145330021343163,0.8374751590367026
cluster,graph+identity0,3NE0,cluster_3NE0,1,208,0.6974934331140641,0.7079611086505972,0.7282122693971479
cluster,graph+identity0,3NGG,cluster_3NGG,1,94,0.746648022995226,0.6246405710568036,0.6976329120728127
cluster,graph+identity0,3NPV,cluster_3NPV,5,495,0.5846256122775056,0.5408623751757881,0.8152694187490621
cluster,graph+identity0,3NVG,cluster_3NVG,2,6,0.6486343451673445,0.6571428571428573,0.7934214794181553
cluster,graph+identity0,3NZL,cluster_3NZL,5,73,0.5753176978705608,0.5918189470294427,0.8205643154899007
cluster,graph+identity0,3O0P,cluster_3O0P,5,194,0.7092414760481692,0.7176192436899911,0.7058104017168582
cluster,graph+identity0,3O5P,cluster_3O5P,5,128,0.7120070500071742,0.6634715942889028,0.7094498360501555
cluster,graph+identity0,3OBQ,cluster_3OBQ,2,150,0.6339334354833284,0.3901100854853594,0.7775321606018775
cluster,graph+identity0,3OQY,cluster_3OQY,3,234,0.6442583626426571,0.6174233271386781,0.7791912229811786
cluster,graph+identity0,3P6J,cluster_3P6J,3,125,0.7905699450919169,0.7671997984771456,0.6248631341703951
cluster,graph+identity0,3PD7,cluster_3PD7,5,188,0.7129648378660748,0.764382443423179,0.709095804880253
cluster,graph+identity0,3PES,cluster_3PES,3,165,0.5987956714579898,0.5741809708795539,0.8196166489560393
cluster,graph+identity0,3PID,cluster_3PID,4,387,0.5213656363162601,0.48484268775364653,0.8647347108931469
cluster,graph+identity0,3PIW,cluster_3PIW,5,154,0.757493024013135,0.7265874900145556,0.6770303138478542
cluster,graph+identity0,3PKV,cluster_3PKV,3,221,0.5649943248122788,0.6307618246693178,0.8251858755206778
cluster,graph+identity0,3PSM,cluster_3PSM,4,94,0.8029963445583962,0.8749539422788514,0.6128197613691717
cluster,graph+identity0,3PTL,cluster_3PTL,4,289,0.5249355831602571,0.6244357861489541,0.8839976388838015
cluster,graph+identity0,3PVE,cluster_3PVE,1,347,0.7031954396710082,0.7292442863950394,0.7263402816378969
cluster,graph+identity0,3PZ9,cluster_3PZ9,4,357,0.697287156308777,0.6988165375803519,0.7278695041560089
cluster,graph+identity0,3PZZ,cluster_3PZZ,2,12,0.9584046434239673,0.8461538461538463,0.5171836853799809
cluster,graph+identity0,3Q2X,cluster_3Q2X,4,6,0.9029742544187555,0.6571428571428573,0.47618677814772864
cluster,graph+identity0,3Q6L,cluster_3Q6L,2,131,0.5922072698090625,0.5789597308385637,0.8111450601521456
cluster,graph+identity0,3QDS,cluster_3QDS,1,284,0.7326471060837073,0.7328709595093169,0.7127248789745257
cluster,graph+identity0,3QPA,cluster_3QPA,5,197,0.4800194779615952,0.7031401876083438,0.9066218499830492
cluster,graph+identity0,3R6D,cluster_3R6D,4,221,0.6807360369074857,0.7549101465040372,0.7403465096715318
cluster,graph+identity0,3R87,cluster_3R87,5,132,0.43614828189649085,0.39378768234170636,0.9049259452486347
cluster,graph+identity0,3RQ9,cluster_3RQ9,1,162,0.4950173141308762,0.5901633329146208,0.941049199863783
cluster,graph+identity0,3RY0,cluster_3RY0,1,128,0.6207227444168749,0.6082560210641065,0.7906707807384525
cluster,graph+identity0,3RZY,cluster_3Q6L,2,139,0.6902612440348527,0.6321685635307434,0.7375549139861367
cluster,graph+identity0,3S0A,cluster_3S0A,2,119,0.5111021423135081,0.5149231941676947,0.8626033894922058
cluster,graph+identity0,3SD2,cluster_3SD2,1,86,0.4292684125660096,0.5304834329243926,0.9086035437601887
cluster,graph+identity0,3SEB,cluster_3SEB,3,238,0.6446675026573327,0.7679679975595278,0.769880026354012
cluster,graph+identity0,3SED,cluster_3SED,2,124,0.675575645704364,0.654828126126689,0.7709167103807218
cluster,graph+identity0,3SO6,cluster_3SO6,1,150,0.6902713627117992,0.6636022123975075,0.7295010721476192
cluster,graph+identity0,3SR3,cluster_3SR3,5,637,0.5771119304221461,0.5804033606456076,0.8217938444613296
cluster,graph+identity0,3SUK,cluster_3SUK,2,248,0.6497527583155897,0.655819088425868,0.7694740121691933
cluster,graph+identity0,3SZH,cluster_3SZH,2,697,0.784994794849068,0.782100324256608,0.6287883378931823
cluster,graph+identity0,3T0H,cluster_3T0H,5,208,0.7613362942452739,0.7981073154824364,0.6621052889298236
cluster,graph+identity0,3T3K,cluster_3T3K,3,122,0.7510452496222201,0.8100279068338732,0.6752860691013423
cluster,graph+identity0,3T47,cluster_3T47,4,141,0.5184328633595898,0.5233113929769401,0.865494553834836
cluster,graph+identity0,3TDN,cluster_3TDN,3,357,0.47839685946271593,0.49444920134112064,0.884245850353743
cluster,graph+identity0,3TOW,cluster_3TOW,1,152,0.5904689941984066,0.7232728367302903,0.8121378064652508
cluster,graph+identity0,3TUA,cluster_3TUA,2,210,0.6629386861169688,0.7847608533708174,0.758213447386369
cluster,graph+identity0,3TYS,cluster_3TYS,3,75,0.7578065033024478,0.6477709183537125,0.7280383023376483
cluster,graph+identity0,3U6G,cluster_3U6G,4,248,0.6087280941965856,0.5891736062789168,0.7987470989141161
cluster,graph+identity0,3U97,cluster_3U97,5,77,0.7033506389781748,0.6880052580285493,0.7186095614101313
cluster,graph+identity0,3UCI,cluster_3UCI,3,72,0.5559154140004782,0.48533667759984567,0.850408609025298
cluster,graph+identity0,3UR8,cluster_3UR8,4,637,0.6852950652573839,0.6422244741084916,0.7332121703078297
cluster,graph+identity0,3US6,cluster_3US6,5,148,0.6129780258362741,0.5048105576979566,0.8002752103057194
cluster,graph+identity0,3V1A,cluster_3V1A,5,48,0.3684258213417802,0.4674845321220743,0.9373975979790838
cluster,graph+identity0,3V75,cluster_3V75,2,285,0.5600897393358784,0.5286494161456551,0.8342477596542396
cluster,graph+identity0,3VN0,cluster_3VN0,1,193,0.8136937545767625,0.6558988564822971,0.6471923758074961
cluster,graph+identity0,3VOR,cluster_3VOR,5,182,0.5693442195948052,0.5640042838868735,0.8378991312016045
cluster,graph+identity0,3VUB,cluster_3VUB,3,101,0.596746653763823,0.6274352209496101,0.8109564746800189
cluster,graph+identity0,3VVV,cluster_3VVV,1,108,0.7051810322788881,0.568132938641686,0.7323492701204543
cluster,graph+identity0,3VZ9,cluster_3VZ9,5,163,0.7412547008471444,0.7364201084835347,0.6793167912099083
cluster,graph+identity0,3W4Q,cluster_1ES5,3,773,0.706681873241296,0.7270039473656001,0.7288545031393943
cluster,graph+identity0,3ZBD,cluster_3ZBD,1,213,0.5240409269288292,0.46345709781733985,0.8597441704583513
cluster,graph+identity0,3ZIT,cluster_3ZIT,3,152,0.3968647003690326,0.4140354893946346,0.9359738580701368
cluster,graph+identity0,3ZRX,cluster_3ZRX,3,221,0.5524575587887814,0.5654718542429417,0.8342236533005412
cluster,graph+identity0,3ZSL,cluster_3ZSL,2,138,0.7120259619886329,0.5758371073595058,0.7188649770944358
cluster,graph+identity0,3ZZP,cluster_3ZZP,2,74,0.4993090419905596,0.5570208891612617,0.86670318147834
cluster,graph+identity0,3ZZY,cluster_3ZZY,3,226,0.7280742190882173,0.622265076776436,0.6925928688040313
cluster,graph+identity0,4A02,cluster_4A02,2,166,0.4902056820999312,0.6354276524899667,0.8806148090719587
cluster,graph+identity0,4ACJ,cluster_4ACJ,1,167,0.7521229309036407,0.8070415252581024,0.6900398348890718
cluster,graph+identity0,4AE7,cluster_4AE7,3,186,0.7812640904776388,0.7189770234130495,0.6313374571628891
cluster,graph+identity0,4AM1,cluster_4AM1,4,345,0.6014749641763348,0.6138982407468914,0.7992765402788448
cluster,graph+identity0,4ANN,cluster_4ANN,3,176,0.5438903663766159,0.5612761674543343,0.8450547809406389
cluster,graph+identity0,4AVR,cluster_4AVR,1,188,0.6440588922735342,0.7440351596627613,0.7988500114423122
cluster,graph+identity0,4AXY,cluster_4AXY,4,54,0.6773057679360718,0.5842799424844068,0.7466421825416529
cluster,graph+identity0,4B6G,cluster_4B6G,3,558,0.7437737949812702,0.7502566723228238,0.6901500166628116
cluster,graph+identity0,4B9G,cluster_4B9G,5,292,0.8033840681335608,0.7890325223883502,0.6225512392843383
cluster,graph+identity0,4DD5,cluster_4DD5,1,387,0.635003989050596,0.6698067702857335,0.7805815970460189
cluster,graph+identity0,4DKN,cluster_4DKN,3,423,0.7114965099179292,0.7223049211464293,0.737316901509197
cluster,graph+identity0,4DND,cluster_4DND,3,95,0.7477748441731775,0.6781378714272744,0.6727662057002685
cluster,graph+identity0,4DPZ,cluster_4DPZ,1,109,0.7093169891382384,0.6499055915734846,0.7150744455323688
cluster,graph+identity0,4DQ7,cluster_4DQ7,3,328,0.7073283136570881,0.7289412977763303,0.7153356812473958
cluster,graph+identity0,4DT4,cluster_4DT4,4,160,0.7384993325991133,0.7244540998823714,0.7417957486183472
cluster,graph+identity0,4EK3,cluster_4EK3,3,287,0.6846694005697911,0.6997899322623669,0.7385476872590587
cluster,graph+identity0,4ERY,cluster_4ERY,2,318,0.7071081570429342,0.7509164576215392,0.7258039206367606
cluster,graph+identity0,4ES1,cluster_4ES1,1,95,0.7241102655361092,0.6839753215491804,0.722950191309725
cluster,graph+identity0,4EUG,cluster_4EUG,1,225,0.584245993074573,0.6310330005660775,0.812470689499968
cluster,graph+identity0,4F01,cluster_4F01,3,448,0.34339755915558506,0.5191931862490274,0.9950583165167514
cluster,graph+identity0,4F3J,cluster_4F3J,3,143,0.605598443087654,0.5598254207007679,0.8003916770619977
cluster,graph+identity0,4FR9,cluster_4FR9,2,141,0.6310371379647722,0.6341828347579067,0.7844200370428397
cluster,graph+identity0,4G14,cluster_4G14,1,15,0.6056210470222588,0.6142857142857142,0.8661283726559862
cluster,graph+identity0,4G2E,cluster_4G2E,4,151,0.7407444040155127,0.8013586722345164,0.6737076159895801
cluster,graph+identity0,4G5X,cluster_4G5X,1,550,0.7247128102259631,0.7490772887023964,0.7011692908346521
cluster,graph+identity0,4G6C,cluster_4G6C,3,658,0.5979069329592018,0.5732393624922314,0.810419042376447
cluster,graph+identity0,4G7X,cluster_4G7X,3,194,0.6168696210490803,0.5569752883898265,0.8012803457462373
cluster,graph+identity0,4GA2,cluster_4GA2,5,144,0.5321352958238101,0.5529702313774719,0.8475546573315585
cluster,graph+identity0,4GMQ,cluster_4GMQ,5,92,0.5996876454836282,0.5799207804817903,0.8029333612965343
cluster,graph+identity0,4GS3,cluster_4GS3,3,90,0.473736307894755,0.6505410200234957,0.9510425852750035
cluster,graph+identity0,4H4J,cluster_4H4J,4,236,0.8078287560048178,0.8337008794368873,0.6192759297688801
cluster,graph+identity0,4H89,cluster_4H89,4,168,0.6113066403285831,0.5729997045292492,0.792197487859357
cluster,graph+identity0,4HDE,cluster_4HDE,5,168,0.7353118576621963,0.7879063593924613,0.6949480825595425
cluster,graph+identity0,4HJP,cluster_4HJP,4,281,0.6892884781020945,0.7799871712677373,0.732689459572814
cluster,graph+identity0,4HWM,cluster_4HWM,4,117,0.6075119660659882,0.5846414950297876,0.8076735519555744
cluster,graph+identity0,4IL7,cluster_4IL7,2,85,0.3694972063781855,0.26849978992673185,0.9501565432184004
cluster,graph+identity0,4J11,cluster_4J11,5,357,0.6184203250951364,0.5100215201373969,0.7955043921268719
cluster,graph+identity0,4J5O,cluster_4J5O,2,220,0.7244947458249029,0.6607923557813526,0.6973029234703297
cluster,graph+identity0,4J5Q,cluster_2FG1,1,146,0.7235692514779952,0.76440249878229,0.7071956941002311
cluster,graph+identity0,4J78,cluster_4J78,3,305,0.6280250379372698,0.7614567069713967,0.7798157036680392
cluster,graph+identity0,4JG2,cluster_4JG2,2,185,0.776390684220865,0.8070011510037791,0.6803340075565274
cluster,graph+identity0,4JVU,cluster_4JVU,4,207,0.7330367523696707,0.8051743615828203,0.690657907153691
cluster,graph+identity0,4JYP,cluster_4JYP,2,534,0.6500046773165717,0.717380776436683,0.7645127258056101
cluster,graph+identity0,4KEF,cluster_4KEF,3,133,0.4965115261162315,0.44906339388726335,0.8877423466507628
cluster,graph+identity0,5CYT,cluster_1CCR,5,103,0.3581780762336741,0.30908416964022717,0.9353295347714787
cluster,graph+identity0,6RXN,cluster_6RXN,1,45,0.5437556350335626,0.567193675889328,0.8643392478204813
cluster,graph+identity0+identity1,1ABA,cluster_1ABA,4,87,0.6411751804034517,0.7191233426279366,0.7723997868718707
cluster,graph+identity0+identity1,1AHO,cluster_1AHO,3,64,0.6390180383029063,0.7555718358076959,0.7750220037102963
cluster,graph+identity0+identity1,1AIE,cluster_1AIE,4,31,0.6400538068625178,0.4717741935483871,0.7773550055637234
cluster,graph+identity0+identity1,1AKG,cluster_1AKG,2,16,0.5253039971635729,0.7093452987348385,0.892262160058983
cluster,graph+identity0+identity1,1ATG,cluster_1ATG,5,231,0.51919024121803,0.5817121806407318,0.8611764855861447
cluster,graph+identity0+identity1,1BGF,cluster_1BGF,2,124,0.6191006281299394,0.4423306000491792,0.7893393120963126
cluster,graph+identity0+identity1,1BX7,cluster_1BX7,2,51,0.5822360696775718,0.28868778280542984,0.8758583578710207
cluster,graph+identity0+identity1,1BYI,cluster_1BYI,5,224,0.5511539653396749,0.604140936125204,0.8401244385221116
cluster,graph+identity0+identity1,1CCR,cluster_1CCR,5,111,0.51032625771011,0.5218120034502829,0.8602872925729103
cluster,graph+identity0+identity1,1CYO,cluster_1CYO,2,88,0.622433691030351,0.5659337274453893,0.7901522909332832
cluster,graph+identity0+identity1,1DF4,cluster_1DF4,5,57,0.9176075308883554,0.8006870624837958,0.5595970572524869
cluster,graph+identity0+identity1,1E5K,cluster_1E5K,3,188,0.760596409803778,0.7500191889432593,0.6608400041176232
cluster,graph+identity0+identity1,1ES5,cluster_1ES5,3,260,0.6477437284638204,0.7111073483405231,0.7704427997938655
cluster,graph+identity0+identity1,1ETL,cluster_1ETL,3,12,0.8025281765044685,0.6773684327688402,0.7264739535286895
cluster,graph+identity0+identity1,1ETM,cluster_1ETM,1,12,0.6260422599252552,0.4405353735063205,0.8050763723421202
cluster,graph+identity0+identity1,1ETN,cluster_1ETN,4,12,-0.15951814275157883,0.05913123959890826,1.1908883895912015
cluster,graph+identity0+identity1,1EW4,cluster_1EW4,2,106,0.6292535706497843,0.657171215514271,0.7809102196552671
cluster,graph+identity0+identity1,1F8R,cluster_1F8R,3,1932,0.7774049331917221,0.7569659153124437,0.6796285611330759
cluster,graph+identity0+identity1,1FF4,cluster_1FF4,4,65,0.6187671123285852,0.6032408571257959,0.7898017981100164
cluster,graph+identity0+identity1,1FK5,cluster_1FK5,2,93,0.5320715101279945,0.5084357573476116,0.8482360151889021
cluster,graph+identity0+identity1,1GCO,cluster_1GCO,4,1044,0.6557452730087964,0.6225519809586751,0.7570751738452617
cluster,graph+identity0+identity1,1GK7,cluster_1GK7,3,39,0.7768170537623048,0.4612581614288225,0.6410177984596179
cluster,graph+identity0+identity1,1GVD,cluster_1GVD,3,52,0.7049830275372098,0.6084395211733653,0.7295385515699311
cluster,graph+identity0+identity1,1GXU,cluster_1GXU,1,88,0.6206035346442401,0.6156081453481429,0.7948205138515956
cluster,graph+identity0+identity1,1H6V,cluster_1H6V,2,2927,0.4960825076227282,0.5469645715764706,0.8810750855445437
cluster,graph+identity0+identity1,1HJE,cluster_1HJE,4,13,0.7282394121963093,0.7142857142857143,0.7753357827497931
cluster,graph+identity0+identity1,1I71,cluster_1I71,3,83,0.5810901942707218,0.5773374408941334,0.8141810844533618
cluster,graph+identity0+identity1,1IDP,cluster_1IDP,2,441,0.7537082080883328,0.872846845216784,0.6728211569936576
cluster,graph+identity0+identity1,1IFR,cluster_1IFR,3,113,0.6397846742834936,0.6992551868747126,0.783527529643828
cluster,graph+identity0+identity1,1K8U,cluster_1K8U,2,89,0.49532054865631087,0.3439493698931811,0.8888183032748556
cluster,graph+identity0+identity1,1KMM,cluster_1KMM,4,1499,0.7084752743298693,0.7280674177300054,0.7166328671462434
cluster,graph+identity0+identity1,1KNG,cluster_1KNG,1,144,0.5495114139309135,0.5104544075392623,0.8422903800824759
cluster,graph+identity0+identity1,1KR4,cluster_1KR4,3,110,0.6263086242335093,0.5723225074009115,0.7845229198785454
cluster,graph+identity0+identity1,1KYC,cluster_1KYC,5,15,0.7968095415257281,0.7749999999999999,0.6892553449329535
cluster,graph+identity0+identity1,1LR7,cluster_1LR7,1,73,0.5999675332254237,0.6876055751591001,0.8208751547342371
cluster,graph+identity0+identity1,1MF7,cluster_1MF7,2,194,0.6740913393635146,0.755375218558836,0.7581900135779582
cluster,graph+identity0+identity1,1N7E,cluster_1N7E,5,95,0.5460985743147434,0.6741392162243309,0.8377761899253853
cluster,graph+identity0+identity1,1NKD,cluster_1NKD,1,59,0.7161607997657403,0.7331521433997266,0.7740276001336656
cluster,graph+identity0+identity1,1NKO,cluster_1NKO,1,122,0.4910597885429052,0.7043488749275852,0.8949918278576072
cluster,graph+identity0+identity1,1NLS,cluster_1NLS,5,237,0.5154480325106204,0.7311948685420216,0.8657265967312261
cluster,graph+identity0+identity1,1NNX,cluster_1NNX,2,93,0.7940779952452864,0.8135882783913946,0.6182886132678991
cluster,graph+identity0+identity1,1NOA,cluster_1NOA,4,113,0.5788271194962196,0.5274992618756125,0.817830158330064
cluster,graph+identity0+identity1,1NOT,cluster_1NOT,3,13,0.5962211153186382,0.7362637362637362,0.8780050879308406
cluster,graph+identity0+identity1,1O06,cluster_1O06,1,20,0.9405576257903069,0.7203007518796991,0.3589029036163595
cluster,graph+identity0+identity1,1O08,cluster_1O08,5,221,0.34015823641307363,0.6003571602988989,0.9671203494426458
cluster,graph+identity0+identity1,1OB4,cluster_1OB4,1,16,0.489332319688801,0.4205882352941176,0.9623103768402305
cluster,graph+identity0+identity1,1OB7,cluster_1OB7,4,16,0.6015435052994755,0.8565123731611536,0.8387802542252649
cluster,graph+identity0+identity1,1OPD,cluster_1OPD,2,85,0.4385561262163447,0.4103791791097401,0.9061099250149199
cluster,graph+identity0+identity1,1P9I,cluster_1P9I,2,29,0.6625421231743069,0.4916256157635467,0.7492662035010209
cluster,graph+identity0+identity1,1PEF,cluster_1PEF,5,18,0.8229246002416515,0.8823529411764706,0.6057755067012389
cluster,graph+identity0+identity1,1PEN,cluster_1PEN,5,16,0.5738711656404005,0.5695365780298393,0.8705671045277957
cluster,graph+identity0+identity1,1PMY,cluster_1PMY,4,123,0.6816904001239668,0.5981484706143309,0.7568256377969872
cluster,graph+identity0+identity1,1PZ4,cluster_1PZ4,2,113,0.7239031397715698,0.6738875038571985,0.709292550937092
cluster,graph+identity0+identity1,1Q9B,cluster_1Q9B,2,43,0.7598799242624266,0.7543038356991845,0.671311731648364
cluster,graph+identity0+identity1,1QAU,cluster_1QAU,3,112,0.664388462416532,0.621062859774902,0.7577065010791276
cluster,graph+identity0+identity1,1QKI,cluster_1QKI,1,3912,0.5589660888048186,0.6256814807715763,0.8527327787295902
cluster,graph+identity0+identity1,1QTO,cluster_1QTO,2,122,0.6209847722590421,0.611416958565231,0.7848051009340744
cluster,graph+identity0+identity1,1R29,cluster_1R29,5,122,0.6187703883944425,0.5840356753008525,0.789039320703468
cluster,graph+identity0+identity1,1R7J,cluster_1R7J,1,90,0.7421316202463984,0.6453001655426991,0.6812756742291444
cluster,graph+identity0+identity1,1RJU,cluster_1RJU,4,36,0.43416150570139467,0.3073359073359074,0.9304922751376817
cluster,graph+identity0+identity1,1RRO,cluster_1RRO,5,108,0.2943350662867102,0.22743566242101126,0.967559597065003
cluster,graph+identity0+identity1,1SAU,cluster_1SAU,1,114,0.6337812437660459,0.6344268936092331,0.7865103618431452
cluster,graph+identity0+identity1,1TGR,cluster_1TGR,1,104,0.7207900300553921,0.6714872892081705,0.7128337107797366
cluster,graph+identity0+identity1,1TZV,cluster_1TZV,4,141,0.8039895251073752,0.7635080103772559,0.6187391399563792
cluster,graph+identity0+identity1,1U06,cluster_1U06,2,55,0.4776125915287322,0.2975161890128479,0.8835480537554941
cluster,graph+identity0+identity1,1U7I,cluster_1U7I,3,267,0.762286983088576,0.800103962299376,0.6693665639523242
cluster,graph+identity0+identity1,1U9C,cluster_1U9C,1,221,0.5929581448017018,0.42160053099227657,0.8159354338383482
cluster,graph+identity0+identity1,1UHA,cluster_1UHA,1,82,0.6450085083788737,0.6995178442868004,0.7663136359266579
cluster,graph+identity0+identity1,1UKU,cluster_1KR4,3,102,0.6876077422518737,0.5313599095363432,0.7342861603773373
cluster,graph+identity0+identity1,1ULR,cluster_1ULR,4,87,0.6085312929574939,0.6471346751170729,0.8150851390716124
cluster,graph+identity0+identity1,1UOY,cluster_1UOY,5,64,0.6702505390993201,0.6136975011562918,0.7649524476348878
cluster,graph+identity0+identity1,1USE,cluster_1USE,3,40,0.1427430316953899,0.0652908067542214,1.1351452550206145
cluster,graph+identity0+identity1,1USM,cluster_1USM,5,77,0.8258647211283346,0.7114248345547376,0.608238139909185
cluster,graph+identity0+identity1,1UTG,cluster_1UTG,4,70,0.570165307655962,0.5258203641209354,0.8329895679225652
cluster,graph+identity0+identity1,1V05,cluster_1V05,4,96,0.6033441424494554,0.5591095918798704,0.805860124008645
cluster,graph+identity0+identity1,1V70,cluster_1V70,4,105,0.5293675269570126,0.6277706360593881,0.8525117626730275
cluster,graph+identity0+identity1,1VRZ,cluster_1VRZ,3,21,0.722827117296565,0.7569852150319323,0.7901759874040907
cluster,graph+identity0+identity1,1W2L,cluster_1W2L,4,97,0.5591118712855783,0.4151681514932432,0.8317236159917579
cluster,graph+identity0+identity1,1WBE,cluster_1WBE,3,204,0.5466567794445044,0.6119898141407191,0.8393910784866027
cluster,graph+identity0+identity1,1WHI,cluster_1WHI,1,122,0.5087080526635197,0.6275979320642826,0.8682543540412901
cluster,graph+identity0+identity1,1WLY,cluster_1WLY,5,322,0.6866198091188959,0.72442246063845,0.7357876330513398
cluster,graph+identity0+identity1,1WPA,cluster_1WPA,2,107,0.5478340428853579,0.327743585121082,0.8369777292262762
cluster,graph+identity0+identity1,1X3O,cluster_1X3O,3,80,0.5389429367982159,0.5744290578454114,0.8428827125171956
cluster,graph+identity0+identity1,1XY1,cluster_1XY1,3,16,0.6155175198504607,0.5860335893765465,1.1381401218292302
cluster,graph+identity0+identity1,1XY2,cluster_1XY2,3,8,0.5866063806650251,0.5576679417142028,0.8890152387063271
cluster,graph+identity0+identity1,1Y6X,cluster_1Y6X,5,87,0.48459698666626355,0.5237867417617512,0.8882564345288407
cluster,graph+identity0+identity1,1YJO,cluster_1YJO,5,6,0.3832783959984123,0.3714285714285715,1.0218132722747868
cluster,graph+identity0+identity1,1YZM,cluster_1YZM,5,46,0.7812219331467714,0.6828666597420706,0.7225112224896515
cluster,graph+identity0+identity1,1Z21,cluster_1Z21,3,96,0.6249294487305999,0.6652807781215646,0.7847318852904365
cluster,graph+identity0+identity1,1ZCE,cluster_1ZCE,2,146,0.7662009272467748,0.7868603709924878,0.6805718725649567
cluster,graph+identity0+identity1,1ZVA,cluster_1ZVA,1,75,0.5634685594568548,0.5367446236070892,0.8267364774467879
cluster,graph+identity0+identity1,2A50,cluster_2A50,4,457,0.5586694103713308,0.6171545614424898,0.8426387633089492
cluster,graph+identity0+identity1,2AGK,cluster_2AGK,2,233,0.6818898737659556,0.7288453483784665,0.7411876047099705
cluster,graph+identity0+identity1,2AH1,cluster_2AH1,5,939,0.5408961023408791,0.5589325810728869,0.8632236761168226
cluster,graph+identity0+identity1,2B0A,cluster_2B0A,4,186,0.5859957725089804,0.6141829713751913,0.8326497093322216
cluster,graph+identity0+identity1,2BCM,cluster_2BCM,4,413,0.5512481296774205,0.4976473573835668,0.835367501229678
cluster,graph+identity0+identity1,2BF9,cluster_2BF9,5,36,0.6266471676434728,0.5138039781538531,0.8425661460413125
cluster,graph+identity0+identity1,2BRF,cluster_2BRF,4,100,0.7534514432867745,0.707166175058114,0.6966067634597117
cluster,graph+identity0+identity1,2C71,cluster_2C71,5,205,0.6356354331321225,0.6702481638697396,0.8076799417845528
cluster,graph+identity0+identity1,2CE0,cluster_2CE0,2,99,0.5881772543232366,0.571502784671581,0.8089231103190343
cluster,graph+identity0+identity1,2CG7,cluster_2CG7,5,90,0.5315508022115436,0.5146194499519501,0.8504317924359989
cluster,graph+identity0+identity1,2COV,cluster_2COV,3,534,0.7684472197127685,0.7162763146705322,0.6584451149356672
cluster,graph+identity0+identity1,2CWS,cluster_2CWS,4,227,0.6843292932228837,0.7152665371449725,0.7440867816863286
cluster,graph+identity0+identity1,2D5W,cluster_2D5W,5,1214,0.6947596454541871,0.6660259239691046,0.7378814646553813
cluster,graph+identity0+identity1,2DKO,cluster_2DKO,2,253,0.7915679801728374,0.6770216551561418,0.6155400205980608
cluster,graph+identity0+identity1,2DPL,cluster_2DPL,5,565,0.46871906404253133,0.5180765007840913,0.8936292705762025
cluster,graph+identity0+identity1,2DSX,cluster_2DSX,4,52,0.389250288082971,0.2826527786537541,0.922537235924576
cluster,graph+identity0+identity1,2E10,cluster_2E10,5,439,0.7824230080695302,0.7976689858188161,0.6366204690615176
cluster,graph+identity0+identity1,2E3H,cluster_2E3H,4,81,0.6877764622669523,0.6861343545384977,0.7301298698002002
cluster,graph+identity0+identity1,2EAQ,cluster_2EAQ,4,89,0.7031940245039124,0.47307379652047193,0.7328002509035544
cluster,graph+identity0+identity1,2EHP,cluster_2EHP,3,248,0.784542045662343,0.8046071150005526,0.6393315305894699
cluster,graph+identity0+identity1,2EHS,cluster_1X3O,3,75,0.7015270215501719,0.7173217258439228,0.7430965214475277
cluster,graph+identity0+identity1,2ERW,cluster_2ERW,3,53,0.2893494174757014,0.11006954964187363,1.0122315634996968
cluster,graph+identity0+identity1,2ETX,cluster_2ETX,1,389,0.542190536804152,0.5621826442317365,0.8489857409642682
cluster,graph+identity0+identity1,2FB6,cluster_2FB6,5,116,0.7758221547102545,0.6792544229225888,0.6882658944979735
cluster,graph+identity0+identity1,2FG1,cluster_2FG1,1,157,0.6241212542226328,0.5467048195523945,0.784274737994978
cluster,graph+identity0+identity1,2FN9,cluster_2FN9,2,560,0.593194650761786,0.5838348638461631,0.8070076098393103
cluster,graph+identity0+identity1,2FQ3,cluster_2FQ3,2,85,0.6692091199059993,0.6885870627320695,0.7638399318942473
cluster,graph+identity0+identity1,2G69,cluster_2G69,1,99,0.6165344386076059,0.6296266520012301,0.8129012316493358
cluster,graph+identity0+identity1,2G7O,cluster_2G7O,2,68,0.7692734280162182,0.36834922444076496,0.6820216186344996
cluster,graph+identity0+identity1,2G7S,cluster_2G7S,1,190,0.6379084446014681,0.6026776517348115,0.7874410807051067
cluster,graph+identity0+identity1,2GKG,cluster_2GKG,5,122,0.6834571109917669,0.5356343870325673,0.75367720227325
cluster,graph+identity0+identity1,2GOM,cluster_2GOM,4,121,0.5796191684972631,0.4374783013832273,0.8183877505874565
cluster,graph+identity0+identity1,2GXG,cluster_2GXG,1,140,0.6960672209058817,0.6670318484625388,0.7352265866229539
cluster,graph+identity0+identity1,2GZQ,cluster_2GZQ,5,191,0.40594671055740295,0.37075563687622853,0.9347657818133245
cluster,graph+identity0+identity1,2HQK,cluster_2HQK,1,213,0.8034558183081336,0.7757108836262041,0.6685491131308857
cluster,graph+identity0+identity1,2HYK,cluster_2HYK,1,237,0.5870163870701893,0.5601720544816876,0.8120782553811658
cluster,graph+identity0+identity1,2I24,cluster_2I24,4,113,0.4960825502977977,0.4718079666108767,0.8710818198609169
cluster,graph+identity0+identity1,2I49,cluster_2I49,3,398,0.669338657444286,0.6776986389196501,0.7578685635613249
cluster,graph+identity0+identity1,2IBL,cluster_2IBL,2,108,0.6544221846794428,0.6531797277193899,0.8744404338583646
cluster,graph+identity0+identity1,2IGD,cluster_2IGD,1,61,0.5417342287501608,0.5395700575671908,0.8475764609600218
cluster,graph+identity0+identity1,2IMF,cluster_2IMF,3,203,0.6671062810367523,0.6486981588396757,0.7492590415318378
cluster,graph+identity0+identity1,2IP6,cluster_2IP6,5,87,0.6354299900285584,0.4171633222848267,0.7767446981567239
cluster,graph+identity0+identity1,2IVY,cluster_2IVY,3,88,0.48473517183791565,0.39547385804220353,0.8887420781197454
cluster,graph+identity0+identity1,2J32,cluster_2J32,4,244,0.8166354798647375,0.7099440970453825,0.5929093812295371
cluster,graph+identity0+identity1,2J9W,cluster_2J9W,1,200,0.6947309540234116,0.674218156441827,0.7382708707529518
cluster,graph+identity0+identity1,2JKU,cluster_2JKU,1,35,0.4395423759130932,0.2040759161808261,0.9531810331831001
cluster,graph+identity0+identity1,2JLI,cluster_2JLI,4,100,0.6033272937591034,0.5129420661031159,0.7987068928752096
cluster,graph+identity0+identity1,2JLJ,cluster_2JLI,4,115,0.7532468262164609,0.6198933545400503,0.671327051401122
cluster,graph+identity0+identity1,2MCM,cluster_1NOA,4,112,0.7790677156943975,0.7220251607664367,0.6855903380521281
cluster,graph+identity0+identity1,2NLS,cluster_2NLS,2,36,0.49171869694282616,0.37477477477477483,0.8747988454665799
cluster,graph+identity0+identity1,2NR7,cluster_2NR7,4,194,0.8167516454624678,0.7297028328054893,0.6138549828100052
cluster,graph+identity0+identity1,2NUH,cluster_1KR4,3,104,0.6398644202068698,0.5582880341273039,0.7773246165660341
cluster,graph+identity0+identity1,2O6X,cluster_2O6X,2,306,0.7993947743551211,0.8053717359895486,0.6150638931059422
cluster,graph+identity0+identity1,2OA2,cluster_2OA2,4,132,0.5327611677238856,0.401203236691182,0.8491152925380184
cluster,graph+identity0+identity1,2OCT,cluster_2OCT,4,192,0.516097663515803,0.5340498996855189,0.8812378028436089
cluster,graph+identity0+identity1,2OHW,cluster_2OHW,4,256,0.5806398721803647,0.6578451149532012,0.8237475336477318
cluster,graph+identity0+identity1,2OKT,cluster_2OKT,5,342,0.3947194872154691,0.39514468500651906,0.9556350866456058
cluster,graph+identity0+identity1,2OL9,cluster_2OL9,1,6,0.846735042361639,0.5428571428571429,0.5601414864264677
cluster,graph+identity0+identity1,2OLX,cluster_2OLX,3,4,0.8895813919651823,0.7999999999999999,0.952029583341753
cluster,graph+identity0+identity1,2PKT,cluster_2PKT,1,91,0.061727427751381576,0.07413070229445289,1.0651183524964514
cluster,graph+identity0+identity1,2PLT,cluster_2PLT,2,98,0.4669601897955978,0.5240806385906781,0.8936807377276542
cluster,graph+identity0+identity1,2PMR,cluster_2PMR,4,76,0.6528954097966482,0.7443574075529118,0.764230430284116
cluster,graph+identity0+identity1,2POF,cluster_2POF,4,440,0.6805400478917852,0.7113038704559189,0.7374009757062557
cluster,graph+identity0+identity1,2PPN,cluster_2PPN,5,107,0.6254442495068422,0.7270941609128507,0.7963496036120067
cluster,graph+identity0+identity1,2PSF,cluster_2PSF,4,608,0.5405455312436616,0.4800387998351338,0.8453945783539809
cluster,graph+identity0+identity1,2PTH,cluster_2PTH,3,193,0.7377709320344423,0.8066780259629276,0.6945833976632748
cluster,graph+identity0+identity1,2Q4N,cluster_2Q4N,2,153,0.6755255364373425,0.5807834035189574,0.7514247719770147
cluster,graph+identity0+identity1,2Q52,cluster_1WBE,3,412,0.765287604741479,0.7509213233695969,0.6736419273317642
cluster,graph+identity0+identity1,2QJL,cluster_2QJL,5,99,0.6246948819267346,0.6752610636921127,0.8001255406843888
cluster,graph+identity0+identity1,2R16,cluster_2R16,1,175,0.5353785675752488,0.4283523086190616,0.8543585210821906
cluster,graph+identity0+identity1,2R6Q,cluster_2R6Q,3,138,0.5776748735159644,0.44600968981789924,0.823569353121585
cluster,graph+identity0+identity1,2RB8,cluster_2RB8,4,93,0.6279995894078316,0.5302238486764282,0.7814543341528287
cluster,graph+identity0+identity1,2RE2,cluster_2RE2,2,238,0.6703399640707437,0.4785406293252347,0.7442407012728706
cluster,graph+identity0+identity1,2RFR,cluster_2RFR,2,154,0.679906799304095,0.4520091642713299,0.7352842787132199
cluster,graph+identity0+identity1,2V9V,cluster_2V9V,1,135,0.5452906101453763,0.4600310709322921,0.838962457086732
cluster,graph+identity0+identity1,2VE8,cluster_2VE8,1,515,0.7085580093529953,0.6063012014263645,0.7116565116224378
cluster,graph+identity0+identity1,2VH7,cluster_2VH7,5,94,0.730828847523496,0.7231670666091911,0.7040395016863862
cluster,graph+identity0+identity1,2VIM,cluster_2VIM,5,104,0.3433572090457299,0.3606577491218667,0.9499208628279753
cluster,graph+identity0+identity1,2VPA,cluster_2VPA,2,204,0.7548142171094493,0.7730168535395036,0.7603277284821051
cluster,graph+identity0+identity1,2VQ4,cluster_2VQ4,4,106,0.6867174381117456,0.7759290005221152,0.7289606021274927
cluster,graph+identity0+identity1,2VY8,cluster_2VY8,5,149,0.7459795546086484,0.7692849078107289,0.6769309922877434
cluster,graph+identity0+identity1,2VYO,cluster_2C71,5,206,0.7141995912515805,0.7287698988825151,0.717759776132721
cluster,graph+identity0+identity1,2W1V,cluster_2W1V,5,548,0.7072097286198069,0.7607562143832557,0.7268814262780232
cluster,graph+identity0+identity1,2W2A,cluster_2W2A,3,350,0.6502624589272162,0.68881772118047,0.7615414570069262
cluster,graph+identity0+identity1,2W6A,cluster_2W6A,3,117,0.7792924183450919,0.48743771320996604,0.6409742075506766
cluster,graph+identity0+identity1,2WJ5,cluster_2WJ5,2,96,0.5857643046110548,0.5552676737653887,0.8570889142959313
cluster,graph+identity0+identity1,2WUJ,cluster_2WUJ,1,100,0.48050037988888744,0.1984890398417964,0.8827548197914018
cluster,graph+identity0+identity1,2WW7,cluster_2WW7,3,150,0.4593277107489522,0.5308418094398442,0.9635139013160117
cluster,graph+identity0+identity1,2WWE,cluster_2WWE,4,111,0.5656069206641551,0.4929973588236594,0.8266412079321798
cluster,graph+identity0+identity1,2X1Q,cluster_2X1Q,5,240,0.4569200789847738,0.3794722884998684,0.9063774689710123
cluster,graph+identity0+identity1,2X25,cluster_2X25,2,168,0.6269984968235524,0.7063999195495795,0.7907889559339509
cluster,graph+identity0+identity1,2X3M,cluster_2X3M,3,166,0.721741324618343,0.6082129320837981,0.7258897995947011
cluster,graph+identity0+identity1,2X5Y,cluster_2X5Y,4,171,0.7242299782308035,0.7020052716974211,0.7119727546668843
cluster,graph+identity0+identity1,2X9Z,cluster_2X9Z,5,262,0.5847594108179669,0.5895294379145419,0.811897623666474
cluster,graph+identity0+identity1,2XHF,cluster_2XHF,5,310,0.5817241406618262,0.6337904772588183,0.8138048869079303
cluster,graph+identity0+identity1,2Y0T,cluster_2Y0T,3,101,0.7729853200590298,0.7483728557466053,0.6552897970309327
cluster,graph+identity0+identity1,2Y72,cluster_2Y72,5,170,0.7251925542084176,0.6926280037868244,0.7163960073068026
cluster,graph+identity0+identity1,2Y7L,cluster_2Y7L,4,319,0.7333876592682702,0.7036989253719836,0.6961623957096982
cluster,graph+identity0+identity1,2Y9F,cluster_2Y9F,4,149,0.7611248405639546,0.849333480876792,0.6503533982824439
cluster,graph+identity0+identity1,2YLB,cluster_2YLB,2,400,0.7404167251659107,0.7938106254519558,0.6748800312103828
cluster,graph+identity0+identity1,2YNY,cluster_2YNY,1,315,0.7321133524689467,0.7337371738680212,0.7215218322493547
cluster,graph+identity0+identity1,2ZCM,cluster_2ZCM,1,357,0.42354044009322633,0.3542574108601317,0.9100748987688901
cluster,graph+identity0+identity1,2ZU1,cluster_2ZU1,2,360,0.7080120294780669,0.7603821576775944,0.7098663960739466
cluster,graph+identity0+identity1,3A0M,cluster_3A0M,1,148,0.7168867375427649,0.5545311687563602,0.7458845761336248
cluster,graph+identity0+identity1,3A7L,cluster_3A7L,4,128,0.6882495490912872,0.5886483223730348,0.7401924600142802
cluster,graph+identity0+identity1,3AMC,cluster_3AMC,2,614,0.7405655549124845,0.7749035386230425,0.7051434476551266
cluster,graph+identity0+identity1,3AUB,cluster_3AUB,1,116,0.5962473848709616,0.653603666117805,0.806523637748282
cluster,graph+identity0+identity1,3B5O,cluster_3B5O,1,230,0.626245555755653,0.6048953281924441,0.7826609954214241
cluster,graph+identity0+identity1,3BA1,cluster_3BA1,4,312,0.650628850786031,0.5740003998574752,0.7605051592201282
cluster,graph+identity0+identity1,3BED,cluster_3BED,1,261,0.8113096346578134,0.8265980877901736,0.6181545656100395
cluster,graph+identity0+identity1,3BQX,cluster_3BQX,4,139,0.4720441600946891,0.47895178398504346,0.9095949144516895
cluster,graph+identity0+identity1,3BZQ,cluster_3BZQ,3,99,0.5591748680746084,0.5372327596439138,0.8312068097873797
cluster,graph+identity0+identity1,3BZZ,cluster_3BZZ,5,100,0.4452661233507912,0.4184246294724399,0.9201102156606042
cluster,graph+identity0+identity1,3DRF,cluster_3DRF,4,547,0.5372103647320956,0.5445119104408463,0.8448872923017919
cluster,graph+identity0+identity1,3DWV,cluster_3DWV,2,325,0.6378436044678671,0.7110401519125521,0.7762469090346283
cluster,graph+identity0+identity1,3E5T,cluster_2HQK,1,228,0.5211288505317716,0.42943594214349495,0.855229140669259
cluster,graph+identity0+identity1,3E7R,cluster_3E7R,4,40,0.7464003637194825,0.7729042624740542,0.7301137169199071
cluster,graph+identity0+identity1,3EUR,cluster_3EUR,3,140,0.38477129998415976,0.3703595177936144,0.9368532645583854
cluster,graph+identity0+identity1,3F2Z,cluster_3F2Z,3,149,0.7777788446495815,0.7451962410037276,0.6505473897724803
cluster,graph+identity0+identity1,3F7E,cluster_3F7E,3,254,0.7557858056049783,0.8017948696989251,0.6638835457497404
cluster,graph+identity0+identity1,3FCN,cluster_3FCN,1,158,0.6283965615453565,0.5581817407524927,0.7798360130765191
cluster,graph+identity0+identity1,3FE7,cluster_3FE7,3,91,0.4995750183677844,0.5355932743646256,0.8669140835093946
cluster,graph+identity0+identity1,3FKE,cluster_3FKE,5,250,0.5266414740932934,0.5169241415287287,0.8589913713325865
cluster,graph+identity0+identity1,3FMY,cluster_3FMY,2,66,0.6408360673950064,0.6448104543823113,0.7742070171928811
cluster,graph+identity0+identity1,3FOD,cluster_3FOD,1,48,0.3709868979555625,0.33718721213435693,1.0169914250138679
cluster,graph+identity0+identity1,3FSO,cluster_3FSO,2,221,0.8056367562882162,0.5848055064034837,0.6138232681858684
cluster,graph+identity0+identity1,3FTD,cluster_3FTD,1,240,0.7028444782130514,0.6750639770313687,0.7274759152771069
cluster,graph+identity0+identity1,3FVA,cluster_3FVA,1,6,0.7484426757391357,0.7775419143502353,0.6950107053197256
cluster,graph+identity0+identity1,3G1S,cluster_3G1S,1,418,0.6376651786504943,0.6887695408748612,0.774645949998942
cluster,graph+identity0+identity1,3GBW,cluster_3GBW,4,161,0.7527438976953691,0.8355871804515522,0.6804997999909935
cluster,graph+identity0+identity1,3GHJ,cluster_3GHJ,5,116,0.538239094292301,0.5127648205351405,0.8481900093692996
cluster,graph+identity0+identity1,3HFO,cluster_3HFO,4,197,0.6433009695880505,0.670805532850182,0.7722944848364334
cluster,graph+identity0+identity1,3HHP,cluster_3HHP,5,1234,0.7469554171782737,0.7833598636444085,0.6841885441091581
cluster,graph+identity0+identity1,3HNY,cluster_3HNY,5,156,0.7269337179646401,0.7331828678359212,0.6950432469232223
cluster,graph+identity0+identity1,3HP4,cluster_3HP4,4,183,0.5378869771462171,0.44897561562804755,0.8505140980937881
cluster,graph+identity0+identity1,3HWU,cluster_3HWU,2,144,0.7359871122803078,0.7149754086407312,0.6801043326506295
cluster,graph+identity0+identity1,3HYD,cluster_3HYD,5,7,0.8967794073873027,0.6071428571428572,0.5424199727939853
cluster,graph+identity0+identity1,3HZ8,cluster_3HZ8,2,192,0.5030177195183381,0.47177133073030464,0.8741411015965096
cluster,graph+identity0+identity1,3I2V,cluster_3I2V,3,124,0.4221164838005997,0.4446762843599296,0.9380798774534943
cluster,graph+identity0+identity1,3I2Z,cluster_3I2Z,5,138,0.5647712688602295,0.5655904919536,0.8299425975579544
cluster,graph+identity0+identity1,3I4O,cluster_3I4O,1,135,0.7481517890737118,0.7044410004159762,0.6661308719865725
cluster,graph+identity0+identity1,3I7M,cluster_3I7M,2,134,0.6355007562739148,0.5482270087823092,0.7741878172097768
cluster,graph+identity0+identity1,3IHS,cluster_1OPD,2,169,0.6040751835865077,0.4981950042031386,0.8035623211745349
cluster,graph+identity0+identity1,3IVV,cluster_3IVV,4,149,0.7935714216657046,0.7811650579162891,0.6255771290098449
cluster,graph+identity0+identity1,3K6Y,cluster_3K6Y,2,227,0.613408719268872,0.616087726526047,0.7915386969381967
cluster,graph+identity0+identity1,3KBE,cluster_3KBE,5,140,0.6841399388572492,0.6819773150350001,0.7303099525024043
cluster,graph+identity0+identity1,3KGK,cluster_3KGK,2,190,0.8003256225285438,0.7845850831249161,0.6157283645778953
cluster,graph+identity0+identity1,3KZD,cluster_3KZD,3,85,0.6008443119462582,0.6528235147474148,0.8071266189102914
cluster,graph+identity0+identity1,3L41,cluster_2ETX,1,220,0.6920852551559906,0.6786095354403248,0.726153754903118
cluster,graph+identity0+identity1,3LAA,cluster_3LAA,3,169,0.5752077503017516,0.5088171072933491,0.8976376615414543
cluster,graph+identity0+identity1,3LAX,cluster_3LAX,3,106,0.720301439725097,0.7014940788729344,0.7073784259548613
cluster,graph+identity0+identity1,3LG3,cluster_3LG3,4,833,0.5970913080863249,0.6193887663359838,0.8379600228090833
cluster,graph+identity0+identity1,3LJI,cluster_3LJI,5,272,0.6007022910232542,0.5439846649741407,0.8014232683695066
cluster,graph+identity0+identity1,3M3P,cluster_3M3P,1,249,0.6270613968376477,0.638841818292402,0.7794149209833651
cluster,graph+identity0+identity1,3M8J,cluster_3M8J,1,178,0.6845194464261373,0.7386115671327809,0.7321862107480617
cluster,graph+identity0+identity1,3M9J,cluster_3M9J,3,210,0.5082088324028359,0.5313419607196531,0.8648095288862163
cluster,graph+identity0+identity1,3M9Q,cluster_3M9Q,2,176,0.4725438096445662,0.5267317601154562,0.9336376200401252
cluster,graph+identity0+identity1,3MAB,cluster_1OPD,2,173,0.6597836358563826,0.5782474495092357,0.7529865695660392
cluster,graph+identity0+identity1,3MD4,cluster_3MD4,2,12,0.7449402403232998,0.7705791151721809,0.7126855755549325
cluster,graph+identity0+identity1,3MD5,cluster_3MD5,5,12,0.5525653485650223,0.6293706293706295,0.9992123100205759
cluster,graph+identity0+identity1,3MEA,cluster_3MEA,2,166,0.6621074298994329,0.7422745458282559,0.7663160414040022
cluster,graph+identity0+identity1,3MGN,cluster_3MGN,2,348,0.1813907959177163,0.2455607713475672,1.1944369850824816
cluster,graph+identity0+identity1,3MRE,cluster_3MRE,5,383,0.6576482196489175,0.7327019693611964,0.761957263231715
cluster,graph+identity0+identity1,3N11,cluster_3N11,1,325,0.5562307898075188,0.617564497949627,0.837231187198966
cluster,graph+identity0+identity1,3NE0,cluster_3NE0,1,208,0.6940009518223784,0.7095773607860468,0.7342644980509198
cluster,graph+identity0+identity1,3NGG,cluster_3NGG,1,94,0.7522574213448049,0.6418209140861365,0.6912313087388728
cluster,graph+identity0+identity1,3NPV,cluster_3NPV,5,495,0.5841133854107063,0.5450579924940673,0.8144613004739439
cluster,graph+identity0+identity1,3NVG,cluster_3NVG,2,6,0.6506532399235623,0.5428571428571429,0.7980504472982344
cluster,graph+identity0+identity1,3NZL,cluster_3NZL,5,73,0.5644782408212704,0.6030345347071029,0.8289451986670915
cluster,graph+identity0+identity1,3O0P,cluster_3O0P,5,194,0.7175673467419925,0.7189595819549107,0.6978738518621873
cluster,graph+identity0+identity1,3O5P,cluster_3O5P,5,128,0.7237000626914669,0.6672398723698084,0.6999403970813084
cluster,graph+identity0+identity1,3OBQ,cluster_3OBQ,2,150,0.648728201965496,0.4000021334452207,0.7636179894877176
cluster,graph+identity0+identity1,3OQY,cluster_3OQY,3,234,0.647099494038049,0.6173469961224353,0.7748200037901769
cluster,graph+identity0+identity1,3P6J,cluster_3P6J,3,125,0.7913072036587964,0.7651352696627975,0.6261180151925962
cluster,graph+identity0+identity1,3PD7,cluster_3PD7,5,188,0.7151428299774775,0.7650517902004672,0.7086116491057597
cluster,graph+identity0+identity1,3PES,cluster_3PES,3,165,0.5892824849242381,0.5712755336128933,0.8295327074060465
cluster,graph+identity0+identity1,3PID,cluster_3PID,4,387,0.5114504127863141,0.4783377238599566,0.8709727264449485
cluster,graph+identity0+identity1,3PIW,cluster_3PIW,5,154,0.7624256843592787,0.7153599340367157,0.6716363676467021
cluster,graph+identity0+identity1,3PKV,cluster_3PKV,3,221,0.564210707187032,0.627455972471499,0.8257601540237808
cluster,graph+identity0+identity1,3PSM,cluster_3PSM,4,94,0.8037192901900782,0.8712404182597661,0.6144145453131802
cluster,graph+identity0+identity1,3PTL,cluster_3PTL,4,289,0.5184626570735321,0.621122218219251,0.8875361503789899
cluster,graph+identity0+identity1,3PVE,cluster_3PVE,1,347,0.7092019409021505,0.7294131652769302,0.7208993647179932
cluster,graph+identity0+identity1,3PZ9,cluster_3PZ9,4,357,0.6927794633267289,0.7001682220858549,0.7321593409628255
cluster,graph+identity0+identity1,3PZZ,cluster_3PZZ,2,12,0.9442114050311089,0.9090909090909092,0.5885292459329028
cluster,graph+identity0+identity1,3Q2X,cluster_3Q2X,4,6,0.8758152939921539,0.6,0.5539696003553806
cluster,graph+identity0+identity1,3Q6L,cluster_3Q6L,2,131,0.5847701222346443,0.58130056355618,0.8153209014923894
cluster,graph+identity0+identity1,3QDS,cluster_3QDS,1,284,0.7332521532340025,0.729371656606063,0.7122033046358808
cluster,graph+identity0+identity1,3QPA,cluster_3QPA,5,197,0.46133495755258236,0.6986219717104986,0.9167580327609479
cluster,graph+identity0+identity1,3R6D,cluster_3R6D,4,221,0.6756382345613273,0.752996228881944,0.7446553706069332
cluster,graph+identity0+identity1,3R87,cluster_3R87,5,132,0.4358280703497632,0.3862792621099624,0.9055436923928156
cluster,graph+identity0+identity1,3RQ9,cluster_3RQ9,1,162,0.49236610134243275,0.5913403796564355,0.9401491781704592
cluster,graph+identity0+identity1,3RY0,cluster_3RY0,1,128,0.608557175798649,0.6147309389832082,0.8010752185939262
cluster,graph+identity0+identity1,3RZY,cluster_3Q6L,2,139,0.6795153445792441,0.6202866365467308,0.7483864282038334
cluster,graph+identity0+identity1,3S0A,cluster_3S0A,2,119,0.5110764036620213,0.5225610494438838,0.8615490827112031
cluster,graph+identity0+identity1,3SD2,cluster_3SD2,1,86,0.4406174926634869,0.5388331196965499,0.9032286821254157
cluster,graph+identity0+identity1,3SEB,cluster_3SEB,3,238,0.6373997942628554,0.7675812300811049,0.7757738854358494
cluster,graph+identity0+identity1,3SED,cluster_3SED,2,124,0.6842353350901239,0.6688235155479674,0.7690707207296787
cluster,graph+identity0+identity1,3SO6,cluster_3SO6,1,150,0.6864284363992932,0.6624341521774844,0.7334401607446936
cluster,graph+identity0+identity1,3SR3,cluster_3SR3,5,637,0.574408233169539,0.5749352830575712,0.8242273606200466
cluster,graph+identity0+identity1,3SUK,cluster_3SUK,2,248,0.6455620778936606,0.6529384031979698,0.7709161530365932
cluster,graph+identity0+identity1,3SZH,cluster_3SZH,2,697,0.7778277140605199,0.7809212055081914,0.6391621829054853
cluster,graph+identity0+identity1,3T0H,cluster_3T0H,5,208,0.7641252253322361,0.7966717663381863,0.6591631253625561
cluster,graph+identity0+identity1,3T3K,cluster_3T3K,3,122,0.7401098691218934,0.8112968438184738,0.6879812892064415
cluster,graph+identity0+identity1,3T47,cluster_3T47,4,141,0.513253496060528,0.5141135549071674,0.8714222605516201
cluster,graph+identity0+identity1,3TDN,cluster_3TDN,3,357,0.48108918761523944,0.49952124073165527,0.8817068355147855
cluster,graph+identity0+identity1,3TOW,cluster_3TOW,1,152,0.5800738521819733,0.7162401370679131,0.8193350738342752
cluster,graph+identity0+identity1,3TUA,cluster_3TUA,2,210,0.6558975311289417,0.78694427928935,0.7645557335964961
cluster,graph+identity0+identity1,3TYS,cluster_3TYS,3,75,0.7644875931438788,0.6514836840099989,0.7229500121886157
cluster,graph+identity0+identity1,3U6G,cluster_3U6G,4,248,0.6148975128877595,0.5912698951317324,0.7952113144223654
cluster,graph+identity0+identity1,3U97,cluster_3U97,5,77,0.7003573100728018,0.689398619842669,0.722376427399795
cluster,graph+identity0+identity1,3UCI,cluster_3UCI,3,72,0.5560758716151184,0.48286063412438107,0.8510845991339361
cluster,graph+identity0+identity1,3UR8,cluster_3UR8,4,637,0.6936254818275834,0.6479337803954381,0.7254360654294808
cluster,graph+identity0+identity1,3US6,cluster_3US6,5,148,0.6090327045801663,0.48878338609813177,0.8056407884139931
cluster,graph+identity0+identity1,3V1A,cluster_3V1A,5,48,0.3952782600312037,0.4786668142420404,0.9236226807358741
cluster,graph+identity0+identity1,3V75,cluster_3V75,2,285,0.5598922303126764,0.5301260405361746,0.8342316382531285
cluster,graph+identity0+identity1,3VN0,cluster_3VN0,1,193,0.8162101709821622,0.6618397364637197,0.6456263938903933
cluster,graph+identity0+identity1,3VOR,cluster_3VOR,5,182,0.5712530648453067,0.5677386799443955,0.838378061153746
cluster,graph+identity0+identity1,3VUB,cluster_3VUB,3,101,0.614392742070206,0.6264509403189551,0.7972777593833605
cluster,graph+identity0+identity1,3VVV,cluster_3VVV,1,108,0.7088708968026074,0.5680948309732294,0.7304334176932024
cluster,graph+identity0+identity1,3VZ9,cluster_3VZ9,5,163,0.7477982719742009,0.7361527052803625,0.6742389584629185
cluster,graph+identity0+identity1,3W4Q,cluster_1ES5,3,773,0.7097635451152362,0.7264390314608489,0.7291027573344677
cluster,graph+identity0+identity1,3ZBD,cluster_3ZBD,1,213,0.5116455748304535,0.46715022548296936,0.8664794421639201
cluster,graph+identity0+identity1,3ZIT,cluster_3ZIT,3,152,0.3970356755657618,0.4139073441770557,0.9366224358276989
cluster,graph+identity0+identity1,3ZRX,cluster_3ZRX,3,221,0.549903747689711,0.5579562734487913,0.8360154363279612
cluster,graph+identity0+identity1,3ZSL,cluster_3ZSL,2,138,0.7039325877914239,0.5762914644499975,0.7272223851756047
cluster,graph+identity0+identity1,3ZZP,cluster_3ZZP,2,74,0.5042129434088407,0.5370130400371292,0.8635832402005489
cluster,graph+identity0+identity1,3ZZY,cluster_3ZZY,3,226,0.7359420644938046,0.6244539509954453,0.6851592660634602
cluster,graph+identity0+identity1,4A02,cluster_4A02,2,166,0.5078302654747437,0.642089964190416,0.8717403406245957
cluster,graph+identity0+identity1,4ACJ,cluster_4ACJ,1,167,0.7539022691793197,0.808217775314072,0.692244714661709
cluster,graph+identity0+identity1,4AE7,cluster_4AE7,3,186,0.7785984631769028,0.7197052699613494,0.6327042778186138
cluster,graph+identity0+identity1,4AM1,cluster_4AM1,4,345,0.599959657865186,0.6174247599227121,0.8003943856759166
cluster,graph+identity0+identity1,4ANN,cluster_4ANN,3,176,0.5493203441568756,0.5672788386100542,0.8419164234190845
cluster,graph+identity0+identity1,4AVR,cluster_4AVR,1,188,0.6430927794191362,0.7423149233627506,0.7994950408772836
cluster,graph+identity0+identity1,4AXY,cluster_4AXY,4,54,0.6557209023177673,0.5200121982889012,0.7623524336508181
cluster,graph+identity0+identity1,4B6G,cluster_4B6G,3,558,0.745490402090363,0.7523393705476904,0.689970933680208
cluster,graph+identity0+identity1,4B9G,cluster_4B9G,5,292,0.8071176116131504,0.7918165058078603,0.6185605702331645
cluster,graph+identity0+identity1,4DD5,cluster_4DD5,1,387,0.6325360969900925,0.6708451783940101,0.7831182910839734
cluster,graph+identity0+identity1,4DKN,cluster_4DKN,3,423,0.7201561952046059,0.7354624586257569,0.7286983484855288
cluster,graph+identity0+identity1,4DND,cluster_4DND,3,95,0.7584002850974457,0.6678214859415399,0.6637284897189535
cluster,graph+identity0+identity1,4DPZ,cluster_4DPZ,1,109,0.7206808237279559,0.6675593962939342,0.7045761230783626
cluster,graph+identity0+identity1,4DQ7,cluster_4DQ7,3,328,0.7091896462046832,0.7328452689277614,0.715182263225165
cluster,graph+identity0+identity1,4DT4,cluster_4DT4,4,160,0.740774155376916,0.7246547930796123,0.7420340609939993
cluster,graph+identity0+identity1,4EK3,cluster_4EK3,3,287,0.6804232295378314,0.7017186518720102,0.7433421444925253
cluster,graph+identity0+identity1,4ERY,cluster_4ERY,2,318,0.7044570417383064,0.749657010602731,0.7304736354749511
cluster,graph+identity0+identity1,4ES1,cluster_4ES1,1,95,0.7156898826074666,0.697602475073967,0.7336976582609409
cluster,graph+identity0+identity1,4EUG,cluster_4EUG,1,225,0.5875052629194868,0.6316040101362872,0.8103318868916234
cluster,graph+identity0+identity1,4F01,cluster_4F01,3,448,0.3519238073385076,0.5282953283883987,0.9857884724172936
cluster,graph+identity0+identity1,4F3J,cluster_4F3J,3,143,0.6052765803164554,0.5523317252952574,0.8005324120253301
cluster,graph+identity0+identity1,4FR9,cluster_4FR9,2,141,0.6384837763636603,0.6421541346537415,0.778159163014447
cluster,graph+identity0+identity1,4G14,cluster_4G14,1,15,0.5586537846381323,0.5464285714285714,0.8977222874386293
cluster,graph+identity0+identity1,4G2E,cluster_4G2E,4,151,0.7421868596687046,0.8033489283449864,0.6747488517585998
cluster,graph+identity0+identity1,4G5X,cluster_4G5X,1,550,0.7285708171279128,0.7506283715942932,0.6982660181182495
cluster,graph+identity0+identity1,4G6C,cluster_4G6C,3,658,0.5971958148801167,0.5761816851049167,0.8109829299214739
cluster,graph+identity0+identity1,4G7X,cluster_4G7X,3,194,0.6136466450379976,0.5589796331914194,0.8018210904878931
cluster,graph+identity0+identity1,4GA2,cluster_4GA2,5,144,0.5287550092854796,0.5482820845719247,0.8497370767759489
cluster,graph+identity0+identity1,4GMQ,cluster_4GMQ,5,92,0.5868674812532225,0.5856387651619068,0.8106111373008695
cluster,graph+identity0+identity1,4GS3,cluster_4GS3,3,90,0.49112684687700314,0.6563854351091174,0.9346088076210681
cluster,graph+identity0+identity1,4H4J,cluster_4H4J,4,236,0.811480354711436,0.8320027571857399,0.6154105232890812
cluster,graph+identity0+identity1,4H89,cluster_4H89,4,168,0.6053020218069712,0.5746713496444598,0.7969189837410038
cluster,graph+identity0+identity1,4HDE,cluster_4HDE,5,168,0.737663342436464,0.7857285220821578,0.6907104784942977
cluster,graph+identity0+identity1,4HJP,cluster_4HJP,4,281,0.6824924997209388,0.7817173199880637,0.7407742167706239
cluster,graph+identity0+identity1,4HWM,cluster_4HWM,4,117,0.6195067592388029,0.5951130326789124,0.7952415838693737
cluster,graph+identity0+identity1,4IL7,cluster_4IL7,2,85,0.37935018027485295,0.2779780924316059,0.9445858558660294
cluster,graph+identity0+identity1,4J11,cluster_4J11,5,357,0.615934148301175,0.5101961182024978,0.7964721727340878
cluster,graph+identity0+identity1,4J5O,cluster_4J5O,2,220,0.7134424199523776,0.6570084460473969,0.7077226588765451
cluster,graph+identity0+identity1,4J5Q,cluster_2FG1,1,146,0.7363985939208267,0.7675336444269811,0.6956843446298582
cluster,graph+identity0+identity1,4J78,cluster_4J78,3,305,0.6325441161166794,0.766391685833501,0.775976361943291
cluster,graph+identity0+identity1,4JG2,cluster_4JG2,2,185,0.772417068060849,0.8118910964329569,0.6847864339164884
cluster,graph+identity0+identity1,4JVU,cluster_4JVU,4,207,0.7294941007114516,0.8065246068052229,0.6942904110832571
cluster,graph+identity0+identity1,4JYP,cluster_4JYP,2,534,0.65305045764632,0.7170610620606158,0.7615047808141654
cluster,graph+identity0+identity1,4KEF,cluster_4KEF,3,133,0.5118982708558574,0.45938780430849385,0.8766923632105992
cluster,graph+identity0+identity1,5CYT,cluster_1CCR,5,103,0.36045220664314503,0.3101604865496966,0.93368786891985
cluster,graph+identity0+identity1,6RXN,cluster_6RXN,1,45,0.5845333379933726,0.6002635046113306,0.846856090975152
cluster,graph+identity0+identity_p1,1ABA,cluster_1ABA,4,87,0.6452137908432486,0.7178475418350646,0.770379008013509
cluster,graph+identity0+identity_p1,1AHO,cluster_1AHO,3,64,0.6260879054800506,0.7387905081815092,0.7832999564210295
cluster,graph+identity0+identity_p1,1AIE,cluster_1AIE,4,31,0.6473884542272885,0.530241935483871,0.7742084916574304
cluster,graph+identity0+identity_p1,1AKG,cluster_1AKG,2,16,0.49492703878883876,0.6857985668266282,0.9052476718940926
cluster,graph+identity0+identity_p1,1ATG,cluster_1ATG,5,231,0.5340829774920205,0.5865545858578031,0.8514150955666365
cluster,graph+identity0+identity_p1,1BGF,cluster_1BGF,2,124,0.6167602129491292,0.4466170359346497,0.7897869224909166
cluster,graph+identity0+identity_p1,1BX7,cluster_1BX7,2,51,0.5617547086493775,0.25728506787330313,0.8860256346962517
cluster,graph+identity0+identity_p1,1BYI,cluster_1BYI,5,224,0.5452102835996115,0.601850707579952,0.8439191507563636
cluster,graph+identity0+identity_p1,1CCR,cluster_1CCR,5,111,0.5118712820201591,0.5214171167935618,0.859576294225049
cluster,graph+identity0+identity_p1,1CYO,cluster_1CYO,2,88,0.6316204009509753,0.5642077827982975,0.7835218042830939
cluster,graph+identity0+identity_p1,1DF4,cluster_1DF4,5,57,0.9024371346172436,0.7636764324604616,0.5682988158422697
cluster,graph+identity0+identity_p1,1E5K,cluster_1E5K,3,188,0.7563633054949309,0.7482086564299598,0.6652171490389678
cluster,graph+identity0+identity_p1,1ES5,cluster_1ES5,3,260,0.6407960132977475,0.711473992840115,0.7760889477295532
cluster,graph+identity0+identity_p1,1ETL,cluster_1ETL,3,12,0.8338369752226009,0.7289073352621215,0.7192754054042204
cluster,graph+identity0+identity_p1,1ETM,cluster_1ETM,1,12,0.5532764647800549,0.4012018580146848,0.8473200334769045
cluster,graph+identity0+identity_p1,1ETN,cluster_1ETN,4,12,-0.20954049587392298,0.007391404949863532,1.2058392406931309
cluster,graph+identity0+identity_p1,1EW4,cluster_1EW4,2,106,0.6288888173472144,0.6581032946555367,0.7808572421955742
cluster,graph+identity0+identity_p1,1F8R,cluster_1F8R,3,1932,0.7799840866078716,0.7652533415053908,0.6765622100781279
cluster,graph+identity0+identity_p1,1FF4,cluster_1FF4,4,65,0.603456129127547,0.5971219091474151,0.8008812405683945
cluster,graph+identity0+identity_p1,1FK5,cluster_1FK5,2,93,0.5425633248753706,0.5172911576876106,0.8421376085911477
cluster,graph+identity0+identity_p1,1GCO,cluster_1GCO,4,1044,0.645775171503895,0.6182486413488902,0.7658271020045526
cluster,graph+identity0+identity_p1,1GK7,cluster_1GK7,3,39,0.7787490500848375,0.46895085843751033,0.6390150412391608
cluster,graph+identity0+identity_p1,1GVD,cluster_1GVD,3,52,0.7155408594958488,0.6010117181365195,0.7181918070599145
cluster,graph+identity0+identity_p1,1GXU,cluster_1GXU,1,88,0.6148379392699914,0.6086868465032905,0.7990938875032276
cluster,graph+identity0+identity_p1,1H6V,cluster_1H6V,2,2927,0.4969470310348058,0.543654753985345,0.8810198247479556
cluster,graph+identity0+identity_p1,1HJE,cluster_1HJE,4,13,0.6800552036217457,0.6428571428571429,0.8058669453790628
cluster,graph+identity0+identity_p1,1I71,cluster_1I71,3,83,0.56382092247268,0.5814096277556821,0.8261483070060734
cluster,graph+identity0+identity_p1,1IDP,cluster_1IDP,2,441,0.761817595516467,0.8765159408774377,0.6625425467705494
cluster,graph+identity0+identity_p1,1IFR,cluster_1IFR,3,113,0.6524462436654423,0.7189671591949488,0.7755477825150386
cluster,graph+identity0+identity_p1,1K8U,cluster_1K8U,2,89,0.4909694549487954,0.3444260488031229,0.8894170167232863
cluster,graph+identity0+identity_p1,1KMM,cluster_1KMM,4,1499,0.7098499722797245,0.7339399092447225,0.7145483525263828
cluster,graph+identity0+identity_p1,1KNG,cluster_1KNG,1,144,0.5562483098948523,0.5179538499040137,0.8373374361250131
cluster,graph+identity0+identity_p1,1KR4,cluster_1KR4,3,110,0.6213670986251852,0.5721602077958255,0.7869658019635163
cluster,graph+identity0+identity_p1,1KYC,cluster_1KYC,5,15,0.7983666116622126,0.7749999999999999,0.7057118619309568
cluster,graph+identity0+identity_p1,1LR7,cluster_1LR7,1,73,0.5909871129619381,0.6863097487997937,0.8279992540108602
cluster,graph+identity0+identity_p1,1MF7,cluster_1MF7,2,194,0.6688557117305368,0.7607620448717974,0.7620055897865319
cluster,graph+identity0+identity_p1,1N7E,cluster_1N7E,5,95,0.5481831815330024,0.6668463065139306,0.8364293239982987
cluster,graph+identity0+identity_p1,1NKD,cluster_1NKD,1,59,0.6668008675451474,0.7307557438398439,0.7960361659460057
cluster,graph+identity0+identity_p1,1NKO,cluster_1NKO,1,122,0.5085218869953132,0.7186870598044123,0.8768220088867686
cluster,graph+identity0+identity_p1,1NLS,cluster_1NLS,5,237,0.5198830387700394,0.7294699196830602,0.8631148833006932
cluster,graph+identity0+identity_p1,1NNX,cluster_1NNX,2,93,0.7967259930894746,0.8138493905801405,0.6170443358055847
cluster,graph+identity0+identity_p1,1NOA,cluster_1NOA,4,113,0.570291170922852,0.5199554190065353,0.823550451818784
cluster,graph+identity0+identity_p1,1NOT,cluster_1NOT,3,13,0.5598399870398292,0.5934065934065934,0.8899807121320181
cluster,graph+identity0+identity_p1,1O06,cluster_1O06,1,20,0.9496897334784854,0.732330827067669,0.34102823163454515
cluster,graph+identity0+identity_p1,1O08,cluster_1O08,5,221,0.34034839717538734,0.5967483132867409,0.9670082231002508
cluster,graph+identity0+identity_p1,1OB4,cluster_1OB4,1,16,0.5115133499369533,0.39999999999999997,0.9418966644821122
cluster,graph+identity0+identity_p1,1OB7,cluster_1OB7,4,16,0.57786948845651,0.841795665718522,0.8504483935599245
cluster,graph+identity0+identity_p1,1OPD,cluster_1OPD,2,85,0.4130317395344647,0.3954484827508734,0.9179812416599566
cluster,graph+identity0+identity_p1,1P9I,cluster_1P9I,2,29,0.6705745282073313,0.4645320197044333,0.7426664325872291
cluster,graph+identity0+identity_p1,1PEF,cluster_1PEF,5,18,0.807584859257797,0.87203302373581,0.6227897281321862
cluster,graph+identity0+identity_p1,1PEN,cluster_1PEN,5,16,0.5485418735794652,0.5489331876101552,0.8722187520052164
cluster,graph+identity0+identity_p1,1PMY,cluster_1PMY,4,123,0.6988843051502205,0.6014729687151475,0.7445783285152909
cluster,graph+identity0+identity_p1,1PZ4,cluster_1PZ4,2,113,0.712257453971251,0.6778216055743181,0.7193355074156971
cluster,graph+identity0+identity_p1,1Q9B,cluster_1Q9B,2,43,0.7551143179289918,0.7242524916943521,0.67536862802708
cluster,graph+identity0+identity_p1,1QAU,cluster_1QAU,3,112,0.6551011764616604,0.614711755164623,0.7632647711661124
cluster,graph+identity0+identity_p1,1QKI,cluster_1QKI,1,3912,0.5679312136412619,0.6434640267488698,0.8442441339445791
cluster,graph+identity0+identity_p1,1QTO,cluster_1QTO,2,122,0.6230464570607155,0.6154946797998049,0.7827303087186134
cluster,graph+identity0+identity_p1,1R29,cluster_1R29,5,122,0.6193305040943511,0.5892138121300731,0.7900497304534488
cluster,graph+identity0+identity_p1,1R7J,cluster_1R7J,1,90,0.7534116479347307,0.6376118470114924,0.6736491784272446
cluster,graph+identity0+identity_p1,1RJU,cluster_1RJU,4,36,0.4306994242642677,0.3158301158301159,0.9345849820103355
cluster,graph+identity0+identity_p1,1RRO,cluster_1RRO,5,108,0.2845483346210468,0.2298650725756812,0.9736752191374546
cluster,graph+identity0+identity_p1,1SAU,cluster_1SAU,1,114,0.641693633987377,0.6505386797607751,0.7807030260496942
cluster,graph+identity0+identity_p1,1TGR,cluster_1TGR,1,104,0.7163334531296646,0.6650698688189189,0.7173168506651254
cluster,graph+identity0+identity_p1,1TZV,cluster_1TZV,4,141,0.7945545237410758,0.7600339486467418,0.6302767226347015
cluster,graph+identity0+identity_p1,1U06,cluster_1U06,2,55,0.46082450135556696,0.3023142553568165,0.8936527729089078
cluster,graph+identity0+identity_p1,1U7I,cluster_1U7I,3,267,0.7625260536868781,0.7972473634361948,0.6672071177734493
cluster,graph+identity0+identity_p1,1U9C,cluster_1U9C,1,221,0.5881623606766401,0.425175993712376,0.8190067561542353
cluster,graph+identity0+identity_p1,1UHA,cluster_1UHA,1,82,0.6548288343992816,0.7084099741553621,0.7583115870256288
cluster,graph+identity0+identity_p1,1UKU,cluster_1KR4,3,102,0.6993192178321426,0.5309132032881031,0.7235001667865896
cluster,graph+identity0+identity_p1,1ULR,cluster_1ULR,4,87,0.6064692049354522,0.662334999537887,0.8154861783215334
cluster,graph+identity0+identity_p1,1UOY,cluster_1UOY,5,64,0.69023037250118,0.6230382674202538,0.7480026371569618
cluster,graph+identity0+identity_p1,1USE,cluster_1USE,3,40,0.14463321389724076,0.06078799249530957,1.1300226400562232
cluster,graph+identity0+identity_p1,1USM,cluster_1USM,5,77,0.8215723985874014,0.7239650084611938,0.6176442598105638
cluster,graph+identity0+identity_p1,1UTG,cluster_1UTG,4,70,0.5665135390969966,0.506556789073614,0.8370209717230279
cluster,graph+identity0+identity_p1,1V05,cluster_1V05,4,96,0.6062949866137775,0.5462499491814179,0.807400683881364
cluster,graph+identity0+identity_p1,1V70,cluster_1V70,4,105,0.5264168816922767,0.6202958802054932,0.854434494528112
cluster,graph+identity0+identity_p1,1VRZ,cluster_1VRZ,3,21,0.6803646515692527,0.7660820330666509,0.8203855838427537
cluster,graph+identity0+identity_p1,1W2L,cluster_1W2L,4,97,0.5679374320261587,0.4082448469794673,0.8258303263937735
cluster,graph+identity0+identity_p1,1WBE,cluster_1WBE,3,204,0.5538026947116538,0.6122463691929859,0.8344093835661491
cluster,graph+identity0+identity_p1,1WHI,cluster_1WHI,1,122,0.5137950234329608,0.6325711576058506,0.865447493942027
cluster,graph+identity0+identity_p1,1WLY,cluster_1WLY,5,322,0.6824414941785237,0.7239771212819484,0.7392766838215703
cluster,graph+identity0+identity_p1,1WPA,cluster_1WPA,2,107,0.553091066253056,0.33964149527291443,0.8337149341274588
cluster,graph+identity0+identity_p1,1X3O,cluster_1X3O,3,80,0.5520849026168939,0.5703737129359131,0.834997214889901
cluster,graph+identity0+identity_p1,1XY1,cluster_1XY1,3,16,0.6087850407126111,0.663462897817489,1.1402542976361156
cluster,graph+identity0+identity_p1,1XY2,cluster_1XY2,3,8,0.6284959281218611,0.37581969985087577,0.8608990886032942
cluster,graph+identity0+identity_p1,1Y6X,cluster_1Y6X,5,87,0.4788663822050603,0.4977422985320792,0.891528272175734
cluster,graph+identity0+identity_p1,1YJO,cluster_1YJO,5,6,0.32945641935891,0.2571428571428572,1.0493432882339666
cluster,graph+identity0+identity_p1,1YZM,cluster_1YZM,5,46,0.7993457712662878,0.6768841754578419,0.7261272888130673
cluster,graph+identity0+identity_p1,1Z21,cluster_1Z21,3,96,0.6230728614368484,0.6578675176769957,0.785999865209595
cluster,graph+identity0+identity_p1,1ZCE,cluster_1ZCE,2,146,0.7732034988707922,0.7897331585605851,0.6777386159573002
cluster,graph+identity0+identity_p1,1ZVA,cluster_1ZVA,1,75,0.5675504976987522,0.5291339487341785,0.8243161014794507
cluster,graph+identity0+identity_p1,2A50,cluster_2A50,4,457,0.5671633303910555,0.6313551562541508,0.8351880581705514
cluster,graph+identity0+identity_p1,2AGK,cluster_2AGK,2,233,0.6789391172942458,0.7286503932110389,0.7423987658812774
cluster,graph+identity0+identity_p1,2AH1,cluster_2AH1,5,939,0.5435583361141151,0.5554168435851229,0.8590900242780272
cluster,graph+identity0+identity_p1,2B0A,cluster_2B0A,4,186,0.572997429089253,0.6125334633835979,0.8430776090110937
cluster,graph+identity0+identity_p1,2BCM,cluster_2BCM,4,413,0.5519189005132467,0.49251113655032813,0.8344443328789827
cluster,graph+identity0+identity_p1,2BF9,cluster_2BF9,5,36,0.6244672944387352,0.5224274417150525,0.8423583132118394
cluster,graph+identity0+identity_p1,2BRF,cluster_2BRF,4,100,0.7626199732302531,0.7180036489615884,0.6875898190244042
cluster,graph+identity0+identity_p1,2C71,cluster_2C71,5,205,0.6426764664922189,0.6774176586240952,0.8012027062418874
cluster,graph+identity0+identity_p1,2CE0,cluster_2CE0,2,99,0.5954968433993324,0.5875761072271641,0.8043767071609218
cluster,graph+identity0+identity_p1,2CG7,cluster_2CG7,5,90,0.530389843148031,0.5179532771866309,0.8534796286318265
cluster,graph+identity0+identity_p1,2COV,cluster_2COV,3,534,0.7643839633850821,0.7232001021975062,0.661726736076933
cluster,graph+identity0+identity_p1,2CWS,cluster_2CWS,4,227,0.6808036814185474,0.7235242233261236,0.7469509144760339
cluster,graph+identity0+identity_p1,2D5W,cluster_2D5W,5,1214,0.6948027732601948,0.6663756925338189,0.7381762074849093
cluster,graph+identity0+identity_p1,2DKO,cluster_2DKO,2,253,0.7848099011384297,0.6783443726626063,0.6230708708687258
cluster,graph+identity0+identity_p1,2DPL,cluster_2DPL,5,565,0.47169870553866355,0.522020684150715,0.8910097091283299
cluster,graph+identity0+identity_p1,2DSX,cluster_2DSX,4,52,0.41786648454401093,0.303400286647369,0.9119734308732765
cluster,graph+identity0+identity_p1,2E10,cluster_2E10,5,439,0.7809191639979164,0.7973007047541952,0.6391028344505563
cluster,graph+identity0+identity_p1,2E3H,cluster_2E3H,4,81,0.6982649479500559,0.6894542502008247,0.7176390634609462
cluster,graph+identity0+identity_p1,2EAQ,cluster_2EAQ,4,89,0.6879348083202278,0.4865230659623595,0.745527821632095
cluster,graph+identity0+identity_p1,2EHP,cluster_2EHP,3,248,0.7805999373537414,0.8016941821885617,0.645222049433221
cluster,graph+identity0+identity_p1,2EHS,cluster_1X3O,3,75,0.7006755323978487,0.7090428029565577,0.7457839497205856
cluster,graph+identity0+identity_p1,2ERW,cluster_2ERW,3,53,0.30947011729751933,0.11611732709472383,0.9974664623572665
cluster,graph+identity0+identity_p1,2ETX,cluster_2ETX,1,389,0.5472480671990273,0.5620165986475854,0.8441270130433691
cluster,graph+identity0+identity_p1,2FB6,cluster_2FB6,5,116,0.7773210065531635,0.6831526162625071,0.6860790637885952
cluster,graph+identity0+identity_p1,2FG1,cluster_2FG1,1,157,0.6276703624354351,0.5561892830651356,0.7812516831613152
cluster,graph+identity0+identity_p1,2FN9,cluster_2FN9,2,560,0.5951964375343534,0.5889260252535855,0.8053283100366474
cluster,graph+identity0+identity_p1,2FQ3,cluster_2FQ3,2,85,0.6771944995280266,0.6833105335157319,0.7588019879103108
cluster,graph+identity0+identity_p1,2G69,cluster_2G69,1,99,0.6351406409200852,0.635922300088228,0.7887924849066792
cluster,graph+identity0+identity_p1,2G7O,cluster_2G7O,2,68,0.789333465933624,0.46758477309179286,0.6669342526480017
cluster,graph+identity0+identity_p1,2G7S,cluster_2G7S,1,190,0.6409629014777577,0.598941413857732,0.7844139169504053
cluster,graph+identity0+identity_p1,2GKG,cluster_2GKG,5,122,0.6930629864868466,0.5261768254425518,0.7470617102146266
cluster,graph+identity0+identity_p1,2GOM,cluster_2GOM,4,121,0.5752419970988326,0.4337152292801245,0.8220174440202831
cluster,graph+identity0+identity_p1,2GXG,cluster_2GXG,1,140,0.7080777746812255,0.7010571684622672,0.7263709200044907
cluster,graph+identity0+identity_p1,2GZQ,cluster_2GZQ,5,191,0.40261825511563365,0.37015052701856727,0.9361963846993929
cluster,graph+identity0+identity_p1,2HQK,cluster_2HQK,1,213,0.8082904511777332,0.7748645880939284,0.6647768343353277
cluster,graph+identity0+identity_p1,2HYK,cluster_2HYK,1,237,0.590705464156128,0.5667983037779813,0.8091779049282048
cluster,graph+identity0+identity_p1,2I24,cluster_2I24,4,113,0.49554687223089094,0.4730223158947055,0.8715353493814164
cluster,graph+identity0+identity_p1,2I49,cluster_2I49,3,398,0.6750138015654391,0.6793219805489583,0.7528569471086632
cluster,graph+identity0+identity_p1,2IBL,cluster_2IBL,2,108,0.6572980013122218,0.6570381291506064,0.8695301311286034
cluster,graph+identity0+identity_p1,2IGD,cluster_2IGD,1,61,0.5530249420643274,0.5468679766051473,0.8416733621693203
cluster,graph+identity0+identity_p1,2IMF,cluster_2IMF,3,203,0.6716238064489052,0.6560522049099302,0.7460474383528284
cluster,graph+identity0+identity_p1,2IP6,cluster_2IP6,5,87,0.6289646846987944,0.42679570605080214,0.7834892007367792
cluster,graph+identity0+identity_p1,2IVY,cluster_2IVY,3,88,0.4967722348556271,0.4085415520444442,0.8812977033803823
cluster,graph+identity0+identity_p1,2J32,cluster_2J32,4,244,0.8218471621801233,0.7025568659061521,0.5864256721056814
cluster,graph+identity0+identity_p1,2J9W,cluster_2J9W,1,200,0.6898236580948816,0.6761449676181258,0.7408344135149133
cluster,graph+identity0+identity_p1,2JKU,cluster_2JKU,1,35,0.4513076260261412,0.3180895028460234,0.9529662022722215
cluster,graph+identity0+identity_p1,2JLI,cluster_2JLI,4,100,0.6045268825351481,0.5148142926429401,0.7978753342358055
cluster,graph+identity0+identity_p1,2JLJ,cluster_2JLI,4,115,0.7454689859250765,0.6185085015178021,0.6772320489646168
cluster,graph+identity0+identity_p1,2MCM,cluster_1NOA,4,112,0.7730038324541468,0.7065041674908855,0.6946663313332584
cluster,graph+identity0+identity_p1,2NLS,cluster_2NLS,2,36,0.4801377139935887,0.3835263835263836,0.8805434783832222
cluster,graph+identity0+identity_p1,2NR7,cluster_2NR7,4,194,0.8159825301297341,0.7307949907172476,0.6123645276057466
cluster,graph+identity0+identity_p1,2NUH,cluster_1KR4,3,104,0.6475700894774334,0.5597176953297893,0.7696632797304316
cluster,graph+identity0+identity_p1,2O6X,cluster_2O6X,2,306,0.7980500797483707,0.8031499162961653,0.6185120028066264
cluster,graph+identity0+identity_p1,2OA2,cluster_2OA2,4,132,0.5268637496966634,0.3961445293349794,0.8523986200098893
cluster,graph+identity0+identity_p1,2OCT,cluster_2OCT,4,192,0.5289799398427807,0.5421152977378166,0.874100986711348
cluster,graph+identity0+identity_p1,2OHW,cluster_2OHW,4,256,0.588192935584645,0.6558541591924795,0.8170602480138468
cluster,graph+identity0+identity_p1,2OKT,cluster_2OKT,5,342,0.3954610817929597,0.39412381759770954,0.9537158710372389
cluster,graph+identity0+identity_p1,2OL9,cluster_2OL9,1,6,0.8569776161964842,0.7142857142857143,0.5517372970942949
cluster,graph+identity0+identity_p1,2OLX,cluster_2OLX,3,4,0.8719718447170612,0.7999999999999999,0.9356492439872894
cluster,graph+identity0+identity_p1,2PKT,cluster_2PKT,1,91,0.04848441156693885,0.07436960239852783,1.0675127036672152
cluster,graph+identity0+identity_p1,2PLT,cluster_2PLT,2,98,0.4600807346746609,0.5143259716517875,0.8979299642512021
cluster,graph+identity0+identity_p1,2PMR,cluster_2PMR,4,76,0.6395163269698633,0.7470231992933077,0.7740210208720132
cluster,graph+identity0+identity_p1,2POF,cluster_2POF,4,440,0.6807587560557857,0.709086110456896,0.7373442914819339
cluster,graph+identity0+identity_p1,2PPN,cluster_2PPN,5,107,0.6283386014913448,0.7207018336629651,0.7949599998270513
cluster,graph+identity0+identity_p1,2PSF,cluster_2PSF,4,608,0.5370726193357178,0.4727630719428309,0.8473608161711407
cluster,graph+identity0+identity_p1,2PTH,cluster_2PTH,3,193,0.7401751147398951,0.8140336029685016,0.6908631276416157
cluster,graph+identity0+identity_p1,2Q4N,cluster_2Q4N,2,153,0.6792333847347423,0.58899924699658,0.7447327212457109
cluster,graph+identity0+identity_p1,2Q52,cluster_1WBE,3,412,0.765310038308212,0.752868790489099,0.6728061741009804
cluster,graph+identity0+identity_p1,2QJL,cluster_2QJL,5,99,0.6247927252268749,0.671457594802597,0.7983986436193983
cluster,graph+identity0+identity_p1,2R16,cluster_2R16,1,175,0.5430704269025218,0.4333871111184536,0.8480990979063496
cluster,graph+identity0+identity_p1,2R6Q,cluster_2R6Q,3,138,0.558670223442081,0.4352604877883585,0.8354307244846679
cluster,graph+identity0+identity_p1,2RB8,cluster_2RB8,4,93,0.6266719106327304,0.5256058758836166,0.7842356564617484
cluster,graph+identity0+identity_p1,2RE2,cluster_2RE2,2,238,0.670444829149082,0.4671640250450655,0.7437528060845977
cluster,graph+identity0+identity_p1,2RFR,cluster_2RFR,2,154,0.6796811796988638,0.4593907900539571,0.7355544377914658
cluster,graph+identity0+identity_p1,2V9V,cluster_2V9V,1,135,0.5442410999038207,0.4587409245771935,0.8393496676564809
cluster,graph+identity0+identity_p1,2VE8,cluster_2VE8,1,515,0.7058518191212008,0.6048575374004712,0.7145043985222157
cluster,graph+identity0+identity_p1,2VH7,cluster_2VH7,5,94,0.7288003823854056,0.7206311593173199,0.7024842910787685
cluster,graph+identity0+identity_p1,2VIM,cluster_2VIM,5,104,0.3375110999623321,0.36203406108603425,0.952602846350368
cluster,graph+identity0+identity_p1,2VPA,cluster_2VPA,2,204,0.7598294468681902,0.770786304058118,0.759936521239574
cluster,graph+identity0+identity_p1,2VQ4,cluster_2VQ4,4,106,0.6877590778017653,0.7778082878043947,0.7282163979347904
cluster,graph+identity0+identity_p1,2VY8,cluster_2VY8,5,149,0.7399889301226031,0.7578971236479096,0.6845853033087292
cluster,graph+identity0+identity_p1,2VYO,cluster_2C71,5,206,0.7168206776018612,0.7347846051585754,0.7161621379043775
cluster,graph+identity0+identity_p1,2W1V,cluster_2W1V,5,548,0.6995310147514748,0.7618538303060026,0.7334933565630007
cluster,graph+identity0+identity_p1,2W2A,cluster_2W2A,3,350,0.6522346174284069,0.6978478710852638,0.7598506983898893
cluster,graph+identity0+identity_p1,2W6A,cluster_2W6A,3,117,0.7685106874558171,0.499913828757684,0.6525405775769613
cluster,graph+identity0+identity_p1,2WJ5,cluster_2WJ5,2,96,0.5854116412182979,0.5663910688449108,0.8547265932855667
cluster,graph+identity0+identity_p1,2WUJ,cluster_2WUJ,1,100,0.47326749842076044,0.17775084159240864,0.8851306908743293
cluster,graph+identity0+identity_p1,2WW7,cluster_2WW7,3,150,0.46841868467548187,0.5303137784619734,0.9490532603969799
cluster,graph+identity0+identity_p1,2WWE,cluster_2WWE,4,111,0.5664261094220557,0.4873592672608538,0.8265835939994999
cluster,graph+identity0+identity_p1,2X1Q,cluster_2X1Q,5,240,0.4533417573425921,0.3752108373137455,0.9089519416130483
cluster,graph+identity0+identity_p1,2X25,cluster_2X25,2,168,0.6464402953085764,0.7128018005057589,0.7804405899703204
cluster,graph+identity0+identity_p1,2X3M,cluster_2X3M,3,166,0.7263864480139535,0.6075124632024782,0.7244244288924987
cluster,graph+identity0+identity_p1,2X5Y,cluster_2X5Y,4,171,0.7191629677616708,0.6939256248347,0.7159376037561271
cluster,graph+identity0+identity_p1,2X9Z,cluster_2X9Z,5,262,0.5927840791444963,0.5997693329702115,0.8058412927060533
cluster,graph+identity0+identity_p1,2XHF,cluster_2XHF,5,310,0.5879202873055283,0.6326046005509197,0.8094313803327438
cluster,graph+identity0+identity_p1,2Y0T,cluster_2Y0T,3,101,0.7778754405227492,0.7596951599310465,0.6493217432397765
cluster,graph+identity0+identity_p1,2Y72,cluster_2Y72,5,170,0.732331853336694,0.6995003020258364,0.7099075733843883
cluster,graph+identity0+identity_p1,2Y7L,cluster_2Y7L,4,319,0.7420989154537593,0.7060069646014577,0.6886334549534249
cluster,graph+identity0+identity_p1,2Y9F,cluster_2Y9F,4,149,0.7594982798898083,0.847483298488687,0.6514476286468907
cluster,graph+identity0+identity_p1,2YLB,cluster_2YLB,2,400,0.7399035129185285,0.7977739424337508,0.6755934219950157
cluster,graph+identity0+identity_p1,2YNY,cluster_2YNY,1,315,0.7393318479488503,0.735708672751422,0.7127103960247531
cluster,graph+identity0+identity_p1,2ZCM,cluster_2ZCM,1,357,0.42380311388383507,0.353964919501021,0.9105006090532243
cluster,graph+identity0+identity_p1,2ZU1,cluster_2ZU1,2,360,0.7059186532989971,0.7582080043431714,0.7106780154737404
cluster,graph+identity0+identity_p1,3A0M,cluster_3A0M,1,148,0.7384347991552377,0.5940818370362636,0.7412839056287311
cluster,graph+identity0+identity_p1,3A7L,cluster_3A7L,4,128,0.6839969845607599,0.5892720723695221,0.7439152051226531
cluster,graph+identity0+identity_p1,3AMC,cluster_3AMC,2,614,0.7399890888218484,0.7782747474015649,0.7047444994587562
cluster,graph+identity0+identity_p1,3AUB,cluster_3AUB,1,116,0.6057576289623835,0.658055389143393,0.7990273138252952
cluster,graph+identity0+identity_p1,3B5O,cluster_3B5O,1,230,0.6289777160221628,0.6161903806152936,0.7807443053363626
cluster,graph+identity0+identity_p1,3BA1,cluster_3BA1,4,312,0.646312996636161,0.5707106766272628,0.7639709280584323
cluster,graph+identity0+identity_p1,3BED,cluster_3BED,1,261,0.8064927479177734,0.8214006757307724,0.6227519806758783
cluster,graph+identity0+identity_p1,3BQX,cluster_3BQX,4,139,0.4769180144054626,0.48249082006690375,0.9051395220730099
cluster,graph+identity0+identity_p1,3BZQ,cluster_3BZQ,3,99,0.5615497429264066,0.5509619725644789,0.8301326818405507
cluster,graph+identity0+identity_p1,3BZZ,cluster_3BZZ,5,100,0.4514442718535385,0.436948870909739,0.9197181645759517
cluster,graph+identity0+identity_p1,3DRF,cluster_3DRF,4,547,0.5309807759393231,0.5346711223990754,0.8488622279051872
cluster,graph+identity0+identity_p1,3DWV,cluster_3DWV,2,325,0.6382684739655956,0.7109153547625409,0.7765159400952665
cluster,graph+identity0+identity_p1,3E5T,cluster_2HQK,1,228,0.5156251800733133,0.44596923983762415,0.8599060362970558
cluster,graph+identity0+identity_p1,3E7R,cluster_3E7R,4,40,0.6997028324861674,0.7693390328098135,0.7410252033529696
cluster,graph+identity0+identity_p1,3EUR,cluster_3EUR,3,140,0.39457447125485956,0.3755792060993945,0.9304614898015057
cluster,graph+identity0+identity_p1,3F2Z,cluster_3F2Z,3,149,0.7787030197390614,0.7494825746206223,0.6509508180760483
cluster,graph+identity0+identity_p1,3F7E,cluster_3F7E,3,254,0.7544893311905062,0.8039709020373808,0.6654992386407217
cluster,graph+identity0+identity_p1,3FCN,cluster_3FCN,1,158,0.6338741266726137,0.549171374952374,0.7751559211087473
cluster,graph+identity0+identity_p1,3FE7,cluster_3FE7,3,91,0.5151163379444336,0.5480954144611548,0.8584427200172159
cluster,graph+identity0+identity_p1,3FKE,cluster_3FKE,5,250,0.5355262975245852,0.5139154308600481,0.8527632566003047
cluster,graph+identity0+identity_p1,3FMY,cluster_3FMY,2,66,0.6476114174525133,0.6612808952676635,0.7688433040553185
cluster,graph+identity0+identity_p1,3FOD,cluster_3FOD,1,48,0.399831646996038,0.31699506098915714,1.0306610534642335
cluster,graph+identity0+identity_p1,3FSO,cluster_3FSO,2,221,0.7984569957533415,0.5903949463367237,0.6177450177127053
cluster,graph+identity0+identity_p1,3FTD,cluster_3FTD,1,240,0.703010990652259,0.6689449259399897,0.7262696032822019
cluster,graph+identity0+identity_p1,3FVA,cluster_3FVA,1,6,0.7365979286815834,0.7775419143502353,0.7075595961251504
cluster,graph+identity0+identity_p1,3G1S,cluster_3G1S,1,418,0.6384812342236658,0.697748805715925,0.7745816937744269
cluster,graph+identity0+identity_p1,3GBW,cluster_3GBW,4,161,0.7490197789046893,0.8330653063568283,0.6838307340643349
cluster,graph+identity0+identity_p1,3GHJ,cluster_3GHJ,5,116,0.5365364855649777,0.5135951777809749,0.8491119111201917
cluster,graph+identity0+identity_p1,3HFO,cluster_3HFO,4,197,0.638194457532172,0.6661335139891442,0.7760641253942344
cluster,graph+identity0+identity_p1,3HHP,cluster_3HHP,5,1234,0.7463990726184208,0.7879222851500969,0.6836033022858061
cluster,graph+identity0+identity_p1,3HNY,cluster_3HNY,5,156,0.7273536586913062,0.7335811589772868,0.6945341590259416
cluster,graph+identity0+identity_p1,3HP4,cluster_3HP4,4,183,0.5471056938114758,0.4601106651876301,0.8457268609493462
cluster,graph+identity0+identity_p1,3HWU,cluster_3HWU,2,144,0.7361486163320058,0.7264798823249264,0.6804285197487465
cluster,graph+identity0+identity_p1,3HYD,cluster_3HYD,5,7,0.87952580647838,0.6071428571428572,0.588424205212899
cluster,graph+identity0+identity_p1,3HZ8,cluster_3HZ8,2,192,0.5117915282031091,0.479189052303139,0.8674471191826248
cluster,graph+identity0+identity_p1,3I2V,cluster_3I2V,3,124,0.4193611866904129,0.4378186487491842,0.9383417657764413
cluster,graph+identity0+identity_p1,3I2Z,cluster_3I2Z,5,138,0.5736704207889444,0.5736158534660148,0.822896679003433
cluster,graph+identity0+identity_p1,3I4O,cluster_3I4O,1,135,0.745863779803549,0.7096406009355902,0.6701205455664001
cluster,graph+identity0+identity_p1,3I7M,cluster_3I7M,2,134,0.6342806810143332,0.5457631007945325,0.7752931222429112
cluster,graph+identity0+identity_p1,3IHS,cluster_1OPD,2,169,0.6175464383720365,0.5215940649098263,0.794697823960012
cluster,graph+identity0+identity_p1,3IVV,cluster_3IVV,4,149,0.7925311521832398,0.7821699654566827,0.6256594305683782
cluster,graph+identity0+identity_p1,3K6Y,cluster_3K6Y,2,227,0.6065386135073519,0.6159497401271958,0.7975014460277143
cluster,graph+identity0+identity_p1,3KBE,cluster_3KBE,5,140,0.6807804468984704,0.6758217127808022,0.7327492502062937
cluster,graph+identity0+identity_p1,3KGK,cluster_3KGK,2,190,0.793487986154613,0.7825669337774347,0.6226643470660134
cluster,graph+identity0+identity_p1,3KZD,cluster_3KZD,3,85,0.6276231774002292,0.6674516551134919,0.783802487132716
cluster,graph+identity0+identity_p1,3L41,cluster_2ETX,1,220,0.6997150264456862,0.6873657984170195,0.7187910857964593
cluster,graph+identity0+identity_p1,3LAA,cluster_3LAA,3,169,0.5966587376172297,0.5172429439572656,0.8839711529275233
cluster,graph+identity0+identity_p1,3LAX,cluster_3LAX,3,106,0.7127596180833337,0.7174349505327465,0.7134733504207446
cluster,graph+identity0+identity_p1,3LG3,cluster_3LG3,4,833,0.6031668671921292,0.62296126022265,0.8318344108052128
cluster,graph+identity0+identity_p1,3LJI,cluster_3LJI,5,272,0.5948852979613515,0.5417657493595701,0.8062301940017307
cluster,graph+identity0+identity_p1,3M3P,cluster_3M3P,1,249,0.6171683334488467,0.6368083658225998,0.787415851637485
cluster,graph+identity0+identity_p1,3M8J,cluster_3M8J,1,178,0.6851415482761544,0.7360762530697686,0.7322627063823433
cluster,graph+identity0+identity_p1,3M9J,cluster_3M9J,3,210,0.5102748273111256,0.535066065943157,0.8636896675086468
cluster,graph+identity0+identity_p1,3M9Q,cluster_3M9Q,2,176,0.475577060914194,0.5291530902732843,0.9314515525550995
cluster,graph+identity0+identity_p1,3MAB,cluster_1OPD,2,173,0.6621417587568652,0.5852144956822353,0.751618075369908
cluster,graph+identity0+identity_p1,3MD4,cluster_3MD4,2,12,0.7789384710483042,0.8301238649809405,0.6862797706478397
cluster,graph+identity0+identity_p1,3MD5,cluster_3MD5,5,12,0.5007168718425034,0.5594405594405596,1.0159867956379958
cluster,graph+identity0+identity_p1,3MEA,cluster_3MEA,2,166,0.6636013619699606,0.7416501607032997,0.7634888784163064
cluster,graph+identity0+identity_p1,3MGN,cluster_3MGN,2,348,0.18637089415566668,0.24688751429400482,1.1874643615211646
cluster,graph+identity0+identity_p1,3MRE,cluster_3MRE,5,383,0.6640439893013153,0.7416414331558131,0.7563359426574028
cluster,graph+identity0+identity_p1,3N11,cluster_3N11,1,325,0.554303807356578,0.6166386542380438,0.8380526328369713
cluster,graph+identity0+identity_p1,3NE0,cluster_3NE0,1,208,0.6913167729614453,0.7093286553213097,0.7354783148443589
cluster,graph+identity0+identity_p1,3NGG,cluster_3NGG,1,94,0.7622950122351567,0.6364963081935299,0.6782372557246429
cluster,graph+identity0+identity_p1,3NPV,cluster_3NPV,5,495,0.5939362121956562,0.546612476328811,0.8086321255256416
cluster,graph+identity0+identity_p1,3NVG,cluster_3NVG,2,6,0.6331936035632081,0.5428571428571429,0.7985724303735228
cluster,graph+identity0+identity_p1,3NZL,cluster_3NZL,5,73,0.5591978355384882,0.6079558173332014,0.8324449168900014
cluster,graph+identity0+identity_p1,3O0P,cluster_3O0P,5,194,0.7149872985324746,0.7161926175539394,0.7004376855836976
cluster,graph+identity0+identity_p1,3O5P,cluster_3O5P,5,128,0.7153687526619832,0.6678550430512015,0.7088100812843311
cluster,graph+identity0+identity_p1,3OBQ,cluster_3OBQ,2,150,0.633556851709289,0.3801078098163838,0.7770138189928298
cluster,graph+identity0+identity_p1,3OQY,cluster_3OQY,3,234,0.6421506299129534,0.6165551203649716,0.7800203681338045
cluster,graph+identity0+identity_p1,3P6J,cluster_3P6J,3,125,0.7981207716104516,0.7665085499901988,0.618794338284705
cluster,graph+identity0+identity_p1,3PD7,cluster_3PD7,5,188,0.7133545171000781,0.7659226423326728,0.7082670690112219
cluster,graph+identity0+identity_p1,3PES,cluster_3PES,3,165,0.5918785765732413,0.5667565178173024,0.8280700636725923
cluster,graph+identity0+identity_p1,3PID,cluster_3PID,4,387,0.5186636308891156,0.4819951744364861,0.8665374649502122
cluster,graph+identity0+identity_p1,3PIW,cluster_3PIW,5,154,0.7583730458209901,0.7216555141518873,0.6762750178618435
cluster,graph+identity0+identity_p1,3PKV,cluster_3PKV,3,221,0.5601730040378655,0.6222656677849285,0.8286360517993969
cluster,graph+identity0+identity_p1,3PSM,cluster_3PSM,4,94,0.8071789962422348,0.8758931604159741,0.6130911654637189
cluster,graph+identity0+identity_p1,3PTL,cluster_3PTL,4,289,0.524411860605335,0.6187249152099443,0.8855600973591785
cluster,graph+identity0+identity_p1,3PVE,cluster_3PVE,1,347,0.7103591411443486,0.7375361533331838,0.7191514473048087
cluster,graph+identity0+identity_p1,3PZ9,cluster_3PZ9,4,357,0.6972818582861785,0.6991925036803702,0.7272581142327644
cluster,graph+identity0+identity_p1,3PZZ,cluster_3PZZ,2,12,0.9544724012610284,0.7762237762237763,0.5425284526983775
cluster,graph+identity0+identity_p1,3Q2X,cluster_3Q2X,4,6,0.905032614577262,0.6,0.4863364442635697
cluster,graph+identity0+identity_p1,3Q6L,cluster_3Q6L,2,131,0.5839744886285484,0.5719559166412719,0.8148576010960996
cluster,graph+identity0+identity_p1,3QDS,cluster_3QDS,1,284,0.7343919739810505,0.7305365192462883,0.7108168404867933
cluster,graph+identity0+identity_p1,3QPA,cluster_3QPA,5,197,0.46961594784621585,0.7044563328334067,0.9126566369584143
cluster,graph+identity0+identity_p1,3R6D,cluster_3R6D,4,221,0.6729481575040671,0.7504936273325211,0.7469436075772901
cluster,graph+identity0+identity_p1,3R87,cluster_3R87,5,132,0.42643837800728923,0.37188855814946914,0.9108559122499508
cluster,graph+identity0+identity_p1,3RQ9,cluster_3RQ9,1,162,0.5043080463016345,0.598059707639386,0.930582937644003
cluster,graph+identity0+identity_p1,3RY0,cluster_3RY0,1,128,0.6057074080560991,0.6030772312127702,0.8025960322811886
cluster,graph+identity0+identity_p1,3RZY,cluster_3Q6L,2,139,0.6799169587915048,0.618946065619614,0.747261101550475
cluster,graph+identity0+identity_p1,3S0A,cluster_3S0A,2,119,0.5102878381281686,0.5198441806440086,0.8628101679672232
cluster,graph+identity0+identity_p1,3SD2,cluster_3SD2,1,86,0.43605719886101796,0.5289455810104247,0.9059545104807519
cluster,graph+identity0+identity_p1,3SEB,cluster_3SEB,3,238,0.6473118904807471,0.769759857016526,0.767896297569155
cluster,graph+identity0+identity_p1,3SED,cluster_3SED,2,124,0.6775602102818384,0.6703530319092764,0.7743193771427787
cluster,graph+identity0+identity_p1,3SO6,cluster_3SO6,1,150,0.6855026071771839,0.6580979286209602,0.7341507079391129
cluster,graph+identity0+identity_p1,3SR3,cluster_3SR3,5,637,0.5707033327176951,0.5756134566223025,0.8274572315727112
cluster,graph+identity0+identity_p1,3SUK,cluster_3SUK,2,248,0.6462549434082563,0.6535497079698057,0.7720578734810597
cluster,graph+identity0+identity_p1,3SZH,cluster_3SZH,2,697,0.784980187660699,0.7816748399924934,0.6299876507023873
cluster,graph+identity0+identity_p1,3T0H,cluster_3T0H,5,208,0.7603813362344268,0.7984867058507961,0.6627577212349517
cluster,graph+identity0+identity_p1,3T3K,cluster_3T3K,3,122,0.7463439678825502,0.7976293350468375,0.6806826688628728
cluster,graph+identity0+identity_p1,3T47,cluster_3T47,4,141,0.5173004264841423,0.5235639749858377,0.8671980001099537
cluster,graph+identity0+identity_p1,3TDN,cluster_3TDN,3,357,0.47588314897222184,0.49854710639184247,0.8855201598447849
cluster,graph+identity0+identity_p1,3TOW,cluster_3TOW,1,152,0.5879459612606115,0.724308263356967,0.8154158041500186
cluster,graph+identity0+identity_p1,3TUA,cluster_3TUA,2,210,0.6506453124047044,0.7859646531799075,0.7690165433386363
cluster,graph+identity0+identity_p1,3TYS,cluster_3TYS,3,75,0.7534133775914515,0.6473157133690337,0.729792102681663
cluster,graph+identity0+identity_p1,3U6G,cluster_3U6G,4,248,0.607409364412544,0.5890355320835071,0.8003803044313111
cluster,graph+identity0+identity_p1,3U97,cluster_3U97,5,77,0.6988762864090284,0.688570489707862,0.7224429308239575
cluster,graph+identity0+identity_p1,3UCI,cluster_3UCI,3,72,0.54206296033832,0.4803845906489164,0.8623635083549488
cluster,graph+identity0+identity_p1,3UR8,cluster_3UR8,4,637,0.693299249287958,0.643933753839548,0.7260680432321545
cluster,graph+identity0+identity_p1,3US6,cluster_3US6,5,148,0.6177553185751569,0.4849205027248976,0.799437618271495
cluster,graph+identity0+identity_p1,3V1A,cluster_3V1A,5,48,0.3577639412689231,0.452339596629499,0.9444692464151344
cluster,graph+identity0+identity_p1,3V75,cluster_3V75,2,285,0.5521208695260217,0.5249823489388671,0.8398223292583898
cluster,graph+identity0+identity_p1,3VN0,cluster_3VN0,1,193,0.8111466170815823,0.6453065963187345,0.6495930110078909
cluster,graph+identity0+identity_p1,3VOR,cluster_3VOR,5,182,0.5683700281234209,0.5622396025942333,0.839023867421863
cluster,graph+identity0+identity_p1,3VUB,cluster_3VUB,3,101,0.6039149615875202,0.6359501220266393,0.8061732155912051
cluster,graph+identity0+identity_p1,3VVV,cluster_3VVV,1,108,0.6977596056877192,0.564231666083456,0.741220294732178
cluster,graph+identity0+identity_p1,3VZ9,cluster_3VZ9,5,163,0.7426181283151797,0.7245088891173578,0.678743155643776
cluster,graph+identity0+identity_p1,3W4Q,cluster_1ES5,3,773,0.71491804908981,0.7301951757952739,0.7237462293066089
cluster,graph+identity0+identity_p1,3ZBD,cluster_3ZBD,1,213,0.512201755171205,0.4707061337111234,0.8668105959110116
cluster,graph+identity0+identity_p1,3ZIT,cluster_3ZIT,3,152,0.3949472845027248,0.4163421033110555,0.9390533983034126
cluster,graph+identity0+identity_p1,3ZRX,cluster_3ZRX,3,221,0.56175410297944,0.5682746322284524,0.8277627327034288
cluster,graph+identity0+identity_p1,3ZSL,cluster_3ZSL,2,138,0.719230664443016,0.5815108629870023,0.7167712116086503
cluster,graph+identity0+identity_p1,3ZZP,cluster_3ZZP,2,74,0.5067222057064545,0.5524447045725445,0.8622407773523044
cluster,graph+identity0+identity_p1,3ZZY,cluster_3ZZY,3,226,0.7295437924719544,0.6230640080693871,0.6906577528120328
cluster,graph+identity0+identity_p1,4A02,cluster_4A02,2,166,0.4978535960348497,0.6420519238203996,0.8768723371090079
cluster,graph+identity0+identity_p1,4ACJ,cluster_4ACJ,1,167,0.7585984654149237,0.8134625879951811,0.6863248598384099
cluster,graph+identity0+identity_p1,4AE7,cluster_4AE7,3,186,0.7842547035482824,0.7194190065934517,0.6257991012260758
cluster,graph+identity0+identity_p1,4AM1,cluster_4AM1,4,345,0.5991961377849855,0.6190627247025319,0.8008704996262972
cluster,graph+identity0+identity_p1,4ANN,cluster_4ANN,3,176,0.5420074667298843,0.5652229182362214,0.8462943200922128
cluster,graph+identity0+identity_p1,4AVR,cluster_4AVR,1,188,0.6396190162246387,0.7420918796010169,0.8016621190493598
cluster,graph+identity0+identity_p1,4AXY,cluster_4AXY,4,54,0.6416910308538624,0.5349546394067175,0.7721824653682631
cluster,graph+identity0+identity_p1,4B6G,cluster_4B6G,3,558,0.7459375147683092,0.7510447809682718,0.6909345405336528
cluster,graph+identity0+identity_p1,4B9G,cluster_4B9G,5,292,0.8111115164020413,0.7961298485400616,0.6155405170643069
cluster,graph+identity0+identity_p1,4DD5,cluster_4DD5,1,387,0.6312834711398915,0.6723840016947311,0.7837752944583277
cluster,graph+identity0+identity_p1,4DKN,cluster_4DKN,3,423,0.721296949312196,0.7457727663214585,0.7277990995336749
cluster,graph+identity0+identity_p1,4DND,cluster_4DND,3,95,0.7528663418259218,0.6856406972350816,0.6696294597213208
cluster,graph+identity0+identity_p1,4DPZ,cluster_4DPZ,1,109,0.7179208809660321,0.6698066653987683,0.7075868450364708
cluster,graph+identity0+identity_p1,4DQ7,cluster_4DQ7,3,328,0.7177749428507353,0.7317934411602198,0.7058611309350529
cluster,graph+identity0+identity_p1,4DT4,cluster_4DT4,4,160,0.734371486529465,0.7242958891867364,0.745253636061591
cluster,graph+identity0+identity_p1,4EK3,cluster_4EK3,3,287,0.6823195726820478,0.7057664503105672,0.74131789946745
cluster,graph+identity0+identity_p1,4ERY,cluster_4ERY,2,318,0.7148222065333574,0.7544748152653454,0.7210593172796604
cluster,graph+identity0+identity_p1,4ES1,cluster_4ES1,1,95,0.7225531642511199,0.6882027487340654,0.7240402306478605
cluster,graph+identity0+identity_p1,4EUG,cluster_4EUG,1,225,0.5915163293158664,0.6388232778113099,0.8073567463093471
cluster,graph+identity0+identity_p1,4F01,cluster_4F01,3,448,0.34535014176449574,0.5277682298586089,0.9912920065206133
cluster,graph+identity0+identity_p1,4F3J,cluster_4F3J,3,143,0.6050801726589793,0.549067084169801,0.8002786096881443
cluster,graph+identity0+identity_p1,4FR9,cluster_4FR9,2,141,0.6338168525289273,0.6388063599391643,0.7821576085081099
cluster,graph+identity0+identity_p1,4G14,cluster_4G14,1,15,0.611644598511027,0.6,0.8712128799923782
cluster,graph+identity0+identity_p1,4G2E,cluster_4G2E,4,151,0.7421821711246419,0.8065573885020572,0.6744887275023269
cluster,graph+identity0+identity_p1,4G5X,cluster_4G5X,1,550,0.7289551896157367,0.7476182393733951,0.6968188348724306
cluster,graph+identity0+identity_p1,4G6C,cluster_4G6C,3,658,0.6026002219095669,0.576963125688865,0.8078287965387773
cluster,graph+identity0+identity_p1,4G7X,cluster_4G7X,3,194,0.6100519539971796,0.5670980925169364,0.804989568665039
cluster,graph+identity0+identity_p1,4GA2,cluster_4GA2,5,144,0.5504526534706172,0.5579577926168066,0.8356761302858344
cluster,graph+identity0+identity_p1,4GMQ,cluster_4GMQ,5,92,0.5940034184818448,0.578394957076584,0.8064985014824975
cluster,graph+identity0+identity_p1,4GS3,cluster_4GS3,3,90,0.4902105163667784,0.657455539279724,0.9391353169529356
cluster,graph+identity0+identity_p1,4H4J,cluster_4H4J,4,236,0.8077305001574182,0.827890288540421,0.6213049427589035
cluster,graph+identity0+identity_p1,4H89,cluster_4H89,4,168,0.6050176142779965,0.5801532320358996,0.7969203762109021
cluster,graph+identity0+identity_p1,4HDE,cluster_4HDE,5,168,0.7277177140437833,0.782500362303782,0.7018576009189669
cluster,graph+identity0+identity_p1,4HJP,cluster_4HJP,4,281,0.6883717689768728,0.7827919700372317,0.7342735725659757
cluster,graph+identity0+identity_p1,4HWM,cluster_4HWM,4,117,0.6102424351217127,0.5938467071957624,0.8037676367393637
cluster,graph+identity0+identity_p1,4IL7,cluster_4IL7,2,85,0.36726774338743307,0.27231065382044417,0.9488591473498744
cluster,graph+identity0+identity_p1,4J11,cluster_4J11,5,357,0.6187751007478349,0.5113418191009851,0.7966558668162091
cluster,graph+identity0+identity_p1,4J5O,cluster_4J5O,2,220,0.7272162980320467,0.6692071173684203,0.6953957317042458
cluster,graph+identity0+identity_p1,4J5Q,cluster_2FG1,1,146,0.7296247075200183,0.7634616126526045,0.7025332197620928
cluster,graph+identity0+identity_p1,4J78,cluster_4J78,3,305,0.6270814893359761,0.7621913708626785,0.7800492082991823
cluster,graph+identity0+identity_p1,4JG2,cluster_4JG2,2,185,0.7781796446476038,0.8088585721357924,0.6753341996138051
cluster,graph+identity0+identity_p1,4JVU,cluster_4JVU,4,207,0.7383948913769898,0.8061018095787691,0.6854601130232227
cluster,graph+identity0+identity_p1,4JYP,cluster_4JYP,2,534,0.6544448050366684,0.7139377931506461,0.7602755648507143
cluster,graph+identity0+identity_p1,4KEF,cluster_4KEF,3,133,0.498963075369568,0.4381523692375538,0.8862673698010243
cluster,graph+identity0+identity_p1,5CYT,cluster_1CCR,5,103,0.3628817674070561,0.31552010544582987,0.9328377642052785
cluster,graph+identity0+identity_p1,6RXN,cluster_6RXN,1,45,0.5686580979906143,0.5955204216073781,0.86282896581485
cluster,graph+identity0+identity_upper1,1ABA,cluster_1ABA,4,87,0.642220130221892,0.7101107213125762,0.7706905136380475
cluster,graph+identity0+identity_upper1,1AHO,cluster_1AHO,3,64,0.6368343876701471,0.7471697249771223,0.7729195467619367
cluster,graph+identity0+identity_upper1,1AIE,cluster_1AIE,4,31,0.6771642025965112,0.5395161290322582,0.7492242291029289
cluster,graph+identity0+identity_upper1,1AKG,cluster_1AKG,2,16,0.5162767045871117,0.6563651519413651,0.8855576711630377
cluster,graph+identity0+identity_upper1,1ATG,cluster_1ATG,5,231,0.5277378946067119,0.5801394211658266,0.8555063684770323
cluster,graph+identity0+identity_upper1,1BGF,cluster_1BGF,2,124,0.6217781504266404,0.45003800201945604,0.7866315937621292
cluster,graph+identity0+identity_upper1,1BX7,cluster_1BX7,2,51,0.5622684380915077,0.27004524886877823,0.8964060607210176
cluster,graph+identity0+identity_upper1,1BYI,cluster_1BYI,5,224,0.5480927855134501,0.6044703233075864,0.842150042785656
cluster,graph+identity0+identity_upper1,1CCR,cluster_1CCR,5,111,0.5081927955439273,0.5090791025857875,0.8618147653242721
cluster,graph+identity0+identity_upper1,1CYO,cluster_1CYO,2,88,0.6397408367476801,0.5742288287594735,0.7779813057669057
cluster,graph+identity0+identity_upper1,1DF4,cluster_1DF4,5,57,0.9141176470687947,0.8457998444386831,0.5716321439862405
cluster,graph+identity0+identity_upper1,1E5K,cluster_1E5K,3,188,0.7592518473205323,0.7457380245315123,0.6621035707460134
cluster,graph+identity0+identity_upper1,1ES5,cluster_1ES5,3,260,0.6457315116552297,0.714161695023808,0.7732104488040652
cluster,graph+identity0+identity_upper1,1ETL,cluster_1ETL,3,12,0.8217572090860122,0.6773684327688402,0.7080715168110294
cluster,graph+identity0+identity_upper1,1ETM,cluster_1ETM,1,12,0.5481163310875551,0.4405353735063205,0.8572009322821015
cluster,graph+identity0+identity_upper1,1ETN,cluster_1ETN,4,12,-0.18169523549468145,0.04065272722424943,1.1796596666467833
cluster,graph+identity0+identity_upper1,1EW4,cluster_1EW4,2,106,0.6307712370870668,0.6587028482653241,0.7803167432177347
cluster,graph+identity0+identity_upper1,1F8R,cluster_1F8R,3,1932,0.7826415228549681,0.76881152401915,0.6743244655678589
cluster,graph+identity0+identity_upper1,1FF4,cluster_1FF4,4,65,0.6068123930535106,0.5969252286766815,0.7983278336022216
cluster,graph+identity0+identity_upper1,1FK5,cluster_1FK5,2,93,0.5390768759583009,0.5072570267210574,0.8447234253185173
cluster,graph+identity0+identity_upper1,1GCO,cluster_1GCO,4,1044,0.6634767865069499,0.6288241739438762,0.750391416144019
cluster,graph+identity0+identity_upper1,1GK7,cluster_1GK7,3,39,0.7787752476576785,0.5034667752791229,0.6408188223026129
cluster,graph+identity0+identity_upper1,1GVD,cluster_1GVD,3,52,0.7040473844824734,0.5871379480964336,0.7312386788206433
cluster,graph+identity0+identity_upper1,1GXU,cluster_1GXU,1,88,0.6054855017709788,0.5922817832107201,0.8027794730927913
cluster,graph+identity0+identity_upper1,1H6V,cluster_1H6V,2,2927,0.491531262135289,0.5483593692034864,0.8856722791466723
cluster,graph+identity0+identity_upper1,1HJE,cluster_1HJE,4,13,0.691534277769628,0.5879120879120878,0.7944689917603722
cluster,graph+identity0+identity_upper1,1I71,cluster_1I71,3,83,0.5628127638834839,0.572583057780006,0.827411114476502
cluster,graph+identity0+identity_upper1,1IDP,cluster_1IDP,2,441,0.7588312431955705,0.871327034651089,0.6669849134644908
cluster,graph+identity0+identity_upper1,1IFR,cluster_1IFR,3,113,0.6465615755069961,0.7176904555024779,0.7800471594763494
cluster,graph+identity0+identity_upper1,1K8U,cluster_1K8U,2,89,0.4968433258483772,0.35638558216862687,0.8908140837085842
cluster,graph+identity0+identity_upper1,1KMM,cluster_1KMM,4,1499,0.7174673056145388,0.7396965566996774,0.7080434301689672
cluster,graph+identity0+identity_upper1,1KNG,cluster_1KNG,1,144,0.5491282584428838,0.518880227966755,0.8429034214066378
cluster,graph+identity0+identity_upper1,1KR4,cluster_1KR4,3,110,0.6139336911515544,0.5614394172154354,0.7924445833268148
cluster,graph+identity0+identity_upper1,1KYC,cluster_1KYC,5,15,0.8148887491607624,0.7928571428571427,0.6915004892269726
cluster,graph+identity0+identity_upper1,1LR7,cluster_1LR7,1,73,0.6037618531178676,0.6823914167133196,0.8165306100595879
cluster,graph+identity0+identity_upper1,1MF7,cluster_1MF7,2,194,0.6620003255620349,0.7598293144575776,0.7675080089876788
cluster,graph+identity0+identity_upper1,1N7E,cluster_1N7E,5,95,0.5347949878017539,0.66570547706787,0.8457398535768499
cluster,graph+identity0+identity_upper1,1NKD,cluster_1NKD,1,59,0.6689067193441437,0.7375650255160959,0.790203836405139
cluster,graph+identity0+identity_upper1,1NKO,cluster_1NKO,1,122,0.4980429634063577,0.7182640850027912,0.8877914632759318
cluster,graph+identity0+identity_upper1,1NLS,cluster_1NLS,5,237,0.517064843926949,0.7332281176412572,0.8640707094661046
cluster,graph+identity0+identity_upper1,1NNX,cluster_1NNX,2,93,0.7964613087959919,0.8132078006306502,0.6157589067147485
cluster,graph+identity0+identity_upper1,1NOA,cluster_1NOA,4,113,0.5782416029448896,0.5164704463911622,0.8181004999089831
cluster,graph+identity0+identity_upper1,1NOT,cluster_1NOT,3,13,0.5987443530905352,0.6153846153846153,0.8718185779260342
cluster,graph+identity0+identity_upper1,1O06,cluster_1O06,1,20,0.9411538841072178,0.724812030075188,0.3536300603985206
cluster,graph+identity0+identity_upper1,1O08,cluster_1O08,5,221,0.3383550234171764,0.5972336064847714,0.9691380992644073
cluster,graph+identity0+identity_upper1,1OB4,cluster_1OB4,1,16,0.5570474650274206,0.3941176470588235,0.8901202012358738
cluster,graph+identity0+identity_upper1,1OB7,cluster_1OB7,4,16,0.5962818490210553,0.8035322263676802,0.8254224679260901
cluster,graph+identity0+identity_upper1,1OPD,cluster_1OPD,2,85,0.42523294961167735,0.4220559998877805,0.9130618957685791
cluster,graph+identity0+identity_upper1,1P9I,cluster_1P9I,2,29,0.6641876274510178,0.48029556650246297,0.747711765075798
cluster,graph+identity0+identity_upper1,1PEF,cluster_1PEF,5,18,0.8082509633380648,0.8596491228070176,0.6226528510462898
cluster,graph+identity0+identity_upper1,1PEN,cluster_1PEN,5,16,0.5519437383313155,0.5724799195183655,0.877001471337968
cluster,graph+identity0+identity_upper1,1PMY,cluster_1PMY,4,123,0.6944993054724681,0.5981581442266515,0.7476886001638285
cluster,graph+identity0+identity_upper1,1PZ4,cluster_1PZ4,2,113,0.7038253968754525,0.6701904463238801,0.7279480142695276
cluster,graph+identity0+identity_upper1,1Q9B,cluster_1Q9B,2,43,0.7538574312797585,0.7526427061310782,0.6796493532726559
cluster,graph+identity0+identity_upper1,1QAU,cluster_1QAU,3,112,0.6651450256432656,0.6295836759803536,0.7560231576290974
cluster,graph+identity0+identity_upper1,1QKI,cluster_1QKI,1,3912,0.5709743946325897,0.6533427697602818,0.8432972287087376
cluster,graph+identity0+identity_upper1,1QTO,cluster_1QTO,2,122,0.6096214088737569,0.6070054854305826,0.7931776005615494
cluster,graph+identity0+identity_upper1,1R29,cluster_1R29,5,122,0.6290845087592515,0.610283244435823,0.7836658118008578
cluster,graph+identity0+identity_upper1,1R7J,cluster_1R7J,1,90,0.740622399012164,0.6292156104998963,0.6847157596597233
cluster,graph+identity0+identity_upper1,1RJU,cluster_1RJU,4,36,0.4415614160397807,0.29420849420849426,0.9326270948701091
cluster,graph+identity0+identity_upper1,1RRO,cluster_1RRO,5,108,0.2991719394546586,0.23670076585401717,0.9663431037481888
cluster,graph+identity0+identity_upper1,1SAU,cluster_1SAU,1,114,0.638448420201849,0.6415755367860736,0.7831380473081588
cluster,graph+identity0+identity_upper1,1TGR,cluster_1TGR,1,104,0.7224501399049191,0.6734823974588605,0.7109099111515622
cluster,graph+identity0+identity_upper1,1TZV,cluster_1TZV,4,141,0.7978665425172311,0.7653552779517684,0.6260988607730703
cluster,graph+identity0+identity_upper1,1U06,cluster_1U06,2,55,0.4497193389709078,0.28986814341193556,0.9002186174294319
cluster,graph+identity0+identity_upper1,1U7I,cluster_1U7I,3,267,0.7554448622198242,0.793349250266685,0.6735526591773713
cluster,graph+identity0+identity_upper1,1U9C,cluster_1U9C,1,221,0.5918333139083002,0.4258441694259269,0.8168177137931553
cluster,graph+identity0+identity_upper1,1UHA,cluster_1UHA,1,82,0.6594637952397447,0.7012266134292291,0.7548900605677302
cluster,graph+identity0+identity_upper1,1UKU,cluster_1KR4,3,102,0.6880069595266572,0.513220243152112,0.7341449667471972
cluster,graph+identity0+identity_upper1,1ULR,cluster_1ULR,4,87,0.5866936468330023,0.6389421741252791,0.8259659985519543
cluster,graph+identity0+identity_upper1,1UOY,cluster_1UOY,5,64,0.6670732689248149,0.6069666548778486,0.7629641768039607
cluster,graph+identity0+identity_upper1,1USE,cluster_1USE,3,40,0.15361420987014882,0.17598499061913697,1.1192600357294575
cluster,graph+identity0+identity_upper1,1USM,cluster_1USM,5,77,0.8163438098619998,0.7248588573350292,0.6208434967120985
cluster,graph+identity0+identity_upper1,1UTG,cluster_1UTG,4,70,0.5623123628341352,0.5153399994948268,0.8377238611190924
cluster,graph+identity0+identity_upper1,1V05,cluster_1V05,4,96,0.5928442773934673,0.5479320121504138,0.8147453203464844
cluster,graph+identity0+identity_upper1,1V70,cluster_1V70,4,105,0.5436543390303172,0.6375158101268793,0.8418277082878687
cluster,graph+identity0+identity_upper1,1VRZ,cluster_1VRZ,3,21,0.6928438904660793,0.7205979428930583,0.8280217846099075
cluster,graph+identity0+identity_upper1,1W2L,cluster_1W2L,4,97,0.5663671799489108,0.4025181629989365,0.8275974012074127
cluster,graph+identity0+identity_upper1,1WBE,cluster_1WBE,3,204,0.5523538879578865,0.6081902550195446,0.8350429177324458
cluster,graph+identity0+identity_upper1,1WHI,cluster_1WHI,1,122,0.5156916249006918,0.6253013262494058,0.8631692228057951
cluster,graph+identity0+identity_upper1,1WLY,cluster_1WLY,5,322,0.6822210056613869,0.716644477583552,0.7387685901410398
cluster,graph+identity0+identity_upper1,1WPA,cluster_1WPA,2,107,0.5796348083975531,0.37153906254699137,0.8173621011658051
cluster,graph+identity0+identity_upper1,1X3O,cluster_1X3O,3,80,0.5588704325491372,0.5758706977987881,0.831534032213428
cluster,graph+identity0+identity_upper1,1XY1,cluster_1XY1,3,16,0.6550181551817382,0.6892726672978032,1.1137353689159664
cluster,graph+identity0+identity_upper1,1XY2,cluster_1XY2,3,8,0.5372339709460535,0.5091750772173156,0.906601483759338
cluster,graph+identity0+identity_upper1,1Y6X,cluster_1Y6X,5,87,0.4856884334726931,0.5099443662313552,0.8863156688178263
cluster,graph+identity0+identity_upper1,1YJO,cluster_1YJO,5,6,0.3325391570018834,0.2571428571428572,1.0476592835345413
cluster,graph+identity0+identity_upper1,1YZM,cluster_1YZM,5,46,0.7428086688472016,0.6742321463421528,0.73957456715925
cluster,graph+identity0+identity_upper1,1Z21,cluster_1Z21,3,96,0.6176736784891153,0.6574673508277463,0.7900195759542448
cluster,graph+identity0+identity_upper1,1ZCE,cluster_1ZCE,2,146,0.7714693421313144,0.7961014923440914,0.6751466580184866
cluster,graph+identity0+identity_upper1,1ZVA,cluster_1ZVA,1,75,0.5504315913357636,0.5350517819063857,0.8355985612526963
cluster,graph+identity0+identity_upper1,2A50,cluster_2A50,4,457,0.5569062778879339,0.6134471885456059,0.8420465310314809
cluster,graph+identity0+identity_upper1,2AGK,cluster_2AGK,2,233,0.6836832321750638,0.7292442712393101,0.7393453605609643
cluster,graph+identity0+identity_upper1,2AH1,cluster_2AH1,5,939,0.5378001724197347,0.5507952930867868,0.862014915151424
cluster,graph+identity0+identity_upper1,2B0A,cluster_2B0A,4,186,0.589982401849857,0.6186988375161107,0.8269753005411704
cluster,graph+identity0+identity_upper1,2BCM,cluster_2BCM,4,413,0.5493800783143443,0.4896732389010788,0.8365261779143651
cluster,graph+identity0+identity_upper1,2BF9,cluster_2BF9,5,36,0.648379173427246,0.5287341538717506,0.8314520727345227
cluster,graph+identity0+identity_upper1,2BRF,cluster_2BRF,4,100,0.7652574959549514,0.7192998252424025,0.6847220695662125
cluster,graph+identity0+identity_upper1,2C71,cluster_2C71,5,205,0.6302108545338626,0.6752780930630519,0.8089390137169624
cluster,graph+identity0+identity_upper1,2CE0,cluster_2CE0,2,99,0.579319670379596,0.5707915757089446,0.8159442175381109
cluster,graph+identity0+identity_upper1,2CG7,cluster_2CG7,5,90,0.5289516834463509,0.5125286052171132,0.8536511984483636
cluster,graph+identity0+identity_upper1,2COV,cluster_2COV,3,534,0.7753820597621373,0.7261572624615208,0.650071660534221
cluster,graph+identity0+identity_upper1,2CWS,cluster_2CWS,4,227,0.6756123092774391,0.7193492135219002,0.751606105879513
cluster,graph+identity0+identity_upper1,2D5W,cluster_2D5W,5,1214,0.6916354709086018,0.6617176035628051,0.7415311527648505
cluster,graph+identity0+identity_upper1,2DKO,cluster_2DKO,2,253,0.7905239529808468,0.6822135992508441,0.6171685603197041
cluster,graph+identity0+identity_upper1,2DPL,cluster_2DPL,5,565,0.4653211950655356,0.5149862700588584,0.8945124309234651
cluster,graph+identity0+identity_upper1,2DSX,cluster_2DSX,4,52,0.3782415102739467,0.2696322232256624,0.9270747711248603
cluster,graph+identity0+identity_upper1,2E10,cluster_2E10,5,439,0.7817971653176943,0.7977623858115189,0.6387743306209844
cluster,graph+identity0+identity_upper1,2E3H,cluster_2E3H,4,81,0.6907648178429101,0.6905270056019167,0.7266695219833149
cluster,graph+identity0+identity_upper1,2EAQ,cluster_2EAQ,4,89,0.6781008069870791,0.48230952901695806,0.7537395851752121
cluster,graph+identity0+identity_upper1,2EHP,cluster_2EHP,3,248,0.7901722915632622,0.8072907109010796,0.6380417447077806
cluster,graph+identity0+identity_upper1,2EHS,cluster_1X3O,3,75,0.6941793367767225,0.7070086346182533,0.7479503393422188
cluster,graph+identity0+identity_upper1,2ERW,cluster_2ERW,3,53,0.3031115113949022,0.1089809497003606,1.0073954839354442
cluster,graph+identity0+identity_upper1,2ETX,cluster_2ETX,1,389,0.5541462091081931,0.5682127507622954,0.8402544883835902
cluster,graph+identity0+identity_upper1,2FB6,cluster_2FB6,5,116,0.7654280284020306,0.6711081983789131,0.69700329368364
cluster,graph+identity0+identity_upper1,2FG1,cluster_2FG1,1,157,0.6155993702574659,0.5423416872449147,0.7910938580960566
cluster,graph+identity0+identity_upper1,2FN9,cluster_2FN9,2,560,0.5934796328667735,0.5874864552406892,0.8066755394959094
cluster,graph+identity0+identity_upper1,2FQ3,cluster_2FQ3,2,85,0.6880795150395211,0.6960719171389486,0.7502414994194341
cluster,graph+identity0+identity_upper1,2G69,cluster_2G69,1,99,0.6239974022897299,0.6334300150400354,0.8046972267229817
cluster,graph+identity0+identity_upper1,2G7O,cluster_2G7O,2,68,0.7610921791007127,0.45122684556843623,0.694462189141773
cluster,graph+identity0+identity_upper1,2G7S,cluster_2G7S,1,190,0.6520816732386064,0.6152309211181153,0.7769883499715933
cluster,graph+identity0+identity_upper1,2GKG,cluster_2GKG,5,122,0.6951579184870701,0.5532607439581937,0.7428977720797952
cluster,graph+identity0+identity_upper1,2GOM,cluster_2GOM,4,121,0.5693800936656318,0.42550489014608184,0.8253087879491695
cluster,graph+identity0+identity_upper1,2GXG,cluster_2GXG,1,140,0.7137575241456658,0.7057761042308669,0.7198831698154177
cluster,graph+identity0+identity_upper1,2GZQ,cluster_2GZQ,5,191,0.4055884653647912,0.38156917414739705,0.9347567351854762
cluster,graph+identity0+identity_upper1,2HQK,cluster_2HQK,1,213,0.8037322821150199,0.7806011430628896,0.6673610264034608
cluster,graph+identity0+identity_upper1,2HYK,cluster_2HYK,1,237,0.5905001179079409,0.5664818880915656,0.8091154325722859
cluster,graph+identity0+identity_upper1,2I24,cluster_2I24,4,113,0.4926422159595612,0.47158755389840096,0.8738512771607758
cluster,graph+identity0+identity_upper1,2I49,cluster_2I49,3,398,0.6748538508668801,0.6778910758531356,0.7550646491172177
cluster,graph+identity0+identity_upper1,2IBL,cluster_2IBL,2,108,0.6646710270725681,0.6589530394905435,0.8710402088946446
cluster,graph+identity0+identity_upper1,2IGD,cluster_2IGD,1,61,0.5615392902823299,0.5500409848825198,0.8356385651501597
cluster,graph+identity0+identity_upper1,2IMF,cluster_2IMF,3,203,0.6520605018080796,0.6442604837166224,0.7618048154856649
cluster,graph+identity0+identity_upper1,2IP6,cluster_2IP6,5,87,0.6128172048510026,0.41938688107280964,0.7949262365717976
cluster,graph+identity0+identity_upper1,2IVY,cluster_2IVY,3,88,0.47946388308946425,0.3948574573817205,0.8942848547940893
cluster,graph+identity0+identity_upper1,2J32,cluster_2J32,4,244,0.8174505703896812,0.7071358340028537,0.5923175510294632
cluster,graph+identity0+identity_upper1,2J9W,cluster_2J9W,1,200,0.6877120756540284,0.6775572624585192,0.7436693953419143
cluster,graph+identity0+identity_upper1,2JKU,cluster_2JKU,1,35,0.4603253388724448,0.21794243347794467,0.9460498914912621
cluster,graph+identity0+identity_upper1,2JLI,cluster_2JLI,4,100,0.5900692703322082,0.5115198940199802,0.8088690032207548
cluster,graph+identity0+identity_upper1,2JLJ,cluster_2JLI,4,115,0.7410482314442524,0.61318608919013,0.6838750208317098
cluster,graph+identity0+identity_upper1,2MCM,cluster_1NOA,4,112,0.7789151232522242,0.7204961251052789,0.6783014243975654
cluster,graph+identity0+identity_upper1,2NLS,cluster_2NLS,2,36,0.4763236861935706,0.39768339768339767,0.8826308907493599
cluster,graph+identity0+identity_upper1,2NR7,cluster_2NR7,4,194,0.810284672005352,0.725367894517659,0.6205858443901268
cluster,graph+identity0+identity_upper1,2NUH,cluster_1KR4,3,104,0.6513439338473124,0.5585761001904912,0.7682164074449677
cluster,graph+identity0+identity_upper1,2O6X,cluster_2O6X,2,306,0.7940084059679272,0.8040229385677689,0.6215249748332445
cluster,graph+identity0+identity_upper1,2OA2,cluster_2OA2,4,132,0.5161796392276438,0.3958784188912802,0.8600980344638206
cluster,graph+identity0+identity_upper1,2OCT,cluster_2OCT,4,192,0.5246627699217963,0.5301664028936777,0.8759645681268448
cluster,graph+identity0+identity_upper1,2OHW,cluster_2OHW,4,256,0.5831356049315283,0.6519155215433274,0.821106758945171
cluster,graph+identity0+identity_upper1,2OKT,cluster_2OKT,5,342,0.3867505598508855,0.38789391648729327,0.9620911345515255
cluster,graph+identity0+identity_upper1,2OL9,cluster_2OL9,1,6,0.8566585140492694,0.7142857142857143,0.5458331883810369
cluster,graph+identity0+identity_upper1,2OLX,cluster_2OLX,3,4,0.8861522763000176,0.7999999999999999,0.9102112246017771
cluster,graph+identity0+identity_upper1,2PKT,cluster_2PKT,1,91,0.0460380531592136,0.06972697704267156,1.074545060513905
cluster,graph+identity0+identity_upper1,2PLT,cluster_2PLT,2,98,0.457885002246365,0.5140518208816095,0.899676145449112
cluster,graph+identity0+identity_upper1,2PMR,cluster_2PMR,4,76,0.6495726224356585,0.7542003309020662,0.768155606223077
cluster,graph+identity0+identity_upper1,2POF,cluster_2POF,4,440,0.6854514983923049,0.7200241765894089,0.7328532367947203
cluster,graph+identity0+identity_upper1,2PPN,cluster_2PPN,5,107,0.6441873613847976,0.7272949926502035,0.7851647467708499
cluster,graph+identity0+identity_upper1,2PSF,cluster_2PSF,4,608,0.5466620292495197,0.48007387825067677,0.840667719391405
cluster,graph+identity0+identity_upper1,2PTH,cluster_2PTH,3,193,0.7400486614283385,0.8093955748940691,0.6934168598423504
cluster,graph+identity0+identity_upper1,2Q4N,cluster_2Q4N,2,153,0.6784308654922637,0.5866068684309101,0.7487851197606655
cluster,graph+identity0+identity_upper1,2Q52,cluster_1WBE,3,412,0.775565234698088,0.7603378704055053,0.6663718280550986
cluster,graph+identity0+identity_upper1,2QJL,cluster_2QJL,5,99,0.6211301042245264,0.676108340501647,0.8022822742022852
cluster,graph+identity0+identity_upper1,2R16,cluster_2R16,1,175,0.5341889949393149,0.4422408398632153,0.8544626528405725
cluster,graph+identity0+identity_upper1,2R6Q,cluster_2R6Q,3,138,0.5606852643413514,0.42545880462930613,0.8359582616269791
cluster,graph+identity0+identity_upper1,2RB8,cluster_2RB8,4,93,0.6306861006451365,0.5259938154397171,0.7799051515270878
cluster,graph+identity0+identity_upper1,2RE2,cluster_2RE2,2,238,0.6685712425694639,0.47820548660691514,0.7451803964255799
cluster,graph+identity0+identity_upper1,2RFR,cluster_2RFR,2,154,0.6856444763275599,0.4644789037972904,0.7302672487942509
cluster,graph+identity0+identity_upper1,2V9V,cluster_2V9V,1,135,0.5367802431554008,0.4545900189129632,0.8442314338046729
cluster,graph+identity0+identity_upper1,2VE8,cluster_2VE8,1,515,0.696525381715209,0.5951805737537903,0.7232135349949401
cluster,graph+identity0+identity_upper1,2VH7,cluster_2VH7,5,94,0.7254689332028769,0.7186732365933968,0.7077640548204309
cluster,graph+identity0+identity_upper1,2VIM,cluster_2VIM,5,104,0.34731011706009196,0.3695290932940012,0.9501054993472782
cluster,graph+identity0+identity_upper1,2VPA,cluster_2VPA,2,204,0.7523230008710957,0.7711615961286553,0.7645362747825054
cluster,graph+identity0+identity_upper1,2VQ4,cluster_2VQ4,4,106,0.6795498433905752,0.7835318008142329,0.7357324104667127
cluster,graph+identity0+identity_upper1,2VY8,cluster_2VY8,5,149,0.7470971829072659,0.757543409421763,0.6760113346966098
cluster,graph+identity0+identity_upper1,2VYO,cluster_2C71,5,206,0.7160375954353027,0.7321653972218589,0.7183020533303108
cluster,graph+identity0+identity_upper1,2W1V,cluster_2W1V,5,548,0.7053959613688053,0.767317759262244,0.7269442080278841
cluster,graph+identity0+identity_upper1,2W2A,cluster_2W2A,3,350,0.6544612776136701,0.6926771768539945,0.7579640610863245
cluster,graph+identity0+identity_upper1,2W6A,cluster_2W6A,3,117,0.7797434291764584,0.49055486880627275,0.6429317861071799
cluster,graph+identity0+identity_upper1,2WJ5,cluster_2WJ5,2,96,0.5795463944262197,0.5707319059491145,0.8630274109446167
cluster,graph+identity0+identity_upper1,2WUJ,cluster_2WUJ,1,100,0.4733905976210032,0.17116814382632695,0.8842207709860476
cluster,graph+identity0+identity_upper1,2WW7,cluster_2WW7,3,150,0.46184909448811595,0.520563873133208,0.953525318534945
cluster,graph+identity0+identity_upper1,2WWE,cluster_2WWE,4,111,0.5552762666795021,0.4815895471012511,0.834140167058387
cluster,graph+identity0+identity_upper1,2X1Q,cluster_2X1Q,5,240,0.4548273972018455,0.37076882351879925,0.9094926614855207
cluster,graph+identity0+identity_upper1,2X25,cluster_2X25,2,168,0.6455183909910986,0.7076071530803555,0.7778042523194219
cluster,graph+identity0+identity_upper1,2X3M,cluster_2X3M,3,166,0.7258082114241803,0.6039484670404064,0.7239514785094748
cluster,graph+identity0+identity_upper1,2X5Y,cluster_2X5Y,4,171,0.723609764443701,0.7029676772794653,0.7114415605574861
cluster,graph+identity0+identity_upper1,2X9Z,cluster_2X9Z,5,262,0.5854519676223059,0.5983073963679261,0.8113438746733614
cluster,graph+identity0+identity_upper1,2XHF,cluster_2XHF,5,310,0.5738227343398756,0.6240786948446084,0.8193315012955122
cluster,graph+identity0+identity_upper1,2Y0T,cluster_2Y0T,3,101,0.7866977371197985,0.7534049909396902,0.6406062738623222
cluster,graph+identity0+identity_upper1,2Y72,cluster_2Y72,5,170,0.7292537889338581,0.6965032130124127,0.7059214042299068
cluster,graph+identity0+identity_upper1,2Y7L,cluster_2Y7L,4,319,0.735603453144777,0.6964291655470101,0.6941285107097608
cluster,graph+identity0+identity_upper1,2Y9F,cluster_2Y9F,4,149,0.7611785194188061,0.8458798070856627,0.6501181833641986
cluster,graph+identity0+identity_upper1,2YLB,cluster_2YLB,2,400,0.7416213444985114,0.8026774866422852,0.6741234124177353
cluster,graph+identity0+identity_upper1,2YNY,cluster_2YNY,1,315,0.7296581648345121,0.7325414127633763,0.7205520210857805
cluster,graph+identity0+identity_upper1,2ZCM,cluster_2ZCM,1,357,0.43931333303545883,0.3618747140054476,0.9012327119579326
cluster,graph+identity0+identity_upper1,2ZU1,cluster_2ZU1,2,360,0.7018308269863185,0.7582552014491534,0.7159068772537848
cluster,graph+identity0+identity_upper1,3A0M,cluster_3A0M,1,148,0.7236065237991212,0.5550531309640977,0.7526707170676469
cluster,graph+identity0+identity_upper1,3A7L,cluster_3A7L,4,128,0.6769648393177943,0.5843736320301357,0.749300886985703
cluster,graph+identity0+identity_upper1,3AMC,cluster_3AMC,2,614,0.738882392915121,0.772706412958386,0.7062807447443222
cluster,graph+identity0+identity_upper1,3AUB,cluster_3AUB,1,116,0.6186696604333798,0.6687233782591155,0.7906054144885485
cluster,graph+identity0+identity_upper1,3B5O,cluster_3B5O,1,230,0.6307119532363664,0.6151409625417771,0.7786243627544924
cluster,graph+identity0+identity_upper1,3BA1,cluster_3BA1,4,312,0.6495240885910898,0.5793543987322042,0.7613483311184128
cluster,graph+identity0+identity_upper1,3BED,cluster_3BED,1,261,0.8066367171774909,0.8245881023200228,0.6180410619092003
cluster,graph+identity0+identity_upper1,3BQX,cluster_3BQX,4,139,0.4753492897231413,0.47630197540354957,0.9042941051108699
cluster,graph+identity0+identity_upper1,3BZQ,cluster_3BZQ,3,99,0.5649326174806025,0.5553713999574351,0.8286327273732347
cluster,graph+identity0+identity_upper1,3BZZ,cluster_3BZZ,5,100,0.4649838134105626,0.4416594408897453,0.9065355894189824
cluster,graph+identity0+identity_upper1,3DRF,cluster_3DRF,4,547,0.5294971574689626,0.5278605392388346,0.8496373743659182
cluster,graph+identity0+identity_upper1,3DWV,cluster_3DWV,2,325,0.6423342258982248,0.7129828974620944,0.7721926450996215
cluster,graph+identity0+identity_upper1,3E5T,cluster_2HQK,1,228,0.5257290006113785,0.44436496474063114,0.8526380306335817
cluster,graph+identity0+identity_upper1,3E7R,cluster_3E7R,4,40,0.7199862397285633,0.787821933963903,0.7310663919436259
cluster,graph+identity0+identity_upper1,3EUR,cluster_3EUR,3,140,0.39405282508812023,0.3798520468825928,0.9321746666967009
cluster,graph+identity0+identity_upper1,3F2Z,cluster_3F2Z,3,149,0.7813472916970028,0.751837065113525,0.6496278448078017
cluster,graph+identity0+identity_upper1,3F7E,cluster_3F7E,3,254,0.7591311362449893,0.8053604431318514,0.6620084484240787
cluster,graph+identity0+identity_upper1,3FCN,cluster_3FCN,1,158,0.640358752875969,0.5595143560557013,0.7699596503722548
cluster,graph+identity0+identity_upper1,3FE7,cluster_3FE7,3,91,0.5250225131631941,0.5500702748076131,0.8527665344386798
cluster,graph+identity0+identity_upper1,3FKE,cluster_3FKE,5,250,0.53022650215118,0.5169126212581402,0.8567868859118242
cluster,graph+identity0+identity_upper1,3FMY,cluster_3FMY,2,66,0.6419491421694793,0.6458333334740506,0.7729198066036188
cluster,graph+identity0+identity_upper1,3FOD,cluster_3FOD,1,48,0.4166186474448914,0.3873419101401756,1.0088020788885417
cluster,graph+identity0+identity_upper1,3FSO,cluster_3FSO,2,221,0.7960534241692526,0.5864676073881071,0.6203146405461767
cluster,graph+identity0+identity_upper1,3FTD,cluster_3FTD,1,240,0.7054248948304866,0.6759151232358087,0.7258719971877625
cluster,graph+identity0+identity_upper1,3FVA,cluster_3FVA,1,6,0.7958384171950043,0.8231932086840424,0.6332689638026694
cluster,graph+identity0+identity_upper1,3G1S,cluster_3G1S,1,418,0.648436776540855,0.7082866444877283,0.7673237823509823
cluster,graph+identity0+identity_upper1,3GBW,cluster_3GBW,4,161,0.7419720998433771,0.8291229011300707,0.6880195953001867
cluster,graph+identity0+identity_upper1,3GHJ,cluster_3GHJ,5,116,0.522582769950327,0.5002402654104753,0.8595492378036905
cluster,graph+identity0+identity_upper1,3HFO,cluster_3HFO,4,197,0.638739356920922,0.6643472692507396,0.7758581052586357
cluster,graph+identity0+identity_upper1,3HHP,cluster_3HHP,5,1234,0.7481880844982012,0.7922456840057571,0.6828160466335299
cluster,graph+identity0+identity_upper1,3HNY,cluster_3HNY,5,156,0.7301466237195751,0.7392583882621483,0.6922144725263483
cluster,graph+identity0+identity_upper1,3HP4,cluster_3HP4,4,183,0.5286198602249417,0.45166807903162204,0.8555298485242226
cluster,graph+identity0+identity_upper1,3HWU,cluster_3HWU,2,144,0.742458981416905,0.7284974354391502,0.6727987835092898
cluster,graph+identity0+identity_upper1,3HYD,cluster_3HYD,5,7,0.8927031696469708,0.6071428571428572,0.5994137115732763
cluster,graph+identity0+identity_upper1,3HZ8,cluster_3HZ8,2,192,0.5085844196443077,0.4768713322139814,0.8688321289255272
cluster,graph+identity0+identity_upper1,3I2V,cluster_3I2V,3,124,0.4143381869570349,0.4427785540830689,0.9398565141046541
cluster,graph+identity0+identity_upper1,3I2Z,cluster_3I2Z,5,138,0.5638036875743677,0.5678896495760757,0.8307381688229645
cluster,graph+identity0+identity_upper1,3I4O,cluster_3I4O,1,135,0.7458414062549984,0.7127696288280221,0.6695419004833246
cluster,graph+identity0+identity_upper1,3I7M,cluster_3I7M,2,134,0.6241225760623992,0.5410697052145772,0.7824664238790696
cluster,graph+identity0+identity_upper1,3IHS,cluster_1OPD,2,169,0.6207158939444729,0.510908290812462,0.7919547357806456
cluster,graph+identity0+identity_upper1,3IVV,cluster_3IVV,4,149,0.7967510529104627,0.7940601620763228,0.6191743245933311
cluster,graph+identity0+identity_upper1,3K6Y,cluster_3K6Y,2,227,0.6067056058962633,0.6172844635837422,0.7973581971319363
cluster,graph+identity0+identity_upper1,3KBE,cluster_3KBE,5,140,0.6871105891829208,0.6758085924918056,0.7270272112921796
cluster,graph+identity0+identity_upper1,3KGK,cluster_3KGK,2,190,0.8104843354894302,0.7948035497603436,0.605412157164368
cluster,graph+identity0+identity_upper1,3KZD,cluster_3KZD,3,85,0.5997686380287749,0.6613052955341584,0.8076694539549739
cluster,graph+identity0+identity_upper1,3L41,cluster_2ETX,1,220,0.6968711455171913,0.6821911563605816,0.7216452955025182
cluster,graph+identity0+identity_upper1,3LAA,cluster_3LAA,3,169,0.5827582348895374,0.5074397353512394,0.8904198842663003
cluster,graph+identity0+identity_upper1,3LAX,cluster_3LAX,3,106,0.7218317824429485,0.7218131482168101,0.7044772581486348
cluster,graph+identity0+identity_upper1,3LG3,cluster_3LG3,4,833,0.6070847402906342,0.6246299845684966,0.8303420843016908
cluster,graph+identity0+identity_upper1,3LJI,cluster_3LJI,5,272,0.6026076218612053,0.5434703369124456,0.8000507754244153
cluster,graph+identity0+identity_upper1,3M3P,cluster_3M3P,1,249,0.6250785447872834,0.6349400925002874,0.7809399092230946
cluster,graph+identity0+identity_upper1,3M8J,cluster_3M8J,1,178,0.6751073902582978,0.737856186106873,0.7418021246251041
cluster,graph+identity0+identity_upper1,3M9J,cluster_3M9J,3,210,0.5165320997684396,0.5366747912858781,0.8601102132432162
cluster,graph+identity0+identity_upper1,3M9Q,cluster_3M9Q,2,176,0.4697485197732034,0.5269078568542073,0.9358269212917745
cluster,graph+identity0+identity_upper1,3MAB,cluster_1OPD,2,173,0.644407395703362,0.5653516927206229,0.7655319752433654
cluster,graph+identity0+identity_upper1,3MD4,cluster_3MD4,2,12,0.8207669607821497,0.7810870121972561,0.65319166210219
cluster,graph+identity0+identity_upper1,3MD5,cluster_3MD5,5,12,0.530688018021622,0.5874125874125874,1.034665006576347
cluster,graph+identity0+identity_upper1,3MEA,cluster_3MEA,2,166,0.6718316922974567,0.7433895192656773,0.7522690094084931
cluster,graph+identity0+identity_upper1,3MGN,cluster_3MGN,2,348,0.17738038573525966,0.2389103993640934,1.185328014693041
cluster,graph+identity0+identity_upper1,3MRE,cluster_3MRE,5,383,0.6647369273560421,0.7432651785417919,0.7553071873697549
cluster,graph+identity0+identity_upper1,3N11,cluster_3N11,1,325,0.559670423717313,0.6243414921405313,0.8351072517100393
cluster,graph+identity0+identity_upper1,3NE0,cluster_3NE0,1,208,0.6930267069848157,0.6972967783476354,0.7331113043252864
cluster,graph+identity0+identity_upper1,3NGG,cluster_3NGG,1,94,0.754260335073646,0.6219385322456301,0.6877305296591353
cluster,graph+identity0+identity_upper1,3NPV,cluster_3NPV,5,495,0.5835920555454394,0.5350235749960744,0.8156466332756349
cluster,graph+identity0+identity_upper1,3NVG,cluster_3NVG,2,6,0.6240079640686226,0.5428571428571429,0.8466763800730036
cluster,graph+identity0+identity_upper1,3NZL,cluster_3NZL,5,73,0.5543480720627986,0.6052714813553296,0.8348339237294629
cluster,graph+identity0+identity_upper1,3O0P,cluster_3O0P,5,194,0.7123335753318166,0.7114361013814349,0.702997239577142
cluster,graph+identity0+identity_upper1,3O5P,cluster_3O5P,5,128,0.7173886735497743,0.6654286954334278,0.7043446926959485
cluster,graph+identity0+identity_upper1,3OBQ,cluster_3OBQ,2,150,0.6384686717384767,0.3979238077685353,0.7724592207120516
cluster,graph+identity0+identity_upper1,3OQY,cluster_3OQY,3,234,0.6426792087258364,0.618139340168342,0.7812541717050119
cluster,graph+identity0+identity_upper1,3P6J,cluster_3P6J,3,125,0.7974088572556108,0.7694517324368438,0.6181865793624297
cluster,graph+identity0+identity_upper1,3PD7,cluster_3PD7,5,188,0.7204375519038531,0.768930690491131,0.7033153625589289
cluster,graph+identity0+identity_upper1,3PES,cluster_3PES,3,165,0.5912281919053067,0.572320466182661,0.8282109738146272
cluster,graph+identity0+identity_upper1,3PID,cluster_3PID,4,387,0.5135242439850445,0.48304092931815096,0.8697903994577469
cluster,graph+identity0+identity_upper1,3PIW,cluster_3PIW,5,154,0.7581709181490773,0.7199814024250188,0.6767392316276144
cluster,graph+identity0+identity_upper1,3PKV,cluster_3PKV,3,221,0.5662957124085641,0.6270312758044174,0.8243231282441894
cluster,graph+identity0+identity_upper1,3PSM,cluster_3PSM,4,94,0.8072067913259451,0.8760954535532005,0.6188163473848906
cluster,graph+identity0+identity_upper1,3PTL,cluster_3PTL,4,289,0.5216554549153586,0.6253565255046647,0.886914906205352
cluster,graph+identity0+identity_upper1,3PVE,cluster_3PVE,1,347,0.6992456560949738,0.7255614056084988,0.7289689829632119
cluster,graph+identity0+identity_upper1,3PZ9,cluster_3PZ9,4,357,0.6918217275315786,0.6924580817948062,0.7323090913580649
cluster,graph+identity0+identity_upper1,3PZZ,cluster_3PZZ,2,12,0.9626376340946232,0.9090909090909092,0.5019159696121677
cluster,graph+identity0+identity_upper1,3Q2X,cluster_3Q2X,4,6,0.8710140331574574,0.5428571428571429,0.5230785412300233
cluster,graph+identity0+identity_upper1,3Q6L,cluster_3Q6L,2,131,0.589510130352934,0.5863825994676295,0.8122927073719988
cluster,graph+identity0+identity_upper1,3QDS,cluster_3QDS,1,284,0.7291651289547092,0.7264850394944633,0.7141508399653343
cluster,graph+identity0+identity_upper1,3QPA,cluster_3QPA,5,197,0.46897888222953577,0.7076450615450527,0.914570191763345
cluster,graph+identity0+identity_upper1,3R6D,cluster_3R6D,4,221,0.6807225277440996,0.7538812003760981,0.7405726628768535
cluster,graph+identity0+identity_upper1,3R87,cluster_3R87,5,132,0.43489042443732695,0.3780664383123495,0.9050869925973747
cluster,graph+identity0+identity_upper1,3RQ9,cluster_3RQ9,1,162,0.503810356752107,0.6008597804640391,0.9389943025073364
cluster,graph+identity0+identity_upper1,3RY0,cluster_3RY0,1,128,0.6189182328610835,0.6205763907325342,0.7951306651035549
cluster,graph+identity0+identity_upper1,3RZY,cluster_3Q6L,2,139,0.7010709887605628,0.6336655343993572,0.7293186476323167
cluster,graph+identity0+identity_upper1,3S0A,cluster_3S0A,2,119,0.5153052555100721,0.5167320661864844,0.8602386584612818
cluster,graph+identity0+identity_upper1,3SD2,cluster_3SD2,1,86,0.4238849488631939,0.5317571139574335,0.9125358837225988
cluster,graph+identity0+identity_upper1,3SEB,cluster_3SEB,3,238,0.637768239555501,0.773555875225353,0.7758204201778502
cluster,graph+identity0+identity_upper1,3SED,cluster_3SED,2,124,0.6815995457101625,0.6619878992171788,0.7670379123358959
cluster,graph+identity0+identity_upper1,3SO6,cluster_3SO6,1,150,0.6921500660055053,0.6666334797873695,0.7272872958073805
cluster,graph+identity0+identity_upper1,3SR3,cluster_3SR3,5,637,0.5790844928883265,0.5797606104202494,0.8210515313190032
cluster,graph+identity0+identity_upper1,3SUK,cluster_3SUK,2,248,0.6430425908152958,0.6549371416443648,0.7737991885777727
cluster,graph+identity0+identity_upper1,3SZH,cluster_3SZH,2,697,0.7871437120461348,0.7860999153225177,0.6264567160802863
cluster,graph+identity0+identity_upper1,3T0H,cluster_3T0H,5,208,0.7626634022452403,0.8046042921947324,0.6598692185858536
cluster,graph+identity0+identity_upper1,3T3K,cluster_3T3K,3,122,0.7523231356210192,0.8102162646675247,0.6751671955320689
cluster,graph+identity0+identity_upper1,3T47,cluster_3T47,4,141,0.5215564310103005,0.5198694279743349,0.8650689284016105
cluster,graph+identity0+identity_upper1,3TDN,cluster_3TDN,3,357,0.4721677747535283,0.4875300386667418,0.8888265369431535
cluster,graph+identity0+identity_upper1,3TOW,cluster_3TOW,1,152,0.5881799813193257,0.7187774448907096,0.8158983456281254
cluster,graph+identity0+identity_upper1,3TUA,cluster_3TUA,2,210,0.6487073800928137,0.787198256428835,0.7708245825838324
cluster,graph+identity0+identity_upper1,3TYS,cluster_3TYS,3,75,0.744399390944259,0.6517255116581095,0.7422106175469837
cluster,graph+identity0+identity_upper1,3U6G,cluster_3U6G,4,248,0.6075995976658796,0.5778137583728162,0.7993935035829225
cluster,graph+identity0+identity_upper1,3U97,cluster_3U97,5,77,0.6999063109797259,0.7033322379838662,0.7225216891662842
cluster,graph+identity0+identity_upper1,3UCI,cluster_3UCI,3,72,0.5409447609491735,0.4763007267348383,0.8653583716711478
cluster,graph+identity0+identity_upper1,3UR8,cluster_3UR8,4,637,0.688994543851704,0.6360350030710644,0.7305503731570145
cluster,graph+identity0+identity_upper1,3US6,cluster_3US6,5,148,0.613331978948704,0.5006737372191936,0.800075741449786
cluster,graph+identity0+identity_upper1,3V1A,cluster_3V1A,5,48,0.3789343105259416,0.4750298584069057,0.9354885289524549
cluster,graph+identity0+identity_upper1,3V75,cluster_3V75,2,285,0.5618350964905093,0.5298487036750449,0.8328618802459701
cluster,graph+identity0+identity_upper1,3VN0,cluster_3VN0,1,193,0.8151899920785989,0.6621844377045639,0.6455053571167185
cluster,graph+identity0+identity_upper1,3VOR,cluster_3VOR,5,182,0.571076615565701,0.5679427181085192,0.8364448597815715
cluster,graph+identity0+identity_upper1,3VUB,cluster_3VUB,3,101,0.6028639156959739,0.6267072027316699,0.8077403506625287
cluster,graph+identity0+identity_upper1,3VVV,cluster_3VVV,1,108,0.698308662170641,0.570043085523066,0.7433128412739449
cluster,graph+identity0+identity_upper1,3VZ9,cluster_3VZ9,5,163,0.7428616731506565,0.7331461511307051,0.67783067360698
cluster,graph+identity0+identity_upper1,3W4Q,cluster_1ES5,3,773,0.7107840984466224,0.7252958180064172,0.7283569931592137
cluster,graph+identity0+identity_upper1,3ZBD,cluster_3ZBD,1,213,0.5154960995732083,0.46598727522780387,0.8647436222378694
cluster,graph+identity0+identity_upper1,3ZIT,cluster_3ZIT,3,152,0.39929433590888336,0.4163216000762428,0.9344229963529433
cluster,graph+identity0+identity_upper1,3ZRX,cluster_3ZRX,3,221,0.5485658856617108,0.570258589909985,0.8367135776646784
cluster,graph+identity0+identity_upper1,3ZSL,cluster_3ZSL,2,138,0.7124206471748373,0.5840931638379875,0.7198395130647737
cluster,graph+identity0+identity_upper1,3ZZP,cluster_3ZZP,2,74,0.49721578052136334,0.5732374656164244,0.8677189896900718
cluster,graph+identity0+identity_upper1,3ZZY,cluster_3ZZY,3,226,0.7280783506668523,0.6202212265201682,0.6926345748273767
cluster,graph+identity0+identity_upper1,4A02,cluster_4A02,2,166,0.49218512520001045,0.6438752381073901,0.8792945984364632
cluster,graph+identity0+identity_upper1,4ACJ,cluster_4ACJ,1,167,0.7560690209136586,0.8107416240102874,0.6861975013547711
cluster,graph+identity0+identity_upper1,4AE7,cluster_4AE7,3,186,0.7747798338189267,0.7166505507651515,0.6378064642751377
cluster,graph+identity0+identity_upper1,4AM1,cluster_4AM1,4,345,0.6015188238866387,0.614131004162971,0.7991829952353693
cluster,graph+identity0+identity_upper1,4ANN,cluster_4ANN,3,176,0.5473434068028112,0.5679402990729416,0.8426187886262764
cluster,graph+identity0+identity_upper1,4AVR,cluster_4AVR,1,188,0.6367543479294154,0.7368724749742126,0.8029653628723272
cluster,graph+identity0+identity_upper1,4AXY,cluster_4AXY,4,54,0.6603733075102322,0.6207212019452035,0.7585652835008766
cluster,graph+identity0+identity_upper1,4B6G,cluster_4B6G,3,558,0.7416645014196821,0.753210845139859,0.6929108029233566
cluster,graph+identity0+identity_upper1,4B9G,cluster_4B9G,5,292,0.8011701825132085,0.7934514212785975,0.6241336215222394
cluster,graph+identity0+identity_upper1,4DD5,cluster_4DD5,1,387,0.6233895813898023,0.6750415645454617,0.7899232286849172
cluster,graph+identity0+identity_upper1,4DKN,cluster_4DKN,3,423,0.7153252053767283,0.7382015577315549,0.7348551021563048
cluster,graph+identity0+identity_upper1,4DND,cluster_4DND,3,95,0.7520638866116082,0.6727767104489347,0.6715797616688237
cluster,graph+identity0+identity_upper1,4DPZ,cluster_4DPZ,1,109,0.7027675600454908,0.6664890475037967,0.722609857543846
cluster,graph+identity0+identity_upper1,4DQ7,cluster_4DQ7,3,328,0.7056527310066505,0.7306089871950253,0.7181357224666974
cluster,graph+identity0+identity_upper1,4DT4,cluster_4DT4,4,160,0.7358177991983048,0.7271466115358651,0.7429269509119604
cluster,graph+identity0+identity_upper1,4EK3,cluster_4EK3,3,287,0.6908159127338045,0.710699799837168,0.7349744319884437
cluster,graph+identity0+identity_upper1,4ERY,cluster_4ERY,2,318,0.7074301347826812,0.7502904658070056,0.7274125689449815
cluster,graph+identity0+identity_upper1,4ES1,cluster_4ES1,1,95,0.7236183333509252,0.6951388088999942,0.7242092790447262
cluster,graph+identity0+identity_upper1,4EUG,cluster_4EUG,1,225,0.5991793718873932,0.6374141905416503,0.802680821854818
cluster,graph+identity0+identity_upper1,4F01,cluster_4F01,3,448,0.3499298078660774,0.5278837391072564,0.9902318844443577
cluster,graph+identity0+identity_upper1,4F3J,cluster_4F3J,3,143,0.6024977817137412,0.5469597388298614,0.8012657197779408
cluster,graph+identity0+identity_upper1,4FR9,cluster_4FR9,2,141,0.6390888691563709,0.6438601298247889,0.7786830395784332
cluster,graph+identity0+identity_upper1,4G14,cluster_4G14,1,15,0.6015151710691614,0.6178571428571428,0.8789607654191461
cluster,graph+identity0+identity_upper1,4G2E,cluster_4G2E,4,151,0.7424498566900534,0.8108986564277844,0.6742990876724329
cluster,graph+identity0+identity_upper1,4G5X,cluster_4G5X,1,550,0.7298494858153349,0.7462312805977743,0.6976957664476904
cluster,graph+identity0+identity_upper1,4G6C,cluster_4G6C,3,658,0.6057409240463693,0.5831913570959558,0.8053585703437661
cluster,graph+identity0+identity_upper1,4G7X,cluster_4G7X,3,194,0.6128998534275149,0.5597060951859287,0.8037404378461895
cluster,graph+identity0+identity_upper1,4GA2,cluster_4GA2,5,144,0.5406729088622222,0.5616532499573128,0.8425988123596799
cluster,graph+identity0+identity_upper1,4GMQ,cluster_4GMQ,5,92,0.6085587952178811,0.5889215973367445,0.7960102322384831
cluster,graph+identity0+identity_upper1,4GS3,cluster_4GS3,3,90,0.487249175939522,0.6554305729261144,0.9406904428215144
cluster,graph+identity0+identity_upper1,4H4J,cluster_4H4J,4,236,0.8144887218982609,0.831458627690211,0.6131152354383991
cluster,graph+identity0+identity_upper1,4H89,cluster_4H89,4,168,0.6025882815301027,0.5711028112455999,0.7987671824824473
cluster,graph+identity0+identity_upper1,4HDE,cluster_4HDE,5,168,0.7326601394641106,0.7871027994319485,0.6967462416462464
cluster,graph+identity0+identity_upper1,4HJP,cluster_4HJP,4,281,0.6884348094320513,0.7801369840828453,0.7329382918350452
cluster,graph+identity0+identity_upper1,4HWM,cluster_4HWM,4,117,0.6103546565247804,0.5969750556526565,0.8032585872607135
cluster,graph+identity0+identity_upper1,4IL7,cluster_4IL7,2,85,0.3426662030991827,0.2515561027685343,0.9614368079734796
cluster,graph+identity0+identity_upper1,4J11,cluster_4J11,5,357,0.6171657789051317,0.5102868458979581,0.7967417740617033
cluster,graph+identity0+identity_upper1,4J5O,cluster_4J5O,2,220,0.7157113302283986,0.6604407311091282,0.7061646297966907
cluster,graph+identity0+identity_upper1,4J5Q,cluster_2FG1,1,146,0.7377200019512538,0.7666043265693818,0.6923855634456647
cluster,graph+identity0+identity_upper1,4J78,cluster_4J78,3,305,0.6273707104037921,0.7583947615246875,0.7801046257222608
cluster,graph+identity0+identity_upper1,4JG2,cluster_4JG2,2,185,0.7806148626002568,0.8083525196437031,0.6737937340613943
cluster,graph+identity0+identity_upper1,4JVU,cluster_4JVU,4,207,0.7272958820157668,0.8041718247994533,0.6957650426818592
cluster,graph+identity0+identity_upper1,4JYP,cluster_4JYP,2,534,0.6504929788384975,0.7152508966427086,0.7641472178615213
cluster,graph+identity0+identity_upper1,4KEF,cluster_4KEF,3,133,0.5017630537903607,0.4505732879014354,0.8855576469424765
cluster,graph+identity0+identity_upper1,5CYT,cluster_1CCR,5,103,0.3661501765203462,0.30715668374622845,0.931351521904645
cluster,graph+identity0+identity_upper1,6RXN,cluster_6RXN,1,45,0.553486576848317,0.5625823451910408,0.8660441094764193
cluster,graph+geometric0,1ABA,cluster_1ABA,4,87,0.6331685768141064,0.730487082547304,0.7766769720737465
cluster,graph+geometric0,1AHO,cluster_1AHO,3,64,0.657955819761407,0.7395460113352121,0.7617946331606515
cluster,graph+geometric0,1AIE,cluster_1AIE,4,31,0.6854261419531528,0.4084677419354839,0.7436265203836773
cluster,graph+geometric0,1AKG,cluster_1AKG,2,16,0.5208909812135953,0.743193725852891,0.8625919065402649
cluster,graph+geometric0,1ATG,cluster_1ATG,5,231,0.5300500381866762,0.5869775904952813,0.8541571099196604
cluster,graph+geometric0,1BGF,cluster_1BGF,2,124,0.592264132148579,0.4179935892545076,0.8087433072505076
cluster,graph+geometric0,1BX7,cluster_1BX7,2,51,0.5793600970220063,0.23855203619909499,0.8761480435998625
cluster,graph+geometric0,1BYI,cluster_1BYI,5,224,0.536547009330601,0.6050233948164165,0.8491944158436379
cluster,graph+geometric0,1CCR,cluster_1CCR,5,111,0.5183431573796741,0.5263926886682475,0.855603225149794
cluster,graph+geometric0,1CYO,cluster_1CYO,2,88,0.6187677464723764,0.5745810623609208,0.7941194144955908
cluster,graph+geometric0,1DF4,cluster_1DF4,5,57,0.9118114360220883,0.798288825512056,0.5547015647781129
cluster,graph+geometric0,1E5K,cluster_1E5K,3,188,0.7579301737024374,0.7509312277654201,0.6640672514301187
cluster,graph+geometric0,1ES5,cluster_1ES5,3,260,0.6394381095683856,0.718589080978376,0.7752369818709091
cluster,graph+geometric0,1ETL,cluster_1ETL,3,12,0.7930364720581148,0.6773684327688402,0.742172408262485
cluster,graph+geometric0,1ETM,cluster_1ETM,1,12,0.5992285602557909,0.3854684518180305,0.8408904587376748
cluster,graph+geometric0,1ETN,cluster_1ETN,4,12,-0.17838343525659514,0.09608826434822593,1.1986500572704384
cluster,graph+geometric0,1EW4,cluster_1EW4,2,106,0.6036314852287407,0.6329270813101044,0.7994858780481044
cluster,graph+geometric0,1F8R,cluster_1F8R,3,1932,0.7929358335385989,0.7624985610903887,0.6582829366851403
cluster,graph+geometric0,1FF4,cluster_1FF4,4,65,0.6201545138497466,0.5927293786343631,0.7877993678586589
cluster,graph+geometric0,1FK5,cluster_1FK5,2,93,0.5592871182808522,0.5255273514326477,0.8338402487702502
cluster,graph+geometric0,1GCO,cluster_1GCO,4,1044,0.6784013991469596,0.6425236660031493,0.7418622107222035
cluster,graph+geometric0,1GK7,cluster_1GK7,3,39,0.8102272004525788,0.5669315256007975,0.6292835970486348
cluster,graph+geometric0,1GVD,cluster_1GVD,3,52,0.689891396876834,0.5878209644676379,0.7366724937392772
cluster,graph+geometric0,1GXU,cluster_1GXU,1,88,0.6368506266342284,0.6222740782050812,0.7807303230234002
cluster,graph+geometric0,1H6V,cluster_1H6V,2,2927,0.4873802662263525,0.5512685119045247,0.8873565263903475
cluster,graph+geometric0,1HJE,cluster_1HJE,4,13,0.7119275983956079,0.6648351648351648,0.7645734343795227
cluster,graph+geometric0,1I71,cluster_1I71,3,83,0.5684508457101304,0.6012667863692125,0.8246570425664518
cluster,graph+geometric0,1IDP,cluster_1IDP,2,441,0.7600815141389096,0.8765273440576516,0.6629249691958239
cluster,graph+geometric0,1IFR,cluster_1IFR,3,113,0.6727662521215284,0.7328570299860016,0.767309541824847
cluster,graph+geometric0,1K8U,cluster_1K8U,2,89,0.49790221950502916,0.37071148583705626,0.8873956698774387
cluster,graph+geometric0,1KMM,cluster_1KMM,4,1499,0.7286749744464099,0.7567106684529827,0.6928047812409819
cluster,graph+geometric0,1KNG,cluster_1KNG,1,144,0.5245455788571475,0.481650279228344,0.8577955796644204
cluster,graph+geometric0,1KR4,cluster_1KR4,3,110,0.6235654968922084,0.5728635060845308,0.785662349859822
cluster,graph+geometric0,1KYC,cluster_1KYC,5,15,0.7912733353459238,0.8107142857142855,0.7345207589513018
cluster,graph+geometric0,1LR7,cluster_1LR7,1,73,0.6172672046694171,0.6860320717227995,0.809965109178811
cluster,graph+geometric0,1MF7,cluster_1MF7,2,194,0.6852096856139989,0.7659541072128029,0.7524828648283243
cluster,graph+geometric0,1N7E,cluster_1N7E,5,95,0.5466219487257643,0.6950030970752937,0.8386660186523834
cluster,graph+geometric0,1NKD,cluster_1NKD,1,59,0.7036597255013485,0.715354493009866,0.7875356831493858
cluster,graph+geometric0,1NKO,cluster_1NKO,1,122,0.5027380911154831,0.7188754157707591,0.8857151777434624
cluster,graph+geometric0,1NLS,cluster_1NLS,5,237,0.5244243161177018,0.7251866197074371,0.8604666278780637
cluster,graph+geometric0,1NNX,cluster_1NNX,2,93,0.7449473656052917,0.7971829725898936,0.676027541251232
cluster,graph+geometric0,1NOA,cluster_1NOA,4,113,0.5317993760335611,0.4795372222895774,0.8493490106757735
cluster,graph+geometric0,1NOT,cluster_1NOT,3,13,0.6037862533866792,0.6318681318681317,0.8612233389825934
cluster,graph+geometric0,1O06,cluster_1O06,1,20,0.9186614307855986,0.7112781954887217,0.4243344731658163
cluster,graph+geometric0,1O08,cluster_1O08,5,221,0.3324362543245886,0.6066148298638807,0.9701886043599491
cluster,graph+geometric0,1OB4,cluster_1OB4,1,16,0.5023466821633926,0.3911764705882353,0.9232285315162435
cluster,graph+geometric0,1OB7,cluster_1OB7,4,16,0.598979627115876,0.8447390072070483,0.8360703887029314
cluster,graph+geometric0,1OPD,cluster_1OPD,2,85,0.4583527347685167,0.4640534690961633,0.8917943178522402
cluster,graph+geometric0,1P9I,cluster_1P9I,2,29,0.6749442338880083,0.4871921182266009,0.7458390079789509
cluster,graph+geometric0,1PEF,cluster_1PEF,5,18,0.856803911141608,0.87203302373581,0.613394177542926
cluster,graph+geometric0,1PEN,cluster_1PEN,5,16,0.5884270477376291,0.6048566758921547,0.8239414895533473
cluster,graph+geometric0,1PMY,cluster_1PMY,4,123,0.6723367308643299,0.587946034153629,0.765361469586969
cluster,graph+geometric0,1PZ4,cluster_1PZ4,2,113,0.7152959949059317,0.681360633651769,0.7112585852291128
cluster,graph+geometric0,1Q9B,cluster_1Q9B,2,43,0.7657582849495327,0.7624584717607973,0.6665514153131302
cluster,graph+geometric0,1QAU,cluster_1QAU,3,112,0.6517097097635656,0.6289643685368496,0.7654059689127463
cluster,graph+geometric0,1QKI,cluster_1QKI,1,3912,0.5558491969623396,0.6269082675356088,0.8693082498406031
cluster,graph+geometric0,1QTO,cluster_1QTO,2,122,0.6090566248661318,0.6173782301269581,0.7937241337124591
cluster,graph+geometric0,1R29,cluster_1R29,5,122,0.5924667078180719,0.5717661015632036,0.8071853025049881
cluster,graph+geometric0,1R7J,cluster_1R7J,1,90,0.7574196088048663,0.6068832676999353,0.6725898518635873
cluster,graph+geometric0,1RJU,cluster_1RJU,4,36,0.4174677744154636,0.27413127413127414,0.9294921096906676
cluster,graph+geometric0,1RRO,cluster_1RRO,5,108,0.28159485593697253,0.20743828236355175,0.9775177999364189
cluster,graph+geometric0,1SAU,cluster_1SAU,1,114,0.6407336887366151,0.6445038478437822,0.7842015525853829
cluster,graph+geometric0,1TGR,cluster_1TGR,1,104,0.717868371286594,0.6643923855359306,0.7144584939034344
cluster,graph+geometric0,1TZV,cluster_1TZV,4,141,0.8017273352742562,0.7703298432393314,0.6255968965317272
cluster,graph+geometric0,1U06,cluster_1U06,2,55,0.47865214675423695,0.28983206772513886,0.8790249316490464
cluster,graph+geometric0,1U7I,cluster_1U7I,3,267,0.7601778560403657,0.7971490122062994,0.6664099742085058
cluster,graph+geometric0,1U9C,cluster_1U9C,1,221,0.5783672876505945,0.414148870892318,0.8252569919066481
cluster,graph+geometric0,1UHA,cluster_1UHA,1,82,0.645412510017419,0.6973737199488487,0.7666358026998689
cluster,graph+geometric0,1UKU,cluster_1KR4,3,102,0.7052805787978491,0.5582188295254636,0.7209940829502941
cluster,graph+geometric0,1ULR,cluster_1ULR,4,87,0.5954371985991774,0.6356888672798171,0.8183576116786124
cluster,graph+geometric0,1UOY,cluster_1UOY,5,64,0.6746611494343675,0.6117515081846331,0.7603892166492532
cluster,graph+geometric0,1USE,cluster_1USE,3,40,0.12301690396250879,0.01876172607879925,1.1437323668750197
cluster,graph+geometric0,1USM,cluster_1USM,5,77,0.8085379091853229,0.7141326708490038,0.6134607513539043
cluster,graph+geometric0,1UTG,cluster_1UTG,4,70,0.5925079486166216,0.520553937155228,0.8193180937196881
cluster,graph+geometric0,1V05,cluster_1V05,4,96,0.6045650100697575,0.5683202431375173,0.8078207184654954
cluster,graph+geometric0,1V70,cluster_1V70,4,105,0.5536683161920064,0.6348410708615465,0.834323881107493
cluster,graph+geometric0,1VRZ,cluster_1VRZ,3,21,0.7533637060580851,0.7745290783846037,0.7577281133584582
cluster,graph+geometric0,1W2L,cluster_1W2L,4,97,0.5738552786549188,0.4043065189607095,0.8214695057459572
cluster,graph+geometric0,1WBE,cluster_1WBE,3,204,0.5586428787038891,0.6248048450159299,0.8303029257228006
cluster,graph+geometric0,1WHI,cluster_1WHI,1,122,0.5240116556189724,0.6334732775878094,0.8563079930334726
cluster,graph+geometric0,1WLY,cluster_1WLY,5,322,0.6772005220062676,0.718697747215526,0.7437130453134603
cluster,graph+geometric0,1WPA,cluster_1WPA,2,107,0.5676478233547141,0.3436874704830476,0.8314733157702988
cluster,graph+geometric0,1X3O,cluster_1X3O,3,80,0.5612828362488063,0.5590515650093947,0.8311515968148834
cluster,graph+geometric0,1XY1,cluster_1XY1,3,16,0.66360342464742,0.5465598242890071,1.1227736155979113
cluster,graph+geometric0,1XY2,cluster_1XY2,3,8,0.6602191886204141,0.5576679417142028,0.8763328815725634
cluster,graph+geometric0,1Y6X,cluster_1Y6X,5,87,0.49032070312537274,0.5485553900116631,0.8837323575273558
cluster,graph+geometric0,1YJO,cluster_1YJO,5,6,0.36498939002424347,0.3714285714285715,1.0713330509048928
cluster,graph+geometric0,1YZM,cluster_1YZM,5,46,0.8014596739449681,0.6735537202893022,0.7218444373743478
cluster,graph+geometric0,1Z21,cluster_1Z21,3,96,0.6312124190009781,0.6800530390989398,0.7794777494585317
cluster,graph+geometric0,1ZCE,cluster_1ZCE,2,146,0.7691077571439612,0.8012358771050597,0.6796318362722159
cluster,graph+geometric0,1ZVA,cluster_1ZVA,1,75,0.5880140339776283,0.5268578590525603,0.8097670280466635
cluster,graph+geometric0,2A50,cluster_2A50,4,457,0.566605719708268,0.630412628329252,0.8334120969743115
cluster,graph+geometric0,2AGK,cluster_2AGK,2,233,0.6727392994484233,0.7071019179168627,0.7490076894369642
cluster,graph+geometric0,2AH1,cluster_2AH1,5,939,0.5393345798577783,0.5540016942592203,0.860151859866697
cluster,graph+geometric0,2B0A,cluster_2B0A,4,186,0.6055263459152642,0.6300318618970178,0.8085147141628695
cluster,graph+geometric0,2BCM,cluster_2BCM,4,413,0.562133885022303,0.5037836009155611,0.8279468854459612
cluster,graph+geometric0,2BF9,cluster_2BF9,5,36,0.5784967491348646,0.4968144678541766,0.848299423471943
cluster,graph+geometric0,2BRF,cluster_2BRF,4,100,0.7736193882018669,0.7171755363377348,0.6808020711655516
cluster,graph+geometric0,2C71,cluster_2C71,5,205,0.6295680644072015,0.6712058144707924,0.8071604328606631
cluster,graph+geometric0,2CE0,cluster_2CE0,2,99,0.5928976981694046,0.5851703656057244,0.8079770174674129
cluster,graph+geometric0,2CG7,cluster_2CG7,5,90,0.5267969695060364,0.5164715761934394,0.8533937110205734
cluster,graph+geometric0,2COV,cluster_2COV,3,534,0.7840360928542701,0.7440439664091729,0.6330023059898531
cluster,graph+geometric0,2CWS,cluster_2CWS,4,227,0.6715249929543383,0.7056376995684792,0.7528263142137097
cluster,graph+geometric0,2D5W,cluster_2D5W,5,1214,0.7047321332370352,0.6732354153291369,0.7268327522726504
cluster,graph+geometric0,2DKO,cluster_2DKO,2,253,0.7968499620126204,0.6858238399743707,0.609317243136357
cluster,graph+geometric0,2DPL,cluster_2DPL,5,565,0.47678868927944673,0.5346404874355692,0.8924190957924455
cluster,graph+geometric0,2DSX,cluster_2DSX,4,52,0.3938547700458697,0.2581485202415422,0.920614227983019
cluster,graph+geometric0,2E10,cluster_2E10,5,439,0.7765479607364659,0.8069017559402958,0.6395241965325869
cluster,graph+geometric0,2E3H,cluster_2E3H,4,81,0.6939692079106733,0.697313595034089,0.7205849605289186
cluster,graph+geometric0,2EAQ,cluster_2EAQ,4,89,0.6732383215837727,0.48410560234115946,0.753663087313714
cluster,graph+geometric0,2EHP,cluster_2EHP,3,248,0.7675730290014415,0.7885055395973908,0.6582857707577859
cluster,graph+geometric0,2EHS,cluster_1X3O,3,75,0.6842397174227692,0.7068948349909355,0.7501954707587248
cluster,graph+geometric0,2ERW,cluster_2ERW,3,53,0.30241235140502115,0.1263179117318645,1.0095264118110236
cluster,graph+geometric0,2ETX,cluster_2ETX,1,389,0.5356689618590097,0.5471071247273632,0.8561388918888757
cluster,graph+geometric0,2FB6,cluster_2FB6,5,116,0.7888268875391461,0.6849056499538314,0.6774977659024345
cluster,graph+geometric0,2FG1,cluster_2FG1,1,157,0.6136026773516865,0.545265947206502,0.7912846697070093
cluster,graph+geometric0,2FN9,cluster_2FN9,2,560,0.6039363204437378,0.5934200392850639,0.8008197240972855
cluster,graph+geometric0,2FQ3,cluster_2FQ3,2,85,0.6994385003861777,0.6922610904827047,0.7435600178822754
cluster,graph+geometric0,2G69,cluster_2G69,1,99,0.6396589650917885,0.6495834853772048,0.7825974429520699
cluster,graph+geometric0,2G7O,cluster_2G7O,2,68,0.7742906141181273,0.4561323150824416,0.7159848690857814
cluster,graph+geometric0,2G7S,cluster_2G7S,1,190,0.6427727272696949,0.621047415064428,0.7830318840943458
cluster,graph+geometric0,2GKG,cluster_2GKG,5,122,0.6771250062793526,0.5253011252953281,0.758761219148999
cluster,graph+geometric0,2GOM,cluster_2GOM,4,121,0.5920605397046287,0.4464202548955509,0.8107617927105916
cluster,graph+geometric0,2GXG,cluster_2GXG,1,140,0.6969078168929523,0.6870206306037674,0.7347463466195178
cluster,graph+geometric0,2GZQ,cluster_2GZQ,5,191,0.41093312075639893,0.36555272647616693,0.9372011353332278
cluster,graph+geometric0,2HQK,cluster_2HQK,1,213,0.7852057107220196,0.7330316349086503,0.6866619602312792
cluster,graph+geometric0,2HYK,cluster_2HYK,1,237,0.5985862303744924,0.5708887202369887,0.8051973265651257
cluster,graph+geometric0,2I24,cluster_2I24,4,113,0.5169916917473861,0.47751374475270236,0.8574824803381463
cluster,graph+geometric0,2I49,cluster_2I49,3,398,0.6780611568842428,0.681894944197217,0.7494170053567155
cluster,graph+geometric0,2IBL,cluster_2IBL,2,108,0.6377091669310586,0.6580098746962462,0.8882350786389367
cluster,graph+geometric0,2IGD,cluster_2IGD,1,61,0.5302198196819312,0.537110976152227,0.8522865487396165
cluster,graph+geometric0,2IMF,cluster_2IMF,3,203,0.6259105314287432,0.6060442612774112,0.7811624972525679
cluster,graph+geometric0,2IP6,cluster_2IP6,5,87,0.6354986546760156,0.4184209088124564,0.7779104041120618
cluster,graph+geometric0,2IVY,cluster_2IVY,3,88,0.5006224562709267,0.4322465603018781,0.8753790080076841
cluster,graph+geometric0,2J32,cluster_2J32,4,244,0.8209750337745424,0.7187765572456233,0.5922538671576846
cluster,graph+geometric0,2J9W,cluster_2J9W,1,200,0.6913726571398396,0.6832229423439847,0.7370919388519255
cluster,graph+geometric0,2JKU,cluster_2JKU,1,35,0.5913142628714185,0.3071643680058693,0.9165875592876215
cluster,graph+geometric0,2JLI,cluster_2JLI,4,100,0.6093916790907618,0.5096356660279776,0.7949117026481815
cluster,graph+geometric0,2JLJ,cluster_2JLI,4,115,0.7435556720434913,0.61941990051535,0.6820863658068932
cluster,graph+geometric0,2MCM,cluster_1NOA,4,112,0.7664422093846561,0.6976289269772377,0.6972446673151997
cluster,graph+geometric0,2NLS,cluster_2NLS,2,36,0.42757703728994884,0.3397683397683398,0.9057983758870137
cluster,graph+geometric0,2NR7,cluster_2NR7,4,194,0.8170484781551082,0.7287791416897506,0.6137034956692532
cluster,graph+geometric0,2NUH,cluster_1KR4,3,104,0.6464563410413595,0.5560688585294159,0.7733845742002036
cluster,graph+geometric0,2O6X,cluster_2O6X,2,306,0.7935584458007996,0.7930466048214565,0.6230838529290531
cluster,graph+geometric0,2OA2,cluster_2OA2,4,132,0.5066792741733221,0.39563317985493,0.8684229270029512
cluster,graph+geometric0,2OCT,cluster_2OCT,4,192,0.555647219284563,0.5700898689305618,0.8478289217651411
cluster,graph+geometric0,2OHW,cluster_2OHW,4,256,0.5871823687991977,0.660877504731387,0.8236146617854618
cluster,graph+geometric0,2OKT,cluster_2OKT,5,342,0.3863444973019445,0.38576413448058067,0.9582556967855015
cluster,graph+geometric0,2OL9,cluster_2OL9,1,6,0.8222953503309013,0.7142857142857143,0.5910172936363303
cluster,graph+geometric0,2OLX,cluster_2OLX,3,4,0.9167062710898062,0.7999999999999999,0.8473357715186568
cluster,graph+geometric0,2PKT,cluster_2PKT,1,91,0.01344644900243087,0.057566961745257265,1.0924887420697844
cluster,graph+geometric0,2PLT,cluster_2PLT,2,98,0.44371861361283516,0.5161685198513557,0.9049168510758854
cluster,graph+geometric0,2PMR,cluster_2PMR,4,76,0.6511630457289795,0.7678027041415221,0.7639730302492376
cluster,graph+geometric0,2POF,cluster_2POF,4,440,0.6837605048346791,0.7153737551825771,0.7345397092179039
cluster,graph+geometric0,2PPN,cluster_2PPN,5,107,0.624745373678049,0.7235673596715346,0.796243347005593
cluster,graph+geometric0,2PSF,cluster_2PSF,4,608,0.5133546066485406,0.47846625101780366,0.8623413851737036
cluster,graph+geometric0,2PTH,cluster_2PTH,3,193,0.7268634059346347,0.7981047266322507,0.7069941838391618
cluster,graph+geometric0,2Q4N,cluster_2Q4N,2,153,0.6565663990516578,0.5640300522187484,0.7641804743248857
cluster,graph+geometric0,2Q52,cluster_1WBE,3,412,0.7681317046183572,0.7533452116933194,0.6653058733959838
cluster,graph+geometric0,2QJL,cluster_2QJL,5,99,0.6283060373531719,0.6854778614246002,0.7946146965246247
cluster,graph+geometric0,2R16,cluster_2R16,1,175,0.5618306524919862,0.4492181334314188,0.8364834762552268
cluster,graph+geometric0,2R6Q,cluster_2R6Q,3,138,0.5425560239573767,0.4167850114028352,0.8457802650703291
cluster,graph+geometric0,2RB8,cluster_2RB8,4,93,0.6507900524025254,0.5233080800513291,0.7656809251813632
cluster,graph+geometric0,2RE2,cluster_2RE2,2,238,0.6568853986803441,0.4691361596863326,0.7559703765624947
cluster,graph+geometric0,2RFR,cluster_2RFR,2,154,0.687740711449453,0.4655467998041249,0.7281807683704251
cluster,graph+geometric0,2V9V,cluster_2V9V,1,135,0.5429592818724621,0.4412910244434876,0.8402689292625969
cluster,graph+geometric0,2VE8,cluster_2VE8,1,515,0.7206739754812407,0.6253762795112562,0.6993656752536347
cluster,graph+geometric0,2VH7,cluster_2VH7,5,94,0.736951175122678,0.7371687427677265,0.693203366703378
cluster,graph+geometric0,2VIM,cluster_2VIM,5,104,0.38250867182760423,0.39820225921415897,0.9328539532780891
cluster,graph+geometric0,2VPA,cluster_2VPA,2,204,0.7422603088840203,0.758141576310504,0.7739394367754374
cluster,graph+geometric0,2VQ4,cluster_2VQ4,4,106,0.6881755003884323,0.7509843588744847,0.7268477385304907
cluster,graph+geometric0,2VY8,cluster_2VY8,5,149,0.7495414827592687,0.7748699647456319,0.6719226301841572
cluster,graph+geometric0,2VYO,cluster_2C71,5,206,0.7162791999195229,0.7275138321833036,0.7150148277116142
cluster,graph+geometric0,2W1V,cluster_2W1V,5,548,0.679510682059738,0.7451681229975525,0.7471959212667771
cluster,graph+geometric0,2W2A,cluster_2W2A,3,350,0.6255093606569186,0.6792663102775364,0.7805474272685358
cluster,graph+geometric0,2W6A,cluster_2W6A,3,117,0.7805819230484772,0.5264283842325185,0.647920171791611
cluster,graph+geometric0,2WJ5,cluster_2WJ5,2,96,0.5178606219029339,0.5601578980655931,0.9195209718139157
cluster,graph+geometric0,2WUJ,cluster_2WUJ,1,100,0.4915963940468443,0.2796596439272907,0.8742689123390095
cluster,graph+geometric0,2WW7,cluster_2WW7,3,150,0.4610540529567574,0.5254903843779214,0.960633267772618
cluster,graph+geometric0,2WWE,cluster_2WWE,4,111,0.5517405336916027,0.48689856717206426,0.8351146390451138
cluster,graph+geometric0,2X1Q,cluster_2X1Q,5,240,0.4594139497333983,0.3971156866602109,0.9002362234142642
cluster,graph+geometric0,2X25,cluster_2X25,2,168,0.6088584565030526,0.693235506110731,0.804328435608821
cluster,graph+geometric0,2X3M,cluster_2X3M,3,166,0.7251385411763717,0.6092754410610811,0.7214166780645505
cluster,graph+geometric0,2X5Y,cluster_2X5Y,4,171,0.7186657696462048,0.6978004473090393,0.7178133709110912
cluster,graph+geometric0,2X9Z,cluster_2X9Z,5,262,0.5779197267193137,0.5966122571903333,0.8167614297034392
cluster,graph+geometric0,2XHF,cluster_2XHF,5,310,0.5829277033765633,0.6310539781368384,0.8134260241016463
cluster,graph+geometric0,2Y0T,cluster_2Y0T,3,101,0.7812984331074943,0.7554027020175005,0.6409865238600839
cluster,graph+geometric0,2Y72,cluster_2Y72,5,170,0.7314795434067594,0.687428897050824,0.705472713171907
cluster,graph+geometric0,2Y7L,cluster_2Y7L,4,319,0.7146283396967232,0.6886010180779073,0.7128886978560762
cluster,graph+geometric0,2Y9F,cluster_2Y9F,4,149,0.7636840838889052,0.8586769019367219,0.6478501358818011
cluster,graph+geometric0,2YLB,cluster_2YLB,2,400,0.7392208481308491,0.7949958236372627,0.6746992990191469
cluster,graph+geometric0,2YNY,cluster_2YNY,1,315,0.719714645034764,0.7149146386181348,0.7297227222336211
cluster,graph+geometric0,2ZCM,cluster_2ZCM,1,357,0.4409323787845596,0.37037305176312535,0.899350118146451
cluster,graph+geometric0,2ZU1,cluster_2ZU1,2,360,0.7098467641301509,0.7582730771922911,0.7088220065739196
cluster,graph+geometric0,3A0M,cluster_3A0M,1,148,0.702325119049166,0.545091426701535,0.7575181310889305
cluster,graph+geometric0,3A7L,cluster_3A7L,4,128,0.7013286782354319,0.608465260334828,0.7332161779046886
cluster,graph+geometric0,3AMC,cluster_3AMC,2,614,0.716000185594978,0.7682656337741355,0.7277263524893876
cluster,graph+geometric0,3AUB,cluster_3AUB,1,116,0.6121798174294167,0.6697459674860641,0.7986982419642156
cluster,graph+geometric0,3B5O,cluster_3B5O,1,230,0.6266547258013873,0.6155231519247543,0.7820900862839867
cluster,graph+geometric0,3BA1,cluster_3BA1,4,312,0.6481261096944989,0.5712918900396629,0.762172486548549
cluster,graph+geometric0,3BED,cluster_3BED,1,261,0.8182212635588181,0.8303406564375836,0.6084494897800199
cluster,graph+geometric0,3BQX,cluster_3BQX,4,139,0.4831819807833594,0.5006239115065364,0.8965610406917139
cluster,graph+geometric0,3BZQ,cluster_3BZQ,3,99,0.5830940238113703,0.5595891131159151,0.8166485818985915
cluster,graph+geometric0,3BZZ,cluster_3BZZ,5,100,0.4603285756085157,0.4498684341797437,0.9071981880104264
cluster,graph+geometric0,3DRF,cluster_3DRF,4,547,0.5611057879350118,0.5483389568881839,0.8290266778222947
cluster,graph+geometric0,3DWV,cluster_3DWV,2,325,0.6383791614447665,0.7193026321300929,0.775953203022068
cluster,graph+geometric0,3E5T,cluster_2HQK,1,228,0.5317371652390163,0.44988753874918175,0.8488752923519266
cluster,graph+geometric0,3E7R,cluster_3E7R,4,40,0.7085058254347045,0.7688699236434662,0.7298663282922555
cluster,graph+geometric0,3EUR,cluster_3EUR,3,140,0.41008855982778597,0.39835384108251115,0.9226951734065993
cluster,graph+geometric0,3F2Z,cluster_3F2Z,3,149,0.7749681207062504,0.7470138060837649,0.6541557108135801
cluster,graph+geometric0,3F7E,cluster_3F7E,3,254,0.7427705957096742,0.8099592932363443,0.6772649424868362
cluster,graph+geometric0,3FCN,cluster_3FCN,1,158,0.6190834798519518,0.5389105413677375,0.788091427787221
cluster,graph+geometric0,3FE7,cluster_3FE7,3,91,0.49015253133480663,0.5184804724108413,0.8724775803358261
cluster,graph+geometric0,3FKE,cluster_3FKE,5,250,0.493423554768874,0.4889010833223519,0.8791743177898719
cluster,graph+geometric0,3FMY,cluster_3FMY,2,66,0.6629909540583796,0.6678356714881966,0.7605236032273486
cluster,graph+geometric0,3FOD,cluster_3FOD,1,48,0.4457190465797909,0.5279813284660156,0.9811761977359251
cluster,graph+geometric0,3FSO,cluster_3FSO,2,221,0.8069354958411316,0.6008250469301981,0.6191007655843899
cluster,graph+geometric0,3FTD,cluster_3FTD,1,240,0.7018695873988243,0.6701363570114776,0.7275831483932579
cluster,graph+geometric0,3FVA,cluster_3FVA,1,6,0.7640245486496041,0.8451542547285165,0.6744543540313932
cluster,graph+geometric0,3G1S,cluster_3G1S,1,418,0.6475089875216925,0.706569607817491,0.7679495894936292
cluster,graph+geometric0,3GBW,cluster_3GBW,4,161,0.7363750356291987,0.844705610046044,0.6920691809343699
cluster,graph+geometric0,3GHJ,cluster_3GHJ,5,116,0.5794603705964495,0.5573734570196762,0.8177762274260149
cluster,graph+geometric0,3HFO,cluster_3HFO,4,197,0.63763208634084,0.6673052465877548,0.7769614574413798
cluster,graph+geometric0,3HHP,cluster_3HHP,5,1234,0.7407615822187216,0.7894684207092476,0.6873824206764613
cluster,graph+geometric0,3HNY,cluster_3HNY,5,156,0.7226190787949923,0.7345926920347231,0.7019126026387809
cluster,graph+geometric0,3HP4,cluster_3HP4,4,183,0.522857787816864,0.44865056186441604,0.85742675866402
cluster,graph+geometric0,3HWU,cluster_3HWU,2,144,0.748270333224377,0.7287767580316573,0.6669105574086382
cluster,graph+geometric0,3HYD,cluster_3HYD,5,7,0.8986482872909614,0.4642857142857144,0.6095361911279947
cluster,graph+geometric0,3HZ8,cluster_3HZ8,2,192,0.5039726719633306,0.48348285341929964,0.8733052665610892
cluster,graph+geometric0,3I2V,cluster_3I2V,3,124,0.4138706423510435,0.43124425646334325,0.9435058445453502
cluster,graph+geometric0,3I2Z,cluster_3I2Z,5,138,0.5713015562401337,0.5769492895422952,0.8250209827016877
cluster,graph+geometric0,3I4O,cluster_3I4O,1,135,0.7506297216456028,0.7118526261097413,0.6634871499839227
cluster,graph+geometric0,3I7M,cluster_3I7M,2,134,0.641296447426453,0.551798179064188,0.7695352545806408
cluster,graph+geometric0,3IHS,cluster_1OPD,2,169,0.6013021546557541,0.49835785162132784,0.8063131916266822
cluster,graph+geometric0,3IVV,cluster_3IVV,4,149,0.7886299136818237,0.7685293432477286,0.6310207092765779
cluster,graph+geometric0,3K6Y,cluster_3K6Y,2,227,0.6021999448065432,0.6085415632788322,0.8027993702522201
cluster,graph+geometric0,3KBE,cluster_3KBE,5,140,0.6941969246274985,0.6885374595332575,0.7200064937252635
cluster,graph+geometric0,3KGK,cluster_3KGK,2,190,0.7910321337692526,0.7825275680554422,0.6229509516383571
cluster,graph+geometric0,3KZD,cluster_3KZD,3,85,0.6070328262333176,0.6663376885124681,0.803552483121374
cluster,graph+geometric0,3L41,cluster_2ETX,1,220,0.6970007744993313,0.676006154595204,0.7205814740498819
cluster,graph+geometric0,3LAA,cluster_3LAA,3,169,0.6221101418774502,0.5222576717681595,0.8661506799957607
cluster,graph+geometric0,3LAX,cluster_3LAX,3,106,0.739330021634607,0.7214201684476996,0.6877592503503768
cluster,graph+geometric0,3LG3,cluster_3LG3,4,833,0.6003126668775921,0.6152457509212128,0.8377018081775468
cluster,graph+geometric0,3LJI,cluster_3LJI,5,272,0.5981671373940984,0.5372748454376858,0.8027555907832947
cluster,graph+geometric0,3M3P,cluster_3M3P,1,249,0.6195656692115233,0.6316120241709838,0.785537498529917
cluster,graph+geometric0,3M8J,cluster_3M8J,1,178,0.695337189965663,0.7492347777576974,0.7220829344988217
cluster,graph+geometric0,3M9J,cluster_3M9J,3,210,0.5187728970733313,0.5328347127090325,0.8586719176489774
cluster,graph+geometric0,3M9Q,cluster_3M9Q,2,176,0.46915578294284965,0.5386524087242909,0.9230124278278958
cluster,graph+geometric0,3MAB,cluster_1OPD,2,173,0.6544688942209664,0.5697391239932404,0.7579759891474825
cluster,graph+geometric0,3MD4,cluster_3MD4,2,12,0.782008301459607,0.886165982448008,0.6757366953098186
cluster,graph+geometric0,3MD5,cluster_3MD5,5,12,0.49287851461367127,0.5944055944055945,1.0359260108274393
cluster,graph+geometric0,3MEA,cluster_3MEA,2,166,0.6630405265605553,0.7376401915289499,0.7651377830039587
cluster,graph+geometric0,3MGN,cluster_3MGN,2,348,0.18518523330745418,0.2444773381656389,1.1870948395453997
cluster,graph+geometric0,3MRE,cluster_3MRE,5,383,0.6861372097816445,0.7532973917963753,0.7379320717824638
cluster,graph+geometric0,3N11,cluster_3N11,1,325,0.555699994631718,0.6155855660065372,0.8386417579618017
cluster,graph+geometric0,3NE0,cluster_3NE0,1,208,0.6946713226206023,0.6956058478956965,0.72979875583426
cluster,graph+geometric0,3NGG,cluster_3NGG,1,94,0.7442693346031443,0.6307887930576288,0.6971071116356533
cluster,graph+geometric0,3NPV,cluster_3NPV,5,495,0.5822170477947766,0.5585801665334769,0.81662533238683
cluster,graph+geometric0,3NVG,cluster_3NVG,2,6,0.6688112046014598,0.6571428571428573,0.763110089379689
cluster,graph+geometric0,3NZL,cluster_3NZL,5,73,0.5926163683031449,0.611658349716473,0.8096330455262121
cluster,graph+geometric0,3O0P,cluster_3O0P,5,194,0.7136274660413571,0.7059243608892121,0.7009144948251012
cluster,graph+geometric0,3O5P,cluster_3O5P,5,128,0.7234834774027585,0.671992423540943,0.7002010593447543
cluster,graph+geometric0,3OBQ,cluster_3OBQ,2,150,0.6307620944282366,0.3779885932153495,0.7789527283023787
cluster,graph+geometric0,3OQY,cluster_3OQY,3,234,0.6460570811508681,0.6192679153164717,0.7740484271639768
cluster,graph+geometric0,3P6J,cluster_3P6J,3,125,0.7877777988499669,0.7687021118554437,0.6334357384269322
cluster,graph+geometric0,3PD7,cluster_3PD7,5,188,0.7025111638108443,0.7631645960993556,0.7191648475837988
cluster,graph+geometric0,3PES,cluster_3PES,3,165,0.6288752940262967,0.5989169810880413,0.7956546277167629
cluster,graph+geometric0,3PID,cluster_3PID,4,387,0.53888690646348,0.4928551038931099,0.8540574774661588
cluster,graph+geometric0,3PIW,cluster_3PIW,5,154,0.7556867181123428,0.7231012632388786,0.6804041665759625
cluster,graph+geometric0,3PKV,cluster_3PKV,3,221,0.5575133402682954,0.6200632486815557,0.8308414696298151
cluster,graph+geometric0,3PSM,cluster_3PSM,4,94,0.8108011826743269,0.88473626041473,0.6091504941916602
cluster,graph+geometric0,3PTL,cluster_3PTL,4,289,0.5253555922347323,0.6382508537604461,0.8822144645204264
cluster,graph+geometric0,3PVE,cluster_3PVE,1,347,0.6884045254084373,0.7161802986030569,0.7378934222025083
cluster,graph+geometric0,3PZ9,cluster_3PZ9,4,357,0.7003600486655294,0.705012659353578,0.7216575154789573
cluster,graph+geometric0,3PZZ,cluster_3PZZ,2,12,0.9200267642104275,0.8811188811188813,0.6084020158059879
cluster,graph+geometric0,3Q2X,cluster_3Q2X,4,6,0.9107562813118073,0.6571428571428573,0.4534978271783791
cluster,graph+geometric0,3Q6L,cluster_3Q6L,2,131,0.6027625019734705,0.5671087647425364,0.8020199284985201
cluster,graph+geometric0,3QDS,cluster_3QDS,1,284,0.7338687327352784,0.736304776543433,0.7153320940693577
cluster,graph+geometric0,3QPA,cluster_3QPA,5,197,0.4664284902075331,0.6970421265476772,0.9074851588116779
cluster,graph+geometric0,3R6D,cluster_3R6D,4,221,0.6787129574870495,0.7547778454892076,0.7417574541359504
cluster,graph+geometric0,3R87,cluster_3R87,5,132,0.41154409596241875,0.348194509315314,0.9168183922334958
cluster,graph+geometric0,3RQ9,cluster_3RQ9,1,162,0.5145213301293048,0.5888268062185791,0.9192168661434432
cluster,graph+geometric0,3RY0,cluster_3RY0,1,128,0.5898958889954229,0.6110199497913942,0.8149485200092923
cluster,graph+geometric0,3RZY,cluster_3Q6L,2,139,0.7126199205509821,0.618865631363987,0.7156389575197522
cluster,graph+geometric0,3S0A,cluster_3S0A,2,119,0.5108676545668382,0.5158276301770895,0.8638337921127911
cluster,graph+geometric0,3SD2,cluster_3SD2,1,86,0.45814973389690994,0.5575043401734981,0.8957065100130819
cluster,graph+geometric0,3SEB,cluster_3SEB,3,238,0.6457017195944643,0.7577678398259253,0.7686167145003592
cluster,graph+geometric0,3SED,cluster_3SED,2,124,0.6625173466382294,0.6394070763933264,0.780823297735065
cluster,graph+geometric0,3SO6,cluster_3SO6,1,150,0.6719038276320091,0.6377110997883806,0.749145705686962
cluster,graph+geometric0,3SR3,cluster_3SR3,5,637,0.5670810065886704,0.577541010902452,0.8304999741951546
cluster,graph+geometric0,3SUK,cluster_3SUK,2,248,0.644192220372697,0.6475338238799182,0.7755191357850596
cluster,graph+geometric0,3SZH,cluster_3SZH,2,697,0.7697654000534666,0.7590099176836174,0.6468494797591537
cluster,graph+geometric0,3T0H,cluster_3T0H,5,208,0.7524256129513187,0.8003929924292498,0.6697188018439606
cluster,graph+geometric0,3T3K,cluster_3T3K,3,122,0.7564445488247733,0.8216730472863022,0.671297597336582
cluster,graph+geometric0,3T47,cluster_3T47,4,141,0.5128725658939417,0.5142484080136127,0.8683536835109025
cluster,graph+geometric0,3TDN,cluster_3TDN,3,357,0.47302890008751636,0.4870477848044574,0.8887458988759653
cluster,graph+geometric0,3TOW,cluster_3TOW,1,152,0.5643090616028718,0.7085154443629553,0.8356679672787061
cluster,graph+geometric0,3TUA,cluster_3TUA,2,210,0.653449791242051,0.7831754399516336,0.7706142012283586
cluster,graph+geometric0,3TYS,cluster_3TYS,3,75,0.7432300769361796,0.6703604657183982,0.7341143910983262
cluster,graph+geometric0,3U6G,cluster_3U6G,4,248,0.6183056512743544,0.6027922064073606,0.7890429854180733
cluster,graph+geometric0,3U97,cluster_3U97,5,77,0.6930617527472009,0.657509037191212,0.7269650806355685
cluster,graph+geometric0,3UCI,cluster_3UCI,3,72,0.5242922628528388,0.474821531931314,0.8799618672521048
cluster,graph+geometric0,3UR8,cluster_3UR8,4,637,0.6879583952106278,0.6490210163837518,0.7295138591428502
cluster,graph+geometric0,3US6,cluster_3US6,5,148,0.6346859508592226,0.5335073204284893,0.7871088695661294
cluster,graph+geometric0,3V1A,cluster_3V1A,5,48,0.40160316471552415,0.47747258993796626,0.9183827477623145
cluster,graph+geometric0,3V75,cluster_3V75,2,285,0.564724011842546,0.522862925094514,0.8310833898475799
cluster,graph+geometric0,3VN0,cluster_3VN0,1,193,0.8155608383328524,0.6550016317028604,0.6472705590458603
cluster,graph+geometric0,3VOR,cluster_3VOR,5,182,0.5521296181202955,0.5615309432144476,0.8476620776017169
cluster,graph+geometric0,3VUB,cluster_3VUB,3,101,0.6013486848764314,0.6363519880829424,0.8053341507501073
cluster,graph+geometric0,3VVV,cluster_3VVV,1,108,0.715255359161291,0.5752590726430439,0.7236250226483261
cluster,graph+geometric0,3VZ9,cluster_3VZ9,5,163,0.7453380656258825,0.7304790466431059,0.6735707119582534
cluster,graph+geometric0,3W4Q,cluster_1ES5,3,773,0.7109844591049544,0.7219951835243599,0.7238693970084602
cluster,graph+geometric0,3ZBD,cluster_3ZBD,1,213,0.5305107851999891,0.4255870166838365,0.8589457501155136
cluster,graph+geometric0,3ZIT,cluster_3ZIT,3,152,0.42481428550602807,0.44021812025036244,0.9191471062570165
cluster,graph+geometric0,3ZRX,cluster_3ZRX,3,221,0.5593543847295395,0.5473288419678325,0.8300108869967618
cluster,graph+geometric0,3ZSL,cluster_3ZSL,2,138,0.7061207052723022,0.5908993873895235,0.7291476272029241
cluster,graph+geometric0,3ZZP,cluster_3ZZP,2,74,0.5181161100613849,0.542181610980373,0.8554651280092039
cluster,graph+geometric0,3ZZY,cluster_3ZZY,3,226,0.7106950098817354,0.5993757212233444,0.7067446049395207
cluster,graph+geometric0,4A02,cluster_4A02,2,166,0.4723543452236727,0.6318466107608416,0.892294597970258
cluster,graph+geometric0,4ACJ,cluster_4ACJ,1,167,0.7446998929264036,0.7959541123537485,0.6993755352232072
cluster,graph+geometric0,4AE7,cluster_4AE7,3,186,0.7597981916064501,0.7064355175556437,0.6584127595718839
cluster,graph+geometric0,4AM1,cluster_4AM1,4,345,0.5985765740582335,0.6150164695122758,0.8013408586400343
cluster,graph+geometric0,4ANN,cluster_4ANN,3,176,0.5671218317253416,0.5853495862642099,0.828231319183429
cluster,graph+geometric0,4AVR,cluster_4AVR,1,188,0.6152627417613443,0.7270143019100564,0.8156489537892962
cluster,graph+geometric0,4AXY,cluster_4AXY,4,54,0.6858750545811577,0.6340245487567288,0.7279624674348217
cluster,graph+geometric0,4B6G,cluster_4B6G,3,558,0.7433098958144424,0.7516345933146021,0.6890485712807712
cluster,graph+geometric0,4B9G,cluster_4B9G,5,292,0.7952185884389373,0.7894371543275258,0.6304795163060781
cluster,graph+geometric0,4DD5,cluster_4DD5,1,387,0.6139203423347613,0.6656368852284621,0.7972248217543673
cluster,graph+geometric0,4DKN,cluster_4DKN,3,423,0.7314882505424801,0.7431332362269154,0.718578668719
cluster,graph+geometric0,4DND,cluster_4DND,3,95,0.7517207797332307,0.6852207629547937,0.674708157562063
cluster,graph+geometric0,4DPZ,cluster_4DPZ,1,109,0.7268295296416165,0.6551785652668893,0.6963431100680906
cluster,graph+geometric0,4DQ7,cluster_4DQ7,3,328,0.7164122787127684,0.7307732396398111,0.7058758112229676
cluster,graph+geometric0,4DT4,cluster_4DT4,4,160,0.7327426102925163,0.7315809057551935,0.7415711935189662
cluster,graph+geometric0,4EK3,cluster_4EK3,3,287,0.6838885111063582,0.6954718237324466,0.7365481629133714
cluster,graph+geometric0,4ERY,cluster_4ERY,2,318,0.7047022201414709,0.7604322795414237,0.7305014638977002
cluster,graph+geometric0,4ES1,cluster_4ES1,1,95,0.718817458894308,0.6700192125977553,0.7330513357762866
cluster,graph+geometric0,4EUG,cluster_4EUG,1,225,0.5865127553868983,0.6371381674652757,0.8108809622426852
cluster,graph+geometric0,4F01,cluster_4F01,3,448,0.37051229392704854,0.5395206786580199,0.9804469922116039
cluster,graph+geometric0,4F3J,cluster_4F3J,3,143,0.6037495293670633,0.5270784642449788,0.8033205689165135
cluster,graph+geometric0,4FR9,cluster_4FR9,2,141,0.6119169605426439,0.6292938849829104,0.7963121274510271
cluster,graph+geometric0,4G14,cluster_4G14,1,15,0.589240900019936,0.5642857142857142,0.8792310397875155
cluster,graph+geometric0,4G2E,cluster_4G2E,4,151,0.7375274346923701,0.7961704126540708,0.6799222274196489
cluster,graph+geometric0,4G5X,cluster_4G5X,1,550,0.7521534417961125,0.7449334703203812,0.6769827517335979
cluster,graph+geometric0,4G6C,cluster_4G6C,3,658,0.5817302869476757,0.5595293808629351,0.8194597844806917
cluster,graph+geometric0,4G7X,cluster_4G7X,3,194,0.6342725584214111,0.5740972744255738,0.7872153872632678
cluster,graph+geometric0,4GA2,cluster_4GA2,5,144,0.5358880703054025,0.5528134909356234,0.8452983964958801
cluster,graph+geometric0,4GMQ,cluster_4GMQ,5,92,0.6038554407821753,0.6100827643604643,0.7998636430822859
cluster,graph+geometric0,4GS3,cluster_4GS3,3,90,0.48860498561641735,0.6602295785527588,0.9328457945780615
cluster,graph+geometric0,4H4J,cluster_4H4J,4,236,0.8101795794319444,0.8226165233878657,0.6152539992797447
cluster,graph+geometric0,4H89,cluster_4H89,4,168,0.6124659891436987,0.5760190423376461,0.7920141970808058
cluster,graph+geometric0,4HDE,cluster_4HDE,5,168,0.754976913545141,0.7916546186098464,0.6812082594863762
cluster,graph+geometric0,4HJP,cluster_4HJP,4,281,0.6733082451291891,0.7811813470646991,0.7498240726988192
cluster,graph+geometric0,4HWM,cluster_4HWM,4,117,0.5813286816768902,0.5725851772641765,0.8260361587996581
cluster,graph+geometric0,4IL7,cluster_4IL7,2,85,0.38442017682854085,0.29403257801460403,0.941449830124693
cluster,graph+geometric0,4J11,cluster_4J11,5,357,0.6098396201662835,0.5024275592787075,0.8007822490126005
cluster,graph+geometric0,4J5O,cluster_4J5O,2,220,0.7340254667593102,0.6464833729259042,0.6896325056689002
cluster,graph+geometric0,4J5Q,cluster_2FG1,1,146,0.7445426289454061,0.7705375390787228,0.6848708020132126
cluster,graph+geometric0,4J78,cluster_4J78,3,305,0.6153467415116579,0.7545622014493568,0.7921352739417153
cluster,graph+geometric0,4JG2,cluster_4JG2,2,185,0.7833861406862892,0.8079980933664721,0.6590916043218167
cluster,graph+geometric0,4JVU,cluster_4JVU,4,207,0.7309192593347398,0.8024819888447633,0.693506939685198
cluster,graph+geometric0,4JYP,cluster_4JYP,2,534,0.6451114539680287,0.6963214171051246,0.7685360246619637
cluster,graph+geometric0,4KEF,cluster_4KEF,3,133,0.4968159566574735,0.4380886068214147,0.883285043748794
cluster,graph+geometric0,5CYT,cluster_1CCR,5,103,0.35578813473246884,0.3167007591985641,0.935963746834903
cluster,graph+geometric0,6RXN,cluster_6RXN,1,45,0.5670998163564718,0.5660079051383399,0.8537087282629404
cluster,graph+geometric0+geometric1,1ABA,cluster_1ABA,4,87,0.6252253281482603,0.7275071764096671,0.7835771283209901
cluster,graph+geometric0+geometric1,1AHO,cluster_1AHO,3,64,0.6536306578033626,0.7344406415389779,0.769232813179638
cluster,graph+geometric0+geometric1,1AIE,cluster_1AIE,4,31,0.7043601026090992,0.4028225806451613,0.727299567489471
cluster,graph+geometric0+geometric1,1AKG,cluster_1AKG,2,16,0.5364819878816798,0.7549670918069963,0.863573283059341
cluster,graph+geometric0+geometric1,1ATG,cluster_1ATG,5,231,0.5363993916050236,0.5953651542563745,0.8500597362963513
cluster,graph+geometric0+geometric1,1BGF,cluster_1BGF,2,124,0.5887620019795912,0.42587093802200565,0.8107769978467997
cluster,graph+geometric0+geometric1,1BX7,cluster_1BX7,2,51,0.605649830757886,0.265158371040724,0.8640482199590918
cluster,graph+geometric0+geometric1,1BYI,cluster_1BYI,5,224,0.5542480197262972,0.6025927629827259,0.8363073385901209
cluster,graph+geometric0+geometric1,1CCR,cluster_1CCR,5,111,0.5214051711315445,0.5326231225854025,0.8538931586867807
cluster,graph+geometric0+geometric1,1CYO,cluster_1CYO,2,88,0.6365688992347718,0.5720890096306811,0.783038579413513
cluster,graph+geometric0+geometric1,1DF4,cluster_1DF4,5,57,0.909940874566976,0.8052890847809178,0.5509011816402427
cluster,graph+geometric0+geometric1,1E5K,cluster_1E5K,3,188,0.7591368052668337,0.7505700242714951,0.6629935630570085
cluster,graph+geometric0+geometric1,1ES5,cluster_1ES5,3,260,0.6386355017313889,0.7162359333660052,0.7759893920226131
cluster,graph+geometric0+geometric1,1ETL,cluster_1ETL,3,12,0.7429819854239722,0.7289073352621215,0.7938553061336245
cluster,graph+geometric0+geometric1,1ETM,cluster_1ETM,1,12,0.583893727386581,0.4405353735063205,0.8539715244350592
cluster,graph+geometric0+geometric1,1ETN,cluster_1ETN,4,12,-0.1453410939675419,0.06282694207384003,1.1637344624996964
cluster,graph+geometric0+geometric1,1EW4,cluster_1EW4,2,106,0.6248637885866062,0.6431245309421147,0.7828730726413927
cluster,graph+geometric0+geometric1,1F8R,cluster_1F8R,3,1932,0.7976323217687764,0.7732106910739334,0.6608881640827431
cluster,graph+geometric0+geometric1,1FF4,cluster_1FF4,4,65,0.6256401858371429,0.5800981217361343,0.7850139246048569
cluster,graph+geometric0+geometric1,1FK5,cluster_1FK5,2,93,0.5738607260597373,0.5218643341058242,0.8239737120621314
cluster,graph+geometric0+geometric1,1GCO,cluster_1GCO,4,1044,0.6614923807268646,0.6177830482078273,0.7553476572589752
cluster,graph+geometric0+geometric1,1GK7,cluster_1GK7,3,39,0.8215289392989672,0.6214889425439916,0.609570008122277
cluster,graph+geometric0+geometric1,1GVD,cluster_1GVD,3,52,0.6853829064672924,0.6029753902037316,0.7457406591976982
cluster,graph+geometric0+geometric1,1GXU,cluster_1GXU,1,88,0.648996443186689,0.6145778756727642,0.7769291145952645
cluster,graph+geometric0+geometric1,1H6V,cluster_1H6V,2,2927,0.4945399252359323,0.5499535366331603,0.8816309542872816
cluster,graph+geometric0+geometric1,1HJE,cluster_1HJE,4,13,0.6541759800821705,0.6648351648351648,0.8099331622295114
cluster,graph+geometric0+geometric1,1I71,cluster_1I71,3,83,0.5680236505918073,0.6066298984471797,0.8244869360100333
cluster,graph+geometric0+geometric1,1IDP,cluster_1IDP,2,441,0.747617849957328,0.8791401414480475,0.6764741895863527
cluster,graph+geometric0+geometric1,1IFR,cluster_1IFR,3,113,0.6475936490919216,0.7156901477628083,0.7852120733716317
cluster,graph+geometric0+geometric1,1K8U,cluster_1K8U,2,89,0.490033427353575,0.3660383300949483,0.8852186434177409
cluster,graph+geometric0+geometric1,1KMM,cluster_1KMM,4,1499,0.7265565409416412,0.7514214943175528,0.6976044097494608
cluster,graph+geometric0+geometric1,1KNG,cluster_1KNG,1,144,0.5309680797428864,0.494195568264556,0.8535930232399138
cluster,graph+geometric0+geometric1,1KR4,cluster_1KR4,3,110,0.624975412332656,0.5734586046365122,0.7851232648652855
cluster,graph+geometric0+geometric1,1KYC,cluster_1KYC,5,15,0.7614903029551249,0.7607142857142856,0.7403311637762339
cluster,graph+geometric0+geometric1,1LR7,cluster_1LR7,1,73,0.6140337902648356,0.7019367976328579,0.815839799779872
cluster,graph+geometric0+geometric1,1MF7,cluster_1MF7,2,194,0.6877698937471873,0.7700622299799265,0.7508294880996849
cluster,graph+geometric0+geometric1,1N7E,cluster_1N7E,5,95,0.5646244286054016,0.7085250755402583,0.8270461219169802
cluster,graph+geometric0+geometric1,1NKD,cluster_1NKD,1,59,0.6913222998037224,0.722397569765131,0.802552731617476
cluster,graph+geometric0+geometric1,1NKO,cluster_1NKO,1,122,0.49363915691973065,0.7085389690561441,0.8879117825268398
cluster,graph+geometric0+geometric1,1NLS,cluster_1NLS,5,237,0.5339324236060831,0.7306287499721612,0.851760630511744
cluster,graph+geometric0+geometric1,1NNX,cluster_1NNX,2,93,0.7551700374702688,0.805851897256262,0.6648894940531989
cluster,graph+geometric0+geometric1,1NOA,cluster_1NOA,4,113,0.5313136977160072,0.475628064463264,0.8492195013822829
cluster,graph+geometric0+geometric1,1NOT,cluster_1NOT,3,13,0.5286159535623123,0.6098901098901099,0.9214042503549427
cluster,graph+geometric0+geometric1,1O06,cluster_1O06,1,20,0.9424718035525044,0.7563909774436091,0.38499914719281064
cluster,graph+geometric0+geometric1,1O08,cluster_1O08,5,221,0.34920776567518796,0.5984298847919439,0.9598741778640755
cluster,graph+geometric0+geometric1,1OB4,cluster_1OB4,1,16,0.48520200919194895,0.4205882352941176,0.9579478834346935
cluster,graph+geometric0+geometric1,1OB7,cluster_1OB7,4,16,0.6156126252154842,0.8432673364627853,0.8367302749751632
cluster,graph+geometric0+geometric1,1OPD,cluster_1OPD,2,85,0.4514198018898713,0.4723689289138306,0.8946308465749341
cluster,graph+geometric0+geometric1,1P9I,cluster_1P9I,2,29,0.6892537677774454,0.38029556650246293,0.7326979584923112
cluster,graph+geometric0+geometric1,1PEF,cluster_1PEF,5,18,0.8601879806280344,0.8431372549019607,0.6243501445476085
cluster,graph+geometric0+geometric1,1PEN,cluster_1PEN,5,16,0.5784915037699777,0.5518765290986815,0.8420528832791963
cluster,graph+geometric0+geometric1,1PMY,cluster_1PMY,4,123,0.6777338332764272,0.5916155577605439,0.7610747213933815
cluster,graph+geometric0+geometric1,1PZ4,cluster_1PZ4,2,113,0.7139528796126786,0.6726357442199332,0.7155764059291376
cluster,graph+geometric0+geometric1,1Q9B,cluster_1Q9B,2,43,0.7477682345254801,0.7704620960434914,0.6805992341591386
cluster,graph+geometric0+geometric1,1QAU,cluster_1QAU,3,112,0.6450203522189525,0.6303097605692894,0.7705368063606833
cluster,graph+geometric0+geometric1,1QKI,cluster_1QKI,1,3912,0.5521288134407504,0.6275234572280698,0.8688340604701549
cluster,graph+geometric0+geometric1,1QTO,cluster_1QTO,2,122,0.605608621757055,0.6151840592195376,0.7965953619968068
cluster,graph+geometric0+geometric1,1R29,cluster_1R29,5,122,0.5740726831988027,0.5672224269364148,0.8205641256410816
cluster,graph+geometric0+geometric1,1R7J,cluster_1R7J,1,90,0.76059623492847,0.6167118033811567,0.6670389872878997
cluster,graph+geometric0+geometric1,1RJU,cluster_1RJU,4,36,0.3834965235490944,0.24092664092664096,0.9533988019917524
cluster,graph+geometric0+geometric1,1RRO,cluster_1RRO,5,108,0.31247417211182854,0.22679734681174507,0.9604278805148917
cluster,graph+geometric0+geometric1,1SAU,cluster_1SAU,1,114,0.6398232971380428,0.6415714865633105,0.7854053753886343
cluster,graph+geometric0+geometric1,1TGR,cluster_1TGR,1,104,0.7176253279010917,0.6665955398341524,0.714158313324234
cluster,graph+geometric0+geometric1,1TZV,cluster_1TZV,4,141,0.8011579416390497,0.7699231447003311,0.6236426134410005
cluster,graph+geometric0+geometric1,1U06,cluster_1U06,2,55,0.4729366890864733,0.281823265256259,0.8837394907565536
cluster,graph+geometric0+geometric1,1U7I,cluster_1U7I,3,267,0.7528574737966072,0.7983374229008692,0.6713033431293577
cluster,graph+geometric0+geometric1,1U9C,cluster_1U9C,1,221,0.5815416218740438,0.42117472184370747,0.8238418805152502
cluster,graph+geometric0+geometric1,1UHA,cluster_1UHA,1,82,0.6395187351464945,0.6950881051723519,0.7719257003787516
cluster,graph+geometric0+geometric1,1UKU,cluster_1KR4,3,102,0.6960060628297977,0.5476675148518428,0.7294904819959876
cluster,graph+geometric0+geometric1,1ULR,cluster_1ULR,4,87,0.6048159195782655,0.6426784649001795,0.8128737451765955
cluster,graph+geometric0+geometric1,1UOY,cluster_1UOY,5,64,0.6577538569772382,0.6104465481918737,0.7736950103600075
cluster,graph+geometric0+geometric1,1USE,cluster_1USE,3,40,0.1197815543557078,-0.03133208255159475,1.1638583806487313
cluster,graph+geometric0+geometric1,1USM,cluster_1USM,5,77,0.8343553991869195,0.7273826659199765,0.5933061066107177
cluster,graph+geometric0+geometric1,1UTG,cluster_1UTG,4,70,0.6063720833856479,0.5639800890784357,0.8129567850093905
cluster,graph+geometric0+geometric1,1V05,cluster_1V05,4,96,0.5932187097813045,0.5539955778531651,0.8163434676442186
cluster,graph+geometric0+geometric1,1V70,cluster_1V70,4,105,0.5514721728063429,0.6387806093143621,0.835737485332471
cluster,graph+geometric0+geometric1,1VRZ,cluster_1VRZ,3,21,0.7425567030940607,0.7621833967660572,0.8305059532906052
cluster,graph+geometric0+geometric1,1W2L,cluster_1W2L,4,97,0.571758310729504,0.39662710806603685,0.8243303261505179
cluster,graph+geometric0+geometric1,1WBE,cluster_1WBE,3,204,0.5605920309507444,0.6328110588784045,0.8291520424003805
cluster,graph+geometric0+geometric1,1WHI,cluster_1WHI,1,122,0.5137811976728405,0.6321052275052784,0.8641343963022398
cluster,graph+geometric0+geometric1,1WLY,cluster_1WLY,5,322,0.6807350503950188,0.7232629249128046,0.7410198127227607
cluster,graph+geometric0+geometric1,1WPA,cluster_1WPA,2,107,0.5612848898507535,0.34576923738898785,0.8334469509379743
cluster,graph+geometric0+geometric1,1X3O,cluster_1X3O,3,80,0.5390299208664278,0.5488545994855116,0.8432882821186825
cluster,graph+geometric0+geometric1,1XY1,cluster_1XY1,3,16,0.6470436601449301,0.6270255761982219,1.1748091391077478
cluster,graph+geometric0+geometric1,1XY2,cluster_1XY2,3,8,0.5363597360881507,0.37581969985087577,0.9371641955964644
cluster,graph+geometric0+geometric1,1Y6X,cluster_1Y6X,5,87,0.49825986441263725,0.5564015291371871,0.8790033284785512
cluster,graph+geometric0+geometric1,1YJO,cluster_1YJO,5,6,0.3745984705032639,0.3714285714285715,1.0447932166447613
cluster,graph+geometric0+geometric1,1YZM,cluster_1YZM,5,46,0.8114563297653581,0.6884174183563034,0.7326777811964309
cluster,graph+geometric0+geometric1,1Z21,cluster_1Z21,3,96,0.6327143244384954,0.6717987500220501,0.7785048228809336
cluster,graph+geometric0+geometric1,1ZCE,cluster_1ZCE,2,146,0.7626533337037296,0.7921875602882277,0.679537888032546
cluster,graph+geometric0+geometric1,1ZVA,cluster_1ZVA,1,75,0.5796229775544769,0.5166581321668091,0.815337195614695
cluster,graph+geometric0+geometric1,2A50,cluster_2A50,4,457,0.5561396710470339,0.6206163854782616,0.8432549109351624
cluster,graph+geometric0+geometric1,2AGK,cluster_2AGK,2,233,0.6605152759492071,0.7068154144591342,0.7592536087590359
cluster,graph+geometric0+geometric1,2AH1,cluster_2AH1,5,939,0.548441891748273,0.5718326120003734,0.8553462918283843
cluster,graph+geometric0+geometric1,2B0A,cluster_2B0A,4,186,0.5992936689932469,0.6139153575857128,0.814035010332292
cluster,graph+geometric0+geometric1,2BCM,cluster_2BCM,4,413,0.5636136552015446,0.50544048206358,0.8265978352461988
cluster,graph+geometric0+geometric1,2BF9,cluster_2BF9,5,36,0.5731105667114142,0.4677263668865486,0.8690516318574247
cluster,graph+geometric0+geometric1,2BRF,cluster_2BRF,4,100,0.7662341491068877,0.7211240733413263,0.6924284098708837
cluster,graph+geometric0+geometric1,2C71,cluster_2C71,5,205,0.631543658236123,0.6713736645034134,0.8076434139274132
cluster,graph+geometric0+geometric1,2CE0,cluster_2CE0,2,99,0.5910354395108595,0.5761225507158367,0.8075705773217255
cluster,graph+geometric0+geometric1,2CG7,cluster_2CG7,5,90,0.5290069145998293,0.511590194588092,0.8560552052620815
cluster,graph+geometric0+geometric1,2COV,cluster_2COV,3,534,0.7723267668721909,0.7355187991131172,0.6514432801834046
cluster,graph+geometric0+geometric1,2CWS,cluster_2CWS,4,227,0.6703991242602365,0.7058982850188472,0.7547878238274274
cluster,graph+geometric0+geometric1,2D5W,cluster_2D5W,5,1214,0.7036367830674289,0.6731790331730626,0.7318845714232091
cluster,graph+geometric0+geometric1,2DKO,cluster_2DKO,2,253,0.7902520402000434,0.6857916056821963,0.6171534400832461
cluster,graph+geometric0+geometric1,2DPL,cluster_2DPL,5,565,0.4804257306372687,0.5343510683479143,0.8880871262064647
cluster,graph+geometric0+geometric1,2DSX,cluster_2DSX,4,52,0.40102573836982824,0.2535379629096278,0.9182946964540122
cluster,graph+geometric0+geometric1,2E10,cluster_2E10,5,439,0.782247229415661,0.8085419647719052,0.6349705176945064
cluster,graph+geometric0+geometric1,2E3H,cluster_2E3H,4,81,0.6972401797265378,0.6855019934599592,0.7177720030887731
cluster,graph+geometric0+geometric1,2EAQ,cluster_2EAQ,4,89,0.6891043633744817,0.4906940419285146,0.7437933575559689
cluster,graph+geometric0+geometric1,2EHP,cluster_2EHP,3,248,0.7686182861692527,0.7919129432459344,0.6586700786748861
cluster,graph+geometric0+geometric1,2EHS,cluster_1X3O,3,75,0.6960226534362286,0.7097825005341231,0.7435306132031237
cluster,graph+geometric0+geometric1,2ERW,cluster_2ERW,3,53,0.28522865556128824,0.11692369742177053,1.0183489293559975
cluster,graph+geometric0+geometric1,2ETX,cluster_2ETX,1,389,0.5402620573390781,0.5560600289934442,0.8499792978465394
cluster,graph+geometric0+geometric1,2FB6,cluster_2FB6,5,116,0.7836055797450047,0.6675867535077441,0.6828815634050193
cluster,graph+geometric0+geometric1,2FG1,cluster_2FG1,1,157,0.6143361109548214,0.5460086410143495,0.7911577381035915
cluster,graph+geometric0+geometric1,2FN9,cluster_2FN9,2,560,0.5881684722953204,0.5721632258199224,0.81238178332146
cluster,graph+geometric0+geometric1,2FQ3,cluster_2FQ3,2,85,0.6750901405463153,0.6905217901113934,0.7648357373372333
cluster,graph+geometric0+geometric1,2G69,cluster_2G69,1,99,0.6401548651713054,0.6404925200649386,0.7775106412943414
cluster,graph+geometric0+geometric1,2G7O,cluster_2G7O,2,68,0.7639364561758322,0.4088336635038214,0.7205789816404299
cluster,graph+geometric0+geometric1,2G7S,cluster_2G7S,1,190,0.6388134302675922,0.6137376506764917,0.7854937383669232
cluster,graph+geometric0+geometric1,2GKG,cluster_2GKG,5,122,0.6813837122968138,0.5264940602128667,0.7558795637892192
cluster,graph+geometric0+geometric1,2GOM,cluster_2GOM,4,121,0.5918251650568064,0.451206232286806,0.8113549621552846
cluster,graph+geometric0+geometric1,2GXG,cluster_2GXG,1,140,0.6996294962163164,0.686449897408399,0.7340904369658495
cluster,graph+geometric0+geometric1,2GZQ,cluster_2GZQ,5,191,0.41823449625491366,0.35493399665205166,0.9289131745065827
cluster,graph+geometric0+geometric1,2HQK,cluster_2HQK,1,213,0.7854330780059825,0.7432927353975615,0.6859671383657985
cluster,graph+geometric0+geometric1,2HYK,cluster_2HYK,1,237,0.5963288017092331,0.5673783992030771,0.8058963612109933
cluster,graph+geometric0+geometric1,2I24,cluster_2I24,4,113,0.5091464271484423,0.4756298398705982,0.8622380939923596
cluster,graph+geometric0+geometric1,2I49,cluster_2I49,3,398,0.681744279213175,0.6881314426217311,0.7475899624910983
cluster,graph+geometric0+geometric1,2IBL,cluster_2IBL,2,108,0.6306412162996857,0.647063446932128,0.9003382360427472
cluster,graph+geometric0+geometric1,2IGD,cluster_2IGD,1,61,0.5344794509975822,0.5555937493679216,0.8492271347624323
cluster,graph+geometric0+geometric1,2IMF,cluster_2IMF,3,203,0.6352228192316731,0.6173755028474768,0.7744234467357645
cluster,graph+geometric0+geometric1,2IP6,cluster_2IP6,5,87,0.6303645254771547,0.4191134926972379,0.7808983473125236
cluster,graph+geometric0+geometric1,2IVY,cluster_2IVY,3,88,0.49386535911725543,0.44005723724257045,0.8817531241865116
cluster,graph+geometric0+geometric1,2J32,cluster_2J32,4,244,0.8284088204886835,0.7212713224724028,0.5813530243137266
cluster,graph+geometric0+geometric1,2J9W,cluster_2J9W,1,200,0.6861593989637541,0.6770209954320289,0.739135597306858
cluster,graph+geometric0+geometric1,2JKU,cluster_2JKU,1,35,0.5517973471996083,0.22200434258518142,0.946852211464485
cluster,graph+geometric0+geometric1,2JLI,cluster_2JLI,4,100,0.6118463778348412,0.4924795901390117,0.7935029617528638
cluster,graph+geometric0+geometric1,2JLJ,cluster_2JLI,4,115,0.7561690570638933,0.6217279888857639,0.6710987364551373
cluster,graph+geometric0+geometric1,2MCM,cluster_1NOA,4,112,0.7776959746810509,0.693597056407034,0.6878577558612196
cluster,graph+geometric0+geometric1,2NLS,cluster_2NLS,2,36,0.47579394670021274,0.398970398970399,0.8861631324781127
cluster,graph+geometric0+geometric1,2NR7,cluster_2NR7,4,194,0.8148573067771859,0.7295269699062292,0.6144836646716272
cluster,graph+geometric0+geometric1,2NUH,cluster_1KR4,3,104,0.655662303813118,0.5734701825686234,0.7664339283432489
cluster,graph+geometric0+geometric1,2O6X,cluster_2O6X,2,306,0.798945974192904,0.7965527242490074,0.6192407626574773
cluster,graph+geometric0+geometric1,2OA2,cluster_2OA2,4,132,0.480298112253911,0.38399997918380696,0.884124129476524
cluster,graph+geometric0+geometric1,2OCT,cluster_2OCT,4,192,0.5465619258568726,0.5645439540621433,0.8556468807174611
cluster,graph+geometric0+geometric1,2OHW,cluster_2OHW,4,256,0.5769023494067002,0.6527645477649825,0.8278239206038799
cluster,graph+geometric0+geometric1,2OKT,cluster_2OKT,5,342,0.3905309570853835,0.3923171252763592,0.95638065640135
cluster,graph+geometric0+geometric1,2OL9,cluster_2OL9,1,6,0.8404211062397752,0.7142857142857143,0.5729898620585104
cluster,graph+geometric0+geometric1,2OLX,cluster_2OLX,3,4,0.8804703208203162,0.7999999999999999,0.8633760984473255
cluster,graph+geometric0+geometric1,2PKT,cluster_2PKT,1,91,-0.01668345776804281,0.05829958873108708,1.1135547446845904
cluster,graph+geometric0+geometric1,2PLT,cluster_2PLT,2,98,0.4428172284791605,0.505023972263656,0.903917376137109
cluster,graph+geometric0+geometric1,2PMR,cluster_2PMR,4,76,0.6425553434725914,0.7631546570044216,0.7708193690076901
cluster,graph+geometric0+geometric1,2POF,cluster_2POF,4,440,0.6807760094561756,0.7146372019109712,0.736349667161764
cluster,graph+geometric0+geometric1,2PPN,cluster_2PPN,5,107,0.6212328110600766,0.7193547915221845,0.799449384102244
cluster,graph+geometric0+geometric1,2PSF,cluster_2PSF,4,608,0.5256153492414274,0.4896066645896374,0.8539187530232112
cluster,graph+geometric0+geometric1,2PTH,cluster_2PTH,3,193,0.7275409778547174,0.8027060310724787,0.7058785901945226
cluster,graph+geometric0+geometric1,2Q4N,cluster_2Q4N,2,153,0.6550649240206118,0.5569551119646701,0.7675631870853119
cluster,graph+geometric0+geometric1,2Q52,cluster_1WBE,3,412,0.7690733588286607,0.7507059772102969,0.6675541224809023
cluster,graph+geometric0+geometric1,2QJL,cluster_2QJL,5,99,0.6179204730197738,0.6802581415176877,0.8000779844466116
cluster,graph+geometric0+geometric1,2R16,cluster_2R16,1,175,0.5646828093183043,0.4456656699378517,0.835282227221922
cluster,graph+geometric0+geometric1,2R6Q,cluster_2R6Q,3,138,0.5520692582152201,0.41837866964765663,0.838722394878745
cluster,graph+geometric0+geometric1,2RB8,cluster_2RB8,4,93,0.6498942367072982,0.5189213789169619,0.7663694479160879
cluster,graph+geometric0+geometric1,2RE2,cluster_2RE2,2,238,0.6557956843414869,0.4694214538197229,0.7567248859191197
cluster,graph+geometric0+geometric1,2RFR,cluster_2RFR,2,154,0.6845519529536104,0.46828554233242214,0.7312362830833953
cluster,graph+geometric0+geometric1,2V9V,cluster_2V9V,1,135,0.5437657927715726,0.44942455581258745,0.8394196494822226
cluster,graph+geometric0+geometric1,2VE8,cluster_2VE8,1,515,0.7131289480628594,0.6224726545066749,0.7051374780460884
cluster,graph+geometric0+geometric1,2VH7,cluster_2VH7,5,94,0.727521434219495,0.7331589748275885,0.7041671347640232
cluster,graph+geometric0+geometric1,2VIM,cluster_2VIM,5,104,0.3625959140978446,0.3800434765551418,0.9411228606191164
cluster,graph+geometric0+geometric1,2VPA,cluster_2VPA,2,204,0.749532579842423,0.7623934729138042,0.7683931399061125
cluster,graph+geometric0+geometric1,2VQ4,cluster_2VQ4,4,106,0.6750356560954474,0.752163321941652,0.7393493551761434
cluster,graph+geometric0+geometric1,2VY8,cluster_2VY8,5,149,0.7431914028891992,0.7733988763486825,0.680253514105893
cluster,graph+geometric0+geometric1,2VYO,cluster_2C71,5,206,0.7237109403929023,0.7362205021721002,0.711226923002243
cluster,graph+geometric0+geometric1,2W1V,cluster_2W1V,5,548,0.6812475480213651,0.7498524247951587,0.7473800541242885
cluster,graph+geometric0+geometric1,2W2A,cluster_2W2A,3,350,0.6455384373521034,0.6908239528535715,0.7652659531993334
cluster,graph+geometric0+geometric1,2W6A,cluster_2W6A,3,117,0.7679822867114849,0.5088119592158911,0.66002322953767
cluster,graph+geometric0+geometric1,2WJ5,cluster_2WJ5,2,96,0.553346242313681,0.5728412814794385,0.8882451446540529
cluster,graph+geometric0+geometric1,2WUJ,cluster_2WUJ,1,100,0.48277234438881367,0.24101554765238986,0.8796055259235946
cluster,graph+geometric0+geometric1,2WW7,cluster_2WW7,3,150,0.4740526086649342,0.5327316980912806,0.9467092838328447
cluster,graph+geometric0+geometric1,2WWE,cluster_2WWE,4,111,0.5538382976787187,0.47133129179087024,0.8345944346238917
cluster,graph+geometric0+geometric1,2X1Q,cluster_2X1Q,5,240,0.4661057216678502,0.395591321889613,0.8972747466266999
cluster,graph+geometric0+geometric1,2X25,cluster_2X25,2,168,0.6191981269575594,0.6934594896903404,0.7956859445290155
cluster,graph+geometric0+geometric1,2X3M,cluster_2X3M,3,166,0.7290458780836454,0.6135136713149104,0.7223117969850025
cluster,graph+geometric0+geometric1,2X5Y,cluster_2X5Y,4,171,0.7171646095111534,0.7023868739107504,0.7196231697187652
cluster,graph+geometric0+geometric1,2X9Z,cluster_2X9Z,5,262,0.5835655899300518,0.5912309159318069,0.8123869693841487
cluster,graph+geometric0+geometric1,2XHF,cluster_2XHF,5,310,0.5955699719985926,0.6388058817730999,0.8045701390204368
cluster,graph+geometric0+geometric1,2Y0T,cluster_2Y0T,3,101,0.7792210009307778,0.7508830991126001,0.6373546667025082
cluster,graph+geometric0+geometric1,2Y72,cluster_2Y72,5,170,0.7303970835635468,0.6878783382720709,0.7096065599564457
cluster,graph+geometric0+geometric1,2Y7L,cluster_2Y7L,4,319,0.7296918974974527,0.6979884367042009,0.6998274009787115
cluster,graph+geometric0+geometric1,2Y9F,cluster_2Y9F,4,149,0.7728847797873323,0.8569156008594181,0.6383589141460081
cluster,graph+geometric0+geometric1,2YLB,cluster_2YLB,2,400,0.7439572462869259,0.7927323969810481,0.670894635466167
cluster,graph+geometric0+geometric1,2YNY,cluster_2YNY,1,315,0.7241832677535922,0.7234634954608309,0.7234447298384872
cluster,graph+geometric0+geometric1,2ZCM,cluster_2ZCM,1,357,0.43416194397943464,0.36404782721860585,0.9031637922241815
cluster,graph+geometric0+geometric1,2ZU1,cluster_2ZU1,2,360,0.709165904779061,0.7579922094008336,0.7097191846592753
cluster,graph+geometric0+geometric1,3A0M,cluster_3A0M,1,148,0.718490724489154,0.577936176262883,0.7383167871223344
cluster,graph+geometric0+geometric1,3A7L,cluster_3A7L,4,128,0.7051521341393615,0.6063593887870544,0.7331891201651608
cluster,graph+geometric0+geometric1,3AMC,cluster_3AMC,2,614,0.7171346011775547,0.7702555744000652,0.7266155480006905
cluster,graph+geometric0+geometric1,3AUB,cluster_3AUB,1,116,0.6299658461523858,0.6931271241714061,0.7875240562296933
cluster,graph+geometric0+geometric1,3B5O,cluster_3B5O,1,230,0.6173235475061324,0.6056892958138546,0.787979719496096
cluster,graph+geometric0+geometric1,3BA1,cluster_3BA1,4,312,0.652778716349889,0.5701409215350256,0.7583240965778961
cluster,graph+geometric0+geometric1,3BED,cluster_3BED,1,261,0.8201729109005481,0.8295128366997931,0.6081671453960763
cluster,graph+geometric0+geometric1,3BQX,cluster_3BQX,4,139,0.4706105337684674,0.4850713672099269,0.9095544045037431
cluster,graph+geometric0+geometric1,3BZQ,cluster_3BZQ,3,99,0.5681537030644149,0.5503002492390282,0.827651441411014
cluster,graph+geometric0+geometric1,3BZZ,cluster_3BZZ,5,100,0.4545100795682557,0.4489263201837425,0.9134249748255993
cluster,graph+geometric0+geometric1,3DRF,cluster_3DRF,4,547,0.5696236604251922,0.5649339816839276,0.824349152135134
cluster,graph+geometric0+geometric1,3DWV,cluster_3DWV,2,325,0.647688267244044,0.7201964873473992,0.7678545150467339
cluster,graph+geometric0+geometric1,3E5T,cluster_2HQK,1,228,0.5207010137886836,0.4489970622911159,0.8558288361254139
cluster,graph+geometric0+geometric1,3E7R,cluster_3E7R,4,40,0.7402279421138491,0.7815358711348473,0.7128668327426693
cluster,graph+geometric0+geometric1,3EUR,cluster_3EUR,3,140,0.3999569254850416,0.38097164487696206,0.9297100220760074
cluster,graph+geometric0+geometric1,3F2Z,cluster_3F2Z,3,149,0.7823673454782417,0.7509337243851232,0.6506778948291999
cluster,graph+geometric0+geometric1,3F7E,cluster_3F7E,3,254,0.7482878251813482,0.8097696272845827,0.6708846050215026
cluster,graph+geometric0+geometric1,3FCN,cluster_3FCN,1,158,0.6201167057616104,0.5391737176776177,0.7881157271293513
cluster,graph+geometric0+geometric1,3FE7,cluster_3FE7,3,91,0.5025043801412784,0.5398057788939657,0.8663046327830835
cluster,graph+geometric0+geometric1,3FKE,cluster_3FKE,5,250,0.5135263669773813,0.5036213010712389,0.8650459888131764
cluster,graph+geometric0+geometric1,3FMY,cluster_3FMY,2,66,0.6420948065149762,0.6362725452288144,0.7742130642890876
cluster,graph+geometric0+geometric1,3FOD,cluster_3FOD,1,48,0.4035334752344677,0.458882918767523,1.0475416533741835
cluster,graph+geometric0+geometric1,3FSO,cluster_3FSO,2,221,0.8055580825078698,0.6009529008520922,0.6221382148003183
cluster,graph+geometric0+geometric1,3FTD,cluster_3FTD,1,240,0.7119457087871877,0.6763752022652357,0.7182691030329503
cluster,graph+geometric0+geometric1,3FVA,cluster_3FVA,1,6,0.669936532653436,0.7775419143502353,0.7605471624953539
cluster,graph+geometric0+geometric1,3G1S,cluster_3G1S,1,418,0.644803908378931,0.7072517932271842,0.7722130692480002
cluster,graph+geometric0+geometric1,3GBW,cluster_3GBW,4,161,0.7411404491069198,0.8394289407600483,0.6875541018612038
cluster,graph+geometric0+geometric1,3GHJ,cluster_3GHJ,5,116,0.5622912507357715,0.5419734055066592,0.8298225277271797
cluster,graph+geometric0+geometric1,3HFO,cluster_3HFO,4,197,0.6444115428076512,0.6640765071968076,0.7703802051869179
cluster,graph+geometric0+geometric1,3HHP,cluster_3HHP,5,1234,0.7491803171081359,0.7906462020472848,0.683752568532965
cluster,graph+geometric0+geometric1,3HNY,cluster_3HNY,5,156,0.7271581048439785,0.739171459640025,0.6973410240784533
cluster,graph+geometric0+geometric1,3HP4,cluster_3HP4,4,183,0.5231674671997169,0.44478614257208576,0.8579714607790803
cluster,graph+geometric0+geometric1,3HWU,cluster_3HWU,2,144,0.7506085713629458,0.7267009289808671,0.6657182452985987
cluster,graph+geometric0+geometric1,3HYD,cluster_3HYD,5,7,0.8725025012555176,0.4642857142857144,0.6666204456877974
cluster,graph+geometric0+geometric1,3HZ8,cluster_3HZ8,2,192,0.5074963071642373,0.477352000571901,0.8687899368667542
cluster,graph+geometric0+geometric1,3I2V,cluster_3I2V,3,124,0.42015512211268835,0.42890907260690764,0.9321179088006881
cluster,graph+geometric0+geometric1,3I2Z,cluster_3I2Z,5,138,0.571578336264136,0.5770086521025577,0.8246560075971007
cluster,graph+geometric0+geometric1,3I4O,cluster_3I4O,1,135,0.7568910368884911,0.7180692216653211,0.6573214946078118
cluster,graph+geometric0+geometric1,3I7M,cluster_3I7M,2,134,0.6338759676305836,0.5505612374023082,0.7745851486353518
cluster,graph+geometric0+geometric1,3IHS,cluster_1OPD,2,169,0.6093717894933529,0.49184271178369576,0.7993926037230727
cluster,graph+geometric0+geometric1,3IVV,cluster_3IVV,4,149,0.7866529254575622,0.7737824339281981,0.6325170358779393
cluster,graph+geometric0+geometric1,3K6Y,cluster_3K6Y,2,227,0.6113401545671953,0.6100824968927696,0.7945309164353037
cluster,graph+geometric0+geometric1,3KBE,cluster_3KBE,5,140,0.6909324843195204,0.6793729376691922,0.7236884561682917
cluster,graph+geometric0+geometric1,3KGK,cluster_3KGK,2,190,0.7915534181416776,0.777710953271206,0.6213729989027823
cluster,graph+geometric0+geometric1,3KZD,cluster_3KZD,3,85,0.6220642923160317,0.6760897820898528,0.789848184545043
cluster,graph+geometric0+geometric1,3L41,cluster_2ETX,1,220,0.7040544698571645,0.6870598166423657,0.7141313552856041
cluster,graph+geometric0+geometric1,3LAA,cluster_3LAA,3,169,0.6018959233923431,0.5174592460492575,0.8824296252275028
cluster,graph+geometric0+geometric1,3LAX,cluster_3LAX,3,106,0.7488551588094308,0.7323782581632786,0.6797754588810277
cluster,graph+geometric0+geometric1,3LG3,cluster_3LG3,4,833,0.6001303886488883,0.6188195942702003,0.8378189911470219
cluster,graph+geometric0+geometric1,3LJI,cluster_3LJI,5,272,0.5959602773291435,0.5295438238077206,0.8040531332291027
cluster,graph+geometric0+geometric1,3M3P,cluster_3M3P,1,249,0.6078437982809628,0.6358779214012109,0.7955426991412071
cluster,graph+geometric0+geometric1,3M8J,cluster_3M8J,1,178,0.702541491348285,0.7565928273002035,0.716631888170703
cluster,graph+geometric0+geometric1,3M9J,cluster_3M9J,3,210,0.5221526155848906,0.5360748397484799,0.8574491248315622
cluster,graph+geometric0+geometric1,3M9Q,cluster_3M9Q,2,176,0.47003096030785213,0.5267130498369639,0.9244386169081199
cluster,graph+geometric0+geometric1,3MAB,cluster_1OPD,2,173,0.652297048552513,0.5695826783456431,0.7592214560961112
cluster,graph+geometric0+geometric1,3MD4,cluster_3MD4,2,12,0.7722570066815586,0.8231186002975569,0.7292536722301621
cluster,graph+geometric0+geometric1,3MD5,cluster_3MD5,5,12,0.6073135234894947,0.6993006993006995,0.9461770609427819
cluster,graph+geometric0+geometric1,3MEA,cluster_3MEA,2,166,0.6633871469204095,0.7356843969463669,0.7600669881247921
cluster,graph+geometric0+geometric1,3MGN,cluster_3MGN,2,348,0.1870562918101405,0.2639651832127761,1.1883238974258439
cluster,graph+geometric0+geometric1,3MRE,cluster_3MRE,5,383,0.6662694707759376,0.7462359576395142,0.7550297520143905
cluster,graph+geometric0+geometric1,3N11,cluster_3N11,1,325,0.5532876570427808,0.615824848627107,0.8398804411989341
cluster,graph+geometric0+geometric1,3NE0,cluster_3NE0,1,208,0.693075488648738,0.6902063389052384,0.7310939367214505
cluster,graph+geometric0+geometric1,3NGG,cluster_3NGG,1,94,0.7351590464520025,0.6165127805151722,0.7052834259294127
cluster,graph+geometric0+geometric1,3NPV,cluster_3NPV,5,495,0.5863006189408518,0.5611100428441027,0.8145822321218458
cluster,graph+geometric0+geometric1,3NVG,cluster_3NVG,2,6,0.644847335658865,0.6571428571428573,0.7740598649915637
cluster,graph+geometric0+geometric1,3NZL,cluster_3NZL,5,73,0.581020882740319,0.5895665731629524,0.8170452332476874
cluster,graph+geometric0+geometric1,3O0P,cluster_3O0P,5,194,0.7180749074634132,0.7042569505032391,0.6970542314113752
cluster,graph+geometric0+geometric1,3O5P,cluster_3O5P,5,128,0.7247108968455822,0.6689623502777091,0.6980166351831786
cluster,graph+geometric0+geometric1,3OBQ,cluster_3OBQ,2,150,0.6260710700838672,0.37934866091651664,0.7839771469396221
cluster,graph+geometric0+geometric1,3OQY,cluster_3OQY,3,234,0.6391962219182667,0.6177651777022194,0.7808329746845347
cluster,graph+geometric0+geometric1,3P6J,cluster_3P6J,3,125,0.800756379662698,0.7741952331650485,0.6154004718839978
cluster,graph+geometric0+geometric1,3PD7,cluster_3PD7,5,188,0.7013567920907248,0.7746960905347546,0.7203075767594592
cluster,graph+geometric0+geometric1,3PES,cluster_3PES,3,165,0.6210020979137431,0.5824833567391077,0.8026129368258522
cluster,graph+geometric0+geometric1,3PID,cluster_3PID,4,387,0.5316741663330347,0.4829067679316297,0.8570994646092653
cluster,graph+geometric0+geometric1,3PIW,cluster_3PIW,5,154,0.7580036477850389,0.721588155387607,0.6768031644062337
cluster,graph+geometric0+geometric1,3PKV,cluster_3PKV,3,221,0.5657768556969991,0.6300363938440019,0.8250181803924559
cluster,graph+geometric0+geometric1,3PSM,cluster_3PSM,4,94,0.8116518170752024,0.8813695246308897,0.6101402838962666
cluster,graph+geometric0+geometric1,3PTL,cluster_3PTL,4,289,0.5197448370845345,0.6283151215661296,0.8883350032412995
cluster,graph+geometric0+geometric1,3PVE,cluster_3PVE,1,347,0.6961259127893666,0.7191424284472422,0.7312811995384018
cluster,graph+geometric0+geometric1,3PZ9,cluster_3PZ9,4,357,0.6983962045782887,0.7058943532661432,0.7256799950081209
cluster,graph+geometric0+geometric1,3PZZ,cluster_3PZZ,2,12,0.9338854969453754,0.8811188811188813,0.6312644784691355
cluster,graph+geometric0+geometric1,3Q2X,cluster_3Q2X,4,6,0.8846506452603377,0.6,0.5180500528571855
cluster,graph+geometric0+geometric1,3Q6L,cluster_3Q6L,2,131,0.6067081200456826,0.5729808650603877,0.8004278313686007
cluster,graph+geometric0+geometric1,3QDS,cluster_3QDS,1,284,0.7382435128671271,0.737419607979637,0.712146378335006
cluster,graph+geometric0+geometric1,3QPA,cluster_3QPA,5,197,0.4514239135348416,0.7033222661367962,0.9184622501459871
cluster,graph+geometric0+geometric1,3R6D,cluster_3R6D,4,221,0.6758161207171437,0.7583994467985123,0.7448547425948955
cluster,graph+geometric0+geometric1,3R87,cluster_3R87,5,132,0.42809289165201414,0.3541323704853797,0.907997453890309
cluster,graph+geometric0+geometric1,3RQ9,cluster_3RQ9,1,162,0.5202724755950197,0.6066024701432294,0.9103243608102947
cluster,graph+geometric0+geometric1,3RY0,cluster_3RY0,1,128,0.5843430058593169,0.6133976151872288,0.8211311517479057
cluster,graph+geometric0+geometric1,3RZY,cluster_3Q6L,2,139,0.7155357421882318,0.6274944395648625,0.7140587925476961
cluster,graph+geometric0+geometric1,3S0A,cluster_3S0A,2,119,0.5206450925488019,0.5294689465235141,0.8573653670504099
cluster,graph+geometric0+geometric1,3SD2,cluster_3SD2,1,86,0.46677727718988493,0.5590044533901908,0.8913391645100766
cluster,graph+geometric0+geometric1,3SEB,cluster_3SEB,3,238,0.6369199387871907,0.7631901507460964,0.7759313373427904
cluster,graph+geometric0+geometric1,3SED,cluster_3SED,2,124,0.6796238838527906,0.6529555700876378,0.767339455052216
cluster,graph+geometric0+geometric1,3SO6,cluster_3SO6,1,150,0.6858605264251243,0.657121878300119,0.7367725974561559
cluster,graph+geometric0+geometric1,3SR3,cluster_3SR3,5,637,0.5751081006540675,0.5757329581629915,0.825834398654287
cluster,graph+geometric0+geometric1,3SUK,cluster_3SUK,2,248,0.6446650240559658,0.6523392930515696,0.7725367999330441
cluster,graph+geometric0+geometric1,3SZH,cluster_3SZH,2,697,0.7778498640658769,0.7656891984384014,0.6414531624670894
cluster,graph+geometric0+geometric1,3T0H,cluster_3T0H,5,208,0.746944446837454,0.8027606817052519,0.6765165251952644
cluster,graph+geometric0+geometric1,3T3K,cluster_3T3K,3,122,0.7486549020548904,0.8211641506831029,0.6834163223381906
cluster,graph+geometric0+geometric1,3T47,cluster_3T47,4,141,0.5056610289572634,0.5030234922961613,0.8734816681325616
cluster,graph+geometric0+geometric1,3TDN,cluster_3TDN,3,357,0.4703789665130138,0.4902068970617411,0.8887002715388576
cluster,graph+geometric0+geometric1,3TOW,cluster_3TOW,1,152,0.5752233731971553,0.7076047473464229,0.8258072432725388
cluster,graph+geometric0+geometric1,3TUA,cluster_3TUA,2,210,0.6533122835917626,0.7875429396895647,0.7686505654383659
cluster,graph+geometric0+geometric1,3TYS,cluster_3TYS,3,75,0.7818835614971058,0.655765455897134,0.7062239627739426
cluster,graph+geometric0+geometric1,3U6G,cluster_3U6G,4,248,0.6170514965432539,0.5975115568370478,0.790806850913556
cluster,graph+geometric0+geometric1,3U97,cluster_3U97,5,77,0.7070539878722114,0.6629116004516196,0.7155996389332114
cluster,graph+geometric0+geometric1,3UCI,cluster_3UCI,3,72,0.5023961332901685,0.4711557013312754,0.8916453230146562
cluster,graph+geometric0+geometric1,3UR8,cluster_3UR8,4,637,0.6932118138820591,0.6517166011707992,0.7264826296129809
cluster,graph+geometric0+geometric1,3US6,cluster_3US6,5,148,0.6349568381369166,0.5206378292478008,0.7841379357213709
cluster,graph+geometric0+geometric1,3V1A,cluster_3V1A,5,48,0.3940556544921947,0.47589838517350513,0.9228994376477461
cluster,graph+geometric0+geometric1,3V75,cluster_3V75,2,285,0.5682860903334365,0.5216022087463507,0.8287136768153974
cluster,graph+geometric0+geometric1,3VN0,cluster_3VN0,1,193,0.8139223862708256,0.651421913489834,0.6502252218857749
cluster,graph+geometric0+geometric1,3VOR,cluster_3VOR,5,182,0.5545279526923306,0.5676530834462753,0.8491906074932191
cluster,graph+geometric0+geometric1,3VUB,cluster_3VUB,3,101,0.6069634776911671,0.6346921065460385,0.802551967173584
cluster,graph+geometric0+geometric1,3VVV,cluster_3VVV,1,108,0.7211319448714554,0.5852004106516229,0.7171207491236634
cluster,graph+geometric0+geometric1,3VZ9,cluster_3VZ9,5,163,0.7480067410608097,0.7330020582129335,0.6716128252739426
cluster,graph+geometric0+geometric1,3W4Q,cluster_1ES5,3,773,0.7108122671523953,0.7301429246457978,0.7276623212241212
cluster,graph+geometric0+geometric1,3ZBD,cluster_3ZBD,1,213,0.5426828211800795,0.4355456707909368,0.8506393134811133
cluster,graph+geometric0+geometric1,3ZIT,cluster_3ZIT,3,152,0.41531048594445835,0.4317502842727464,0.9222435971257531
cluster,graph+geometric0+geometric1,3ZRX,cluster_3ZRX,3,221,0.5561014507394908,0.5495757337999297,0.8317671594130538
cluster,graph+geometric0+geometric1,3ZSL,cluster_3ZSL,2,138,0.7077433774504615,0.5898080170917596,0.727845821879966
cluster,graph+geometric0+geometric1,3ZZP,cluster_3ZZP,2,74,0.467493673823172,0.5163091369464284,0.8846431363323979
cluster,graph+geometric0+geometric1,3ZZY,cluster_3ZZY,3,226,0.7227537900478461,0.615727043072637,0.6949039695662993
cluster,graph+geometric0+geometric1,4A02,cluster_4A02,2,166,0.49743221996690307,0.6504404812774527,0.8780913483745442
cluster,graph+geometric0+geometric1,4ACJ,cluster_4ACJ,1,167,0.7524352853551506,0.8047933802989927,0.693939688103815
cluster,graph+geometric0+geometric1,4AE7,cluster_4AE7,3,186,0.7654746375222685,0.7056923517438702,0.6512458316979395
cluster,graph+geometric0+geometric1,4AM1,cluster_4AM1,4,345,0.6038629295861245,0.6175641549628502,0.7976560842416925
cluster,graph+geometric0+geometric1,4ANN,cluster_4ANN,3,176,0.5713532151479451,0.5971227020237874,0.8248252135457974
cluster,graph+geometric0+geometric1,4AVR,cluster_4AVR,1,188,0.6245578623734921,0.7234492137670421,0.8094921668418602
cluster,graph+geometric0+geometric1,4AXY,cluster_4AXY,4,54,0.7003735303554784,0.5952961809615724,0.7138571654763082
cluster,graph+geometric0+geometric1,4B6G,cluster_4B6G,3,558,0.7462377747413544,0.7492313471537535,0.6880029728010983
cluster,graph+geometric0+geometric1,4B9G,cluster_4B9G,5,292,0.798342049980382,0.7896742941894371,0.6266875142005163
cluster,graph+geometric0+geometric1,4DD5,cluster_4DD5,1,387,0.6241009295866186,0.667517945315741,0.7896034720327565
cluster,graph+geometric0+geometric1,4DKN,cluster_4DKN,3,423,0.7232240580449936,0.7389796388187108,0.723557578566387
cluster,graph+geometric0+geometric1,4DND,cluster_4DND,3,95,0.7589518567851316,0.6769550565377975,0.666957479968602
cluster,graph+geometric0+geometric1,4DPZ,cluster_4DPZ,1,109,0.733035883018069,0.664654163863561,0.6928588403900497
cluster,graph+geometric0+geometric1,4DQ7,cluster_4DQ7,3,328,0.7215808903396659,0.7325900485140725,0.7007227518996487
cluster,graph+geometric0+geometric1,4DT4,cluster_4DT4,4,160,0.7456645326498698,0.730105737509781,0.7337901684178312
cluster,graph+geometric0+geometric1,4EK3,cluster_4EK3,3,287,0.684859012724829,0.7078535487906432,0.7366400716867784
cluster,graph+geometric0+geometric1,4ERY,cluster_4ERY,2,318,0.7073304843615965,0.7622076333760845,0.7301912592659553
cluster,graph+geometric0+geometric1,4ES1,cluster_4ES1,1,95,0.6980729137379759,0.6584357821491051,0.75673441866191
cluster,graph+geometric0+geometric1,4EUG,cluster_4EUG,1,225,0.592994985203187,0.6362168614336366,0.8071397238105752
cluster,graph+geometric0+geometric1,4F01,cluster_4F01,3,448,0.3665295768189698,0.5369628594726337,0.979203706507769
cluster,graph+geometric0+geometric1,4F3J,cluster_4F3J,3,143,0.5898527337015944,0.5262782065209513,0.8130404288050531
cluster,graph+geometric0+geometric1,4FR9,cluster_4FR9,2,141,0.6214361450960934,0.6385473569081772,0.7889252942666872
cluster,graph+geometric0+geometric1,4G14,cluster_4G14,1,15,0.5683626964747339,0.5642857142857142,0.9087889539656367
cluster,graph+geometric0+geometric1,4G2E,cluster_4G2E,4,151,0.732232311623456,0.7969964909345986,0.6854600029952848
cluster,graph+geometric0+geometric1,4G5X,cluster_4G5X,1,550,0.743450417518298,0.7467067031916798,0.687399840458586
cluster,graph+geometric0+geometric1,4G6C,cluster_4G6C,3,658,0.5891822764884771,0.5641431110376818,0.8165113734322774
cluster,graph+geometric0+geometric1,4G7X,cluster_4G7X,3,194,0.6433172681228921,0.5764138992700553,0.7771471465778312
cluster,graph+geometric0+geometric1,4GA2,cluster_4GA2,5,144,0.5236504704387941,0.5219798327340313,0.8523562495928497
cluster,graph+geometric0+geometric1,4GMQ,cluster_4GMQ,5,92,0.6091840315275416,0.6148914199405082,0.796196647434738
cluster,graph+geometric0+geometric1,4GS3,cluster_4GS3,3,90,0.4785649553340729,0.6579000440890531,0.9481698246429807
cluster,graph+geometric0+geometric1,4H4J,cluster_4H4J,4,236,0.8060595859786208,0.8204815454930764,0.6225141066478734
cluster,graph+geometric0+geometric1,4H89,cluster_4H89,4,168,0.6093096202865287,0.5790953249077271,0.7942277489530114
cluster,graph+geometric0+geometric1,4HDE,cluster_4HDE,5,168,0.7426025877155041,0.7934439631518393,0.6902472144918157
cluster,graph+geometric0+geometric1,4HJP,cluster_4HJP,4,281,0.6681394154574137,0.7798922537621364,0.7548434856734334
cluster,graph+geometric0+geometric1,4HWM,cluster_4HWM,4,117,0.5829609711555117,0.5785496452203147,0.8249181969201747
cluster,graph+geometric0+geometric1,4IL7,cluster_4IL7,2,85,0.37451847609414257,0.3047616255922862,0.9469560533553362
cluster,graph+geometric0+geometric1,4J11,cluster_4J11,5,357,0.6158701156457045,0.5034885985776519,0.8010310918992095
cluster,graph+geometric0+geometric1,4J5O,cluster_4J5O,2,220,0.7536056293136358,0.6516760353530675,0.668515944772267
cluster,graph+geometric0+geometric1,4J5Q,cluster_2FG1,1,146,0.752475303375429,0.7761230864510567,0.6796610086546652
cluster,graph+geometric0+geometric1,4J78,cluster_4J78,3,305,0.6213206474985408,0.755436227316561,0.7857980019523422
cluster,graph+geometric0+geometric1,4JG2,cluster_4JG2,2,185,0.7784696386949406,0.81152150753424,0.6658884993396709
cluster,graph+geometric0+geometric1,4JVU,cluster_4JVU,4,207,0.732520649743319,0.8102249281311453,0.6913362848020949
cluster,graph+geometric0+geometric1,4JYP,cluster_4JYP,2,534,0.6469234906069268,0.7016627861536434,0.766871341561873
cluster,graph+geometric0+geometric1,4KEF,cluster_4KEF,3,133,0.4882231509900337,0.43795343049920005,0.8898353222566764
cluster,graph+geometric0+geometric1,5CYT,cluster_1CCR,5,103,0.35139513037642056,0.2957674935919452,0.9370617533660264
cluster,graph+geometric0+geometric1,6RXN,cluster_6RXN,1,45,0.5634676846339107,0.5625823451910408,0.8557761769259964
cluster,graph+geometric0+geometric_p1,1ABA,cluster_1ABA,4,87,0.6150365050050504,0.7304415182332729,0.7907180273518207
cluster,graph+geometric0+geometric_p1,1AHO,cluster_1AHO,3,64,0.6510888989133718,0.7365697867903221,0.7671381075502895
cluster,graph+geometric0+geometric_p1,1AIE,cluster_1AIE,4,31,0.7115089884833703,0.35645161290322586,0.7184890991758043
cluster,graph+geometric0+geometric_p1,1AKG,cluster_1AKG,2,16,0.4799535995206625,0.7888155189250486,0.8969082110826787
cluster,graph+geometric0+geometric_p1,1ATG,cluster_1ATG,5,231,0.5412523440116664,0.597615013214286,0.8468272447709553
cluster,graph+geometric0+geometric_p1,1BGF,cluster_1BGF,2,124,0.5935790942219898,0.41540347417833856,0.8078190307178592
cluster,graph+geometric0+geometric_p1,1BX7,cluster_1BX7,2,51,0.6146384581105806,0.2536651583710407,0.8578294721931033
cluster,graph+geometric0+geometric_p1,1BYI,cluster_1BYI,5,224,0.5422771986679692,0.6057419606956495,0.8452666510257052
cluster,graph+geometric0+geometric_p1,1CCR,cluster_1CCR,5,111,0.5295406534404647,0.5328249535432822,0.8492503005983549
cluster,graph+geometric0+geometric_p1,1CYO,cluster_1CYO,2,88,0.627121180316305,0.5776983297337295,0.7896296182787925
cluster,graph+geometric0+geometric_p1,1DF4,cluster_1DF4,5,57,0.9123911265346685,0.7710007778065855,0.558106947699477
cluster,graph+geometric0+geometric_p1,1E5K,cluster_1E5K,3,188,0.7673884676369607,0.755376739766903,0.6546802139895757
cluster,graph+geometric0+geometric_p1,1ES5,cluster_1ES5,3,260,0.6339707673713572,0.7149465327375525,0.7800206158311395
cluster,graph+geometric0+geometric_p1,1ETL,cluster_1ETL,3,12,0.7762316722616347,0.7068192341935722,0.7785170492538371
cluster,graph+geometric0+geometric_p1,1ETM,cluster_1ETM,1,12,0.5572944872839355,0.4012018580146848,0.861870220530309
cluster,graph+geometric0+geometric_p1,1ETN,cluster_1ETN,4,12,-0.1770615897410791,-0.06282694207384003,1.1794057271985752
cluster,graph+geometric0+geometric_p1,1EW4,cluster_1EW4,2,106,0.6264100506545258,0.6428071202075215,0.7813350350434395
cluster,graph+geometric0+geometric_p1,1F8R,cluster_1F8R,3,1932,0.7974088679385185,0.7755719839865147,0.6563387262452844
cluster,graph+geometric0+geometric_p1,1FF4,cluster_1FF4,4,65,0.6166868671983325,0.5881401676505776,0.7916319805303016
cluster,graph+geometric0+geometric_p1,1FK5,cluster_1FK5,2,93,0.5656516301441314,0.5440065651160324,0.8289889220022052
cluster,graph+geometric0+geometric_p1,1GCO,cluster_1GCO,4,1044,0.6625053307074681,0.6185985427489685,0.7542934911805323
cluster,graph+geometric0+geometric_p1,1GK7,cluster_1GK7,3,39,0.8126074354695735,0.5452705103394924,0.6173054472741951
cluster,graph+geometric0+geometric_p1,1GVD,cluster_1GVD,3,52,0.6799653799134681,0.5865403087716299,0.7510050637325515
cluster,graph+geometric0+geometric_p1,1GXU,cluster_1GXU,1,88,0.6547972034612194,0.6172460099602837,0.7706518914661629
cluster,graph+geometric0+geometric_p1,1H6V,cluster_1H6V,2,2927,0.49378170518851433,0.5507594984036223,0.8813233756064108
cluster,graph+geometric0+geometric_p1,1HJE,cluster_1HJE,4,13,0.7090812831703819,0.6208791208791209,0.803407506280562
cluster,graph+geometric0+geometric_p1,1I71,cluster_1I71,3,83,0.5898177046817178,0.6253010851139191,0.8084814855259626
cluster,graph+geometric0+geometric_p1,1IDP,cluster_1IDP,2,441,0.760008568727634,0.8810038268523567,0.6651584972548076
cluster,graph+geometric0+geometric_p1,1IFR,cluster_1IFR,3,113,0.6538063378487371,0.7273593026848723,0.7820544525689863
cluster,graph+geometric0+geometric_p1,1K8U,cluster_1K8U,2,89,0.4841819897857738,0.3670597849019664,0.8947774329625442
cluster,graph+geometric0+geometric_p1,1KMM,cluster_1KMM,4,1499,0.7257079541342805,0.7523133272006292,0.6980779140035401
cluster,graph+geometric0+geometric_p1,1KNG,cluster_1KNG,1,144,0.5329425695830632,0.4901625080217757,0.8524911639247963
cluster,graph+geometric0+geometric_p1,1KR4,cluster_1KR4,3,110,0.6304123752683755,0.5820244171271518,0.7812810175575358
cluster,graph+geometric0+geometric_p1,1KYC,cluster_1KYC,5,15,0.7951545455278988,0.7892857142857141,0.72110132688358
cluster,graph+geometric0+geometric_p1,1LR7,cluster_1LR7,1,73,0.6224774539879161,0.7057162911808349,0.8112631973374145
cluster,graph+geometric0+geometric_p1,1MF7,cluster_1MF7,2,194,0.6848616785455405,0.7730124521711593,0.7526683088671117
cluster,graph+geometric0+geometric_p1,1N7E,cluster_1N7E,5,95,0.5594301731587098,0.6956400018580637,0.8304050385469914
cluster,graph+geometric0+geometric_p1,1NKD,cluster_1NKD,1,59,0.7080685572789301,0.7427085172543808,0.7853867309018646
cluster,graph+geometric0+geometric_p1,1NKO,cluster_1NKO,1,122,0.4919653928004061,0.7183367837968198,0.8932447137123752
cluster,graph+geometric0+geometric_p1,1NLS,cluster_1NLS,5,237,0.5387468494165933,0.7366243783290737,0.8493873834678761
cluster,graph+geometric0+geometric_p1,1NNX,cluster_1NNX,2,93,0.739405067170113,0.8000925084073494,0.6821269100066362
cluster,graph+geometric0+geometric_p1,1NOA,cluster_1NOA,4,113,0.5454347418465397,0.4918469107639263,0.8390031501876434
cluster,graph+geometric0+geometric_p1,1NOT,cluster_1NOT,3,13,0.5251132578652473,0.6483516483516483,0.9223399015965711
cluster,graph+geometric0+geometric_p1,1O06,cluster_1O06,1,20,0.9392647670451741,0.7413533834586465,0.3848318055162078
cluster,graph+geometric0+geometric_p1,1O08,cluster_1O08,5,221,0.3451697551440564,0.5991536554034395,0.9637820280842746
cluster,graph+geometric0+geometric_p1,1OB4,cluster_1OB4,1,16,0.49120280209210204,0.36470588235294116,0.9450125016523383
cluster,graph+geometric0+geometric_p1,1OB7,cluster_1OB7,4,16,0.5977483028581978,0.810890580088996,0.8296428541550869
cluster,graph+geometric0+geometric_p1,1OPD,cluster_1OPD,2,85,0.4525962287900961,0.44293747771428443,0.8951114732000197
cluster,graph+geometric0+geometric_p1,1P9I,cluster_1P9I,2,29,0.690826042938594,0.460591133004926,0.7288140764774916
cluster,graph+geometric0+geometric_p1,1PEF,cluster_1PEF,5,18,0.8571739860211991,0.8679050567595459,0.6216375600724998
cluster,graph+geometric0+geometric_p1,1PEN,cluster_1PEN,5,16,0.5513064153974334,0.528329797190471,0.8573928141901807
cluster,graph+geometric0+geometric_p1,1PMY,cluster_1PMY,4,123,0.6746943271598945,0.5943564145846895,0.7636350886492603
cluster,graph+geometric0+geometric_p1,1PZ4,cluster_1PZ4,2,113,0.7111360542579597,0.6753430383191349,0.7168256479676898
cluster,graph+geometric0+geometric_p1,1Q9B,cluster_1Q9B,2,43,0.7333692728997895,0.7733313198429477,0.6984267818956534
cluster,graph+geometric0+geometric_p1,1QAU,cluster_1QAU,3,112,0.6534723360010768,0.6357938347586627,0.7661908023199819
cluster,graph+geometric0+geometric_p1,1QKI,cluster_1QKI,1,3912,0.5565367851934855,0.6362349938708556,0.8664570015472576
cluster,graph+geometric0+geometric_p1,1QTO,cluster_1QTO,2,122,0.6112093547408302,0.6178177252032939,0.7919612804917567
cluster,graph+geometric0+geometric_p1,1R29,cluster_1R29,5,122,0.5723301393891448,0.563957590186402,0.8221908310632754
cluster,graph+geometric0+geometric_p1,1R7J,cluster_1R7J,1,90,0.7683600516846083,0.6331338542053079,0.6619035328439435
cluster,graph+geometric0+geometric_p1,1RJU,cluster_1RJU,4,36,0.4095299831325728,0.27232947232947236,0.9467011593405286
cluster,graph+geometric0+geometric_p1,1RRO,cluster_1RRO,5,108,0.29972494538990085,0.22991270806891004,0.9669812050668547
cluster,graph+geometric0+geometric_p1,1SAU,cluster_1SAU,1,114,0.6422708665766681,0.6533292832445388,0.7834626509702759
cluster,graph+geometric0+geometric_p1,1TGR,cluster_1TGR,1,104,0.7217006063225235,0.667582424931419,0.7142947834970027
cluster,graph+geometric0+geometric_p1,1TZV,cluster_1TZV,4,141,0.7972674342754734,0.7720379771031333,0.6289575017949388
cluster,graph+geometric0+geometric_p1,1U06,cluster_1U06,2,55,0.48915750633015864,0.3110445715616315,0.8743267987461739
cluster,graph+geometric0+geometric_p1,1U7I,cluster_1U7I,3,267,0.7647849553080845,0.8032445818617101,0.6596817749726533
cluster,graph+geometric0+geometric_p1,1U9C,cluster_1U9C,1,221,0.5922325127750198,0.4161350537746121,0.8162020112558285
cluster,graph+geometric0+geometric_p1,1UHA,cluster_1UHA,1,82,0.6401209646012347,0.6964485901583619,0.7710033391920272
cluster,graph+geometric0+geometric_p1,1UKU,cluster_1KR4,3,102,0.6936919109407781,0.538637263226027,0.731933146076514
cluster,graph+geometric0+geometric_p1,1ULR,cluster_1ULR,4,87,0.5971353221845092,0.6306585440901951,0.8173914289552862
cluster,graph+geometric0+geometric_p1,1UOY,cluster_1UOY,5,64,0.6682251368167132,0.6159640106174004,0.7649816680870143
cluster,graph+geometric0+geometric_p1,1USE,cluster_1USE,3,40,0.11335903666374786,-0.1705440900562852,1.173325154172455
cluster,graph+geometric0+geometric_p1,1USM,cluster_1USM,5,77,0.8157168853781971,0.7197849504923751,0.6138567042832562
cluster,graph+geometric0+geometric_p1,1UTG,cluster_1UTG,4,70,0.586810221989906,0.5320490950172536,0.8224002073223694
cluster,graph+geometric0+geometric_p1,1V05,cluster_1V05,4,96,0.6096989497891357,0.5663804447135946,0.8052083445085317
cluster,graph+geometric0+geometric_p1,1V70,cluster_1V70,4,105,0.566809365522424,0.6467685418877683,0.8248328604979326
cluster,graph+geometric0+geometric_p1,1VRZ,cluster_1VRZ,3,21,0.7274137579341182,0.772579760234307,0.7977109997396854
cluster,graph+geometric0+geometric_p1,1W2L,cluster_1W2L,4,97,0.5755205132750587,0.39344488642817593,0.821136107553432
cluster,graph+geometric0+geometric_p1,1WBE,cluster_1WBE,3,204,0.5663009092082695,0.6320724913036972,0.8254731742177431
cluster,graph+geometric0+geometric_p1,1WHI,cluster_1WHI,1,122,0.5239600272101703,0.6229221087145692,0.8554705661344061
cluster,graph+geometric0+geometric_p1,1WLY,cluster_1WLY,5,322,0.689825088906874,0.7265007109687913,0.7335237408282026
cluster,graph+geometric0+geometric_p1,1WPA,cluster_1WPA,2,107,0.5742834736760658,0.3379075058971431,0.8257258620434631
cluster,graph+geometric0+geometric_p1,1X3O,cluster_1X3O,3,80,0.5521850636534039,0.5507416241399314,0.8365974525633262
cluster,graph+geometric0+geometric_p1,1XY1,cluster_1XY1,3,16,0.5763556455897583,0.5344140504159179,1.2293267882866592
cluster,graph+geometric0+geometric_p1,1XY2,cluster_1XY2,3,8,0.5511920394103871,0.37581969985087577,0.9512451303403623
cluster,graph+geometric0+geometric_p1,1Y6X,cluster_1Y6X,5,87,0.5063644524872486,0.5509702876519231,0.8721799044333163
cluster,graph+geometric0+geometric_p1,1YJO,cluster_1YJO,5,6,0.3354569801120168,0.3714285714285715,1.1075759404803243
cluster,graph+geometric0+geometric_p1,1YZM,cluster_1YZM,5,46,0.7990367594541871,0.6881707179734488,0.7288857624276994
cluster,graph+geometric0+geometric_p1,1Z21,cluster_1Z21,3,96,0.6401088986121013,0.6879275087934908,0.7743569526399023
cluster,graph+geometric0+geometric_p1,1ZCE,cluster_1ZCE,2,146,0.7663954909135728,0.7913488605619712,0.6788187616151851
cluster,graph+geometric0+geometric_p1,1ZVA,cluster_1ZVA,1,75,0.5949708405418037,0.5276687160016368,0.8041733811317292
cluster,graph+geometric0+geometric_p1,2A50,cluster_2A50,4,457,0.56316490457148,0.6286564447695928,0.8371354527325521
cluster,graph+geometric0+geometric_p1,2AGK,cluster_2AGK,2,233,0.6670394520295421,0.7098592765257612,0.7531289802174407
cluster,graph+geometric0+geometric_p1,2AH1,cluster_2AH1,5,939,0.5407011325257551,0.5607359860645699,0.8595045788781394
cluster,graph+geometric0+geometric_p1,2B0A,cluster_2B0A,4,186,0.5946212210394021,0.6210206435641984,0.8165321843185223
cluster,graph+geometric0+geometric_p1,2BCM,cluster_2BCM,4,413,0.5663077754077512,0.5044790429848345,0.8247123921600645
cluster,graph+geometric0+geometric_p1,2BF9,cluster_2BF9,5,36,0.5486385967012871,0.5077546828198773,0.8860666285636843
cluster,graph+geometric0+geometric_p1,2BRF,cluster_2BRF,4,100,0.7817263999251398,0.7249465932065053,0.6762858925264159
cluster,graph+geometric0+geometric_p1,2C71,cluster_2C71,5,205,0.6274176291001197,0.670846434317961,0.8093626254259714
cluster,graph+geometric0+geometric_p1,2CE0,cluster_2CE0,2,99,0.5990729199263133,0.5845519230295189,0.8013947392432339
cluster,graph+geometric0+geometric_p1,2CG7,cluster_2CG7,5,90,0.5304447397361451,0.5239377028646875,0.8550474203173533
cluster,graph+geometric0+geometric_p1,2COV,cluster_2COV,3,534,0.7829027307776163,0.7403496930982301,0.6382223200113022
cluster,graph+geometric0+geometric_p1,2CWS,cluster_2CWS,4,227,0.6700427240009377,0.7074694921733302,0.753749848236179
cluster,graph+geometric0+geometric_p1,2D5W,cluster_2D5W,5,1214,0.7065836540966521,0.6749600057436966,0.7283663685984129
cluster,graph+geometric0+geometric_p1,2DKO,cluster_2DKO,2,253,0.7814526451486639,0.6857308421889021,0.6286939982214209
cluster,graph+geometric0+geometric_p1,2DPL,cluster_2DPL,5,565,0.48425640909645107,0.5408392122284628,0.8856476436742005
cluster,graph+geometric0+geometric_p1,2DSX,cluster_2DSX,4,52,0.41072947254868347,0.2816282103577731,0.9138473730296811
cluster,graph+geometric0+geometric_p1,2E10,cluster_2E10,5,439,0.7834257924074645,0.8119486887274582,0.633353324546933
cluster,graph+geometric0+geometric_p1,2E3H,cluster_2E3H,4,81,0.7057848837723867,0.7001027590769282,0.7089210618991083
cluster,graph+geometric0+geometric_p1,2EAQ,cluster_2EAQ,4,89,0.675448641725377,0.4936052129089738,0.754858691343294
cluster,graph+geometric0+geometric_p1,2EHP,cluster_2EHP,3,248,0.7672188085786769,0.7897092633522446,0.6591773597013288
cluster,graph+geometric0+geometric_p1,2EHS,cluster_1X3O,3,75,0.6924341453992687,0.7189433705332007,0.7507097520267142
cluster,graph+geometric0+geometric_p1,2ERW,cluster_2ERW,3,53,0.2854187872540136,0.1033766759273861,1.0227789648326215
cluster,graph+geometric0+geometric_p1,2ETX,cluster_2ETX,1,389,0.5314458294999238,0.5517238848622055,0.8565882079934152
cluster,graph+geometric0+geometric_p1,2FB6,cluster_2FB6,5,116,0.7867570342740853,0.6781510881212509,0.6802268277145719
cluster,graph+geometric0+geometric_p1,2FG1,cluster_2FG1,1,157,0.6112583977321298,0.5387925721589797,0.7931381986283252
cluster,graph+geometric0+geometric_p1,2FN9,cluster_2FN9,2,560,0.5939140085150647,0.5758364440761587,0.8082049007317901
cluster,graph+geometric0+geometric_p1,2FQ3,cluster_2FQ3,2,85,0.6842664429546421,0.6891147156537033,0.7570424417207122
cluster,graph+geometric0+geometric_p1,2G69,cluster_2G69,1,99,0.6419228681586375,0.65112338358316,0.7801783767931348
cluster,graph+geometric0+geometric_p1,2G7O,cluster_2G7O,2,68,0.7639410260871575,0.38552791145479165,0.7090790704174974
cluster,graph+geometric0+geometric_p1,2G7S,cluster_2G7S,1,190,0.6345292656727226,0.6065451084556189,0.7888759901995231
cluster,graph+geometric0+geometric_p1,2GKG,cluster_2GKG,5,122,0.6818541270654065,0.5284569503541907,0.7548978642037063
cluster,graph+geometric0+geometric_p1,2GOM,cluster_2GOM,4,121,0.5980420849421694,0.4601312502811138,0.8069671756868597
cluster,graph+geometric0+geometric_p1,2GXG,cluster_2GXG,1,140,0.7031243712715571,0.688678162259281,0.7323499611987281
cluster,graph+geometric0+geometric_p1,2GZQ,cluster_2GZQ,5,191,0.4137229848834514,0.3694212920618986,0.9319768974937552
cluster,graph+geometric0+geometric_p1,2HQK,cluster_2HQK,1,213,0.783463823895684,0.7373134059949101,0.6852021312406699
cluster,graph+geometric0+geometric_p1,2HYK,cluster_2HYK,1,237,0.5952853254569667,0.5686913890813236,0.8067855534816093
cluster,graph+geometric0+geometric_p1,2I24,cluster_2I24,4,113,0.5166337254895836,0.4634073311542529,0.8575504942809363
cluster,graph+geometric0+geometric_p1,2I49,cluster_2I49,3,398,0.6820079225874883,0.6884939511675501,0.7471622618834677
cluster,graph+geometric0+geometric_p1,2IBL,cluster_2IBL,2,108,0.6344810685823745,0.6389798577608015,0.8988112719934332
cluster,graph+geometric0+geometric_p1,2IGD,cluster_2IGD,1,61,0.533371744842336,0.546339141892252,0.8503033999386621
cluster,graph+geometric0+geometric_p1,2IMF,cluster_2IMF,3,203,0.6372731372254747,0.614334329011733,0.7724492635851792
cluster,graph+geometric0+geometric_p1,2IP6,cluster_2IP6,5,87,0.6374631839431231,0.407084404172084,0.7754547152184396
cluster,graph+geometric0+geometric_p1,2IVY,cluster_2IVY,3,88,0.4953158938021955,0.4295960374618009,0.8792536189957583
cluster,graph+geometric0+geometric_p1,2J32,cluster_2J32,4,244,0.8233404155604916,0.7206137618364702,0.5908972970210591
cluster,graph+geometric0+geometric_p1,2J9W,cluster_2J9W,1,200,0.6955837795514183,0.6723633475516025,0.7332559329146553
cluster,graph+geometric0+geometric_p1,2JKU,cluster_2JKU,1,35,0.5839142494094923,0.2951187065154431,0.9282131261737187
cluster,graph+geometric0+geometric_p1,2JLI,cluster_2JLI,4,100,0.6116064504392356,0.4970281405146102,0.793192553800699
cluster,graph+geometric0+geometric_p1,2JLJ,cluster_2JLI,4,115,0.7556445151072735,0.6296741256003165,0.6744198217687627
cluster,graph+geometric0+geometric_p1,2MCM,cluster_1NOA,4,112,0.7728393449188065,0.7060215389162741,0.6951054629026613
cluster,graph+geometric0+geometric_p1,2NLS,cluster_2NLS,2,36,0.48085495709464054,0.38223938223938225,0.8852501328479007
cluster,graph+geometric0+geometric_p1,2NR7,cluster_2NR7,4,194,0.8198528388371272,0.7349622839983067,0.6100409957023415
cluster,graph+geometric0+geometric_p1,2NUH,cluster_1KR4,3,104,0.6390292729511255,0.5612700513369657,0.7791995987433737
cluster,graph+geometric0+geometric_p1,2O6X,cluster_2O6X,2,306,0.7939654548921816,0.7958639810848662,0.6230000222312845
cluster,graph+geometric0+geometric_p1,2OA2,cluster_2OA2,4,132,0.47943682856806324,0.3825155003361126,0.8856390821944117
cluster,graph+geometric0+geometric_p1,2OCT,cluster_2OCT,4,192,0.5478767185078759,0.5612097927693447,0.8531587798304497
cluster,graph+geometric0+geometric_p1,2OHW,cluster_2OHW,4,256,0.583722271401446,0.6546914868055375,0.8218458616003287
cluster,graph+geometric0+geometric_p1,2OKT,cluster_2OKT,5,342,0.39787987776891354,0.3924884198077816,0.9512790788130093
cluster,graph+geometric0+geometric_p1,2OL9,cluster_2OL9,1,6,0.8239205458452399,0.7142857142857143,0.6018429758547296
cluster,graph+geometric0+geometric_p1,2OLX,cluster_2OLX,3,4,0.8767443104995283,0.6000000000000001,0.9045130398198564
cluster,graph+geometric0+geometric_p1,2PKT,cluster_2PKT,1,91,-0.023225823986618266,0.06400133788167556,1.1178857426232587
cluster,graph+geometric0+geometric_p1,2PLT,cluster_2PLT,2,98,0.4639922565316391,0.5263949811389246,0.8946395107108893
cluster,graph+geometric0+geometric_p1,2PMR,cluster_2PMR,4,76,0.6413207807235736,0.7673789116084336,0.7717870592004968
cluster,graph+geometric0+geometric_p1,2POF,cluster_2POF,4,440,0.6875369222744961,0.7185881195843881,0.7311796402308788
cluster,graph+geometric0+geometric_p1,2PPN,cluster_2PPN,5,107,0.6259526301068291,0.7332562664150394,0.794188052176769
cluster,graph+geometric0+geometric_p1,2PSF,cluster_2PSF,4,608,0.517708971971012,0.48194851789775117,0.8596324556939217
cluster,graph+geometric0+geometric_p1,2PTH,cluster_2PTH,3,193,0.7275145716786856,0.8024364462122949,0.7054763141172596
cluster,graph+geometric0+geometric_p1,2Q4N,cluster_2Q4N,2,153,0.6509321386043337,0.5606274465696759,0.7695599802685855
cluster,graph+geometric0+geometric_p1,2Q52,cluster_1WBE,3,412,0.7708890824265903,0.7525961330810294,0.6656183301661291
cluster,graph+geometric0+geometric_p1,2QJL,cluster_2QJL,5,99,0.6190920919027441,0.6841481934388345,0.7985926610412191
cluster,graph+geometric0+geometric_p1,2R16,cluster_2R16,1,175,0.5578883631452592,0.4383233895751625,0.8398542711685006
cluster,graph+geometric0+geometric_p1,2R6Q,cluster_2R6Q,3,138,0.5550306954989677,0.41720511615505174,0.8371912820690729
cluster,graph+geometric0+geometric_p1,2RB8,cluster_2RB8,4,93,0.6536094767605657,0.5175188282141371,0.7646711580575232
cluster,graph+geometric0+geometric_p1,2RE2,cluster_2RE2,2,238,0.647496040048996,0.4643017371014886,0.7642022693106207
cluster,graph+geometric0+geometric_p1,2RFR,cluster_2RFR,2,154,0.6876480065894722,0.46922036206763584,0.7290029475937418
cluster,graph+geometric0+geometric_p1,2V9V,cluster_2V9V,1,135,0.54424293022038,0.44824171841708116,0.83921934994516
cluster,graph+geometric0+geometric_p1,2VE8,cluster_2VE8,1,515,0.7119168316520565,0.6196469122441568,0.7060314244407688
cluster,graph+geometric0+geometric_p1,2VH7,cluster_2VH7,5,94,0.7359013279845606,0.7301173310387633,0.6944604298233832
cluster,graph+geometric0+geometric_p1,2VIM,cluster_2VIM,5,104,0.3796153250923909,0.39928517134100405,0.9341571055254762
cluster,graph+geometric0+geometric_p1,2VPA,cluster_2VPA,2,204,0.7475493203665405,0.760916334632405,0.770528816789077
cluster,graph+geometric0+geometric_p1,2VQ4,cluster_2VQ4,4,106,0.6954331791479765,0.7622903123903971,0.7215383649290295
cluster,graph+geometric0+geometric_p1,2VY8,cluster_2VY8,5,149,0.7460263772422174,0.7713564034325733,0.6765555979509814
cluster,graph+geometric0+geometric_p1,2VYO,cluster_2C71,5,206,0.7170304615724268,0.7362287386750458,0.7153228277329526
cluster,graph+geometric0+geometric_p1,2W1V,cluster_2W1V,5,548,0.6814672371028061,0.7515466069677001,0.7467524665813028
cluster,graph+geometric0+geometric_p1,2W2A,cluster_2W2A,3,350,0.6421752423333498,0.6918152941588842,0.7677792755763575
cluster,graph+geometric0+geometric_p1,2W6A,cluster_2W6A,3,117,0.7737983280938061,0.4684612792012,0.6518061186612584
cluster,graph+geometric0+geometric_p1,2WJ5,cluster_2WJ5,2,96,0.5440577018951813,0.5601036376017906,0.9026364163917255
cluster,graph+geometric0+geometric_p1,2WUJ,cluster_2WUJ,1,100,0.46306152283252927,0.20363158495167064,0.8919250295057011
cluster,graph+geometric0+geometric_p1,2WW7,cluster_2WW7,3,150,0.4665076815051432,0.5267224566596199,0.9499745475519381
cluster,graph+geometric0+geometric_p1,2WWE,cluster_2WWE,4,111,0.5538266695347774,0.4742622218795505,0.8343650602027141
cluster,graph+geometric0+geometric_p1,2X1Q,cluster_2X1Q,5,240,0.45772654694422105,0.38416856913681546,0.9039162991419442
cluster,graph+geometric0+geometric_p1,2X25,cluster_2X25,2,168,0.6162778206194237,0.6985339199402474,0.7987878139751025
cluster,graph+geometric0+geometric_p1,2X3M,cluster_2X3M,3,166,0.7334889685756073,0.6162853768321934,0.7157730456934609
cluster,graph+geometric0+geometric_p1,2X5Y,cluster_2X5Y,4,171,0.7182336979622376,0.7007812645980634,0.719916847354106
cluster,graph+geometric0+geometric_p1,2X9Z,cluster_2X9Z,5,262,0.5843156936508557,0.5962072386975962,0.8117693114721279
cluster,graph+geometric0+geometric_p1,2XHF,cluster_2XHF,5,310,0.5864057861773196,0.6337151515304295,0.810748630725468
cluster,graph+geometric0+geometric_p1,2Y0T,cluster_2Y0T,3,101,0.7786934100424365,0.7557579800809013,0.6456106236116128
cluster,graph+geometric0+geometric_p1,2Y72,cluster_2Y72,5,170,0.7389213293461261,0.6972213419202745,0.7013475964110212
cluster,graph+geometric0+geometric_p1,2Y7L,cluster_2Y7L,4,319,0.724911906671081,0.6924723948426493,0.7040733370198655
cluster,graph+geometric0+geometric_p1,2Y9F,cluster_2Y9F,4,149,0.7693823393235062,0.8579386428857821,0.6428351807540318
cluster,graph+geometric0+geometric_p1,2YLB,cluster_2YLB,2,400,0.7462515819593102,0.8016088207575902,0.6691814619232359
cluster,graph+geometric0+geometric_p1,2YNY,cluster_2YNY,1,315,0.7286609313642383,0.7227369011790711,0.7207692084982411
cluster,graph+geometric0+geometric_p1,2ZCM,cluster_2ZCM,1,357,0.42690706182743104,0.3633646001078969,0.906840951753966
cluster,graph+geometric0+geometric_p1,2ZU1,cluster_2ZU1,2,360,0.7051299925013174,0.7598103911021274,0.7126286682416458
cluster,graph+geometric0+geometric_p1,3A0M,cluster_3A0M,1,148,0.7424566427633743,0.5303413670084168,0.7225853430254119
cluster,graph+geometric0+geometric_p1,3A7L,cluster_3A7L,4,128,0.7011102805031858,0.5985396239228354,0.7349813512377793
cluster,graph+geometric0+geometric_p1,3AMC,cluster_3AMC,2,614,0.7313104820805393,0.7783266408642862,0.7167372033925762
cluster,graph+geometric0+geometric_p1,3AUB,cluster_3AUB,1,116,0.6253210911084812,0.6810367365069205,0.7907938731419064
cluster,graph+geometric0+geometric_p1,3B5O,cluster_3B5O,1,230,0.6221521657227801,0.6154260018493393,0.7848316245117588
cluster,graph+geometric0+geometric_p1,3BA1,cluster_3BA1,4,312,0.6475823658213862,0.5645970701486324,0.7624988737833918
cluster,graph+geometric0+geometric_p1,3BED,cluster_3BED,1,261,0.82398835659266,0.8286276466581198,0.6070341940674194
cluster,graph+geometric0+geometric_p1,3BQX,cluster_3BQX,4,139,0.46672138288303583,0.4857148283157196,0.9123929429775743
cluster,graph+geometric0+geometric_p1,3BZQ,cluster_3BZQ,3,99,0.5759854587992007,0.5622607437382953,0.8220396829130031
cluster,graph+geometric0+geometric_p1,3BZZ,cluster_3BZZ,5,100,0.45170470299819865,0.44697008347866973,0.9151547516642168
cluster,graph+geometric0+geometric_p1,3DRF,cluster_3DRF,4,547,0.556566970320437,0.5498589900977474,0.8325935242200732
cluster,graph+geometric0+geometric_p1,3DWV,cluster_3DWV,2,325,0.646007762995968,0.7230248731758019,0.7697828897285972
cluster,graph+geometric0+geometric_p1,3E5T,cluster_2HQK,1,228,0.5121306298470805,0.453072801895373,0.8625690581055284
cluster,graph+geometric0+geometric_p1,3E7R,cluster_3E7R,4,40,0.7288490358127255,0.7866022501313997,0.7273894878926473
cluster,graph+geometric0+geometric_p1,3EUR,cluster_3EUR,3,140,0.394462195748406,0.3823689556550908,0.9317583194306528
cluster,graph+geometric0+geometric_p1,3F2Z,cluster_3F2Z,3,149,0.7817679171839109,0.7543421123944948,0.6507173420908146
cluster,graph+geometric0+geometric_p1,3F7E,cluster_3F7E,3,254,0.7502706642083686,0.8095836228376813,0.6693698930401835
cluster,graph+geometric0+geometric_p1,3FCN,cluster_3FCN,1,158,0.6200952019540139,0.5402887941813298,0.7882234670195846
cluster,graph+geometric0+geometric_p1,3FE7,cluster_3FE7,3,91,0.4976171742952823,0.5086061706785506,0.8680842332187358
cluster,graph+geometric0+geometric_p1,3FKE,cluster_3FKE,5,250,0.5007905129121248,0.500682864053148,0.8744028741429013
cluster,graph+geometric0+geometric_p1,3FMY,cluster_3FMY,2,66,0.6646409239968136,0.6575651304037944,0.75714502313577
cluster,graph+geometric0+geometric_p1,3FOD,cluster_3FOD,1,48,0.40565731453665366,0.4010747441179593,1.0581962070915623
cluster,graph+geometric0+geometric_p1,3FSO,cluster_3FSO,2,221,0.8099323375355787,0.5969305052919803,0.6197506471952802
cluster,graph+geometric0+geometric_p1,3FTD,cluster_3FTD,1,240,0.7126536931293485,0.6746490378312439,0.7191871321411203
cluster,graph+geometric0+geometric_p1,3FVA,cluster_3FVA,1,6,0.683951906557048,0.7775419143502353,0.7540392260756396
cluster,graph+geometric0+geometric_p1,3G1S,cluster_3G1S,1,418,0.6427160704833863,0.7047032573580974,0.7742135216881635
cluster,graph+geometric0+geometric_p1,3GBW,cluster_3GBW,4,161,0.7377415797707308,0.8454791381321112,0.6912099522474521
cluster,graph+geometric0+geometric_p1,3GHJ,cluster_3GHJ,5,116,0.5703821185320144,0.5394092930854952,0.8253531567288039
cluster,graph+geometric0+geometric_p1,3HFO,cluster_3HFO,4,197,0.6383868605128065,0.6635012359343951,0.7762015379863391
cluster,graph+geometric0+geometric_p1,3HHP,cluster_3HHP,5,1234,0.7412469555421586,0.7947401063342944,0.6899706551476773
cluster,graph+geometric0+geometric_p1,3HNY,cluster_3HNY,5,156,0.7214756430720607,0.7376351938090435,0.7011290456015477
cluster,graph+geometric0+geometric_p1,3HP4,cluster_3HP4,4,183,0.5213672900472136,0.4501965253968684,0.8588229742761833
cluster,graph+geometric0+geometric_p1,3HWU,cluster_3HWU,2,144,0.7519352880852417,0.7275449253035505,0.6638088149259616
cluster,graph+geometric0+geometric_p1,3HYD,cluster_3HYD,5,7,0.8759042320808798,0.4642857142857144,0.6556358252398462
cluster,graph+geometric0+geometric_p1,3HZ8,cluster_3HZ8,2,192,0.5075486582092925,0.47985283241645665,0.8699272874977692
cluster,graph+geometric0+geometric_p1,3I2V,cluster_3I2V,3,124,0.4249258552899657,0.43642446216104264,0.9309887922376313
cluster,graph+geometric0+geometric_p1,3I2Z,cluster_3I2Z,5,138,0.5722369770500015,0.57595839142099,0.8240798873085965
cluster,graph+geometric0+geometric_p1,3I4O,cluster_3I4O,1,135,0.7561680267956444,0.7218396636931461,0.6574810836163422
cluster,graph+geometric0+geometric_p1,3I7M,cluster_3I7M,2,134,0.630604187412121,0.5374985349326985,0.7775660182059309
cluster,graph+geometric0+geometric_p1,3IHS,cluster_1OPD,2,169,0.6016270740517186,0.5005171337999135,0.8045633408374122
cluster,graph+geometric0+geometric_p1,3IVV,cluster_3IVV,4,149,0.7916292232041455,0.7802998216405348,0.629351140597628
cluster,graph+geometric0+geometric_p1,3K6Y,cluster_3K6Y,2,227,0.6163409128294334,0.6050672811992057,0.7897821202190621
cluster,graph+geometric0+geometric_p1,3KBE,cluster_3KBE,5,140,0.686638158042525,0.6758960610851157,0.7275173623775175
cluster,graph+geometric0+geometric_p1,3KGK,cluster_3KGK,2,190,0.7887392044551236,0.7763086587744513,0.6246065822029339
cluster,graph+geometric0+geometric_p1,3KZD,cluster_3KZD,3,85,0.6061222206980893,0.6652139502745931,0.8023404185178609
cluster,graph+geometric0+geometric_p1,3L41,cluster_2ETX,1,220,0.7051443253802984,0.689749413346643,0.7123198684742631
cluster,graph+geometric0+geometric_p1,3LAA,cluster_3LAA,3,169,0.5955943496929329,0.5121287669086743,0.8861504520570535
cluster,graph+geometric0+geometric_p1,3LAX,cluster_3LAX,3,106,0.7467536575398103,0.7242264470553216,0.6844299658826981
cluster,graph+geometric0+geometric_p1,3LG3,cluster_3LG3,4,833,0.5958741583225087,0.6105845523554531,0.8423065962041048
cluster,graph+geometric0+geometric_p1,3LJI,cluster_3LJI,5,272,0.5959391284195716,0.5321676423253532,0.8040780161783281
cluster,graph+geometric0+geometric_p1,3M3P,cluster_3M3P,1,249,0.6167349236342414,0.6334091732956715,0.7879708984926724
cluster,graph+geometric0+geometric_p1,3M8J,cluster_3M8J,1,178,0.6905441424651488,0.7507317088893206,0.7273991519470058
cluster,graph+geometric0+geometric_p1,3M9J,cluster_3M9J,3,210,0.523664683100813,0.5399188057002978,0.8564334341906845
cluster,graph+geometric0+geometric_p1,3M9Q,cluster_3M9Q,2,176,0.46854355598953007,0.5330404257812156,0.9232579346268026
cluster,graph+geometric0+geometric_p1,3MAB,cluster_1OPD,2,173,0.6465979079048652,0.5586569778601075,0.7634821873103064
cluster,graph+geometric0+geometric_p1,3MD4,cluster_3MD4,2,12,0.7683558872620613,0.886165982448008,0.7222449183672971
cluster,graph+geometric0+geometric_p1,3MD5,cluster_3MD5,5,12,0.5694885064112842,0.6713286713286714,0.9747083162926728
cluster,graph+geometric0+geometric_p1,3MEA,cluster_3MEA,2,166,0.6682326765572728,0.7369777661337759,0.7600566066508077
cluster,graph+geometric0+geometric_p1,3MGN,cluster_3MGN,2,348,0.17525276331311634,0.24118418534945177,1.1936242527813217
cluster,graph+geometric0+geometric_p1,3MRE,cluster_3MRE,5,383,0.663187059565965,0.7464098235621908,0.7576758580777141
cluster,graph+geometric0+geometric_p1,3N11,cluster_3N11,1,325,0.5597299843682888,0.6182776265777674,0.8346968772363443
cluster,graph+geometric0+geometric_p1,3NE0,cluster_3NE0,1,208,0.7044887370016901,0.6995744670005626,0.7225915976234455
cluster,graph+geometric0+geometric_p1,3NGG,cluster_3NGG,1,94,0.7491834774114267,0.6339748869499482,0.6943312565217262
cluster,graph+geometric0+geometric_p1,3NPV,cluster_3NPV,5,495,0.58207551918116,0.5534065348495136,0.817159974237696
cluster,graph+geometric0+geometric_p1,3NVG,cluster_3NVG,2,6,0.6393637975595391,0.4285714285714286,0.7809505566206715
cluster,graph+geometric0+geometric_p1,3NZL,cluster_3NZL,5,73,0.5844004442383999,0.5928062889983151,0.8151342018836356
cluster,graph+geometric0+geometric_p1,3O0P,cluster_3O0P,5,194,0.7179525607168543,0.7005654731972804,0.6968796848688128
cluster,graph+geometric0+geometric_p1,3O5P,cluster_3O5P,5,128,0.7187113042137444,0.6620896062000057,0.703682200159363
cluster,graph+geometric0+geometric_p1,3OBQ,cluster_3OBQ,2,150,0.6318967757731778,0.39022031319447353,0.7789812713893542
cluster,graph+geometric0+geometric_p1,3OQY,cluster_3OQY,3,234,0.6383852741936923,0.610658432288105,0.7813793673568765
cluster,graph+geometric0+geometric_p1,3P6J,cluster_3P6J,3,125,0.7939505497488417,0.7727850862516767,0.6253581897668573
cluster,graph+geometric0+geometric_p1,3PD7,cluster_3PD7,5,188,0.7063279025491557,0.7744098349563662,0.7150493399458167
cluster,graph+geometric0+geometric_p1,3PES,cluster_3PES,3,165,0.5949162120786862,0.5550645965171649,0.8235476921718041
cluster,graph+geometric0+geometric_p1,3PID,cluster_3PID,4,387,0.5272980164108121,0.4801005589302269,0.8612112781678621
cluster,graph+geometric0+geometric_p1,3PIW,cluster_3PIW,5,154,0.7479231235438701,0.7127970152006856,0.6890679731443893
cluster,graph+geometric0+geometric_p1,3PKV,cluster_3PKV,3,221,0.5620572741669885,0.622998325124213,0.8276640087746115
cluster,graph+geometric0+geometric_p1,3PSM,cluster_3PSM,4,94,0.8067210149750316,0.882395439826824,0.6195781475646788
cluster,graph+geometric0+geometric_p1,3PTL,cluster_3PTL,4,289,0.5203102873000831,0.6229636969306719,0.8883929569314625
cluster,graph+geometric0+geometric_p1,3PVE,cluster_3PVE,1,347,0.6868699937545152,0.7133978179776177,0.7391207250602979
cluster,graph+geometric0+geometric_p1,3PZ9,cluster_3PZ9,4,357,0.6947202701724065,0.7009536496872965,0.7285334582401586
cluster,graph+geometric0+geometric_p1,3PZZ,cluster_3PZZ,2,12,0.9190044103414188,0.8321678321678322,0.6189588776863477
cluster,graph+geometric0+geometric_p1,3Q2X,cluster_3Q2X,4,6,0.9036924386255691,0.7714285714285715,0.49902721194001337
cluster,graph+geometric0+geometric_p1,3Q6L,cluster_3Q6L,2,131,0.6083262648273253,0.5739097245652115,0.8004894627592094
cluster,graph+geometric0+geometric_p1,3QDS,cluster_3QDS,1,284,0.7402018719479073,0.7384516652772506,0.7110110961255247
cluster,graph+geometric0+geometric_p1,3QPA,cluster_3QPA,5,197,0.4600954681224266,0.7030099072819512,0.9125607260421795
cluster,graph+geometric0+geometric_p1,3R6D,cluster_3R6D,4,221,0.6809925460402413,0.7554182268719118,0.7403747974143582
cluster,graph+geometric0+geometric_p1,3R87,cluster_3R87,5,132,0.43299384031952204,0.36059983878089513,0.9049246450918896
cluster,graph+geometric0+geometric_p1,3RQ9,cluster_3RQ9,1,162,0.5179602937452994,0.6036429173643496,0.9133535934539738
cluster,graph+geometric0+geometric_p1,3RY0,cluster_3RY0,1,128,0.5977738377490674,0.6219125757383762,0.8105687916670137
cluster,graph+geometric0+geometric_p1,3RZY,cluster_3Q6L,2,139,0.726952245246208,0.6376649043319225,0.7054461370264681
cluster,graph+geometric0+geometric_p1,3S0A,cluster_3S0A,2,119,0.5199575092389543,0.5256055092392878,0.8583802576047282
cluster,graph+geometric0+geometric_p1,3SD2,cluster_3SD2,1,86,0.466334861924598,0.5516925807931039,0.8912898826248893
cluster,graph+geometric0+geometric_p1,3SEB,cluster_3SEB,3,238,0.6414882751196028,0.7646028089469191,0.7726982093756428
cluster,graph+geometric0+geometric_p1,3SED,cluster_3SED,2,124,0.6850221368597196,0.6541609296892456,0.7662396306616296
cluster,graph+geometric0+geometric_p1,3SO6,cluster_3SO6,1,150,0.6876113075990028,0.6519749462803826,0.7350755589833854
cluster,graph+geometric0+geometric_p1,3SR3,cluster_3SR3,5,637,0.5683530931033939,0.5852421748760287,0.8311198651612547
cluster,graph+geometric0+geometric_p1,3SUK,cluster_3SUK,2,248,0.6504895224528369,0.6573103731041366,0.7690054896149845
cluster,graph+geometric0+geometric_p1,3SZH,cluster_3SZH,2,697,0.7866099733949747,0.7755943416903561,0.631144452393443
cluster,graph+geometric0+geometric_p1,3T0H,cluster_3T0H,5,208,0.7556507915828972,0.8038521791270529,0.6689417701866808
cluster,graph+geometric0+geometric_p1,3T3K,cluster_3T3K,3,122,0.7507344823252404,0.8273568275298259,0.6812772747813086
cluster,graph+geometric0+geometric_p1,3T47,cluster_3T47,4,141,0.5060609965895217,0.505956012229973,0.873874008964497
cluster,graph+geometric0+geometric_p1,3TDN,cluster_3TDN,3,357,0.4729855467452791,0.4918606968120582,0.8873458347082289
cluster,graph+geometric0+geometric_p1,3TOW,cluster_3TOW,1,152,0.5768117911416486,0.7068495351863718,0.8246780229930625
cluster,graph+geometric0+geometric_p1,3TUA,cluster_3TUA,2,210,0.6436404958034888,0.7878144101524328,0.7753190281195289
cluster,graph+geometric0+geometric_p1,3TYS,cluster_3TYS,3,75,0.780494919569882,0.6523656436678142,0.7063303028742574
cluster,graph+geometric0+geometric_p1,3U6G,cluster_3U6G,4,248,0.6141843481326615,0.6009012586656671,0.7937332183281789
cluster,graph+geometric0+geometric_p1,3U97,cluster_3U97,5,77,0.7003774269000852,0.6659875123809027,0.7228209751904037
cluster,graph+geometric0+geometric_p1,3UCI,cluster_3UCI,3,72,0.516876510533609,0.47089845006109726,0.8827388452730949
cluster,graph+geometric0+geometric_p1,3UR8,cluster_3UR8,4,637,0.6964301739873422,0.6511155885744879,0.7238166313512531
cluster,graph+geometric0+geometric_p1,3US6,cluster_3US6,5,148,0.6315406777640861,0.5243767005529915,0.7867410154912701
cluster,graph+geometric0+geometric_p1,3V1A,cluster_3V1A,5,48,0.38657734588185927,0.4724785610300203,0.9275801407006996
cluster,graph+geometric0+geometric_p1,3V75,cluster_3V75,2,285,0.5705435047194937,0.5205011554883328,0.827129192617126
cluster,graph+geometric0+geometric_p1,3VN0,cluster_3VN0,1,193,0.8136213548958066,0.6379660456813907,0.6482583262575885
cluster,graph+geometric0+geometric_p1,3VOR,cluster_3VOR,5,182,0.5556374297485098,0.5637116633002767,0.8476757270895627
cluster,graph+geometric0+geometric_p1,3VUB,cluster_3VUB,3,101,0.6032193665127676,0.6274934624070455,0.8053182671764212
cluster,graph+geometric0+geometric_p1,3VVV,cluster_3VVV,1,108,0.7176252378480551,0.5790031510688911,0.7213160236929567
cluster,graph+geometric0+geometric_p1,3VZ9,cluster_3VZ9,5,163,0.7567139994860106,0.7401651388367716,0.6620825861126837
cluster,graph+geometric0+geometric_p1,3W4Q,cluster_1ES5,3,773,0.7072139502699782,0.7241551252989297,0.7315877000661418
cluster,graph+geometric0+geometric_p1,3ZBD,cluster_3ZBD,1,213,0.5388341482911296,0.42758445980763116,0.8561505659542551
cluster,graph+geometric0+geometric_p1,3ZIT,cluster_3ZIT,3,152,0.4189013506080207,0.43568861395967234,0.9189764796828551
cluster,graph+geometric0+geometric_p1,3ZRX,cluster_3ZRX,3,221,0.5538881785780166,0.5521650515025297,0.8329790781882626
cluster,graph+geometric0+geometric_p1,3ZSL,cluster_3ZSL,2,138,0.7035378839960073,0.5900797180654708,0.7303573404681074
cluster,graph+geometric0+geometric_p1,3ZZP,cluster_3ZZP,2,74,0.5008562946707756,0.5414855570138043,0.8658592922720706
cluster,graph+geometric0+geometric_p1,3ZZY,cluster_3ZZY,3,226,0.7213065440400516,0.6155768211183997,0.6962846302165479
cluster,graph+geometric0+geometric_p1,4A02,cluster_4A02,2,166,0.49759845863870206,0.6397183438804311,0.8774881522084672
cluster,graph+geometric0+geometric_p1,4ACJ,cluster_4ACJ,1,167,0.7486365846344932,0.79950991756128,0.6974408096842278
cluster,graph+geometric0+geometric_p1,4AE7,cluster_4AE7,3,186,0.7701279258487024,0.7099070436751322,0.6461567694614431
cluster,graph+geometric0+geometric_p1,4AM1,cluster_4AM1,4,345,0.602048112829671,0.6193721992256058,0.7989116396814686
cluster,graph+geometric0+geometric_p1,4ANN,cluster_4ANN,3,176,0.5688138376396632,0.5944900673695003,0.8267018336708688
cluster,graph+geometric0+geometric_p1,4AVR,cluster_4AVR,1,188,0.6254691860723397,0.728832966428808,0.8123393793513721
cluster,graph+geometric0+geometric_p1,4AXY,cluster_4AXY,4,54,0.7107209632738086,0.670885111412158,0.7058982126325294
cluster,graph+geometric0+geometric_p1,4B6G,cluster_4B6G,3,558,0.746114815865723,0.7492556938780442,0.6888788999960761
cluster,graph+geometric0+geometric_p1,4B9G,cluster_4B9G,5,292,0.7977321058694549,0.7908544505957166,0.6262248698537044
cluster,graph+geometric0+geometric_p1,4DD5,cluster_4DD5,1,387,0.6190199777494597,0.663110171530245,0.7938758707582861
cluster,graph+geometric0+geometric_p1,4DKN,cluster_4DKN,3,423,0.7344411801600051,0.752896469283548,0.7154424015784161
cluster,graph+geometric0+geometric_p1,4DND,cluster_4DND,3,95,0.7467828215061691,0.6825891747983241,0.679311117675394
cluster,graph+geometric0+geometric_p1,4DPZ,cluster_4DPZ,1,109,0.7355947757082109,0.6661646993855733,0.6897107330915144
cluster,graph+geometric0+geometric_p1,4DQ7,cluster_4DQ7,3,328,0.7247860215463019,0.7337639603968896,0.6972179239221429
cluster,graph+geometric0+geometric_p1,4DT4,cluster_4DT4,4,160,0.7545971324947669,0.7388043959420145,0.725959135884813
cluster,graph+geometric0+geometric_p1,4EK3,cluster_4EK3,3,287,0.6779820153123072,0.7027199413653704,0.7420737846963026
cluster,graph+geometric0+geometric_p1,4ERY,cluster_4ERY,2,318,0.7066323683020252,0.7651719051965002,0.7300637045801669
cluster,graph+geometric0+geometric_p1,4ES1,cluster_4ES1,1,95,0.6920181435672145,0.6558671302006732,0.7683416346137442
cluster,graph+geometric0+geometric_p1,4EUG,cluster_4EUG,1,225,0.5875277766498607,0.6357454098050963,0.8103348468403427
cluster,graph+geometric0+geometric_p1,4F01,cluster_4F01,3,448,0.364835361231653,0.5315347922733418,0.9779958566311885
cluster,graph+geometric0+geometric_p1,4F3J,cluster_4F3J,3,143,0.5945902261715659,0.5299552881657142,0.8087594763607419
cluster,graph+geometric0+geometric_p1,4FR9,cluster_4FR9,2,141,0.6137842009838426,0.623897631750526,0.7950057883266566
cluster,graph+geometric0+geometric_p1,4G14,cluster_4G14,1,15,0.5667880489024947,0.5928571428571427,0.8986557108135453
cluster,graph+geometric0+geometric_p1,4G2E,cluster_4G2E,4,151,0.7290227660099274,0.7908183316424658,0.6887004308812884
cluster,graph+geometric0+geometric_p1,4G5X,cluster_4G5X,1,550,0.7529490657926111,0.7490959334328107,0.6761088127394638
cluster,graph+geometric0+geometric_p1,4G6C,cluster_4G6C,3,658,0.58880131746869,0.5634411118585053,0.8162376949682696
cluster,graph+geometric0+geometric_p1,4G7X,cluster_4G7X,3,194,0.6445031771924217,0.5816552732530645,0.7765438005940202
cluster,graph+geometric0+geometric_p1,4GA2,cluster_4GA2,5,144,0.5280833730769994,0.5289788963104223,0.8496965384042011
cluster,graph+geometric0+geometric_p1,4GMQ,cluster_4GMQ,5,92,0.6165043768872944,0.604780913336313,0.7909685597431224
cluster,graph+geometric0+geometric_p1,4GS3,cluster_4GS3,3,90,0.4976846477865403,0.6557762988889257,0.9272961089543469
cluster,graph+geometric0+geometric_p1,4H4J,cluster_4H4J,4,236,0.8036623050998326,0.8192412771714723,0.6252167564869283
cluster,graph+geometric0+geometric_p1,4H89,cluster_4H89,4,168,0.6114036717441271,0.5763607109077498,0.7930397183031808
cluster,graph+geometric0+geometric_p1,4HDE,cluster_4HDE,5,168,0.7436689704639116,0.792866918518778,0.6879217064188395
cluster,graph+geometric0+geometric_p1,4HJP,cluster_4HJP,4,281,0.6753209901248364,0.7790739621041639,0.7473424772085664
cluster,graph+geometric0+geometric_p1,4HWM,cluster_4HWM,4,117,0.5968191116445996,0.5772608405865763,0.8136602054189306
cluster,graph+geometric0+geometric_p1,4IL7,cluster_4IL7,2,85,0.38190184951221273,0.31501187232178407,0.9417729400906155
cluster,graph+geometric0+geometric_p1,4J11,cluster_4J11,5,357,0.616894920869214,0.5030788733599264,0.8005131175515429
cluster,graph+geometric0+geometric_p1,4J5O,cluster_4J5O,2,220,0.7503725478573711,0.648171058652367,0.6709017186578353
cluster,graph+geometric0+geometric_p1,4J5Q,cluster_2FG1,1,146,0.7398322670766928,0.7641036517533939,0.6920123598560992
cluster,graph+geometric0+geometric_p1,4J78,cluster_4J78,3,305,0.6196751258851818,0.7588090409037954,0.7875931725560315
cluster,graph+geometric0+geometric_p1,4JG2,cluster_4JG2,2,185,0.7729269141096918,0.8064581396218181,0.6725728122578614
cluster,graph+geometric0+geometric_p1,4JVU,cluster_4JVU,4,207,0.7286877266023697,0.8090289193369533,0.6961885548884519
cluster,graph+geometric0+geometric_p1,4JYP,cluster_4JYP,2,534,0.6482061029394515,0.6998652945209329,0.7659102600435997
cluster,graph+geometric0+geometric_p1,4KEF,cluster_4KEF,3,133,0.4961841697375213,0.43748924010970797,0.8830867990086865
cluster,graph+geometric0+geometric_p1,5CYT,cluster_1CCR,5,103,0.33887564510928136,0.28950728299605183,0.9431088688947444
cluster,graph+geometric0+geometric_p1,6RXN,cluster_6RXN,1,45,0.5344974315070995,0.5652173913043478,0.8741191824398202
cluster,graph+geometric0+geometric_upper1,1ABA,cluster_1ABA,4,87,0.6435020883376045,0.738050758676474,0.7695560656487447
cluster,graph+geometric0+geometric_upper1,1AHO,cluster_1AHO,3,64,0.6445688731484496,0.7321054499729874,0.7702446579926042
cluster,graph+geometric0+geometric_upper1,1AIE,cluster_1AIE,4,31,0.6799860708358786,0.44556451612903236,0.7455382717398453
cluster,graph+geometric0+geometric_upper1,1AKG,cluster_1AKG,2,16,0.4907327090378889,0.7225903354332069,0.8858014716073317
cluster,graph+geometric0+geometric_upper1,1ATG,cluster_1ATG,5,231,0.527700735307673,0.5823600738196544,0.8558863437994922
cluster,graph+geometric0+geometric_upper1,1BGF,cluster_1BGF,2,124,0.5971087631735835,0.41271264988900136,0.8063463519167661
cluster,graph+geometric0+geometric_upper1,1BX7,cluster_1BX7,2,51,0.5967557811461518,0.23674208144796377,0.8765964221744841
cluster,graph+geometric0+geometric_upper1,1BYI,cluster_1BYI,5,224,0.5431469277431358,0.5996293460468995,0.8453744750792843
cluster,graph+geometric0+geometric_upper1,1CCR,cluster_1CCR,5,111,0.53700314542616,0.5364622984146353,0.8455103954274035
cluster,graph+geometric0+geometric_upper1,1CYO,cluster_1CYO,2,88,0.6468569914196446,0.5775750479732229,0.7759666406564258
cluster,graph+geometric0+geometric_upper1,1DF4,cluster_1DF4,5,57,0.8905906848317621,0.7768991444127561,0.5916901836831833
cluster,graph+geometric0+geometric_upper1,1E5K,cluster_1E5K,3,188,0.764079146161284,0.7567998815329677,0.6575148744598015
cluster,graph+geometric0+geometric_upper1,1ES5,cluster_1ES5,3,260,0.6254995940939533,0.7139223860906481,0.7862218694369674
cluster,graph+geometric0+geometric_upper1,1ETL,cluster_1ETL,3,12,0.7937140110567983,0.6258295302755589,0.7509965608024737
cluster,graph+geometric0+geometric_upper1,1ETM,cluster_1ETM,1,12,0.5995644128624015,0.4405353735063205,0.83941411952581
cluster,graph+geometric0+geometric_upper1,1ETN,cluster_1ETN,4,12,-0.15330385944639746,0.05913123959890826,1.1732620285716293
cluster,graph+geometric0+geometric_upper1,1EW4,cluster_1EW4,2,106,0.6177100401506282,0.64674704392898,0.7887820678109853
cluster,graph+geometric0+geometric_upper1,1F8R,cluster_1F8R,3,1932,0.7973426896635678,0.772944502293452,0.6596760898730101
cluster,graph+geometric0+geometric_upper1,1FF4,cluster_1FF4,4,65,0.6390719850875566,0.5880090473367552,0.7750282764908675
cluster,graph+geometric0+geometric_upper1,1FK5,cluster_1FK5,2,93,0.5561911573080092,0.5161721096244263,0.8342750093711737
cluster,graph+geometric0+geometric_upper1,1GCO,cluster_1GCO,4,1044,0.668837403757462,0.6303256365491511,0.7495756271017017
cluster,graph+geometric0+geometric_upper1,1GK7,cluster_1GK7,3,39,0.8038382851448332,0.6362670183764708,0.6261300003081396
cluster,graph+geometric0+geometric_upper1,1GVD,cluster_1GVD,3,52,0.6899091449167959,0.5844912596580172,0.7437319946143078
cluster,graph+geometric0+geometric_upper1,1GXU,cluster_1GXU,1,88,0.6671961179325799,0.6375696203087821,0.760698903796354
cluster,graph+geometric0+geometric_upper1,1H6V,cluster_1H6V,2,2927,0.49268436647743075,0.5525349893162952,0.8839408015482659
cluster,graph+geometric0+geometric_upper1,1HJE,cluster_1HJE,4,13,0.65886929253451,0.6043956043956044,0.8112298200022299
cluster,graph+geometric0+geometric_upper1,1I71,cluster_1I71,3,83,0.5742255218218814,0.605811262944085,0.8194902692105906
cluster,graph+geometric0+geometric_upper1,1IDP,cluster_1IDP,2,441,0.7673354361052287,0.8759695676414145,0.6607399563425228
cluster,graph+geometric0+geometric_upper1,1IFR,cluster_1IFR,3,113,0.653404488202355,0.7233794804252802,0.780032820630755
cluster,graph+geometric0+geometric_upper1,1K8U,cluster_1K8U,2,89,0.4869480831673184,0.36947722794524257,0.8921335761256892
cluster,graph+geometric0+geometric_upper1,1KMM,cluster_1KMM,4,1499,0.7281311634142948,0.7516757573504951,0.6959126989194935
cluster,graph+geometric0+geometric_upper1,1KNG,cluster_1KNG,1,144,0.5284555316404489,0.49490693016089093,0.8551360551482219
cluster,graph+geometric0+geometric_upper1,1KR4,cluster_1KR4,3,110,0.6234539006113369,0.5649153337576899,0.7864631469189479
cluster,graph+geometric0+geometric_upper1,1KYC,cluster_1KYC,5,15,0.7829156048668389,0.7678571428571428,0.7628716274127825
cluster,graph+geometric0+geometric_upper1,1LR7,cluster_1LR7,1,73,0.6252888061946806,0.708014840318176,0.8051398183262471
cluster,graph+geometric0+geometric_upper1,1MF7,cluster_1MF7,2,194,0.6916855324278435,0.7787764795943648,0.7465073268854535
cluster,graph+geometric0+geometric_upper1,1N7E,cluster_1N7E,5,95,0.5379210653844846,0.6932183638928061,0.8451053800217794
cluster,graph+geometric0+geometric_upper1,1NKD,cluster_1NKD,1,59,0.7206451163957225,0.7340873237157785,0.782292164424484
cluster,graph+geometric0+geometric_upper1,1NKO,cluster_1NKO,1,122,0.5053704589158935,0.7136080576943217,0.8805615424015227
cluster,graph+geometric0+geometric_upper1,1NLS,cluster_1NLS,5,237,0.5350046418033212,0.7327512438777921,0.8524215801143806
cluster,graph+geometric0+geometric_upper1,1NNX,cluster_1NNX,2,93,0.7678412785504789,0.8024648991508134,0.6523350765842264
cluster,graph+geometric0+geometric_upper1,1NOA,cluster_1NOA,4,113,0.5394970237294537,0.4922461439036347,0.843387616211247
cluster,graph+geometric0+geometric_upper1,1NOT,cluster_1NOT,3,13,0.5689842798799,0.7142857142857143,0.9077481179626254
cluster,graph+geometric0+geometric_upper1,1O06,cluster_1O06,1,20,0.9378092164547327,0.7744360902255639,0.382069820448637
cluster,graph+geometric0+geometric_upper1,1O08,cluster_1O08,5,221,0.34426840043246526,0.6015467679091913,0.9647702852181973
cluster,graph+geometric0+geometric_upper1,1OB4,cluster_1OB4,1,16,0.5025240099992303,0.3411764705882353,0.9372229776468005
cluster,graph+geometric0+geometric_upper1,1OB7,cluster_1OB7,4,16,0.5981564438373559,0.830022299764417,0.8461839960529193
cluster,graph+geometric0+geometric_upper1,1OPD,cluster_1OPD,2,85,0.4575440167300691,0.4539400720206221,0.8923856348808934
cluster,graph+geometric0+geometric_upper1,1P9I,cluster_1P9I,2,29,0.6628635623632578,0.5103448275862068,0.7579203623877834
cluster,graph+geometric0+geometric_upper1,1PEF,cluster_1PEF,5,18,0.859204805420887,0.9195046439628484,0.6336112615423883
cluster,graph+geometric0+geometric_upper1,1PEN,cluster_1PEN,5,16,0.579530559631875,0.5651215657970499,0.8364769233145627
cluster,graph+geometric0+geometric_upper1,1PMY,cluster_1PMY,4,123,0.6783567177039288,0.5895808746357958,0.7630725118355212
cluster,graph+geometric0+geometric_upper1,1PZ4,cluster_1PZ4,2,113,0.7232581670764789,0.6696331845584532,0.7071116494104794
cluster,graph+geometric0+geometric_upper1,1Q9B,cluster_1Q9B,2,43,0.7508834262339873,0.7792207792207791,0.6830909430571559
cluster,graph+geometric0+geometric_upper1,1QAU,cluster_1QAU,3,112,0.6613952746325921,0.6388134924314719,0.7584403421075796
cluster,graph+geometric0+geometric_upper1,1QKI,cluster_1QKI,1,3912,0.5658353692383081,0.6446552983508185,0.8579519184772997
cluster,graph+geometric0+geometric_upper1,1QTO,cluster_1QTO,2,122,0.5955308459808679,0.6227380873736994,0.8039639305488436
cluster,graph+geometric0+geometric_upper1,1R29,cluster_1R29,5,122,0.6063421892771503,0.5758735834258208,0.7994899367619506
cluster,graph+geometric0+geometric_upper1,1R7J,cluster_1R7J,1,90,0.7610784273089508,0.6312241219791409,0.6651451491998149
cluster,graph+geometric0+geometric_upper1,1RJU,cluster_1RJU,4,36,0.3872424811007175,0.31608751608751606,0.9515007199156037
cluster,graph+geometric0+geometric_upper1,1RRO,cluster_1RRO,5,108,0.3130758417711308,0.22641626286591446,0.9604854175948547
cluster,graph+geometric0+geometric_upper1,1SAU,cluster_1SAU,1,114,0.6338185421772828,0.6472093966495214,0.7904500365082548
cluster,graph+geometric0+geometric_upper1,1TGR,cluster_1TGR,1,104,0.7230937528096727,0.6786995521892745,0.7097539145259253
cluster,graph+geometric0+geometric_upper1,1TZV,cluster_1TZV,4,141,0.8136347013578624,0.7753964508278262,0.6116463750567571
cluster,graph+geometric0+geometric_upper1,1U06,cluster_1U06,2,55,0.45697094878334554,0.29701112939769336,0.8929013754750326
cluster,graph+geometric0+geometric_upper1,1U7I,cluster_1U7I,3,267,0.7571138506021071,0.7955151839224913,0.668958963216858
cluster,graph+geometric0+geometric_upper1,1U9C,cluster_1U9C,1,221,0.5759671942639022,0.41184416497852255,0.8281661051692873
cluster,graph+geometric0+geometric_upper1,1UHA,cluster_1UHA,1,82,0.6536608271678854,0.7037081380437112,0.7614342184563399
cluster,graph+geometric0+geometric_upper1,1UKU,cluster_1KR4,3,102,0.6865700337474426,0.5357534633956161,0.7395179634692035
cluster,graph+geometric0+geometric_upper1,1ULR,cluster_1ULR,4,87,0.597944092830832,0.6340576574049216,0.8160410777298234
cluster,graph+geometric0+geometric_upper1,1UOY,cluster_1UOY,5,64,0.6638134289943077,0.6068750787380058,0.7680537058340736
cluster,graph+geometric0+geometric_upper1,1USE,cluster_1USE,3,40,0.11474811279217888,-0.06660412757973734,1.1511720700614636
cluster,graph+geometric0+geometric_upper1,1USM,cluster_1USM,5,77,0.8193850755859431,0.725108609226248,0.609073292988178
cluster,graph+geometric0+geometric_upper1,1UTG,cluster_1UTG,4,70,0.5896794529702112,0.529442126187053,0.8228641848477531
cluster,graph+geometric0+geometric_upper1,1V05,cluster_1V05,4,96,0.6167720501055775,0.5826042133500389,0.8034628271358145
cluster,graph+geometric0+geometric_upper1,1V70,cluster_1V70,4,105,0.5554366065361076,0.648722760304494,0.8329018707507854
cluster,graph+geometric0+geometric_upper1,1VRZ,cluster_1VRZ,3,21,0.7446411893335917,0.7751788511013694,0.795502974553884
cluster,graph+geometric0+geometric_upper1,1W2L,cluster_1W2L,4,97,0.5678617193269291,0.37532463263903376,0.824964144126763
cluster,graph+geometric0+geometric_upper1,1WBE,cluster_1WBE,3,204,0.565501147642242,0.6342917278439664,0.8257001542726384
cluster,graph+geometric0+geometric_upper1,1WHI,cluster_1WHI,1,122,0.5311815468278324,0.6334997133381964,0.8510643081952246
cluster,graph+geometric0+geometric_upper1,1WLY,cluster_1WLY,5,322,0.6836903290644163,0.7209912988166862,0.7382510818685072
cluster,graph+geometric0+geometric_upper1,1WPA,cluster_1WPA,2,107,0.5760654491404755,0.3526611104164182,0.824919257522751
cluster,graph+geometric0+geometric_upper1,1X3O,cluster_1X3O,3,80,0.5446311531589499,0.5526755313944609,0.8424022875633077
cluster,graph+geometric0+geometric_upper1,1XY1,cluster_1XY1,3,16,0.6191249745823644,0.5693331503010489,1.1812003257597818
cluster,graph+geometric0+geometric_upper1,1XY2,cluster_1XY2,3,8,0.5448095495334748,0.37581969985087577,0.9170316147908452
cluster,graph+geometric0+geometric_upper1,1Y6X,cluster_1Y6X,5,87,0.49839208377770994,0.5556178265067632,0.8809536809134396
cluster,graph+geometric0+geometric_upper1,1YJO,cluster_1YJO,5,6,0.3216629342646589,0.3714285714285715,1.0951938505955052
cluster,graph+geometric0+geometric_upper1,1YZM,cluster_1YZM,5,46,0.7516254151057347,0.6406808942739007,0.7420705045962802
cluster,graph+geometric0+geometric_upper1,1Z21,cluster_1Z21,3,96,0.6252118198685971,0.6869983078045558,0.783345821948611
cluster,graph+geometric0+geometric_upper1,1ZCE,cluster_1ZCE,2,146,0.7724025089147314,0.8052288590201799,0.6745652113110399
cluster,graph+geometric0+geometric_upper1,1ZVA,cluster_1ZVA,1,75,0.5803852789479662,0.5318652563521202,0.815239072212492
cluster,graph+geometric0+geometric_upper1,2A50,cluster_2A50,4,457,0.5550843491231485,0.6243947952960509,0.8453400956750301
cluster,graph+geometric0+geometric_upper1,2AGK,cluster_2AGK,2,233,0.6628906190547972,0.7093318065837184,0.7550951966310001
cluster,graph+geometric0+geometric_upper1,2AH1,cluster_2AH1,5,939,0.5428623078584198,0.5593727901659744,0.8576250659496492
cluster,graph+geometric0+geometric_upper1,2B0A,cluster_2B0A,4,186,0.6091348361488921,0.6228650340714746,0.8037583716721779
cluster,graph+geometric0+geometric_upper1,2BCM,cluster_2BCM,4,413,0.5632083632542982,0.5037063485019871,0.8269830246861547
cluster,graph+geometric0+geometric_upper1,2BF9,cluster_2BF9,5,36,0.5998242350901083,0.5180513557287723,0.846950892843229
cluster,graph+geometric0+geometric_upper1,2BRF,cluster_2BRF,4,100,0.7823834546411174,0.7329276786392966,0.6807378843714019
cluster,graph+geometric0+geometric_upper1,2C71,cluster_2C71,5,205,0.6203636359028536,0.6670569238304489,0.8148601630492578
cluster,graph+geometric0+geometric_upper1,2CE0,cluster_2CE0,2,99,0.5832044701688358,0.5726592722890854,0.813740238234444
cluster,graph+geometric0+geometric_upper1,2CG7,cluster_2CG7,5,90,0.534032764204163,0.5121828749853685,0.8535798390609042
cluster,graph+geometric0+geometric_upper1,2COV,cluster_2COV,3,534,0.7838059477396456,0.7463178776095356,0.6382379221090427
cluster,graph+geometric0+geometric_upper1,2CWS,cluster_2CWS,4,227,0.6659279851001243,0.6992820819896207,0.7576005469728292
cluster,graph+geometric0+geometric_upper1,2D5W,cluster_2D5W,5,1214,0.7119560311816602,0.681194290030927,0.7244636397440701
cluster,graph+geometric0+geometric_upper1,2DKO,cluster_2DKO,2,253,0.7906381835340365,0.6851287648925423,0.6168524792202873
cluster,graph+geometric0+geometric_upper1,2DPL,cluster_2DPL,5,565,0.48145757404395234,0.5376785561919006,0.8872761609840045
cluster,graph+geometric0+geometric_upper1,2DSX,cluster_2DSX,4,52,0.3720907445721573,0.26557664038740436,0.9289398173863872
cluster,graph+geometric0+geometric_upper1,2E10,cluster_2E10,5,439,0.7743292833255555,0.8040213200225921,0.6425358772469834
cluster,graph+geometric0+geometric_upper1,2E3H,cluster_2E3H,4,81,0.6976370683377547,0.6937565639673099,0.7176046965928404
cluster,graph+geometric0+geometric_upper1,2EAQ,cluster_2EAQ,4,89,0.6880279862951577,0.48832765148241025,0.7458166223891417
cluster,graph+geometric0+geometric_upper1,2EHP,cluster_2EHP,3,248,0.7690051495520729,0.7929545970050367,0.6586600201911309
cluster,graph+geometric0+geometric_upper1,2EHS,cluster_1X3O,3,75,0.6945256181614031,0.6998534830506506,0.7503085383198582
cluster,graph+geometric0+geometric_upper1,2ERW,cluster_2ERW,3,53,0.2736397264196526,0.10801330530790458,1.0217300326326204
cluster,graph+geometric0+geometric_upper1,2ETX,cluster_2ETX,1,389,0.5327161404527155,0.5529293206989716,0.8572628879676271
cluster,graph+geometric0+geometric_upper1,2FB6,cluster_2FB6,5,116,0.7829588761075736,0.6736723945896878,0.6899596498508732
cluster,graph+geometric0+geometric_upper1,2FG1,cluster_2FG1,1,157,0.6050379964480042,0.5362791970806482,0.7981970818922685
cluster,graph+geometric0+geometric_upper1,2FN9,cluster_2FN9,2,560,0.5910491030676542,0.5757173084256314,0.810267594681138
cluster,graph+geometric0+geometric_upper1,2FQ3,cluster_2FQ3,2,85,0.6954423168449388,0.692905999609146,0.7505034892757552
cluster,graph+geometric0+geometric_upper1,2G69,cluster_2G69,1,99,0.624421822978061,0.6391195987728822,0.8012031904370817
cluster,graph+geometric0+geometric_upper1,2G7O,cluster_2G7O,2,68,0.7871342409230802,0.4425229774813294,0.703601037567769
cluster,graph+geometric0+geometric_upper1,2G7S,cluster_2G7S,1,190,0.6458526813538691,0.6162867954139792,0.7827319710891185
cluster,graph+geometric0+geometric_upper1,2GKG,cluster_2GKG,5,122,0.683567311184251,0.5291046380102505,0.7507961659703681
cluster,graph+geometric0+geometric_upper1,2GOM,cluster_2GOM,4,121,0.5898614824777925,0.4427012151392891,0.8124641607537089
cluster,graph+geometric0+geometric_upper1,2GXG,cluster_2GXG,1,140,0.7071185330312818,0.6823257487246275,0.7286115972231627
cluster,graph+geometric0+geometric_upper1,2GZQ,cluster_2GZQ,5,191,0.41037334272933274,0.3549460643700107,0.9359535553070227
cluster,graph+geometric0+geometric_upper1,2HQK,cluster_2HQK,1,213,0.7776065980386245,0.7269647576923152,0.69521104595711
cluster,graph+geometric0+geometric_upper1,2HYK,cluster_2HYK,1,237,0.5891830104780754,0.5655718549421732,0.8111290716775255
cluster,graph+geometric0+geometric_upper1,2I24,cluster_2I24,4,113,0.5091620235212959,0.46258390253028686,0.8622857828341858
cluster,graph+geometric0+geometric_upper1,2I49,cluster_2I49,3,398,0.6851785116914957,0.6897814322932627,0.7455243067980037
cluster,graph+geometric0+geometric_upper1,2IBL,cluster_2IBL,2,108,0.6402370037729329,0.652360412847576,0.8945333089160497
cluster,graph+geometric0+geometric_upper1,2IGD,cluster_2IGD,1,61,0.5187943065808069,0.5383272959918864,0.8612927574396432
cluster,graph+geometric0+geometric_upper1,2IMF,cluster_2IMF,3,203,0.6392398784752173,0.6166926732503946,0.7711463338669947
cluster,graph+geometric0+geometric_upper1,2IP6,cluster_2IP6,5,87,0.6317247432680645,0.40941731831029576,0.7802525297256263
cluster,graph+geometric0+geometric_upper1,2IVY,cluster_2IVY,3,88,0.48673052373040854,0.4289972482487603,0.8860321731243695
cluster,graph+geometric0+geometric_upper1,2J32,cluster_2J32,4,244,0.8030755742657207,0.717476718475975,0.6149769573426458
cluster,graph+geometric0+geometric_upper1,2J9W,cluster_2J9W,1,200,0.685138184878172,0.6813591331680009,0.7406895721290371
cluster,graph+geometric0+geometric_upper1,2JKU,cluster_2JKU,1,35,0.4245648989625233,0.2158414460086843,0.9781228357975572
cluster,graph+geometric0+geometric_upper1,2JLI,cluster_2JLI,4,100,0.6238655473458267,0.5008566037595071,0.7833308127270348
cluster,graph+geometric0+geometric_upper1,2JLJ,cluster_2JLI,4,115,0.7516403116271468,0.6208323716890393,0.676240229675321
cluster,graph+geometric0+geometric_upper1,2MCM,cluster_1NOA,4,112,0.7839333123444612,0.7068672066841771,0.6846887923474889
cluster,graph+geometric0+geometric_upper1,2NLS,cluster_2NLS,2,36,0.4115499925221846,0.34028314028314033,0.912774994640431
cluster,graph+geometric0+geometric_upper1,2NR7,cluster_2NR7,4,194,0.8217523386319023,0.7288604988253896,0.6057482869288346
cluster,graph+geometric0+geometric_upper1,2NUH,cluster_1KR4,3,104,0.6402196517575406,0.5593496109157166,0.7797561296423304
cluster,graph+geometric0+geometric_upper1,2O6X,cluster_2O6X,2,306,0.7973817564194502,0.8003888708053776,0.6165375525303886
cluster,graph+geometric0+geometric_upper1,2OA2,cluster_2OA2,4,132,0.4853870739321393,0.3839478006654345,0.8806387109360467
cluster,graph+geometric0+geometric_upper1,2OCT,cluster_2OCT,4,192,0.5470710398954608,0.5607104739283941,0.8544594019329234
cluster,graph+geometric0+geometric_upper1,2OHW,cluster_2OHW,4,256,0.5842142509745363,0.6554997426020582,0.8230817200476352
cluster,graph+geometric0+geometric_upper1,2OKT,cluster_2OKT,5,342,0.3833117573213685,0.3854026460210992,0.9613523564088643
cluster,graph+geometric0+geometric_upper1,2OL9,cluster_2OL9,1,6,0.8214646778278578,0.7142857142857143,0.5916775208928485
cluster,graph+geometric0+geometric_upper1,2OLX,cluster_2OLX,3,4,0.8733015789218623,0.6000000000000001,0.8597984851909259
cluster,graph+geometric0+geometric_upper1,2PKT,cluster_2PKT,1,91,0.010797679937358577,0.06602402542951002,1.092656471679298
cluster,graph+geometric0+geometric_upper1,2PLT,cluster_2PLT,2,98,0.45209609402206613,0.5134461389474954,0.901204599481934
cluster,graph+geometric0+geometric_upper1,2PMR,cluster_2PMR,4,76,0.6698758999438273,0.7713844345824644,0.751980010830709
cluster,graph+geometric0+geometric_upper1,2POF,cluster_2POF,4,440,0.6877096712232098,0.7211129822193683,0.7312982992834762
cluster,graph+geometric0+geometric_upper1,2PPN,cluster_2PPN,5,107,0.6255128429235749,0.724326601605429,0.7957667325158893
cluster,graph+geometric0+geometric_upper1,2PSF,cluster_2PSF,4,608,0.5232487331830468,0.4861756004501856,0.8559474650257293
cluster,graph+geometric0+geometric_upper1,2PTH,cluster_2PTH,3,193,0.7225739167248325,0.7986589196575204,0.709907946896181
cluster,graph+geometric0+geometric_upper1,2Q4N,cluster_2Q4N,2,153,0.6629490832424608,0.5595099980379519,0.7625076871495883
cluster,graph+geometric0+geometric_upper1,2Q52,cluster_1WBE,3,412,0.7713800323226452,0.7530672349777289,0.664368416103539
cluster,graph+geometric0+geometric_upper1,2QJL,cluster_2QJL,5,99,0.6198593217506677,0.6787738609754377,0.7996838599850802
cluster,graph+geometric0+geometric_upper1,2R16,cluster_2R16,1,175,0.5564789854571759,0.43600359620652995,0.839969020066166
cluster,graph+geometric0+geometric_upper1,2R6Q,cluster_2R6Q,3,138,0.5473767115561086,0.42617343934367447,0.8434158229116357
cluster,graph+geometric0+geometric_upper1,2RB8,cluster_2RB8,4,93,0.6486484448885116,0.5295747959575678,0.7655030059775686
cluster,graph+geometric0+geometric_upper1,2RE2,cluster_2RE2,2,238,0.6544799657090504,0.4709850080952299,0.7577966669793267
cluster,graph+geometric0+geometric_upper1,2RFR,cluster_2RFR,2,154,0.6894926137385289,0.46430146876846246,0.7267983668195199
cluster,graph+geometric0+geometric_upper1,2V9V,cluster_2V9V,1,135,0.5439830080311092,0.45364131015656756,0.839232261667073
cluster,graph+geometric0+geometric_upper1,2VE8,cluster_2VE8,1,515,0.7081080763993782,0.611968367924845,0.710161893700079
cluster,graph+geometric0+geometric_upper1,2VH7,cluster_2VH7,5,94,0.7281452785752864,0.7373638125594089,0.6999828500931967
cluster,graph+geometric0+geometric_upper1,2VIM,cluster_2VIM,5,104,0.3674735444385122,0.3876932104955151,0.9394172061037651
cluster,graph+geometric0+geometric_upper1,2VPA,cluster_2VPA,2,204,0.746639792654047,0.762324209970466,0.7684280635810646
cluster,graph+geometric0+geometric_upper1,2VQ4,cluster_2VQ4,4,106,0.6696766001745726,0.7658826229326636,0.7439932713409513
cluster,graph+geometric0+geometric_upper1,2VY8,cluster_2VY8,5,149,0.746883061334903,0.7785286395873657,0.6762947305426813
cluster,graph+geometric0+geometric_upper1,2VYO,cluster_2C71,5,206,0.7163635292250841,0.7323191452768444,0.7174823630238987
cluster,graph+geometric0+geometric_upper1,2W1V,cluster_2W1V,5,548,0.687699658128644,0.751188322081635,0.7430324743422123
cluster,graph+geometric0+geometric_upper1,2W2A,cluster_2W2A,3,350,0.6393296760501551,0.6843898461060404,0.7703717966487481
cluster,graph+geometric0+geometric_upper1,2W6A,cluster_2W6A,3,117,0.7676080712186495,0.4976995992415574,0.6608764952494982
cluster,graph+geometric0+geometric_upper1,2WJ5,cluster_2WJ5,2,96,0.5185089217484415,0.5628505735817946,0.9216685923512254
cluster,graph+geometric0+geometric_upper1,2WUJ,cluster_2WUJ,1,100,0.4522876619306471,0.22550390341782178,0.8971262343952436
cluster,graph+geometric0+geometric_upper1,2WW7,cluster_2WW7,3,150,0.4722042626413422,0.5314622902858943,0.9430269519683977
cluster,graph+geometric0+geometric_upper1,2WWE,cluster_2WWE,4,111,0.5617925432678973,0.4791237047212537,0.8291197494316577
cluster,graph+geometric0+geometric_upper1,2X1Q,cluster_2X1Q,5,240,0.4557314880571047,0.38569901053235306,0.9053553300159376
cluster,graph+geometric0+geometric_upper1,2X25,cluster_2X25,2,168,0.6192270040158177,0.6939416238362791,0.7957071211238735
cluster,graph+geometric0+geometric_upper1,2X3M,cluster_2X3M,3,166,0.734203089938002,0.6217579539349404,0.717076958020616
cluster,graph+geometric0+geometric_upper1,2X5Y,cluster_2X5Y,4,171,0.7155049667695687,0.6952372324421491,0.7208468706427588
cluster,graph+geometric0+geometric_upper1,2X9Z,cluster_2X9Z,5,262,0.5768032618268601,0.5882963667867358,0.8176384325057756
cluster,graph+geometric0+geometric_upper1,2XHF,cluster_2XHF,5,310,0.5803244996426817,0.6300930715856523,0.8154336350348098
cluster,graph+geometric0+geometric_upper1,2Y0T,cluster_2Y0T,3,101,0.7850178668076611,0.7481224138330606,0.6376561367065625
cluster,graph+geometric0+geometric_upper1,2Y72,cluster_2Y72,5,170,0.7282709030296004,0.6865886373763189,0.7071276376887731
cluster,graph+geometric0+geometric_upper1,2Y7L,cluster_2Y7L,4,319,0.7211749231646476,0.6919633582415465,0.7084663122417739
cluster,graph+geometric0+geometric_upper1,2Y9F,cluster_2Y9F,4,149,0.7585068648590408,0.8587948057163561,0.6542120499199466
cluster,graph+geometric0+geometric_upper1,2YLB,cluster_2YLB,2,400,0.742269201685584,0.8013961938406248,0.6724293351874832
cluster,graph+geometric0+geometric_upper1,2YNY,cluster_2YNY,1,315,0.7155997540733066,0.7073830137699022,0.7357490938005682
cluster,graph+geometric0+geometric_upper1,2ZCM,cluster_2ZCM,1,357,0.44448115751901424,0.37804811469892385,0.8975017230786951
cluster,graph+geometric0+geometric_upper1,2ZU1,cluster_2ZU1,2,360,0.7066299985173318,0.7580374774697863,0.7115497114967474
cluster,graph+geometric0+geometric_upper1,3A0M,cluster_3A0M,1,148,0.7291134429099713,0.5504998436200055,0.7276957133161708
cluster,graph+geometric0+geometric_upper1,3A7L,cluster_3A7L,4,128,0.6977807240562306,0.6096583967959986,0.7358517871229593
cluster,graph+geometric0+geometric_upper1,3AMC,cluster_3AMC,2,614,0.7181708872880735,0.764673139035947,0.7232949767259995
cluster,graph+geometric0+geometric_upper1,3AUB,cluster_3AUB,1,116,0.609453538143333,0.6785802157700029,0.7985419544507247
cluster,graph+geometric0+geometric_upper1,3B5O,cluster_3B5O,1,230,0.6155459747045983,0.602475946111301,0.789074963147752
cluster,graph+geometric0+geometric_upper1,3BA1,cluster_3BA1,4,312,0.6465885889365591,0.5725694927378242,0.7634041707499248
cluster,graph+geometric0+geometric_upper1,3BED,cluster_3BED,1,261,0.8217304142972273,0.8316011157611253,0.6039179317085784
cluster,graph+geometric0+geometric_upper1,3BQX,cluster_3BQX,4,139,0.48227320435701054,0.4851182862488909,0.8965310077116876
cluster,graph+geometric0+geometric_upper1,3BZQ,cluster_3BZQ,3,99,0.5726097474766034,0.5583460627568909,0.8257201608826735
cluster,graph+geometric0+geometric_upper1,3BZZ,cluster_3BZZ,5,100,0.4547751249236808,0.4471861096178802,0.9118777010007939
cluster,graph+geometric0+geometric_upper1,3DRF,cluster_3DRF,4,547,0.5616265130229072,0.5556254600524417,0.8293984075863519
cluster,graph+geometric0+geometric_upper1,3DWV,cluster_3DWV,2,325,0.6464490017064219,0.7217148526725341,0.768869446428868
cluster,graph+geometric0+geometric_upper1,3E5T,cluster_2HQK,1,228,0.5266408480760041,0.4502201385405117,0.8519559337278036
cluster,graph+geometric0+geometric_upper1,3E7R,cluster_3E7R,4,40,0.7140405661600836,0.7756250956388695,0.7344918714856145
cluster,graph+geometric0+geometric_upper1,3EUR,cluster_3EUR,3,140,0.4042543544544881,0.38923742694476626,0.924924148299578
cluster,graph+geometric0+geometric_upper1,3F2Z,cluster_3F2Z,3,149,0.7777593768745958,0.7510987926708351,0.655493416892306
cluster,graph+geometric0+geometric_upper1,3F7E,cluster_3F7E,3,254,0.7443588879492805,0.8037215535563966,0.6755797062579226
cluster,graph+geometric0+geometric_upper1,3FCN,cluster_3FCN,1,158,0.6145395394320344,0.5403815904524436,0.7926247917716441
cluster,graph+geometric0+geometric_upper1,3FE7,cluster_3FE7,3,91,0.5023469245822477,0.5220081463361677,0.8659788286792077
cluster,graph+geometric0+geometric_upper1,3FKE,cluster_3FKE,5,250,0.5180203578893396,0.5092481852356521,0.8633792576657523
cluster,graph+geometric0+geometric_upper1,3FMY,cluster_3FMY,2,66,0.6678540847822295,0.6514278558533589,0.7572087509018699
cluster,graph+geometric0+geometric_upper1,3FOD,cluster_3FOD,1,48,0.42096370503400315,0.45758019933880045,1.0305984250445261
cluster,graph+geometric0+geometric_upper1,3FSO,cluster_3FSO,2,221,0.8109995103649794,0.6025855398460181,0.6134721550254799
cluster,graph+geometric0+geometric_upper1,3FTD,cluster_3FTD,1,240,0.7109713590645952,0.6805475982179542,0.7193956638493351
cluster,graph+geometric0+geometric_upper1,3FVA,cluster_3FVA,1,6,0.7481637801837012,0.7775419143502353,0.7003864671937865
cluster,graph+geometric0+geometric_upper1,3G1S,cluster_3G1S,1,418,0.6407097563651073,0.7007751590919234,0.7746990461548666
cluster,graph+geometric0+geometric_upper1,3GBW,cluster_3GBW,4,161,0.7292319665793744,0.8397279999457398,0.697631556055426
cluster,graph+geometric0+geometric_upper1,3GHJ,cluster_3GHJ,5,116,0.5449195998106113,0.5427730087804254,0.8427854451229015
cluster,graph+geometric0+geometric_upper1,3HFO,cluster_3HFO,4,197,0.6482874548530447,0.667506159879948,0.7657507412646807
cluster,graph+geometric0+geometric_upper1,3HHP,cluster_3HHP,5,1234,0.7437045927276018,0.7890535851608504,0.6876815662788014
cluster,graph+geometric0+geometric_upper1,3HNY,cluster_3HNY,5,156,0.7231797423531123,0.7344298984332919,0.7001703798970358
cluster,graph+geometric0+geometric_upper1,3HP4,cluster_3HP4,4,183,0.5147618696248664,0.44721523410091046,0.8625394961471909
cluster,graph+geometric0+geometric_upper1,3HWU,cluster_3HWU,2,144,0.7495707039032574,0.7255052675237326,0.6655987552619504
cluster,graph+geometric0+geometric_upper1,3HYD,cluster_3HYD,5,7,0.9427136985433529,0.5,0.5447576770202008
cluster,graph+geometric0+geometric_upper1,3HZ8,cluster_3HZ8,2,192,0.5011439416241551,0.4734184887892781,0.875012044481368
cluster,graph+geometric0+geometric_upper1,3I2V,cluster_3I2V,3,124,0.4136279450506809,0.42215529288196046,0.9407569795128486
cluster,graph+geometric0+geometric_upper1,3I2Z,cluster_3I2Z,5,138,0.5683442565254765,0.5811937126010659,0.8283044320745641
cluster,graph+geometric0+geometric_upper1,3I4O,cluster_3I4O,1,135,0.7475046449971634,0.7113916859135841,0.6691577334699386
cluster,graph+geometric0+geometric_upper1,3I7M,cluster_3I7M,2,134,0.6314549610631791,0.5466234735230576,0.7774027939936287
cluster,graph+geometric0+geometric_upper1,3IHS,cluster_1OPD,2,169,0.602437065684042,0.4930696614153963,0.8064741728805912
cluster,graph+geometric0+geometric_upper1,3IVV,cluster_3IVV,4,149,0.784379534406663,0.7642884157577639,0.6353264313843529
cluster,graph+geometric0+geometric_upper1,3K6Y,cluster_3K6Y,2,227,0.6036296186049843,0.6125267541066218,0.8014762542590667
cluster,graph+geometric0+geometric_upper1,3KBE,cluster_3KBE,5,140,0.6785621026456136,0.6657628245501409,0.7347537160467255
cluster,graph+geometric0+geometric_upper1,3KGK,cluster_3KGK,2,190,0.7964586785993084,0.7865489952554302,0.6166099331118974
cluster,graph+geometric0+geometric_upper1,3KZD,cluster_3KZD,3,85,0.6144556451946263,0.6546605824754193,0.7953192111021734
cluster,graph+geometric0+geometric_upper1,3L41,cluster_2ETX,1,220,0.7062889451732264,0.6842969646329228,0.7118609986454669
cluster,graph+geometric0+geometric_upper1,3LAA,cluster_3LAA,3,169,0.6076381896166475,0.5226455237951795,0.875393436921973
cluster,graph+geometric0+geometric_upper1,3LAX,cluster_3LAX,3,106,0.7498135620243732,0.7357840828289022,0.6774989462738142
cluster,graph+geometric0+geometric_upper1,3LG3,cluster_3LG3,4,833,0.5997071024962254,0.6166067563358327,0.8398979788750115
cluster,graph+geometric0+geometric_upper1,3LJI,cluster_3LJI,5,272,0.5931813746261281,0.5292399975498265,0.8063209938783025
cluster,graph+geometric0+geometric_upper1,3M3P,cluster_3M3P,1,249,0.611374961198634,0.6340807722765235,0.7923205340648567
cluster,graph+geometric0+geometric_upper1,3M8J,cluster_3M8J,1,178,0.6972613006316228,0.7484783328148517,0.7204968780425363
cluster,graph+geometric0+geometric_upper1,3M9J,cluster_3M9J,3,210,0.5201029826847052,0.5374548578636614,0.8588809777895076
cluster,graph+geometric0+geometric_upper1,3M9Q,cluster_3M9Q,2,176,0.4632531540263009,0.5387690728137134,0.9279565439593678
cluster,graph+geometric0+geometric_upper1,3MAB,cluster_1OPD,2,173,0.6558493409324099,0.5721425926829944,0.7561809365133035
cluster,graph+geometric0+geometric_upper1,3MD4,cluster_3MD4,2,12,0.8155572711068487,0.8301238649809405,0.6846341893966311
cluster,graph+geometric0+geometric_upper1,3MD5,cluster_3MD5,5,12,0.4754145971539165,0.5034965034965035,1.0844931383888137
cluster,graph+geometric0+geometric_upper1,3MEA,cluster_3MEA,2,166,0.6644182029483965,0.7428910605524771,0.7636577290567045
cluster,graph+geometric0+geometric_upper1,3MGN,cluster_3MGN,2,348,0.19040039073165946,0.26026157864054433,1.187480376639704
cluster,graph+geometric0+geometric_upper1,3MRE,cluster_3MRE,5,383,0.6748686974004685,0.746471018386327,0.7473095068807903
cluster,graph+geometric0+geometric_upper1,3N11,cluster_3N11,1,325,0.5578810857099892,0.6188717256481228,0.8366667905432806
cluster,graph+geometric0+geometric_upper1,3NE0,cluster_3NE0,1,208,0.6961970177491329,0.6862030477248594,0.7284694464258149
cluster,graph+geometric0+geometric_upper1,3NGG,cluster_3NGG,1,94,0.7326286696951891,0.6135578771093703,0.7107922978629053
cluster,graph+geometric0+geometric_upper1,3NPV,cluster_3NPV,5,495,0.5739516364088563,0.5470267349174928,0.8227818348916208
cluster,graph+geometric0+geometric_upper1,3NVG,cluster_3NVG,2,6,0.6342771068159836,0.4285714285714286,0.820206339255255
cluster,graph+geometric0+geometric_upper1,3NZL,cluster_3NZL,5,73,0.5840328446256043,0.6054411807562295,0.8159744806141406
cluster,graph+geometric0+geometric_upper1,3O0P,cluster_3O0P,5,194,0.7139312262855676,0.7018260979050587,0.7006021299979766
cluster,graph+geometric0+geometric_upper1,3O5P,cluster_3O5P,5,128,0.733666439863903,0.670584684121197,0.6914086271308616
cluster,graph+geometric0+geometric_upper1,3OBQ,cluster_3OBQ,2,150,0.6302178734042592,0.3865525750670124,0.779970667312616
cluster,graph+geometric0+geometric_upper1,3OQY,cluster_3OQY,3,234,0.6402177006194557,0.6155670317498042,0.7798067317085678
cluster,graph+geometric0+geometric_upper1,3P6J,cluster_3P6J,3,125,0.7894464717903729,0.7736791009614614,0.6325061723910557
cluster,graph+geometric0+geometric_upper1,3PD7,cluster_3PD7,5,188,0.7098801069772963,0.7761544588599832,0.7116721542814148
cluster,graph+geometric0+geometric_upper1,3PES,cluster_3PES,3,165,0.6232066622859274,0.575963603796968,0.8052354429292025
cluster,graph+geometric0+geometric_upper1,3PID,cluster_3PID,4,387,0.5344814435605808,0.4883906146056856,0.8555389516387593
cluster,graph+geometric0+geometric_upper1,3PIW,cluster_3PIW,5,154,0.7465227134840181,0.7160187356093107,0.6892365445626042
cluster,graph+geometric0+geometric_upper1,3PKV,cluster_3PKV,3,221,0.5658405512911157,0.6213779183381627,0.8248853110556198
cluster,graph+geometric0+geometric_upper1,3PSM,cluster_3PSM,4,94,0.8021515433786309,0.8824387883562296,0.6249811425237285
cluster,graph+geometric0+geometric_upper1,3PTL,cluster_3PTL,4,289,0.5197761819686768,0.624919273742598,0.8877231921387604
cluster,graph+geometric0+geometric_upper1,3PVE,cluster_3PVE,1,347,0.6914047505219751,0.7191412796113109,0.7362161925837469
cluster,graph+geometric0+geometric_upper1,3PZ9,cluster_3PZ9,4,357,0.696909192933687,0.702469514408346,0.7261430907004046
cluster,graph+geometric0+geometric_upper1,3PZZ,cluster_3PZZ,2,12,0.906969896351357,0.7972027972027973,0.654568397941847
cluster,graph+geometric0+geometric_upper1,3Q2X,cluster_3Q2X,4,6,0.8971941461491951,0.6571428571428573,0.4710792530947717
cluster,graph+geometric0+geometric_upper1,3Q6L,cluster_3Q6L,2,131,0.6011388733561411,0.576701641352699,0.8047257248281755
cluster,graph+geometric0+geometric_upper1,3QDS,cluster_3QDS,1,284,0.728907319273757,0.7358272535856794,0.7179147461064014
cluster,graph+geometric0+geometric_upper1,3QPA,cluster_3QPA,5,197,0.46936397256469103,0.710074083293156,0.9079445488204029
cluster,graph+geometric0+geometric_upper1,3R6D,cluster_3R6D,4,221,0.6809901400004298,0.7538434000861467,0.7387416944805971
cluster,graph+geometric0+geometric_upper1,3R87,cluster_3R87,5,132,0.40644758438889733,0.35034163574016647,0.9194269610811467
cluster,graph+geometric0+geometric_upper1,3RQ9,cluster_3RQ9,1,162,0.515819300672743,0.5998450363305081,0.9183554364968
cluster,graph+geometric0+geometric_upper1,3RY0,cluster_3RY0,1,128,0.5948069622113398,0.61734608479764,0.8108662134134609
cluster,graph+geometric0+geometric_upper1,3RZY,cluster_3Q6L,2,139,0.7448881064961171,0.6292371817701145,0.68643214725366
cluster,graph+geometric0+geometric_upper1,3S0A,cluster_3S0A,2,119,0.5199290037767067,0.527449988974983,0.8581705495674278
cluster,graph+geometric0+geometric_upper1,3SD2,cluster_3SD2,1,86,0.4502719119522184,0.5519284476510745,0.8986929074591439
cluster,graph+geometric0+geometric_upper1,3SEB,cluster_3SEB,3,238,0.6414395233564204,0.7682866690377224,0.7724279437046945
cluster,graph+geometric0+geometric_upper1,3SED,cluster_3SED,2,124,0.6590661411969626,0.6410656260279145,0.7814617076515128
cluster,graph+geometric0+geometric_upper1,3SO6,cluster_3SO6,1,150,0.6781492512163195,0.6556391351897701,0.7427068865330932
cluster,graph+geometric0+geometric_upper1,3SR3,cluster_3SR3,5,637,0.5671659970121475,0.5885850378072703,0.8320996131044748
cluster,graph+geometric0+geometric_upper1,3SUK,cluster_3SUK,2,248,0.6421098677948593,0.6470940306142088,0.7776751044914636
cluster,graph+geometric0+geometric_upper1,3SZH,cluster_3SZH,2,697,0.782814699758773,0.7669255162208244,0.6344384834312065
cluster,graph+geometric0+geometric_upper1,3T0H,cluster_3T0H,5,208,0.7529024378904219,0.8053857430061868,0.671673852747231
cluster,graph+geometric0+geometric_upper1,3T3K,cluster_3T3K,3,122,0.746602809880241,0.8277335431971293,0.6833244980136088
cluster,graph+geometric0+geometric_upper1,3T47,cluster_3T47,4,141,0.5057719948697219,0.49928185372367756,0.8744158510387622
cluster,graph+geometric0+geometric_upper1,3TDN,cluster_3TDN,3,357,0.4692225479742753,0.4838884088042903,0.8909492886820847
cluster,graph+geometric0+geometric_upper1,3TOW,cluster_3TOW,1,152,0.5814109078432478,0.7130655121960239,0.82120099465649
cluster,graph+geometric0+geometric_upper1,3TUA,cluster_3TUA,2,210,0.6437278544076697,0.7873109911795247,0.7772853581930125
cluster,graph+geometric0+geometric_upper1,3TYS,cluster_3TYS,3,75,0.7244792202939279,0.6630202853404524,0.7530261161583042
cluster,graph+geometric0+geometric_upper1,3U6G,cluster_3U6G,4,248,0.6192358938786949,0.5970273137186736,0.7889068128949549
cluster,graph+geometric0+geometric_upper1,3U97,cluster_3U97,5,77,0.706015714033213,0.6917121262510187,0.7168967696265813
cluster,graph+geometric0+geometric_upper1,3UCI,cluster_3UCI,3,72,0.5582056223048041,0.46925847321371156,0.8504701587724617
cluster,graph+geometric0+geometric_upper1,3UR8,cluster_3UR8,4,637,0.6807396435485576,0.6432640534261388,0.7368799508474534
cluster,graph+geometric0+geometric_upper1,3US6,cluster_3US6,5,148,0.6257269541009248,0.5220093657018335,0.7908574247205394
cluster,graph+geometric0+geometric_upper1,3V1A,cluster_3V1A,5,48,0.3759650029396165,0.48778634529133297,0.9339375106954456
cluster,graph+geometric0+geometric_upper1,3V75,cluster_3V75,2,285,0.5596415202377734,0.5217833848827335,0.8351197390309866
cluster,graph+geometric0+geometric_upper1,3VN0,cluster_3VN0,1,193,0.8167026015776713,0.6497910509605139,0.6439584791039142
cluster,graph+geometric0+geometric_upper1,3VOR,cluster_3VOR,5,182,0.5627709915996658,0.5736567820120995,0.8433851171203757
cluster,graph+geometric0+geometric_upper1,3VUB,cluster_3VUB,3,101,0.6030361959261247,0.6397125201769545,0.8050186700480034
cluster,graph+geometric0+geometric_upper1,3VVV,cluster_3VVV,1,108,0.722778341530644,0.5764213565309659,0.7133558657932465
cluster,graph+geometric0+geometric_upper1,3VZ9,cluster_3VZ9,5,163,0.7540526622116835,0.7408925309697532,0.6658853093100302
cluster,graph+geometric0+geometric_upper1,3W4Q,cluster_1ES5,3,773,0.713085754732179,0.7298288486577632,0.7282521703711072
cluster,graph+geometric0+geometric_upper1,3ZBD,cluster_3ZBD,1,213,0.5406933731881657,0.43867998626775223,0.8515075948369426
cluster,graph+geometric0+geometric_upper1,3ZIT,cluster_3ZIT,3,152,0.4103725678116341,0.43150424545499494,0.927600810145436
cluster,graph+geometric0+geometric_upper1,3ZRX,cluster_3ZRX,3,221,0.553635161185737,0.5492260814094326,0.8334285389569088
cluster,graph+geometric0+geometric_upper1,3ZSL,cluster_3ZSL,2,138,0.7032941330142474,0.5922350602434815,0.7308392050280469
cluster,graph+geometric0+geometric_upper1,3ZZP,cluster_3ZZP,2,74,0.5182780950600224,0.5538664318234081,0.8559719604855327
cluster,graph+geometric0+geometric_upper1,3ZZY,cluster_3ZZY,3,226,0.7227683742128367,0.6159864228482927,0.6955159808580799
cluster,graph+geometric0+geometric_upper1,4A02,cluster_4A02,2,166,0.48844773452646695,0.6411166554127563,0.8832515023385984
cluster,graph+geometric0+geometric_upper1,4ACJ,cluster_4ACJ,1,167,0.7510240398311319,0.7995885060097072,0.693710720703619
cluster,graph+geometric0+geometric_upper1,4AE7,cluster_4AE7,3,186,0.7663789787857347,0.7104935572204341,0.65005779317433
cluster,graph+geometric0+geometric_upper1,4AM1,cluster_4AM1,4,345,0.5980652751934119,0.6177732475230574,0.8016238383052843
cluster,graph+geometric0+geometric_upper1,4ANN,cluster_4ANN,3,176,0.5604428460517468,0.584841109169611,0.8330732510613221
cluster,graph+geometric0+geometric_upper1,4AVR,cluster_4AVR,1,188,0.6183928066911569,0.7267488166228109,0.8153497773338917
cluster,graph+geometric0+geometric_upper1,4AXY,cluster_4AXY,4,54,0.6899868547757211,0.6057025238829087,0.7243618865634097
cluster,graph+geometric0+geometric_upper1,4B6G,cluster_4B6G,3,558,0.7468137888201555,0.7524530576631022,0.687442809660699
cluster,graph+geometric0+geometric_upper1,4B9G,cluster_4B9G,5,292,0.7995806153214287,0.789361963639603,0.6254627017051507
cluster,graph+geometric0+geometric_upper1,4DD5,cluster_4DD5,1,387,0.6204038943598639,0.6655962019081,0.7918272072268313
cluster,graph+geometric0+geometric_upper1,4DKN,cluster_4DKN,3,423,0.7286167924963666,0.7378160449117037,0.722217237485198
cluster,graph+geometric0+geometric_upper1,4DND,cluster_4DND,3,95,0.7389951794231294,0.6577990544520067,0.6886550750171684
cluster,graph+geometric0+geometric_upper1,4DPZ,cluster_4DPZ,1,109,0.7330398379424024,0.6540665145758372,0.691007148750804
cluster,graph+geometric0+geometric_upper1,4DQ7,cluster_4DQ7,3,328,0.7239043179122232,0.7304622482096732,0.6982371289010638
cluster,graph+geometric0+geometric_upper1,4DT4,cluster_4DT4,4,160,0.7483147632307767,0.72707483075729,0.7287007950545792
cluster,graph+geometric0+geometric_upper1,4EK3,cluster_4EK3,3,287,0.688522741997947,0.708994181232509,0.7334627247605093
cluster,graph+geometric0+geometric_upper1,4ERY,cluster_4ERY,2,318,0.7049670132829422,0.7588550787043887,0.7322700179448088
cluster,graph+geometric0+geometric_upper1,4ES1,cluster_4ES1,1,95,0.6997778215968722,0.6612004075431939,0.7649025794165911
cluster,graph+geometric0+geometric_upper1,4EUG,cluster_4EUG,1,225,0.591552704332736,0.642659155754361,0.807520231166468
cluster,graph+geometric0+geometric_upper1,4F01,cluster_4F01,3,448,0.36717901112217766,0.5368958627738225,0.9819637755063572
cluster,graph+geometric0+geometric_upper1,4F3J,cluster_4F3J,3,143,0.5955226052231938,0.5272200483038453,0.81046450760325
cluster,graph+geometric0+geometric_upper1,4FR9,cluster_4FR9,2,141,0.6244703851515478,0.6307858280622327,0.786736867043511
cluster,graph+geometric0+geometric_upper1,4G14,cluster_4G14,1,15,0.5600743669450978,0.5607142857142856,0.9027844577567219
cluster,graph+geometric0+geometric_upper1,4G2E,cluster_4G2E,4,151,0.7325301899136227,0.7910396648526494,0.6850322358632026
cluster,graph+geometric0+geometric_upper1,4G5X,cluster_4G5X,1,550,0.7541649875382879,0.7417107448967923,0.6754114604327359
cluster,graph+geometric0+geometric_upper1,4G6C,cluster_4G6C,3,658,0.5959266279274128,0.5706913405105475,0.8109972750462314
cluster,graph+geometric0+geometric_upper1,4G7X,cluster_4G7X,3,194,0.6399731034330073,0.5765609996060476,0.7826212182151853
cluster,graph+geometric0+geometric_upper1,4GA2,cluster_4GA2,5,144,0.5344119658626231,0.5320092115194943,0.8461616501348164
cluster,graph+geometric0+geometric_upper1,4GMQ,cluster_4GMQ,5,92,0.6048305442075232,0.6151842547354468,0.7986657210380226
cluster,graph+geometric0+geometric_upper1,4GS3,cluster_4GS3,3,90,0.49009254320817464,0.6595875160503946,0.9398976126580668
cluster,graph+geometric0+geometric_upper1,4H4J,cluster_4H4J,4,236,0.8070505284992691,0.8236395050988392,0.6196170442699783
cluster,graph+geometric0+geometric_upper1,4H89,cluster_4H89,4,168,0.5950901679719798,0.5512936268144828,0.8044943999264191
cluster,graph+geometric0+geometric_upper1,4HDE,cluster_4HDE,5,168,0.7466213113279513,0.7940779529789527,0.6854818954040184
cluster,graph+geometric0+geometric_upper1,4HJP,cluster_4HJP,4,281,0.6707080204850276,0.7762618619880847,0.7520257685035993
cluster,graph+geometric0+geometric_upper1,4HWM,cluster_4HWM,4,117,0.5860848314326471,0.578073836532859,0.8229418980948494
cluster,graph+geometric0+geometric_upper1,4IL7,cluster_4IL7,2,85,0.3780133764760778,0.3047518541464049,0.9445365290122049
cluster,graph+geometric0+geometric_upper1,4J11,cluster_4J11,5,357,0.604558925786413,0.49362235731129295,0.8081187423306281
cluster,graph+geometric0+geometric_upper1,4J5O,cluster_4J5O,2,220,0.7384960336554423,0.6550322477693653,0.6851588415508345
cluster,graph+geometric0+geometric_upper1,4J5Q,cluster_2FG1,1,146,0.7387708059826252,0.7666795203379428,0.692548947057179
cluster,graph+geometric0+geometric_upper1,4J78,cluster_4J78,3,305,0.6180153878576101,0.7538541833986916,0.7890721212447007
cluster,graph+geometric0+geometric_upper1,4JG2,cluster_4JG2,2,185,0.7780619137091693,0.8073091417527098,0.6661376732608978
cluster,graph+geometric0+geometric_upper1,4JVU,cluster_4JVU,4,207,0.7356741229030063,0.8132758329172352,0.6891120971908514
cluster,graph+geometric0+geometric_upper1,4JYP,cluster_4JYP,2,534,0.6481679158458397,0.7010209092915088,0.7661247562119006
cluster,graph+geometric0+geometric_upper1,4KEF,cluster_4KEF,3,133,0.4962762199044028,0.43245200923472515,0.8819137844319619
cluster,graph+geometric0+geometric_upper1,5CYT,cluster_1CCR,5,103,0.3492298723775732,0.3016378138787961,0.9381470633119006
cluster,graph+geometric0+geometric_upper1,6RXN,cluster_6RXN,1,45,0.5484279711242589,0.558893280632411,0.8683234593612588
cluster,graph+center0,1ABA,cluster_1ABA,4,87,0.6307981576446579,0.7168815783776044,0.7790415114480884
cluster,graph+center0,1AHO,cluster_1AHO,3,64,0.6493731485288262,0.745406884285149,0.7650046370441993
cluster,graph+center0,1AIE,cluster_1AIE,4,31,0.6938890559715197,0.4346774193548387,0.7327737459213484
cluster,graph+center0,1AKG,cluster_1AKG,2,16,0.49438060322060673,0.6740252008725229,0.8838340575930506
cluster,graph+center0,1ATG,cluster_1ATG,5,231,0.5283181018144154,0.5805536639120799,0.8550469247772337
cluster,graph+center0,1BGF,cluster_1BGF,2,124,0.5966484567610044,0.4330747939264417,0.8049253491267604
cluster,graph+center0,1BX7,cluster_1BX7,2,51,0.5861824986603232,0.2520361990950226,0.8738938498749549
cluster,graph+center0,1BYI,cluster_1BYI,5,224,0.5335908031558672,0.591791852976306,0.8513097188354567
cluster,graph+center0,1CCR,cluster_1CCR,5,111,0.5235162569472634,0.5383840801440112,0.8521577839178509
cluster,graph+center0,1CYO,cluster_1CYO,2,88,0.6456815160484229,0.558836220376226,0.7723392731034671
cluster,graph+center0,1DF4,cluster_1DF4,5,57,0.9251488135026428,0.7945942442312679,0.5552043845968333
cluster,graph+center0,1E5K,cluster_1E5K,3,188,0.755631877974263,0.7524979479203202,0.666697289032588
cluster,graph+center0,1ES5,cluster_1ES5,3,260,0.6400059530221134,0.7197921119062732,0.774062194714879
cluster,graph+center0,1ETL,cluster_1ETL,3,12,0.7329345846615835,0.6847311331250231,0.7800339793091868
cluster,graph+center0,1ETM,cluster_1ETM,1,12,0.6443536106380374,0.42480196730966624,0.8167875137589781
cluster,graph+center0,1ETN,cluster_1ETN,4,12,-0.1844646743391048,0.007391404949863532,1.2098987866477504
cluster,graph+center0,1EW4,cluster_1EW4,2,106,0.61771828150912,0.6516291233229612,0.788481515029038
cluster,graph+center0,1F8R,cluster_1F8R,3,1932,0.7820945404187702,0.7527314552293052,0.6724839539828186
cluster,graph+center0,1FF4,cluster_1FF4,4,65,0.6246752763132869,0.5776942493160562,0.7847847465662227
cluster,graph+center0,1FK5,cluster_1FK5,2,93,0.563180196946444,0.5207975082855884,0.8307633942182648
cluster,graph+center0,1GCO,cluster_1GCO,4,1044,0.6513476972864626,0.6302530171312891,0.7659592529643675
cluster,graph+center0,1GK7,cluster_1GK7,3,39,0.7858938170782693,0.5635912755838673,0.6487362025891013
cluster,graph+center0,1GVD,cluster_1GVD,3,52,0.7033496901533935,0.5912787348468592,0.7271763302731252
cluster,graph+center0,1GXU,cluster_1GXU,1,88,0.6376789301157199,0.6330522840398134,0.7842704310454764
cluster,graph+center0,1H6V,cluster_1H6V,2,2927,0.48770231422826554,0.5510120630192867,0.8854328170400437
cluster,graph+center0,1HJE,cluster_1HJE,4,13,0.6981692317729382,0.6373626373626374,0.7854252663601692
cluster,graph+center0,1I71,cluster_1I71,3,83,0.5620208669341441,0.5804440576751086,0.8292169024732224
cluster,graph+center0,1IDP,cluster_1IDP,2,441,0.7457353858190455,0.8715615039279937,0.6778705538258534
cluster,graph+center0,1IFR,cluster_1IFR,3,113,0.6650881663918882,0.7376228359520333,0.7693543870871274
cluster,graph+center0,1K8U,cluster_1K8U,2,89,0.4898701959729029,0.3668299575703873,0.8954143802708947
cluster,graph+center0,1KMM,cluster_1KMM,4,1499,0.7254416433089154,0.752747820803669,0.6968950126292652
cluster,graph+center0,1KNG,cluster_1KNG,1,144,0.5218366334731009,0.4860209349473511,0.8588828932223612
cluster,graph+center0,1KR4,cluster_1KR4,3,110,0.6121732302485934,0.5617414748137896,0.7935141200383041
cluster,graph+center0,1KYC,cluster_1KYC,5,15,0.7676695134301555,0.7928571428571427,0.7220358179615042
cluster,graph+center0,1LR7,cluster_1LR7,1,73,0.5881166952870928,0.6683995773336658,0.832412004569165
cluster,graph+center0,1MF7,cluster_1MF7,2,194,0.6802023190881111,0.7703539650434049,0.7564563496198923
cluster,graph+center0,1N7E,cluster_1N7E,5,95,0.5603272053467628,0.6614361153372134,0.8297762216045587
cluster,graph+center0,1NKD,cluster_1NKD,1,59,0.6953262411298806,0.7112630791271394,0.7935298593231361
cluster,graph+center0,1NKO,cluster_1NKO,1,122,0.4992054971570544,0.7113213501730576,0.885006240694501
cluster,graph+center0,1NLS,cluster_1NLS,5,237,0.5205183466683979,0.7366234768663829,0.8631695944938175
cluster,graph+center0,1NNX,cluster_1NNX,2,93,0.7557569186136275,0.8073738082992388,0.6659442911058454
cluster,graph+center0,1NOA,cluster_1NOA,4,113,0.5527501115904598,0.5000644595562617,0.8351051002778879
cluster,graph+center0,1NOT,cluster_1NOT,3,13,0.5565114827302992,0.5824175824175823,0.9050701457140566
cluster,graph+center0,1O06,cluster_1O06,1,20,0.9220691425978421,0.7218045112781954,0.4225412118118739
cluster,graph+center0,1O08,cluster_1O08,5,221,0.33352451267275385,0.615416258505824,0.9695087363944426
cluster,graph+center0,1OB4,cluster_1OB4,1,16,0.5120029969491173,0.4441176470588235,0.9062434599816365
cluster,graph+center0,1OB7,cluster_1OB7,4,16,0.5525968201129569,0.8432673364627853,0.8670564984513731
cluster,graph+center0,1OPD,cluster_1OPD,2,85,0.4257755344851019,0.42703941293949643,0.9073896621235779
cluster,graph+center0,1P9I,cluster_1P9I,2,29,0.6656999105969131,0.42216748768472895,0.7509073941120767
cluster,graph+center0,1PEF,cluster_1PEF,5,18,0.8448919217629866,0.9071207430340558,0.5899380271363642
cluster,graph+center0,1PEN,cluster_1PEN,5,16,0.4855416079326774,0.4930096993281554,0.8974191129408544
cluster,graph+center0,1PMY,cluster_1PMY,4,123,0.675805197169166,0.5870625108950221,0.7624525721194749
cluster,graph+center0,1PZ4,cluster_1PZ4,2,113,0.705735815960613,0.6745736843892542,0.7238184425725468
cluster,graph+center0,1Q9B,cluster_1Q9B,2,43,0.7648111067507877,0.7579281183932347,0.6660783058437177
cluster,graph+center0,1QAU,cluster_1QAU,3,112,0.6574782076892867,0.6327912614291227,0.7625683984115038
cluster,graph+center0,1QKI,cluster_1QKI,1,3912,0.5617688007931644,0.6492110724966722,0.8644966360799347
cluster,graph+center0,1QTO,cluster_1QTO,2,122,0.5922980204742547,0.6187760227381613,0.8086965651861558
cluster,graph+center0,1R29,cluster_1R29,5,122,0.596099875993741,0.5671893820300381,0.8050733448591796
cluster,graph+center0,1R7J,cluster_1R7J,1,90,0.7821222668068665,0.6260958324235287,0.6521226554699684
cluster,graph+center0,1RJU,cluster_1RJU,4,36,0.38895009539947106,0.18532818532818532,0.9392247672615389
cluster,graph+center0,1RRO,cluster_1RRO,5,108,0.290530274503597,0.21931381082549709,0.9710011887078426
cluster,graph+center0,1SAU,cluster_1SAU,1,114,0.6437683373818445,0.6439570677707661,0.783470459173427
cluster,graph+center0,1TGR,cluster_1TGR,1,104,0.7061828083396281,0.6457535934826929,0.72274590057358
cluster,graph+center0,1TZV,cluster_1TZV,4,141,0.8054188187886482,0.7656977609319792,0.6196422232514228
cluster,graph+center0,1U06,cluster_1U06,2,55,0.48246001058836335,0.3070762460139883,0.8783021294016334
cluster,graph+center0,1U7I,cluster_1U7I,3,267,0.749325711294104,0.7904223554923928,0.6778554124885902
cluster,graph+center0,1U9C,cluster_1U9C,1,221,0.576464124503,0.40995970934712683,0.8260649157416181
cluster,graph+center0,1UHA,cluster_1UHA,1,82,0.6287814548505993,0.686130672024462,0.7782348589246756
cluster,graph+center0,1UKU,cluster_1KR4,3,102,0.692240911149615,0.5538139666472478,0.7333789679585505
cluster,graph+center0,1ULR,cluster_1ULR,4,87,0.5697808563515558,0.623741849704465,0.8351977364775456
cluster,graph+center0,1UOY,cluster_1UOY,5,64,0.6675996963302887,0.6088668597795859,0.7634756735096153
cluster,graph+center0,1USE,cluster_1USE,3,40,0.1398318510996447,-0.06566604127579738,1.1451463358838192
cluster,graph+center0,1USM,cluster_1USM,5,77,0.8212306887897278,0.7206656545298304,0.6064716861876015
cluster,graph+center0,1UTG,cluster_1UTG,4,70,0.5864886894208757,0.5251030102817525,0.8237989123680592
cluster,graph+center0,1V05,cluster_1V05,4,96,0.6093093266266802,0.5685644135685005,0.8059818297848816
cluster,graph+center0,1V70,cluster_1V70,4,105,0.5370146021318771,0.6201351885054441,0.8455815800817833
cluster,graph+center0,1VRZ,cluster_1VRZ,3,21,0.7846114795767701,0.8063679415061185,0.7333269695765
cluster,graph+center0,1W2L,cluster_1W2L,4,97,0.5755114845628391,0.4149577566742111,0.8212191230832513
cluster,graph+center0,1WBE,cluster_1WBE,3,204,0.5534727946825222,0.6178411069167984,0.8342776637880132
cluster,graph+center0,1WHI,cluster_1WHI,1,122,0.5348157646905348,0.6378649166208618,0.8471549035973241
cluster,graph+center0,1WLY,cluster_1WLY,5,322,0.6776445343300793,0.7166480719286407,0.7431454792745835
cluster,graph+center0,1WPA,cluster_1WPA,2,107,0.5971306243244857,0.36150249692282305,0.8094145489484482
cluster,graph+center0,1X3O,cluster_1X3O,3,80,0.4915597759925708,0.5301015594415888,0.8716080995676642
cluster,graph+center0,1XY1,cluster_1XY1,3,16,0.6385836057311732,0.6224709109958134,1.0583046074146876
cluster,graph+center0,1XY2,cluster_1XY2,3,8,0.5882528813300005,0.37581969985087577,0.8720724978871963
cluster,graph+center0,1Y6X,cluster_1Y6X,5,87,0.49842944746643464,0.5429327792794351,0.8809840090857295
cluster,graph+center0,1YJO,cluster_1YJO,5,6,0.3738286885853183,0.2571428571428572,1.0224869006096202
cluster,graph+center0,1YZM,cluster_1YZM,5,46,0.7864178418888467,0.6720735179921733,0.7128353638554431
cluster,graph+center0,1Z21,cluster_1Z21,3,96,0.637615498262464,0.6597937445445688,0.7744785991550529
cluster,graph+center0,1ZCE,cluster_1ZCE,2,146,0.756830469277865,0.7841225465987309,0.6897652520347152
cluster,graph+center0,1ZVA,cluster_1ZVA,1,75,0.5616037552058131,0.5199442366446453,0.8283850852740925
cluster,graph+center0,2A50,cluster_2A50,4,457,0.5630650907140224,0.6270889805343212,0.8359907595163076
cluster,graph+center0,2AGK,cluster_2AGK,2,233,0.674176658022072,0.7047472769165921,0.7482925821802658
cluster,graph+center0,2AH1,cluster_2AH1,5,939,0.5399966766554426,0.5533981315317448,0.859347100449467
cluster,graph+center0,2B0A,cluster_2B0A,4,186,0.6209844741862935,0.6400268173305332,0.7917869875346415
cluster,graph+center0,2BCM,cluster_2BCM,4,413,0.5682929530579978,0.5078671617936068,0.8233024091053368
cluster,graph+center0,2BF9,cluster_2BF9,5,36,0.5502217105348018,0.48651779494528175,0.8819005753545729
cluster,graph+center0,2BRF,cluster_2BRF,4,100,0.7648737020810706,0.7114867626608281,0.6938778748846297
cluster,graph+center0,2C71,cluster_2C71,5,205,0.6221427824839341,0.6709376723024976,0.8140024523932733
cluster,graph+center0,2CE0,cluster_2CE0,2,99,0.5858885674804406,0.5761967638249814,0.8116904323925191
cluster,graph+center0,2CG7,cluster_2CG7,5,90,0.500877262321949,0.484845491660986,0.8736046255771087
cluster,graph+center0,2COV,cluster_2COV,3,534,0.7751000168286486,0.7387173819269008,0.6455349487871982
cluster,graph+center0,2CWS,cluster_2CWS,4,227,0.6742130668883672,0.7134198685990571,0.7507479734061637
cluster,graph+center0,2D5W,cluster_2D5W,5,1214,0.706432842025688,0.6770830942245417,0.7253038794872302
cluster,graph+center0,2DKO,cluster_2DKO,2,253,0.7920200408116488,0.6833240150398844,0.6150092632625601
cluster,graph+center0,2DPL,cluster_2DPL,5,565,0.4729508907923699,0.5303428801163885,0.8945239474676876
cluster,graph+center0,2DSX,cluster_2DSX,4,52,0.423064049122421,0.27227902465694664,0.9094249493651652
cluster,graph+center0,2E10,cluster_2E10,5,439,0.7686426012835792,0.8007789857276959,0.6484223016379034
cluster,graph+center0,2E3H,cluster_2E3H,4,81,0.7028912416460568,0.6958456139589103,0.7128319976038024
cluster,graph+center0,2EAQ,cluster_2EAQ,4,89,0.6728728811014063,0.46856233272034503,0.7557579125138082
cluster,graph+center0,2EHP,cluster_2EHP,3,248,0.7589233262771272,0.7858089623622526,0.6641565211614329
cluster,graph+center0,2EHS,cluster_1X3O,3,75,0.6819358345152532,0.6966955433925835,0.7541995335240159
cluster,graph+center0,2ERW,cluster_2ERW,3,53,0.335939523431062,0.1542989620803848,0.9933345294241827
cluster,graph+center0,2ETX,cluster_2ETX,1,389,0.5265621096467681,0.5462394881771727,0.8622789482713107
cluster,graph+center0,2FB6,cluster_2FB6,5,116,0.7819330258668631,0.6826067154200334,0.6840614441093701
cluster,graph+center0,2FG1,cluster_2FG1,1,157,0.6130605895151021,0.5430363152739662,0.791665895435156
cluster,graph+center0,2FN9,cluster_2FN9,2,560,0.6030406218370609,0.5876653124619425,0.8013741401764634
cluster,graph+center0,2FQ3,cluster_2FQ3,2,85,0.6881228578808761,0.6943521594684385,0.7532441630582329
cluster,graph+center0,2G69,cluster_2G69,1,99,0.6228580962502214,0.6337825218582661,0.7978904786608075
cluster,graph+center0,2G7O,cluster_2G7O,2,68,0.7776471674904548,0.4783500836205829,0.6894736127679422
cluster,graph+center0,2G7S,cluster_2G7S,1,190,0.6353531164448071,0.604431610279308,0.7881838371795251
cluster,graph+center0,2GKG,cluster_2GKG,5,122,0.6994111524109091,0.543152190183261,0.7401747564957966
cluster,graph+center0,2GOM,cluster_2GOM,4,121,0.5896754376781009,0.4520462339803879,0.8133577812769894
cluster,graph+center0,2GXG,cluster_2GXG,1,140,0.7064342516487331,0.6941690092078233,0.7254177424984448
cluster,graph+center0,2GZQ,cluster_2GZQ,5,191,0.43558046699705033,0.3638977251560677,0.91984733481459
cluster,graph+center0,2HQK,cluster_2HQK,1,213,0.7883754997357301,0.7348366100460861,0.6815798153622296
cluster,graph+center0,2HYK,cluster_2HYK,1,237,0.6013489754600647,0.5743034855365411,0.8021932417756833
cluster,graph+center0,2I24,cluster_2I24,4,113,0.5315259283155533,0.48515749127214525,0.848928934455243
cluster,graph+center0,2I49,cluster_2I49,3,398,0.6765566533158034,0.6798468518091819,0.7498565173897515
cluster,graph+center0,2IBL,cluster_2IBL,2,108,0.6465577250284084,0.6719239371414111,0.8736330579236051
cluster,graph+center0,2IGD,cluster_2IGD,1,61,0.515023259718409,0.5114624925767994,0.8604977130683635
cluster,graph+center0,2IMF,cluster_2IMF,3,203,0.6416202632282904,0.6214050581798369,0.7701773153551643
cluster,graph+center0,2IP6,cluster_2IP6,5,87,0.6219929539404152,0.40564455872740657,0.7882018902386808
cluster,graph+center0,2IVY,cluster_2IVY,3,88,0.48801904519048306,0.4158414970093077,0.8800048726955491
cluster,graph+center0,2J32,cluster_2J32,4,244,0.8107865633278832,0.7193494445584615,0.6026532436855793
cluster,graph+center0,2J9W,cluster_2J9W,1,200,0.6917435837932966,0.6699722716348878,0.7390698106219016
cluster,graph+center0,2JKU,cluster_2JKU,1,35,0.5046344645844694,0.23376987241303962,0.9509928813853181
cluster,graph+center0,2JLI,cluster_2JLI,4,100,0.6058977408134338,0.501318659668374,0.7974368067526021
cluster,graph+center0,2JLJ,cluster_2JLI,4,115,0.7494200563880999,0.6250974033615474,0.67818809707978
cluster,graph+center0,2MCM,cluster_1NOA,4,112,0.7743976629137209,0.7031513937646037,0.6835943376097616
cluster,graph+center0,2NLS,cluster_2NLS,2,36,0.40630650324958956,0.31505791505791503,0.9145808898544647
cluster,graph+center0,2NR7,cluster_2NR7,4,194,0.8188820829984291,0.727640141790806,0.610659230666285
cluster,graph+center0,2NUH,cluster_1KR4,3,104,0.6276201363670537,0.5520946137687753,0.786869950450235
cluster,graph+center0,2O6X,cluster_2O6X,2,306,0.7826934303167888,0.788969010752695,0.6340471724015018
cluster,graph+center0,2OA2,cluster_2OA2,4,132,0.5016124760981565,0.3995439598069402,0.8704058268656403
cluster,graph+center0,2OCT,cluster_2OCT,4,192,0.5510227276297713,0.5639590134844593,0.8533903541671038
cluster,graph+center0,2OHW,cluster_2OHW,4,256,0.6058650929687662,0.6611861440023593,0.8079079564863471
cluster,graph+center0,2OKT,cluster_2OKT,5,342,0.3803080457837463,0.3858028332451226,0.9616698765511119
cluster,graph+center0,2OL9,cluster_2OL9,1,6,0.8836887975212263,0.7142857142857143,0.5365701024471866
cluster,graph+center0,2OLX,cluster_2OLX,3,4,0.8099266590155876,0.6000000000000001,0.8015292315616099
cluster,graph+center0,2PKT,cluster_2PKT,1,91,-0.009484187418630044,0.06652571564806739,1.1177212537394001
cluster,graph+center0,2PLT,cluster_2PLT,2,98,0.4454808568259729,0.5164936754159853,0.9040338695151434
cluster,graph+center0,2PMR,cluster_2PMR,4,76,0.6391952215689752,0.7399280920457925,0.7788932272536118
cluster,graph+center0,2POF,cluster_2POF,4,440,0.675790769790928,0.7104259513608348,0.7409908686447382
cluster,graph+center0,2PPN,cluster_2PPN,5,107,0.6391554169260171,0.7171456424113045,0.787018956339508
cluster,graph+center0,2PSF,cluster_2PSF,4,608,0.5022429656884824,0.47744259664642336,0.8699205710966111
cluster,graph+center0,2PTH,cluster_2PTH,3,193,0.7319004172993907,0.7950065873102616,0.7010355281310642
cluster,graph+center0,2Q4N,cluster_2Q4N,2,153,0.6592818218501076,0.5674845932568514,0.7605736339367469
cluster,graph+center0,2Q52,cluster_1WBE,3,412,0.7603166492243463,0.7482270941104345,0.6755719975235518
cluster,graph+center0,2QJL,cluster_2QJL,5,99,0.5964571336073469,0.6706721630156564,0.8134660446391295
cluster,graph+center0,2R16,cluster_2R16,1,175,0.5517103592167134,0.438003186436442,0.844503386685491
cluster,graph+center0,2R6Q,cluster_2R6Q,3,138,0.5451749099694281,0.4219952236015208,0.8455064554537913
cluster,graph+center0,2RB8,cluster_2RB8,4,93,0.6437746511771412,0.5178097828812125,0.7701749204878082
cluster,graph+center0,2RE2,cluster_2RE2,2,238,0.6527224890141037,0.4647864255745962,0.7594053113474702
cluster,graph+center0,2RFR,cluster_2RFR,2,154,0.6874757154456885,0.46277355602022224,0.7280853859167706
cluster,graph+center0,2V9V,cluster_2V9V,1,135,0.5522420098823947,0.46398930823725437,0.8339727384463009
cluster,graph+center0,2VE8,cluster_2VE8,1,515,0.710668356441026,0.6199025240185878,0.7101224501621691
cluster,graph+center0,2VH7,cluster_2VH7,5,94,0.7314496671650618,0.7384908824669071,0.7001346574854135
cluster,graph+center0,2VIM,cluster_2VIM,5,104,0.3681491660399047,0.38105703962952875,0.93854661316149
cluster,graph+center0,2VPA,cluster_2VPA,2,204,0.7498141613444327,0.7584172145544015,0.7605588715883683
cluster,graph+center0,2VQ4,cluster_2VQ4,4,106,0.6886108534101367,0.7684320046078202,0.7262759080243684
cluster,graph+center0,2VY8,cluster_2VY8,5,149,0.7446756229031518,0.7667055148385197,0.678366701904204
cluster,graph+center0,2VYO,cluster_2C71,5,206,0.6986444996786016,0.7227229329699175,0.7303527730152946
cluster,graph+center0,2W1V,cluster_2W1V,5,548,0.6792001558645573,0.746497817403053,0.7472939221029417
cluster,graph+center0,2W2A,cluster_2W2A,3,350,0.6316815080014402,0.6866258445736407,0.776267626940783
cluster,graph+center0,2W6A,cluster_2W6A,3,117,0.7801689078770412,0.4990146492587493,0.6453290679328336
cluster,graph+center0,2WJ5,cluster_2WJ5,2,96,0.5174457007483386,0.5449988809907566,0.9156718916118807
cluster,graph+center0,2WUJ,cluster_2WUJ,1,100,0.4435177144821891,0.19020216143253585,0.9019083638426691
cluster,graph+center0,2WW7,cluster_2WW7,3,150,0.4661438263147635,0.5259757461858633,0.9536336305450142
cluster,graph+center0,2WWE,cluster_2WWE,4,111,0.5530283123357651,0.49226462630148937,0.8348852603381494
cluster,graph+center0,2X1Q,cluster_2X1Q,5,240,0.4629267441204951,0.3962814528649121,0.8983788250794429
cluster,graph+center0,2X25,cluster_2X25,2,168,0.6234512048642048,0.6956841401590028,0.7949958735721284
cluster,graph+center0,2X3M,cluster_2X3M,3,166,0.7246701129475465,0.6078994263485257,0.7222040938776574
cluster,graph+center0,2X5Y,cluster_2X5Y,4,171,0.7196248977141199,0.6983344504063081,0.7161861151811922
cluster,graph+center0,2X9Z,cluster_2X9Z,5,262,0.5814821686040738,0.5955102999567988,0.8142734969215324
cluster,graph+center0,2XHF,cluster_2XHF,5,310,0.5780921760648459,0.6319733951157035,0.8168012788724183
cluster,graph+center0,2Y0T,cluster_2Y0T,3,101,0.7684672538417986,0.7374349507783026,0.657870254458585
cluster,graph+center0,2Y72,cluster_2Y72,5,170,0.7317299569450928,0.6899301351516764,0.7040161772482271
cluster,graph+center0,2Y7L,cluster_2Y7L,4,319,0.7183491762461666,0.6874727829968863,0.7092294502534466
cluster,graph+center0,2Y9F,cluster_2Y9F,4,149,0.7576525650823194,0.8512652889584897,0.6540559962232362
cluster,graph+center0,2YLB,cluster_2YLB,2,400,0.7383225937978013,0.7923632999034059,0.675990790740659
cluster,graph+center0,2YNY,cluster_2YNY,1,315,0.7111626056547539,0.7082270917241683,0.7359879560035008
cluster,graph+center0,2ZCM,cluster_2ZCM,1,357,0.4373780617366968,0.36102335051833373,0.9007593457136065
cluster,graph+center0,2ZU1,cluster_2ZU1,2,360,0.7058997430292542,0.7588202806962524,0.713210106870101
cluster,graph+center0,3A0M,cluster_3A0M,1,148,0.7181779443068982,0.5273132458316141,0.7498194645482434
cluster,graph+center0,3A7L,cluster_3A7L,4,128,0.6881107866734169,0.5922964014809305,0.7447570631939607
cluster,graph+center0,3AMC,cluster_3AMC,2,614,0.7194394246949143,0.7712744437003574,0.7255374345816676
cluster,graph+center0,3AUB,cluster_3AUB,1,116,0.6049797236553237,0.6721602006985591,0.8039898292188522
cluster,graph+center0,3B5O,cluster_3B5O,1,230,0.6207260561009965,0.6061617312059735,0.7855365240976568
cluster,graph+center0,3BA1,cluster_3BA1,4,312,0.6541693649295379,0.5646235428193536,0.7571727379255364
cluster,graph+center0,3BED,cluster_3BED,1,261,0.8051631023813258,0.8192729124014738,0.6228169543856004
cluster,graph+center0,3BQX,cluster_3BQX,4,139,0.4627697262488035,0.48017614747801024,0.9094185560286284
cluster,graph+center0,3BZQ,cluster_3BZQ,3,99,0.5503623037105849,0.5431944539031142,0.8389872970078093
cluster,graph+center0,3BZZ,cluster_3BZZ,5,100,0.43839812162988884,0.411163750904532,0.9223591528046734
cluster,graph+center0,3DRF,cluster_3DRF,4,547,0.550803278312603,0.5456434943850762,0.8359225911218912
cluster,graph+center0,3DWV,cluster_3DWV,2,325,0.6347389073854589,0.7148214706007031,0.7782804265883868
cluster,graph+center0,3E5T,cluster_2HQK,1,228,0.5341615015992849,0.45674203064356034,0.8472649982291022
cluster,graph+center0,3E7R,cluster_3E7R,4,40,0.7205303589298808,0.7836937733000455,0.7251973242537312
cluster,graph+center0,3EUR,cluster_3EUR,3,140,0.4048121714070924,0.37896424066049533,0.9261895915234837
cluster,graph+center0,3F2Z,cluster_3F2Z,3,149,0.7808615463830445,0.7492866694024146,0.6442538722995702
cluster,graph+center0,3F7E,cluster_3F7E,3,254,0.7522018584777266,0.8057734608800892,0.6685877915072721
cluster,graph+center0,3FCN,cluster_3FCN,1,158,0.6190457843115168,0.5389242326208527,0.7879011984632636
cluster,graph+center0,3FE7,cluster_3FE7,3,91,0.4790391286682715,0.5131610905098977,0.8783931996894315
cluster,graph+center0,3FKE,cluster_3FKE,5,250,0.5107000995874289,0.5053312932355829,0.8689111344519117
cluster,graph+center0,3FMY,cluster_3FMY,2,66,0.6464955703563307,0.6529934871162252,0.7689947990356747
cluster,graph+center0,3FOD,cluster_3FOD,1,48,0.46649623935831513,0.5238560502750609,0.9642888462288801
cluster,graph+center0,3FSO,cluster_3FSO,2,221,0.8106180372329456,0.5769797346103307,0.6130783457420618
cluster,graph+center0,3FTD,cluster_3FTD,1,240,0.7042015400915743,0.6764177378736166,0.7254280842906129
cluster,graph+center0,3FVA,cluster_3FVA,1,6,0.8456970222505173,0.8451542547285165,0.6190948916126942
cluster,graph+center0,3G1S,cluster_3G1S,1,418,0.6341306045342123,0.6953106512278061,0.7786356172784694
cluster,graph+center0,3GBW,cluster_3GBW,4,161,0.7522908284206634,0.8456186032331305,0.6795304019471456
cluster,graph+center0,3GHJ,cluster_3GHJ,5,116,0.5711560554424597,0.5193500148041865,0.8235561740294709
cluster,graph+center0,3HFO,cluster_3HFO,4,197,0.6419449400255169,0.6691935176073512,0.7739247531128205
cluster,graph+center0,3HHP,cluster_3HHP,5,1234,0.7555031065599699,0.7928056375978707,0.6716731192462831
cluster,graph+center0,3HNY,cluster_3HNY,5,156,0.7245321482365729,0.7325949142462863,0.697156433068143
cluster,graph+center0,3HP4,cluster_3HP4,4,183,0.5395272055192545,0.4565478017965002,0.8468876823126331
cluster,graph+center0,3HWU,cluster_3HWU,2,144,0.7428114119636903,0.730233656445813,0.6729848546911075
cluster,graph+center0,3HYD,cluster_3HYD,5,7,0.9048051192583583,0.28571428571428575,0.5442565715716936
cluster,graph+center0,3HZ8,cluster_3HZ8,2,192,0.5011674937121915,0.47723331702673566,0.8746728241404959
cluster,graph+center0,3I2V,cluster_3I2V,3,124,0.419215461354628,0.43108060476450943,0.9387276158935443
cluster,graph+center0,3I2Z,cluster_3I2Z,5,138,0.5677262675152009,0.578762130805697,0.8289217644624245
cluster,graph+center0,3I4O,cluster_3I4O,1,135,0.7621789196659987,0.7224054738810216,0.6525400625586174
cluster,graph+center0,3I7M,cluster_3I7M,2,134,0.6453429411184026,0.5593719529092062,0.7668637993349069
cluster,graph+center0,3IHS,cluster_1OPD,2,169,0.6025352325565406,0.49081590287205973,0.8047298607325362
cluster,graph+center0,3IVV,cluster_3IVV,4,149,0.7809241097156403,0.7659318205079385,0.6353132802100344
cluster,graph+center0,3K6Y,cluster_3K6Y,2,227,0.6060483030556482,0.6148853469018561,0.7994889129492376
cluster,graph+center0,3KBE,cluster_3KBE,5,140,0.6904873844382848,0.6816405609507564,0.7235476952962868
cluster,graph+center0,3KGK,cluster_3KGK,2,190,0.7745162392558522,0.7647806257874074,0.6418424474045056
cluster,graph+center0,3KZD,cluster_3KZD,3,85,0.6081278547156058,0.6638850076628453,0.804927662648751
cluster,graph+center0,3L41,cluster_2ETX,1,220,0.6955744413233731,0.672492717458986,0.7218635011735914
cluster,graph+center0,3LAA,cluster_3LAA,3,169,0.6040070457237624,0.49641827358341944,0.8706506446766923
cluster,graph+center0,3LAX,cluster_3LAX,3,106,0.7374111609164634,0.7099582585153126,0.6902209530987546
cluster,graph+center0,3LG3,cluster_3LG3,4,833,0.6010680306106635,0.6107894837796967,0.8314582375316943
cluster,graph+center0,3LJI,cluster_3LJI,5,272,0.5948688733459461,0.5299251719763628,0.804906522835688
cluster,graph+center0,3M3P,cluster_3M3P,1,249,0.6269532171722286,0.6437284004603728,0.779547357065615
cluster,graph+center0,3M8J,cluster_3M8J,1,178,0.6944571014788459,0.7447588791999585,0.7235069233078482
cluster,graph+center0,3M9J,cluster_3M9J,3,210,0.5073902231535031,0.5231700506319604,0.86548037371807
cluster,graph+center0,3M9Q,cluster_3M9Q,2,176,0.45256108481444357,0.5258116546554815,0.9403054166140135
cluster,graph+center0,3MAB,cluster_1OPD,2,173,0.632292632609286,0.5591529685058233,0.7748995282303138
cluster,graph+center0,3MD4,cluster_3MD4,2,12,0.7206994102087323,0.9001765118147749,0.7567493087867131
cluster,graph+center0,3MD5,cluster_3MD5,5,12,0.6145069114694055,0.6013986013986015,0.9136753054089229
cluster,graph+center0,3MEA,cluster_3MEA,2,166,0.6579100111562528,0.7343490522883727,0.7675596649650144
cluster,graph+center0,3MGN,cluster_3MGN,2,348,0.16342943954393913,0.22769594052828593,1.1998027161144371
cluster,graph+center0,3MRE,cluster_3MRE,5,383,0.6778044757709955,0.7469570526701726,0.7453896309671352
cluster,graph+center0,3N11,cluster_3N11,1,325,0.5545846734877533,0.6121422733657611,0.8386190001641659
cluster,graph+center0,3NE0,cluster_3NE0,1,208,0.6976900440525964,0.7106281913823621,0.7248472236027793
cluster,graph+center0,3NGG,cluster_3NGG,1,94,0.7250040899289322,0.6266129148949061,0.7167968552108274
cluster,graph+center0,3NPV,cluster_3NPV,5,495,0.5876420637321359,0.5571269964782434,0.8125615596074521
cluster,graph+center0,3NVG,cluster_3NVG,2,6,0.6703858408607519,0.5428571428571429,0.7687800743770892
cluster,graph+center0,3NZL,cluster_3NZL,5,73,0.5756428679799211,0.5922971907956152,0.8201082984122763
cluster,graph+center0,3O0P,cluster_3O0P,5,194,0.7170956740907942,0.7055931798219143,0.6974587181879018
cluster,graph+center0,3O5P,cluster_3O5P,5,128,0.7296541359251372,0.6584043046296135,0.693550016820509
cluster,graph+center0,3OBQ,cluster_3OBQ,2,150,0.6355692212619333,0.38155499296507667,0.7750446794027415
cluster,graph+center0,3OQY,cluster_3OQY,3,234,0.6514825088298025,0.6116657207294439,0.7692948940912842
cluster,graph+center0,3P6J,cluster_3P6J,3,125,0.7838617115339471,0.7686253064680051,0.6324281199473188
cluster,graph+center0,3PD7,cluster_3PD7,5,188,0.6963505162664515,0.7433334959195751,0.722726928277551
cluster,graph+center0,3PES,cluster_3PES,3,165,0.6276829459466047,0.5893708321366956,0.7966754185577947
cluster,graph+center0,3PID,cluster_3PID,4,387,0.5366984063424601,0.49115852135939325,0.8549574049078633
cluster,graph+center0,3PIW,cluster_3PIW,5,154,0.7506309372378065,0.7136611788595009,0.6830472475535999
cluster,graph+center0,3PKV,cluster_3PKV,3,221,0.5494394082438379,0.6157584698989916,0.8364009854757007
cluster,graph+center0,3PSM,cluster_3PSM,4,94,0.7967507610511834,0.8800690687487198,0.626171075804412
cluster,graph+center0,3PTL,cluster_3PTL,4,289,0.517291905718158,0.6283123871889934,0.8876890647550979
cluster,graph+center0,3PVE,cluster_3PVE,1,347,0.6925311301129172,0.7166327963554702,0.7340777561544353
cluster,graph+center0,3PZ9,cluster_3PZ9,4,357,0.6944549380134234,0.7024608108788473,0.7285485009130959
cluster,graph+center0,3PZZ,cluster_3PZZ,2,12,0.9482171626945445,0.8601398601398602,0.54329907931792
cluster,graph+center0,3Q2X,cluster_3Q2X,4,6,0.9256805335138019,0.7714285714285715,0.42065743252723536
cluster,graph+center0,3Q6L,cluster_3Q6L,2,131,0.5926144507833412,0.5660224261837338,0.8089956246099967
cluster,graph+center0,3QDS,cluster_3QDS,1,284,0.7271270740135453,0.7261932344615847,0.7207681918826793
cluster,graph+center0,3QPA,cluster_3QPA,5,197,0.4610335066833423,0.6967980471410017,0.9113610147476042
cluster,graph+center0,3R6D,cluster_3R6D,4,221,0.6833519658507284,0.751652650928822,0.7379681751668892
cluster,graph+center0,3R87,cluster_3R87,5,132,0.4084164649173412,0.3450012131500414,0.9192317021387372
cluster,graph+center0,3RQ9,cluster_3RQ9,1,162,0.49705082445041204,0.5844968548949724,0.9311031144227544
cluster,graph+center0,3RY0,cluster_3RY0,1,128,0.5969268754543073,0.6107853305826597,0.8104735895919521
cluster,graph+center0,3RZY,cluster_3Q6L,2,139,0.7049028699340687,0.6116332512121915,0.7225617793761636
cluster,graph+center0,3S0A,cluster_3S0A,2,119,0.5307877042686799,0.5353192944110565,0.8509213652186535
cluster,graph+center0,3SD2,cluster_3SD2,1,86,0.4555109394121406,0.5576835989855559,0.8955404076271801
cluster,graph+center0,3SEB,cluster_3SEB,3,238,0.628027648456561,0.7535748174850462,0.7820273473053192
cluster,graph+center0,3SED,cluster_3SED,2,124,0.6650818002650446,0.6481341316812069,0.7803709300906503
cluster,graph+center0,3SO6,cluster_3SO6,1,150,0.67937773707462,0.6576463497839954,0.7408982305021299
cluster,graph+center0,3SR3,cluster_3SR3,5,637,0.5639978902357561,0.5793828852706583,0.832496085853454
cluster,graph+center0,3SUK,cluster_3SUK,2,248,0.6441242827349409,0.6518633092845675,0.7740796868346103
cluster,graph+center0,3SZH,cluster_3SZH,2,697,0.7715973609182203,0.7630601869518994,0.6453334431110274
cluster,graph+center0,3T0H,cluster_3T0H,5,208,0.7506277797606407,0.7985853873525838,0.669450318875637
cluster,graph+center0,3T3K,cluster_3T3K,3,122,0.7456876457541439,0.7999656330887975,0.6826525474511342
cluster,graph+center0,3T47,cluster_3T47,4,141,0.5076542493659192,0.5111681918203609,0.8751056232653492
cluster,graph+center0,3TDN,cluster_3TDN,3,357,0.48231964395226756,0.4980329396406674,0.8819886541880916
cluster,graph+center0,3TOW,cluster_3TOW,1,152,0.5725615841926678,0.7070186890412248,0.8269958430750208
cluster,graph+center0,3TUA,cluster_3TUA,2,210,0.6462802729235849,0.7848755318241054,0.776231823410038
cluster,graph+center0,3TYS,cluster_3TYS,3,75,0.6867025940410507,0.6693647048144135,0.7802103151455271
cluster,graph+center0,3U6G,cluster_3U6G,4,248,0.6319354402260233,0.6080622348857189,0.779682744233139
cluster,graph+center0,3U97,cluster_3U97,5,77,0.7099747482722559,0.6794216234566608,0.7111941290155492
cluster,graph+center0,3UCI,cluster_3UCI,3,72,0.5492355963835147,0.49192874139816073,0.8644015431709111
cluster,graph+center0,3UR8,cluster_3UR8,4,637,0.6939238729678161,0.6525596576565599,0.724542597400255
cluster,graph+center0,3US6,cluster_3US6,5,148,0.6211796963284335,0.5171173672564777,0.7988366956031062
cluster,graph+center0,3V1A,cluster_3V1A,5,48,0.3794158646520187,0.4985886469509118,0.932899406362201
cluster,graph+center0,3V75,cluster_3V75,2,285,0.569685383065844,0.5266940616780265,0.8271446069004043
cluster,graph+center0,3VN0,cluster_3VN0,1,193,0.8151418377889158,0.6397604952402638,0.6442312072860656
cluster,graph+center0,3VOR,cluster_3VOR,5,182,0.5544537196772885,0.5651568506871428,0.8459314194994882
cluster,graph+center0,3VUB,cluster_3VUB,3,101,0.5941308830697929,0.6236437020705775,0.8134184601149067
cluster,graph+center0,3VVV,cluster_3VVV,1,108,0.7073714843330239,0.5741491867992495,0.7301451746317928
cluster,graph+center0,3VZ9,cluster_3VZ9,5,163,0.7321369137858696,0.7242345583700618,0.6870836224117175
cluster,graph+center0,3W4Q,cluster_1ES5,3,773,0.7084250385310309,0.7211462461646193,0.7259304930796481
cluster,graph+center0,3ZBD,cluster_3ZBD,1,213,0.5346475236124745,0.43593497661581065,0.8525977863624924
cluster,graph+center0,3ZIT,cluster_3ZIT,3,152,0.4125736636812659,0.4305815998884266,0.9257302521193328
cluster,graph+center0,3ZRX,cluster_3ZRX,3,221,0.5525307696289595,0.5477062886660002,0.833782121287878
cluster,graph+center0,3ZSL,cluster_3ZSL,2,138,0.6952774196523279,0.5789742261652121,0.7337073934634315
cluster,graph+center0,3ZZP,cluster_3ZZP,2,74,0.5247972671428662,0.5364650826591923,0.8519129475665111
cluster,graph+center0,3ZZY,cluster_3ZZY,3,226,0.7153941091263479,0.6112401368132006,0.7025283058575919
cluster,graph+center0,4A02,cluster_4A02,2,166,0.48334790980183595,0.6394756725544649,0.886698754418514
cluster,graph+center0,4ACJ,cluster_4ACJ,1,167,0.7407258762432631,0.7945201952537546,0.7010304999898606
cluster,graph+center0,4AE7,cluster_4AE7,3,186,0.765738618815707,0.6991819581456243,0.6500539952092034
cluster,graph+center0,4AM1,cluster_4AM1,4,345,0.5862280394204934,0.6034918311466446,0.8103254408996687
cluster,graph+center0,4ANN,cluster_4ANN,3,176,0.5593025414121197,0.5770004363948863,0.834507363507482
cluster,graph+center0,4AVR,cluster_4AVR,1,188,0.63044072860905,0.731969124260796,0.8049354530241651
cluster,graph+center0,4AXY,cluster_4AXY,4,54,0.6597739252122737,0.5904551349871777,0.7524185555430444
cluster,graph+center0,4B6G,cluster_4B6G,3,558,0.7379847398972091,0.74607884350324,0.6947360274441599
cluster,graph+center0,4B9G,cluster_4B9G,5,292,0.7967242244044138,0.7887589921614507,0.6282253542795255
cluster,graph+center0,4DD5,cluster_4DD5,1,387,0.6131105093491946,0.6640400907842225,0.7977624971504311
cluster,graph+center0,4DKN,cluster_4DKN,3,423,0.7233465106635145,0.7417862006861154,0.7240447921815414
cluster,graph+center0,4DND,cluster_4DND,3,95,0.7595985022798083,0.6534037423183288,0.6662230352919586
cluster,graph+center0,4DPZ,cluster_4DPZ,1,109,0.7275379145197971,0.6572636603126116,0.6970079547888588
cluster,graph+center0,4DQ7,cluster_4DQ7,3,328,0.709058783407389,0.7335043191099455,0.7152098062779034
cluster,graph+center0,4DT4,cluster_4DT4,4,160,0.714860983937911,0.7176979172132133,0.7550139587487366
cluster,graph+center0,4EK3,cluster_4EK3,3,287,0.6739598398708397,0.6923994259334291,0.7457000303007163
cluster,graph+center0,4ERY,cluster_4ERY,2,318,0.7056004367241254,0.761561863578737,0.7285591213150835
cluster,graph+center0,4ES1,cluster_4ES1,1,95,0.6967234404390352,0.6781871058506707,0.7533010322914792
cluster,graph+center0,4EUG,cluster_4EUG,1,225,0.5923847631766666,0.6406448194107428,0.806294714152336
cluster,graph+center0,4F01,cluster_4F01,3,448,0.36694712902903404,0.537752005847275,0.9750792929181628
cluster,graph+center0,4F3J,cluster_4F3J,3,143,0.5896491522955862,0.5311577266946379,0.8139432607048077
cluster,graph+center0,4FR9,cluster_4FR9,2,141,0.6144624140973528,0.6272197202140961,0.7939514367297495
cluster,graph+center0,4G14,cluster_4G14,1,15,0.5938658352854748,0.5678571428571427,0.8749835422972614
cluster,graph+center0,4G2E,cluster_4G2E,4,151,0.7357018745622087,0.7900096811737635,0.6827248141976588
cluster,graph+center0,4G5X,cluster_4G5X,1,550,0.7439537914349954,0.743681208001427,0.6845528390204462
cluster,graph+center0,4G6C,cluster_4G6C,3,658,0.5853657414017172,0.5577742776109048,0.8176299554865749
cluster,graph+center0,4G7X,cluster_4G7X,3,194,0.6061648881167258,0.5648340622059941,0.8118456577809914
cluster,graph+center0,4GA2,cluster_4GA2,5,144,0.5215481091382184,0.5370128487015827,0.8545442772601457
cluster,graph+center0,4GMQ,cluster_4GMQ,5,92,0.6017617478325815,0.5856695898771636,0.8005992943852677
cluster,graph+center0,4GS3,cluster_4GS3,3,90,0.4703281418754187,0.6545580264485428,0.9481504551920734
cluster,graph+center0,4H4J,cluster_4H4J,4,236,0.801086488942259,0.8270750072660797,0.6273462518861949
cluster,graph+center0,4H89,cluster_4H89,4,168,0.6288208347461944,0.5924646895119657,0.779445346556212
cluster,graph+center0,4HDE,cluster_4HDE,5,168,0.7456572826544096,0.7960735656682897,0.6884449113721375
cluster,graph+center0,4HJP,cluster_4HJP,4,281,0.6738368335418571,0.7801859301469871,0.7482702839859431
cluster,graph+center0,4HWM,cluster_4HWM,4,117,0.6119190605059466,0.5880395932937432,0.8003191020374579
cluster,graph+center0,4IL7,cluster_4IL7,2,85,0.3712094450473662,0.30110710483267494,0.9503334576624545
cluster,graph+center0,4J11,cluster_4J11,5,357,0.6191624648479606,0.5056985036946928,0.7942403190723468
cluster,graph+center0,4J5O,cluster_4J5O,2,220,0.7311686344425957,0.6362772414141538,0.690927292807881
cluster,graph+center0,4J5Q,cluster_2FG1,1,146,0.7325422170915701,0.7660914665068893,0.6978889388240813
cluster,graph+center0,4J78,cluster_4J78,3,305,0.6192885349296524,0.7529266543753291,0.7880716470051988
cluster,graph+center0,4JG2,cluster_4JG2,2,185,0.7777879983130027,0.8079611344766002,0.6672463708021497
cluster,graph+center0,4JVU,cluster_4JVU,4,207,0.7201554405721348,0.8031361407135325,0.7041768437648883
cluster,graph+center0,4JYP,cluster_4JYP,2,534,0.6437379514046961,0.6984442997217214,0.7693235808388279
cluster,graph+center0,4KEF,cluster_4KEF,3,133,0.4925308847695446,0.437639719411796,0.8839994875629416
cluster,graph+center0,5CYT,cluster_1CCR,5,103,0.35469790294203796,0.3098584588455088,0.9370734664894468
cluster,graph+center0,6RXN,cluster_6RXN,1,45,0.5637737455747139,0.5612648221343873,0.8568544096402589
cluster,graph+center0+center1,1ABA,cluster_1ABA,4,87,0.6101059492243356,0.7194787442773796,0.7939977324789066
cluster,graph+center0+center1,1AHO,cluster_1AHO,3,64,0.6567357675817201,0.7472155130470437,0.7647127800655316
cluster,graph+center0+center1,1AIE,cluster_1AIE,4,31,0.7276479600954933,0.42096774193548386,0.7005693741376737
cluster,graph+center0+center1,1AKG,cluster_1AKG,2,16,0.4538475469966911,0.6107433588692075,0.9129316940913318
cluster,graph+center0+center1,1ATG,cluster_1ATG,5,231,0.527987636359118,0.5898120623066008,0.8558161200317477
cluster,graph+center0+center1,1BGF,cluster_1BGF,2,124,0.602004586879036,0.43367275487962775,0.8008327112066337
cluster,graph+center0+center1,1BX7,cluster_1BX7,2,51,0.5819745864521539,0.24081447963800903,0.87509594125735
cluster,graph+center0+center1,1BYI,cluster_1BYI,5,224,0.5481935396239366,0.6011545635186445,0.8406413549402616
cluster,graph+center0+center1,1CCR,cluster_1CCR,5,111,0.5432280470164115,0.5545744330695758,0.8418569467836546
cluster,graph+center0+center1,1CYO,cluster_1CYO,2,88,0.6229112544400227,0.5588186086961537,0.7913904349610705
cluster,graph+center0+center1,1DF4,cluster_1DF4,5,57,0.9112970920704729,0.7772232304900182,0.5509623134554819
cluster,graph+center0+center1,1E5K,cluster_1E5K,3,188,0.7506632489719605,0.7473616342367055,0.6725603422880573
cluster,graph+center0+center1,1ES5,cluster_1ES5,3,260,0.6341850253903262,0.7183934689688174,0.7790406443778902
cluster,graph+center0+center1,1ETL,cluster_1ETL,3,12,0.7787676525807219,0.7804462377554028,0.7515044223824672
cluster,graph+center0+center1,1ETM,cluster_1ETM,1,12,0.5421894892889035,0.3854684518180305,0.8823114699847174
cluster,graph+center0+center1,1ETN,cluster_1ETN,4,12,-0.12833254900456859,0.11826247919781652,1.2104829669575252
cluster,graph+center0+center1,1EW4,cluster_1EW4,2,106,0.6257561281500449,0.651170641150771,0.7820883133125717
cluster,graph+center0+center1,1F8R,cluster_1F8R,3,1932,0.7855099250278303,0.7620777106379726,0.6732745825780444
cluster,graph+center0+center1,1FF4,cluster_1FF4,4,65,0.6413592022366577,0.604770594120391,0.7730760197890468
cluster,graph+center0+center1,1FK5,cluster_1FK5,2,93,0.5563079034348901,0.5268105265450991,0.8336557379686016
cluster,graph+center0+center1,1GCO,cluster_1GCO,4,1044,0.6454434040808389,0.6084783857420072,0.769485448341419
cluster,graph+center0+center1,1GK7,cluster_1GK7,3,39,0.7978040935669093,0.46702768418533835,0.627911735300521
cluster,graph+center0+center1,1GVD,cluster_1GVD,3,52,0.7097292200080358,0.6131352587253945,0.7264227220057706
cluster,graph+center0+center1,1GXU,cluster_1GXU,1,88,0.6416342762845908,0.6269939461196371,0.781752836145923
cluster,graph+center0+center1,1H6V,cluster_1H6V,2,2927,0.4897132265535648,0.544442180176448,0.8838716805608894
cluster,graph+center0+center1,1HJE,cluster_1HJE,4,13,0.6999998460781411,0.6923076923076923,0.8022444493210533
cluster,graph+center0+center1,1I71,cluster_1I71,3,83,0.5444155074303387,0.5759100764271989,0.8404412021562112
cluster,graph+center0+center1,1IDP,cluster_1IDP,2,441,0.7479346486162493,0.8762542273978009,0.6765693499217011
cluster,graph+center0+center1,1IFR,cluster_1IFR,3,113,0.6471204508007986,0.7184764392089178,0.7830353502000642
cluster,graph+center0+center1,1K8U,cluster_1K8U,2,89,0.48936868822041174,0.36173970778208026,0.8898309930384302
cluster,graph+center0+center1,1KMM,cluster_1KMM,4,1499,0.7232068115639415,0.7504609177681227,0.7010585586171504
cluster,graph+center0+center1,1KNG,cluster_1KNG,1,144,0.5237243770436131,0.48797416591694864,0.8570624075459884
cluster,graph+center0+center1,1KR4,cluster_1KR4,3,110,0.6188969185565958,0.565636665335849,0.7889070735123301
cluster,graph+center0+center1,1KYC,cluster_1KYC,5,15,0.7838840132688557,0.8107142857142855,0.7314256066893718
cluster,graph+center0+center1,1LR7,cluster_1LR7,1,73,0.6002004116895314,0.6787816147123946,0.8226398347189978
cluster,graph+center0+center1,1MF7,cluster_1MF7,2,194,0.6857173135321173,0.7750734987604664,0.7537033793175382
cluster,graph+center0+center1,1N7E,cluster_1N7E,5,95,0.578334449241294,0.6909856976762824,0.8177267727000692
cluster,graph+center0+center1,1NKD,cluster_1NKD,1,59,0.6961092592057545,0.7245893986308773,0.7892615097314819
cluster,graph+center0+center1,1NKO,cluster_1NKO,1,122,0.5045795998912378,0.7116517992368242,0.8806594091145403
cluster,graph+center0+center1,1NLS,cluster_1NLS,5,237,0.5337623072855298,0.7389055296682959,0.851958256395319
cluster,graph+center0+center1,1NNX,cluster_1NNX,2,93,0.7481143643195955,0.8017561660670741,0.6738399359355299
cluster,graph+center0+center1,1NOA,cluster_1NOA,4,113,0.5506887785096235,0.49422151620948473,0.8370074955333366
cluster,graph+center0+center1,1NOT,cluster_1NOT,3,13,0.5929666499559331,0.7527472527472527,0.8819880683055991
cluster,graph+center0+center1,1O06,cluster_1O06,1,20,0.9260984239676552,0.7007518796992479,0.425555682349995
cluster,graph+center0+center1,1O08,cluster_1O08,5,221,0.34380096683700295,0.6037047383499179,0.962796364735474
cluster,graph+center0+center1,1OB4,cluster_1OB4,1,16,0.4252361539741471,0.3852941176470588,0.9814563585379481
cluster,graph+center0+center1,1OB7,cluster_1OB7,4,16,0.5812827463144852,0.8668140683709956,0.846503122451476
cluster,graph+center0+center1,1OPD,cluster_1OPD,2,85,0.4430329408757045,0.44341627622317487,0.8996827081213348
cluster,graph+center0+center1,1P9I,cluster_1P9I,2,29,0.6813189409804843,0.42019704433497523,0.7341190900698544
cluster,graph+center0+center1,1PEF,cluster_1PEF,5,18,0.8340356086012529,0.8679050567595459,0.626595419422218
cluster,graph+center0+center1,1PEN,cluster_1PEN,5,16,0.48298018736254367,0.41795449137073476,0.9147884474165349
cluster,graph+center0+center1,1PMY,cluster_1PMY,4,123,0.6782011092547495,0.5881685272370009,0.7619979859030913
cluster,graph+center0+center1,1PZ4,cluster_1PZ4,2,113,0.7208331881984998,0.6813897443410079,0.712564568583531
cluster,graph+center0+center1,1Q9B,cluster_1Q9B,2,43,0.7732388361259633,0.7553609181516158,0.6595514568185639
cluster,graph+center0+center1,1QAU,cluster_1QAU,3,112,0.6453131832562267,0.6322274781012431,0.7721724818764336
cluster,graph+center0+center1,1QKI,cluster_1QKI,1,3912,0.5647136775841936,0.6423499363413276,0.8510311502588555
cluster,graph+center0+center1,1QTO,cluster_1QTO,2,122,0.6051980273350378,0.6098341153955708,0.7969234802015
cluster,graph+center0+center1,1R29,cluster_1R29,5,122,0.5963521955010249,0.562853890313422,0.8059947169846805
cluster,graph+center0+center1,1R7J,cluster_1R7J,1,90,0.7757974587041021,0.6220541146517703,0.6567932250454044
cluster,graph+center0+center1,1RJU,cluster_1RJU,4,36,0.4150972708863766,0.25585585585585585,0.9342285714109415
cluster,graph+center0+center1,1RRO,cluster_1RRO,5,108,0.3009216723019139,0.22209572363006033,0.9655408952169614
cluster,graph+center0+center1,1SAU,cluster_1SAU,1,114,0.6266994699171493,0.639870393002816,0.7930626868606326
cluster,graph+center0+center1,1TGR,cluster_1TGR,1,104,0.7009771994632222,0.6447560393573479,0.7286117530265632
cluster,graph+center0+center1,1TZV,cluster_1TZV,4,141,0.7959250774337172,0.7642507703405883,0.6299185429805246
cluster,graph+center0+center1,1U06,cluster_1U06,2,55,0.48043743722235754,0.3046591749986056,0.8793351723472064
cluster,graph+center0+center1,1U7I,cluster_1U7I,3,267,0.7429834944812418,0.7918150341259763,0.6829493001776675
cluster,graph+center0+center1,1U9C,cluster_1U9C,1,221,0.5822947077450906,0.4173880222091743,0.8224494013546118
cluster,graph+center0+center1,1UHA,cluster_1UHA,1,82,0.6345460640998511,0.6934337554293637,0.774268702470383
cluster,graph+center0+center1,1UKU,cluster_1KR4,3,102,0.6804835442882796,0.542900763367458,0.7418311455076483
cluster,graph+center0+center1,1ULR,cluster_1ULR,4,87,0.5746743357595222,0.6243979788161548,0.8321028209049739
cluster,graph+center0+center1,1UOY,cluster_1UOY,5,64,0.6768626751815059,0.6305704049223213,0.7590222322647308
cluster,graph+center0+center1,1USE,cluster_1USE,3,40,0.13086530561273693,-0.0150093808630394,1.1593636177379536
cluster,graph+center0+center1,1USM,cluster_1USM,5,77,0.8139485171155869,0.7256475475178252,0.616732436861161
cluster,graph+center0+center1,1UTG,cluster_1UTG,4,70,0.6072192847689586,0.5500879196074339,0.8137093808392681
cluster,graph+center0+center1,1V05,cluster_1V05,4,96,0.5964216368807544,0.5453546576011459,0.8132526616879721
cluster,graph+center0+center1,1V70,cluster_1V70,4,105,0.5525395055530018,0.6260963322169415,0.8344679105236166
cluster,graph+center0+center1,1VRZ,cluster_1VRZ,3,21,0.7361950651028698,0.7225472610433551,0.8133687619302488
cluster,graph+center0+center1,1W2L,cluster_1W2L,4,97,0.5585520713099227,0.40001972452292994,0.8326417966541626
cluster,graph+center0+center1,1WBE,cluster_1WBE,3,204,0.5627334683951652,0.625768163297582,0.8278902754487684
cluster,graph+center0+center1,1WHI,cluster_1WHI,1,122,0.5278484071058817,0.6344778361025182,0.8522818248008164
cluster,graph+center0+center1,1WLY,cluster_1WLY,5,322,0.6858611553211815,0.722269088495753,0.736107770438732
cluster,graph+center0+center1,1WPA,cluster_1WPA,2,107,0.5901867259402359,0.3536358671559054,0.8149799003046055
cluster,graph+center0+center1,1X3O,cluster_1X3O,3,80,0.5343213134390329,0.5576685283061553,0.8477408336262989
cluster,graph+center0+center1,1XY1,cluster_1XY1,3,16,0.5461621073414122,0.5754060372375934,1.2273287169847371
cluster,graph+center0+center1,1XY2,cluster_1XY2,3,8,0.45756590147697657,0.37581969985087577,0.9890789561251898
cluster,graph+center0+center1,1Y6X,cluster_1Y6X,5,87,0.4846385470914914,0.542486251036519,0.8887985370128172
cluster,graph+center0+center1,1YJO,cluster_1YJO,5,6,0.31372207169238775,0.2,1.0794867300863842
cluster,graph+center0+center1,1YZM,cluster_1YZM,5,46,0.8029928445699027,0.6709633662693267,0.7051793565933127
cluster,graph+center0+center1,1Z21,cluster_1Z21,3,96,0.6319633551586146,0.6773943034225708,0.7793578391968413
cluster,graph+center0+center1,1ZCE,cluster_1ZCE,2,146,0.7424995502745383,0.7833995295933375,0.7012533618621808
cluster,graph+center0+center1,1ZVA,cluster_1ZVA,1,75,0.5679510847170298,0.5223056796893241,0.824256922734749
cluster,graph+center0+center1,2A50,cluster_2A50,4,457,0.5672044631380453,0.6231266290965589,0.8310652463152722
cluster,graph+center0+center1,2AGK,cluster_2AGK,2,233,0.6730621321325395,0.7069045910320696,0.7483419329087546
cluster,graph+center0+center1,2AH1,cluster_2AH1,5,939,0.5433879387941778,0.5632538901856279,0.8580447930143106
cluster,graph+center0+center1,2B0A,cluster_2B0A,4,186,0.6029862374369824,0.6233508416823395,0.8077184160512534
cluster,graph+center0+center1,2BCM,cluster_2BCM,4,413,0.5671658960753314,0.5080857171334422,0.8238896792180675
cluster,graph+center0+center1,2BF9,cluster_2BF9,5,36,0.5922045998302677,0.4578158192117373,0.8543531361425595
cluster,graph+center0+center1,2BRF,cluster_2BRF,4,100,0.7570587046013245,0.694888505287068,0.7018427829340135
cluster,graph+center0+center1,2C71,cluster_2C71,5,205,0.6305558229826915,0.6700622055348442,0.8115412720315538
cluster,graph+center0+center1,2CE0,cluster_2CE0,2,99,0.5794260875319385,0.5633640803687155,0.815201240716348
cluster,graph+center0+center1,2CG7,cluster_2CG7,5,90,0.5099458820140538,0.500395120417312,0.8695474221590579
cluster,graph+center0+center1,2COV,cluster_2COV,3,534,0.7644696310403216,0.7320092079452734,0.6604055349602456
cluster,graph+center0+center1,2CWS,cluster_2CWS,4,227,0.6737111632649233,0.710982266118449,0.7522174080041754
cluster,graph+center0+center1,2D5W,cluster_2D5W,5,1214,0.7066341488091695,0.6799314108892192,0.7287435685871863
cluster,graph+center0+center1,2DKO,cluster_2DKO,2,253,0.7941403589783813,0.6844088657006486,0.6124288411035698
cluster,graph+center0+center1,2DPL,cluster_2DPL,5,565,0.4796664897943753,0.5353514603943462,0.887536617650771
cluster,graph+center0+center1,2DSX,cluster_2DSX,4,52,0.37316849577972744,0.24555486827010925,0.928515787820031
cluster,graph+center0+center1,2E10,cluster_2E10,5,439,0.7751868865532761,0.801871276302949,0.6424218102096766
cluster,graph+center0+center1,2E3H,cluster_2E3H,4,81,0.7033384714371282,0.6903689153322823,0.7111574947772344
cluster,graph+center0+center1,2EAQ,cluster_2EAQ,4,89,0.6679707597408563,0.46662155206670564,0.7606782066674217
cluster,graph+center0+center1,2EHP,cluster_2EHP,3,248,0.7560298999233838,0.783355883494518,0.6679458749248406
cluster,graph+center0+center1,2EHS,cluster_1X3O,3,75,0.6808562275036505,0.6905076886571818,0.759827268943088
cluster,graph+center0+center1,2ERW,cluster_2ERW,3,53,0.3530332509604134,0.14357423673066375,0.979893295363152
cluster,graph+center0+center1,2ETX,cluster_2ETX,1,389,0.5268992303593429,0.5453294483369353,0.860446557934718
cluster,graph+center0+center1,2FB6,cluster_2FB6,5,116,0.7870052103584335,0.6738069476142412,0.6796180487464344
cluster,graph+center0+center1,2FG1,cluster_2FG1,1,157,0.6111163807113381,0.5399321962691422,0.7933206917275235
cluster,graph+center0+center1,2FN9,cluster_2FN9,2,560,0.5865010139852471,0.5662189820901549,0.8132536366673687
cluster,graph+center0+center1,2FQ3,cluster_2FQ3,2,85,0.6717014217568835,0.6841313269493845,0.7672574100862253
cluster,graph+center0+center1,2G69,cluster_2G69,1,99,0.6229825094431923,0.6322302549920219,0.7987250994284893
cluster,graph+center0+center1,2G7O,cluster_2G7O,2,68,0.7758167401059766,0.4501579494875635,0.6846521536049733
cluster,graph+center0+center1,2G7S,cluster_2G7S,1,190,0.6296611742869965,0.6008703308605324,0.7912598868612025
cluster,graph+center0+center1,2GKG,cluster_2GKG,5,122,0.6879256295806286,0.5382813146473829,0.7511559072185154
cluster,graph+center0+center1,2GOM,cluster_2GOM,4,121,0.5986695193887507,0.4525305897956387,0.8070187563420268
cluster,graph+center0+center1,2GXG,cluster_2GXG,1,140,0.6978205984032597,0.6732530589637744,0.7346894754434652
cluster,graph+center0+center1,2GZQ,cluster_2GZQ,5,191,0.42613755701276856,0.361008368684728,0.9239668008142424
cluster,graph+center0+center1,2HQK,cluster_2HQK,1,213,0.7770981541831256,0.7408413966144185,0.6890203113040103
cluster,graph+center0+center1,2HYK,cluster_2HYK,1,237,0.5961201484031834,0.5759387506509521,0.8052548561699077
cluster,graph+center0+center1,2I24,cluster_2I24,4,113,0.5085675466398164,0.46856831561052525,0.8629662369394528
cluster,graph+center0+center1,2I49,cluster_2I49,3,398,0.680520835641692,0.6901495559622646,0.748198414388399
cluster,graph+center0+center1,2IBL,cluster_2IBL,2,108,0.6307028500973195,0.663625992335017,0.8915851135988904
cluster,graph+center0+center1,2IGD,cluster_2IGD,1,61,0.5121217953292606,0.5239958752724208,0.8624128698378994
cluster,graph+center0+center1,2IMF,cluster_2IMF,3,203,0.6537896948476289,0.6321711004615614,0.7607310693200172
cluster,graph+center0+center1,2IP6,cluster_2IP6,5,87,0.6305023062960643,0.4150126670636628,0.7798843073658839
cluster,graph+center0+center1,2IVY,cluster_2IVY,3,88,0.4905498220147647,0.41479361588648656,0.8800603572245678
cluster,graph+center0+center1,2J32,cluster_2J32,4,244,0.8231401139304131,0.7189628385564308,0.5893263659020506
cluster,graph+center0+center1,2J9W,cluster_2J9W,1,200,0.696674903720235,0.6725058520761245,0.7338745032798395
cluster,graph+center0+center1,2JKU,cluster_2JKU,1,35,0.47829683725253674,0.17130051166036397,0.9690519066055604
cluster,graph+center0+center1,2JLI,cluster_2JLI,4,100,0.6036469363556722,0.5152223420170043,0.798531702155921
cluster,graph+center0+center1,2JLJ,cluster_2JLI,4,115,0.7577776231811063,0.6256576572907759,0.668927959804126
cluster,graph+center0+center1,2MCM,cluster_1NOA,4,112,0.7767747877738274,0.7018957052607478,0.6813487521087679
cluster,graph+center0+center1,2NLS,cluster_2NLS,2,36,0.42333858832451093,0.3575289575289576,0.9089740683926071
cluster,graph+center0+center1,2NR7,cluster_2NR7,4,194,0.8181344054617581,0.7288826871351092,0.6117978034806278
cluster,graph+center0+center1,2NUH,cluster_1KR4,3,104,0.6385773290166838,0.5635212342752077,0.7797392428147409
cluster,graph+center0+center1,2O6X,cluster_2O6X,2,306,0.794995876143598,0.7968592976732406,0.6209938804477795
cluster,graph+center0+center1,2OA2,cluster_2OA2,4,132,0.47936019936659974,0.3771724200547804,0.8841158848887549
cluster,graph+center0+center1,2OCT,cluster_2OCT,4,192,0.5337757405639987,0.5521067609966334,0.8655942747684584
cluster,graph+center0+center1,2OHW,cluster_2OHW,4,256,0.588193458407557,0.652858963486346,0.8191128746137878
cluster,graph+center0+center1,2OKT,cluster_2OKT,5,342,0.382031176105216,0.38913242694784866,0.9602845345233116
cluster,graph+center0+center1,2OL9,cluster_2OL9,1,6,0.8864372270527271,0.7142857142857143,0.5209463279414951
cluster,graph+center0+center1,2OLX,cluster_2OLX,3,4,0.7610932736588999,0.6000000000000001,0.8457730308563158
cluster,graph+center0+center1,2PKT,cluster_2PKT,1,91,-0.023885281635853253,0.05235893947642365,1.1184863104599527
cluster,graph+center0+center1,2PLT,cluster_2PLT,2,98,0.4516089651952112,0.5042971539427191,0.9008293136118857
cluster,graph+center0+center1,2PMR,cluster_2PMR,4,76,0.6195680702915757,0.7333524724194824,0.789472446587121
cluster,graph+center0+center1,2POF,cluster_2POF,4,440,0.6816315650236828,0.7130214616893618,0.736623904944817
cluster,graph+center0+center1,2PPN,cluster_2PPN,5,107,0.6343041981726064,0.7249339951525445,0.7914979809327151
cluster,graph+center0+center1,2PSF,cluster_2PSF,4,608,0.5173052788605698,0.4838903511307628,0.8592164380679462
cluster,graph+center0+center1,2PTH,cluster_2PTH,3,193,0.7277908833631609,0.7969813172768097,0.7066861522836515
cluster,graph+center0+center1,2Q4N,cluster_2Q4N,2,153,0.647837825123476,0.5589119033965345,0.772177904183888
cluster,graph+center0+center1,2Q52,cluster_1WBE,3,412,0.7592308289853497,0.7419684998360854,0.6806554038734545
cluster,graph+center0+center1,2QJL,cluster_2QJL,5,99,0.6024106822660485,0.671785373422344,0.8124731249331546
cluster,graph+center0+center1,2R16,cluster_2R16,1,175,0.5485067577620971,0.4324041098744096,0.8457335054819182
cluster,graph+center0+center1,2R6Q,cluster_2R6Q,3,138,0.5551326136089444,0.4284977145488726,0.8375138972756325
cluster,graph+center0+center1,2RB8,cluster_2RB8,4,93,0.6494776232236938,0.5134827647554762,0.7653795648222103
cluster,graph+center0+center1,2RE2,cluster_2RE2,2,238,0.651473379634857,0.4692661220684698,0.760478071562772
cluster,graph+center0+center1,2RFR,cluster_2RFR,2,154,0.682756769627285,0.4558437323943328,0.7328150881029716
cluster,graph+center0+center1,2V9V,cluster_2V9V,1,135,0.5500063387505522,0.46105294488841,0.8354215574070616
cluster,graph+center0+center1,2VE8,cluster_2VE8,1,515,0.7071492500512061,0.6233952553140942,0.7121661220567045
cluster,graph+center0+center1,2VH7,cluster_2VH7,5,94,0.7283639145502944,0.7290769588164573,0.7061219566161695
cluster,graph+center0+center1,2VIM,cluster_2VIM,5,104,0.3584199827048039,0.3708787325456848,0.942694064858649
cluster,graph+center0+center1,2VPA,cluster_2VPA,2,204,0.7573575404866649,0.7672835780664364,0.7556779155116979
cluster,graph+center0+center1,2VQ4,cluster_2VQ4,4,106,0.6809374355728881,0.7660539252586622,0.7340676331489382
cluster,graph+center0+center1,2VY8,cluster_2VY8,5,149,0.7385934784238766,0.7646467166504345,0.6854067161193287
cluster,graph+center0+center1,2VYO,cluster_2C71,5,206,0.6964782823333356,0.7232830151702218,0.7330625009778376
cluster,graph+center0+center1,2W1V,cluster_2W1V,5,548,0.6856452613114286,0.7502349053308304,0.743462324807515
cluster,graph+center0+center1,2W2A,cluster_2W2A,3,350,0.6517496869272891,0.6966384623836896,0.7607902105972948
cluster,graph+center0+center1,2W6A,cluster_2W6A,3,117,0.771400654972241,0.47574837972381606,0.651905731983625
cluster,graph+center0+center1,2WJ5,cluster_2WJ5,2,96,0.5420643344696234,0.5482341611449835,0.8893286803237026
cluster,graph+center0+center1,2WUJ,cluster_2WUJ,1,100,0.4265752949028417,0.16764577045468612,0.9137720016047703
cluster,graph+center0+center1,2WW7,cluster_2WW7,3,150,0.47006200456637226,0.5327370317375217,0.9494339414985984
cluster,graph+center0+center1,2WWE,cluster_2WWE,4,111,0.5497674805556174,0.4786059655738521,0.8374243176604519
cluster,graph+center0+center1,2X1Q,cluster_2X1Q,5,240,0.4569988576331896,0.38876119545734406,0.9017054136110823
cluster,graph+center0+center1,2X25,cluster_2X25,2,168,0.6206490501246033,0.6992273832262695,0.7943148402537474
cluster,graph+center0+center1,2X3M,cluster_2X3M,3,166,0.7183599834261215,0.6009157253669761,0.7262865722600058
cluster,graph+center0+center1,2X5Y,cluster_2X5Y,4,171,0.7224903370551891,0.6972616441839299,0.716362843343842
cluster,graph+center0+center1,2X9Z,cluster_2X9Z,5,262,0.5845075019890186,0.596070119586793,0.8117777877079341
cluster,graph+center0+center1,2XHF,cluster_2XHF,5,310,0.5968995458858336,0.6424464910414379,0.8036827086997804
cluster,graph+center0+center1,2Y0T,cluster_2Y0T,3,101,0.7680571386875724,0.7390074930261415,0.6531552915238544
cluster,graph+center0+center1,2Y72,cluster_2Y72,5,170,0.7300405983813508,0.6898031191543675,0.7111953348682166
cluster,graph+center0+center1,2Y7L,cluster_2Y7L,4,319,0.728765714499436,0.695954323488828,0.700717248636038
cluster,graph+center0+center1,2Y9F,cluster_2Y9F,4,149,0.7540556516822945,0.8498867216889212,0.6592607901395884
cluster,graph+center0+center1,2YLB,cluster_2YLB,2,400,0.7437367054883435,0.7913317593534192,0.6712563179466938
cluster,graph+center0+center1,2YNY,cluster_2YNY,1,315,0.7189695077906794,0.70674146077396,0.7294529636888236
cluster,graph+center0+center1,2ZCM,cluster_2ZCM,1,357,0.4409988064594719,0.3633723805362952,0.8989502424657917
cluster,graph+center0+center1,2ZU1,cluster_2ZU1,2,360,0.7113045901738662,0.7605288930942854,0.7075847334395529
cluster,graph+center0+center1,3A0M,cluster_3A0M,1,148,0.772146174295602,0.551528960596963,0.7024185444808051
cluster,graph+center0+center1,3A7L,cluster_3A7L,4,128,0.683251263474695,0.5949916881629994,0.7480002133476298
cluster,graph+center0+center1,3AMC,cluster_3AMC,2,614,0.7246551331529498,0.7748553777570405,0.7223318063887283
cluster,graph+center0+center1,3AUB,cluster_3AUB,1,116,0.5952272535487001,0.6689155942792187,0.8079449644632934
cluster,graph+center0+center1,3B5O,cluster_3B5O,1,230,0.6122207998102033,0.6011858720134066,0.7913175580541478
cluster,graph+center0+center1,3BA1,cluster_3BA1,4,312,0.6451912979268458,0.5639445385710806,0.7647193307543956
cluster,graph+center0+center1,3BED,cluster_3BED,1,261,0.8042206245207147,0.8219541304270528,0.6253517096110492
cluster,graph+center0+center1,3BQX,cluster_3BQX,4,139,0.46627077515119936,0.48158148440698134,0.9082623889787164
cluster,graph+center0+center1,3BZQ,cluster_3BZQ,3,99,0.5442044053092009,0.5476162499563592,0.8430530248115125
cluster,graph+center0+center1,3BZZ,cluster_3BZZ,5,100,0.43966499416774063,0.4183766236637265,0.9222165608017057
cluster,graph+center0+center1,3DRF,cluster_3DRF,4,547,0.5493001812335268,0.5528451296700164,0.8374727426639392
cluster,graph+center0+center1,3DWV,cluster_3DWV,2,325,0.6356640285495062,0.7182582862318909,0.777803435088197
cluster,graph+center0+center1,3E5T,cluster_2HQK,1,228,0.5241479850992471,0.44351853117730755,0.8531482398166225
cluster,graph+center0+center1,3E7R,cluster_3E7R,4,40,0.7317422727572656,0.7789088598033015,0.7269753787955416
cluster,graph+center0+center1,3EUR,cluster_3EUR,3,140,0.39749995142321587,0.3804096591649447,0.9304517311164977
cluster,graph+center0+center1,3F2Z,cluster_3F2Z,3,149,0.7792380336120076,0.7460705587368394,0.6522164453313731
cluster,graph+center0+center1,3F7E,cluster_3F7E,3,254,0.7486149981534154,0.8004547589200679,0.6720528759190894
cluster,graph+center0+center1,3FCN,cluster_3FCN,1,158,0.611496899136264,0.5397913453181458,0.7940171555098067
cluster,graph+center0+center1,3FE7,cluster_3FE7,3,91,0.5020920162251159,0.5213073894390374,0.8671748089014921
cluster,graph+center0+center1,3FKE,cluster_3FKE,5,250,0.4946725998894017,0.49163522754200795,0.8781879761842585
cluster,graph+center0+center1,3FMY,cluster_3FMY,2,66,0.63865373639332,0.636857047566951,0.7769234284113381
cluster,graph+center0+center1,3FOD,cluster_3FOD,1,48,0.41343965327861526,0.4127992189764623,1.0152389126424113
cluster,graph+center0+center1,3FSO,cluster_3FSO,2,221,0.8039473173209989,0.5853197015241448,0.6246379657843579
cluster,graph+center0+center1,3FTD,cluster_3FTD,1,240,0.7060030100341881,0.6765123579004233,0.7242025195262926
cluster,graph+center0+center1,3FVA,cluster_3FVA,1,6,0.8398522099819394,0.8451542547285165,0.6492170438170476
cluster,graph+center0+center1,3G1S,cluster_3G1S,1,418,0.6361737370153983,0.6919860362129425,0.7790731526454318
cluster,graph+center0+center1,3GBW,cluster_3GBW,4,161,0.761255612019915,0.8423073854223274,0.6752555897850516
cluster,graph+center0+center1,3GHJ,cluster_3GHJ,5,116,0.54951390145868,0.5118960208242216,0.8386909602559891
cluster,graph+center0+center1,3HFO,cluster_3HFO,4,197,0.6475139220180199,0.670566163498155,0.768467780620132
cluster,graph+center0+center1,3HHP,cluster_3HHP,5,1234,0.760352406775063,0.8000541957531397,0.6711255096828074
cluster,graph+center0+center1,3HNY,cluster_3HNY,5,156,0.7282764914778881,0.7330026885100652,0.6936354695978906
cluster,graph+center0+center1,3HP4,cluster_3HP4,4,183,0.5384887042562105,0.4495287944727819,0.8477219244654018
cluster,graph+center0+center1,3HWU,cluster_3HWU,2,144,0.7426128262580776,0.7338407359677571,0.6758873346507611
cluster,graph+center0+center1,3HYD,cluster_3HYD,5,7,0.9048350649166813,0.42857142857142866,0.5654809080759602
cluster,graph+center0+center1,3HZ8,cluster_3HZ8,2,192,0.5020280146067927,0.4717264005310635,0.8727302502528268
cluster,graph+center0+center1,3I2V,cluster_3I2V,3,124,0.4281893291944447,0.4410633583933689,0.9293954727984152
cluster,graph+center0+center1,3I2Z,cluster_3I2Z,5,138,0.5544314156503948,0.5713121294927498,0.8394730674764521
cluster,graph+center0+center1,3I4O,cluster_3I4O,1,135,0.7578470760998945,0.71757413775093,0.6558748798163851
cluster,graph+center0+center1,3I7M,cluster_3I7M,2,134,0.6444875638298082,0.5462892997676305,0.7676753689943734
cluster,graph+center0+center1,3IHS,cluster_1OPD,2,169,0.6052679845039955,0.4911291666078131,0.8025576633306213
cluster,graph+center0+center1,3IVV,cluster_3IVV,4,149,0.7776161361259445,0.7728555246264993,0.6406627498336792
cluster,graph+center0+center1,3K6Y,cluster_3K6Y,2,227,0.6187714766488202,0.6117875778956751,0.7880839182698499
cluster,graph+center0+center1,3KBE,cluster_3KBE,5,140,0.6864278502293747,0.6779143988757462,0.727703945563917
cluster,graph+center0+center1,3KGK,cluster_3KGK,2,190,0.7828489978724675,0.7650413143463798,0.632746668874932
cluster,graph+center0+center1,3KZD,cluster_3KZD,3,85,0.6032042687625697,0.6678425205875355,0.8073339976151219
cluster,graph+center0+center1,3L41,cluster_2ETX,1,220,0.7007663760427674,0.6822672291774845,0.7169620275814746
cluster,graph+center0+center1,3LAA,cluster_3LAA,3,169,0.5818924615287956,0.500872356316794,0.8922774055770855
cluster,graph+center0+center1,3LAX,cluster_3LAX,3,106,0.7338805106735689,0.7036101237835289,0.6953244087114027
cluster,graph+center0+center1,3LG3,cluster_3LG3,4,833,0.6060567277244366,0.6175606289680468,0.8252268485549343
cluster,graph+center0+center1,3LJI,cluster_3LJI,5,272,0.5946478044680643,0.5311207983690568,0.8049653743065722
cluster,graph+center0+center1,3M3P,cluster_3M3P,1,249,0.6157923421742205,0.6429503095114921,0.7889155158599294
cluster,graph+center0+center1,3M8J,cluster_3M8J,1,178,0.7003233376617523,0.7499848391989159,0.7189067155670007
cluster,graph+center0+center1,3M9J,cluster_3M9J,3,210,0.5031240616467136,0.5173389881734468,0.8673187242256817
cluster,graph+center0+center1,3M9Q,cluster_3M9Q,2,176,0.46543801659294015,0.5310560356564138,0.9336863216408711
cluster,graph+center0+center1,3MAB,cluster_1OPD,2,173,0.6413817996078242,0.5597196494071203,0.7676218319273931
cluster,graph+center0+center1,3MD4,cluster_3MD4,2,12,0.7415694897064019,0.8231186002975569,0.7678986548784537
cluster,graph+center0+center1,3MD5,cluster_3MD5,5,12,0.5567557270354595,0.6853146853146854,0.9360858022484483
cluster,graph+center0+center1,3MEA,cluster_3MEA,2,166,0.6587373525134987,0.7361028399187639,0.7673865036245315
cluster,graph+center0+center1,3MGN,cluster_3MGN,2,348,0.17590666911591304,0.24745072870500462,1.1938883738595643
cluster,graph+center0+center1,3MRE,cluster_3MRE,5,383,0.6607152861013087,0.7376207302952942,0.75942125638739
cluster,graph+center0+center1,3N11,cluster_3N11,1,325,0.5559136787455441,0.6124811842505563,0.8369402179619596
cluster,graph+center0+center1,3NE0,cluster_3NE0,1,208,0.7078748483609403,0.7090966191236462,0.7166468038347793
cluster,graph+center0+center1,3NGG,cluster_3NGG,1,94,0.7304215705165232,0.6243660323540641,0.7147105064728928
cluster,graph+center0+center1,3NPV,cluster_3NPV,5,495,0.5874005495091166,0.5590067430572649,0.8137737548947981
cluster,graph+center0+center1,3NVG,cluster_3NVG,2,6,0.6872653481860751,0.5428571428571429,0.751850760130542
cluster,graph+center0+center1,3NZL,cluster_3NZL,5,73,0.5752764494435462,0.5931919694549058,0.821427854196221
cluster,graph+center0+center1,3O0P,cluster_3O0P,5,194,0.7226962484502766,0.7023084881941499,0.6924664741797177
cluster,graph+center0+center1,3O5P,cluster_3O5P,5,128,0.7271667379986693,0.6658464392449784,0.6961125198942064
cluster,graph+center0+center1,3OBQ,cluster_3OBQ,2,150,0.6270041823536108,0.3794837787534953,0.7828620594561349
cluster,graph+center0+center1,3OQY,cluster_3OQY,3,234,0.6458786896486095,0.6126575556521571,0.7751426100136238
cluster,graph+center0+center1,3P6J,cluster_3P6J,3,125,0.797274404186294,0.7729540581040416,0.6205914115039585
cluster,graph+center0+center1,3PD7,cluster_3PD7,5,188,0.702508406168107,0.7570168737723239,0.717265870268699
cluster,graph+center0+center1,3PES,cluster_3PES,3,165,0.6210525664298672,0.5976573771084391,0.8029290662634538
cluster,graph+center0+center1,3PID,cluster_3PID,4,387,0.5375284991613102,0.48299310326832623,0.853112094731669
cluster,graph+center0+center1,3PIW,cluster_3PIW,5,154,0.7555672833260624,0.720513700952502,0.6796019284164956
cluster,graph+center0+center1,3PKV,cluster_3PKV,3,221,0.5566259799441515,0.6157312315001866,0.8313304839255855
cluster,graph+center0+center1,3PSM,cluster_3PSM,4,94,0.7939841793932385,0.87356678933787,0.6348970755737544
cluster,graph+center0+center1,3PTL,cluster_3PTL,4,289,0.5155879267294612,0.6247171784142523,0.8897523246582294
cluster,graph+center0+center1,3PVE,cluster_3PVE,1,347,0.6922789393202332,0.719286750961103,0.7372804857486721
cluster,graph+center0+center1,3PZ9,cluster_3PZ9,4,357,0.697899076592408,0.7064770941275889,0.7255435499664028
cluster,graph+center0+center1,3PZZ,cluster_3PZZ,2,12,0.9587460908148588,0.7972027972027973,0.5840842421136463
cluster,graph+center0+center1,3Q2X,cluster_3Q2X,4,6,0.9425319168002223,0.8285714285714287,0.3827812393632838
cluster,graph+center0+center1,3Q6L,cluster_3Q6L,2,131,0.6102779881676397,0.5712646102856701,0.7996314395341079
cluster,graph+center0+center1,3QDS,cluster_3QDS,1,284,0.7312646638494356,0.7300464230016601,0.7168669364638846
cluster,graph+center0+center1,3QPA,cluster_3QPA,5,197,0.4678247159505198,0.7000511311946006,0.9112418320050373
cluster,graph+center0+center1,3R6D,cluster_3R6D,4,221,0.6844552082786335,0.7498176692063332,0.73751331046076
cluster,graph+center0+center1,3R87,cluster_3R87,5,132,0.4218299856768596,0.3623164963599387,0.911223109211267
cluster,graph+center0+center1,3RQ9,cluster_3RQ9,1,162,0.5112560343492935,0.5957154934449561,0.9152089488687796
cluster,graph+center0+center1,3RY0,cluster_3RY0,1,128,0.613756989710083,0.6145392379224128,0.7979705734406725
cluster,graph+center0+center1,3RZY,cluster_3Q6L,2,139,0.699719697549763,0.6254299603371025,0.7298654567521433
cluster,graph+center0+center1,3S0A,cluster_3S0A,2,119,0.5316926724209164,0.5421773406870194,0.8500612599212486
cluster,graph+center0+center1,3SD2,cluster_3SD2,1,86,0.46912757564913043,0.5561363123972691,0.8891559004024225
cluster,graph+center0+center1,3SEB,cluster_3SEB,3,238,0.6357561729596829,0.757703749472769,0.7766950884424468
cluster,graph+center0+center1,3SED,cluster_3SED,2,124,0.6694739616447727,0.6574024972862585,0.7777376438218424
cluster,graph+center0+center1,3SO6,cluster_3SO6,1,150,0.679942669034857,0.6629888474417875,0.7406945014560559
cluster,graph+center0+center1,3SR3,cluster_3SR3,5,637,0.5657287695269619,0.5789985675729794,0.832330559377109
cluster,graph+center0+center1,3SUK,cluster_3SUK,2,248,0.6479814810780009,0.6529576785736584,0.7696569352562171
cluster,graph+center0+center1,3SZH,cluster_3SZH,2,697,0.7809712339137321,0.7722187658603727,0.6391243173914315
cluster,graph+center0+center1,3T0H,cluster_3T0H,5,208,0.7562077883378662,0.8014978251891303,0.6675744770140798
cluster,graph+center0+center1,3T3K,cluster_3T3K,3,122,0.7474780498426145,0.8008975086868637,0.6827829800625239
cluster,graph+center0+center1,3T47,cluster_3T47,4,141,0.5022373518091683,0.5093680098755903,0.8811091159059432
cluster,graph+center0+center1,3TDN,cluster_3TDN,3,357,0.47505941352896786,0.49438999106379894,0.885481042831371
cluster,graph+center0+center1,3TOW,cluster_3TOW,1,152,0.5560617754992815,0.7021422738720255,0.8413895885168414
cluster,graph+center0+center1,3TUA,cluster_3TUA,2,210,0.6539756929989641,0.7853381330424531,0.7677002179642056
cluster,graph+center0+center1,3TYS,cluster_3TYS,3,75,0.7531085460668279,0.6772027656443516,0.7364509586782388
cluster,graph+center0+center1,3U6G,cluster_3U6G,4,248,0.619481622419168,0.6007254205877521,0.7902077204475962
cluster,graph+center0+center1,3U97,cluster_3U97,5,77,0.7154708250886804,0.6869799540521216,0.7075500259455993
cluster,graph+center0+center1,3UCI,cluster_3UCI,3,72,0.5580065086739014,0.48369670075246,0.856017830665261
cluster,graph+center0+center1,3UR8,cluster_3UR8,4,637,0.6987099401699955,0.6539873614425674,0.7223520524126351
cluster,graph+center0+center1,3US6,cluster_3US6,5,148,0.6324826331541986,0.5170859015078697,0.7882703768200917
cluster,graph+center0+center1,3V1A,cluster_3V1A,5,48,0.4035472616245581,0.49060905728278076,0.9189180400383966
cluster,graph+center0+center1,3V75,cluster_3V75,2,285,0.5631774560550217,0.5228504838147625,0.8325655255154015
cluster,graph+center0+center1,3VN0,cluster_3VN0,1,193,0.8190180053911772,0.6438543441176,0.6408435553701994
cluster,graph+center0+center1,3VOR,cluster_3VOR,5,182,0.5510686235614123,0.5691301206929071,0.8508075308770031
cluster,graph+center0+center1,3VUB,cluster_3VUB,3,101,0.59370035389371,0.6213023954816818,0.8141277341306685
cluster,graph+center0+center1,3VVV,cluster_3VVV,1,108,0.7088800665162684,0.566722954908797,0.7320160790922781
cluster,graph+center0+center1,3VZ9,cluster_3VZ9,5,163,0.7369634370348055,0.7278160986819808,0.6840166643320862
cluster,graph+center0+center1,3W4Q,cluster_1ES5,3,773,0.7134017404677041,0.7309702334488349,0.7263221141850129
cluster,graph+center0+center1,3ZBD,cluster_3ZBD,1,213,0.5333833988789591,0.4446859754926403,0.8524105753629077
cluster,graph+center0+center1,3ZIT,cluster_3ZIT,3,152,0.4009367522421112,0.4267697068161786,0.9324718208044799
cluster,graph+center0+center1,3ZRX,cluster_3ZRX,3,221,0.550408188837746,0.556333085880824,0.835556446539237
cluster,graph+center0+center1,3ZSL,cluster_3ZSL,2,138,0.6860226333098722,0.5789765093666718,0.7433341598967756
cluster,graph+center0+center1,3ZZP,cluster_3ZZP,2,74,0.5012462377988484,0.5035876399829718,0.8653468072238529
cluster,graph+center0+center1,3ZZY,cluster_3ZZY,3,226,0.7265254462967904,0.6200169454543712,0.6915404867724898
cluster,graph+center0+center1,4A02,cluster_4A02,2,166,0.49075531967431224,0.6353502600130368,0.881146684540845
cluster,graph+center0+center1,4ACJ,cluster_4ACJ,1,167,0.7424210311554648,0.7975812797367602,0.7018665053540423
cluster,graph+center0+center1,4AE7,cluster_4AE7,3,186,0.7599441190481565,0.7034031772546561,0.6562090546584751
cluster,graph+center0+center1,4AM1,cluster_4AM1,4,345,0.5952858199199987,0.6118872408124882,0.8037325369333559
cluster,graph+center0+center1,4ANN,cluster_4ANN,3,176,0.557606133502082,0.5758569132319246,0.8348874930891154
cluster,graph+center0+center1,4AVR,cluster_4AVR,1,188,0.6334484117091026,0.7300303592549572,0.8032176706663285
cluster,graph+center0+center1,4AXY,cluster_4AXY,4,54,0.6743555811843391,0.6242281013912218,0.7396540403222542
cluster,graph+center0+center1,4B6G,cluster_4B6G,3,558,0.7399917991209816,0.7456938199158379,0.6962485101862245
cluster,graph+center0+center1,4B9G,cluster_4B9G,5,292,0.8035097305164569,0.7901567677702768,0.6244120349459807
cluster,graph+center0+center1,4DD5,cluster_4DD5,1,387,0.6198043276460586,0.664055101169598,0.7929317983500626
cluster,graph+center0+center1,4DKN,cluster_4DKN,3,423,0.713340176449711,0.7349125300978302,0.7314575426704483
cluster,graph+center0+center1,4DND,cluster_4DND,3,95,0.7644099975669771,0.6719648375070453,0.6600778985528022
cluster,graph+center0+center1,4DPZ,cluster_4DPZ,1,109,0.7301664476809481,0.6647236670317517,0.6940108511165876
cluster,graph+center0+center1,4DQ7,cluster_4DQ7,3,328,0.7195966249798372,0.7395364306329494,0.704885527799995
cluster,graph+center0+center1,4DT4,cluster_4DT4,4,160,0.7327341648545804,0.7264786108209613,0.7400428716978571
cluster,graph+center0+center1,4EK3,cluster_4EK3,3,287,0.6805669731765301,0.7038417916976015,0.7406051413835213
cluster,graph+center0+center1,4ERY,cluster_4ERY,2,318,0.7149510933108363,0.7632715395836763,0.721459817823224
cluster,graph+center0+center1,4ES1,cluster_4ES1,1,95,0.6937427003560295,0.6793839436795039,0.761612788426327
cluster,graph+center0+center1,4EUG,cluster_4EUG,1,225,0.5972804111014313,0.6423294029951809,0.8040339297115553
cluster,graph+center0+center1,4F01,cluster_4F01,3,448,0.35756669749614634,0.5322026906382823,0.9809668261733129
cluster,graph+center0+center1,4F3J,cluster_4F3J,3,143,0.5910457675051309,0.5369339459078121,0.811255120008919
cluster,graph+center0+center1,4FR9,cluster_4FR9,2,141,0.609432236082893,0.6245911605277147,0.7987461483401629
cluster,graph+center0+center1,4G14,cluster_4G14,1,15,0.5913666395304396,0.557142857142857,0.8817099454242063
cluster,graph+center0+center1,4G2E,cluster_4G2E,4,151,0.7324632044604485,0.791477102929469,0.6877413571475842
cluster,graph+center0+center1,4G5X,cluster_4G5X,1,550,0.7315574475550838,0.7449084423843901,0.6979620818563258
cluster,graph+center0+center1,4G6C,cluster_4G6C,3,658,0.5829683557359359,0.5568374081915334,0.8211817970901434
cluster,graph+center0+center1,4G7X,cluster_4G7X,3,194,0.6132774663146101,0.5591596051108736,0.804258413038317
cluster,graph+center0+center1,4GA2,cluster_4GA2,5,144,0.5045019187052906,0.5310426454614282,0.8653012001850009
cluster,graph+center0+center1,4GMQ,cluster_4GMQ,5,92,0.592489255790853,0.5986776197154878,0.8075461713045529
cluster,graph+center0+center1,4GS3,cluster_4GS3,3,90,0.471982141935523,0.6394613260724438,0.9514865514699344
cluster,graph+center0+center1,4H4J,cluster_4H4J,4,236,0.8058760542498192,0.8258370213668563,0.6219426693675595
cluster,graph+center0+center1,4H89,cluster_4H89,4,168,0.6246633438043938,0.5800659167346509,0.7828824574905893
cluster,graph+center0+center1,4HDE,cluster_4HDE,5,168,0.739806054167911,0.7966468139550809,0.6939274208761562
cluster,graph+center0+center1,4HJP,cluster_4HJP,4,281,0.6747280722408322,0.7765374202165956,0.7474617630195068
cluster,graph+center0+center1,4HWM,cluster_4HWM,4,117,0.6048531157124725,0.5842930681956665,0.8066071180892914
cluster,graph+center0+center1,4IL7,cluster_4IL7,2,85,0.375382001526575,0.3108394649304632,0.9450311053041852
cluster,graph+center0+center1,4J11,cluster_4J11,5,357,0.6151654401216008,0.5059224217570353,0.8009822664244258
cluster,graph+center0+center1,4J5O,cluster_4J5O,2,220,0.7308512842171464,0.6444699835767719,0.6914056232242449
cluster,graph+center0+center1,4J5Q,cluster_2FG1,1,146,0.7433822005451003,0.7719103073662967,0.6895333188187611
cluster,graph+center0+center1,4J78,cluster_4J78,3,305,0.6255917845922677,0.7583463337667417,0.7819510379999517
cluster,graph+center0+center1,4JG2,cluster_4JG2,2,185,0.7780598242790366,0.8129164687109356,0.6704169429554866
cluster,graph+center0+center1,4JVU,cluster_4JVU,4,207,0.7218038140071322,0.8096269237340493,0.7013523765294041
cluster,graph+center0+center1,4JYP,cluster_4JYP,2,534,0.652084312575116,0.7071841486647914,0.7635969628010982
cluster,graph+center0+center1,4KEF,cluster_4KEF,3,133,0.489388204185295,0.4318679455028917,0.8877318251079761
cluster,graph+center0+center1,5CYT,cluster_1CCR,5,103,0.3437183233064026,0.2962397550930389,0.9410994469511564
cluster,graph+center0+center1,6RXN,cluster_6RXN,1,45,0.5825065304436142,0.5765480895915678,0.8464757996199954
cluster,graph+center0+center_p1,1ABA,cluster_1ABA,4,87,0.6386127532462454,0.7184307650546632,0.7746429243124402
cluster,graph+center0+center_p1,1AHO,cluster_1AHO,3,64,0.6490658289844838,0.7469636786624761,0.7677050401855037
cluster,graph+center0+center_p1,1AIE,cluster_1AIE,4,31,0.6858397736631809,0.4084677419354839,0.7390308182147838
cluster,graph+center0+center_p1,1AKG,cluster_1AKG,2,16,0.5352027488579917,0.6975719327807334,0.8711384530391221
cluster,graph+center0+center_p1,1ATG,cluster_1ATG,5,231,0.5296304622632896,0.5817462546621628,0.8542215755757381
cluster,graph+center0+center_p1,1BGF,cluster_1BGF,2,124,0.5966418630119696,0.4186104331851626,0.8050738330490317
cluster,graph+center0+center_p1,1BX7,cluster_1BX7,2,51,0.5892033258911279,0.2093212669683258,0.8723095301784275
cluster,graph+center0+center_p1,1BYI,cluster_1BYI,5,224,0.5337446511378463,0.5949869620306962,0.8516245648677163
cluster,graph+center0+center_p1,1CCR,cluster_1CCR,5,111,0.5239685062288034,0.5433464891301396,0.8523167179000072
cluster,graph+center0+center_p1,1CYO,cluster_1CYO,2,88,0.6348009763544764,0.558686521095611,0.7840281882949514
cluster,graph+center0+center_p1,1DF4,cluster_1DF4,5,57,0.9061545890442314,0.7761861550427793,0.5364839670602171
cluster,graph+center0+center_p1,1E5K,cluster_1E5K,3,188,0.769113724484692,0.7563537952179704,0.6515320318121158
cluster,graph+center0+center_p1,1ES5,cluster_1ES5,3,260,0.6429238825897621,0.7173488393889748,0.7725222399001528
cluster,graph+center0+center_p1,1ETL,cluster_1ETL,3,12,0.6364927617133759,0.7583581366868536,0.8513022960493527
cluster,graph+center0+center_p1,1ETM,cluster_1ETM,1,12,0.5628089748045331,0.3854684518180305,0.8688717514109244
cluster,graph+center0+center_p1,1ETN,cluster_1ETN,4,12,-0.17959459487903554,0.007391404949863532,1.2118439605465505
cluster,graph+center0+center_p1,1EW4,cluster_1EW4,2,106,0.6204072359283443,0.6533421336366387,0.7865498517126692
cluster,graph+center0+center_p1,1F8R,cluster_1F8R,3,1932,0.784832311170979,0.7630080859879297,0.6710140509544762
cluster,graph+center0+center_p1,1FF4,cluster_1FF4,4,65,0.6358075967150661,0.6027819360274174,0.7779371950462503
cluster,graph+center0+center_p1,1FK5,cluster_1FK5,2,93,0.5669283686688276,0.5456627562495453,0.8286557326531196
cluster,graph+center0+center_p1,1GCO,cluster_1GCO,4,1044,0.6444575599258289,0.6098855911472713,0.7707585530492667
cluster,graph+center0+center_p1,1GK7,cluster_1GK7,3,39,0.8074071368576671,0.5077180025733977,0.6224463970317067
cluster,graph+center0+center_p1,1GVD,cluster_1GVD,3,52,0.6989792281045543,0.6182151929862258,0.7307752973712626
cluster,graph+center0+center_p1,1GXU,cluster_1GXU,1,88,0.627828775533732,0.6319603742983863,0.7899759461396262
cluster,graph+center0+center_p1,1H6V,cluster_1H6V,2,2927,0.4905091117304648,0.55660933184326,0.8825989516984797
cluster,graph+center0+center_p1,1HJE,cluster_1HJE,4,13,0.7054299484316748,0.6263736263736264,0.8140035907951695
cluster,graph+center0+center_p1,1I71,cluster_1I71,3,83,0.5561967555350643,0.5793105623631312,0.8327991662512352
cluster,graph+center0+center_p1,1IDP,cluster_1IDP,2,441,0.7522512307520517,0.8776065186464983,0.6741543427259732
cluster,graph+center0+center_p1,1IFR,cluster_1IFR,3,113,0.6531971357417895,0.7216827536939181,0.7790378679731906
cluster,graph+center0+center_p1,1K8U,cluster_1K8U,2,89,0.4923665304483766,0.3626760413551802,0.8865626069669225
cluster,graph+center0+center_p1,1KMM,cluster_1KMM,4,1499,0.7211681010669615,0.7471950725745823,0.7021021074681383
cluster,graph+center0+center_p1,1KNG,cluster_1KNG,1,144,0.5238176699707391,0.49956695343094953,0.85712070937324
cluster,graph+center0+center_p1,1KR4,cluster_1KR4,3,110,0.6130904950614623,0.5617008999125183,0.7931251714506906
cluster,graph+center0+center_p1,1KYC,cluster_1KYC,5,15,0.7643221938716193,0.782142857142857,0.7427434606329679
cluster,graph+center0+center_p1,1LR7,cluster_1LR7,1,73,0.6100769108575319,0.6762979475237239,0.8170734134460113
cluster,graph+center0+center_p1,1MF7,cluster_1MF7,2,194,0.674372881590297,0.7699447141656238,0.7603896175004482
cluster,graph+center0+center_p1,1N7E,cluster_1N7E,5,95,0.575669378587385,0.6830488842294552,0.8193464105962082
cluster,graph+center0+center_p1,1NKD,cluster_1NKD,1,59,0.6885784998376813,0.7233327500811828,0.7908133059682855
cluster,graph+center0+center_p1,1NKO,cluster_1NKO,1,122,0.4952354902029084,0.7199758111531014,0.8865927817230749
cluster,graph+center0+center_p1,1NLS,cluster_1NLS,5,237,0.5226864432514489,0.7345131527070786,0.8614547536108741
cluster,graph+center0+center_p1,1NNX,cluster_1NNX,2,93,0.7419112997172993,0.7953850286616709,0.6809987433909165
cluster,graph+center0+center_p1,1NOA,cluster_1NOA,4,113,0.5557272608369044,0.5058574987605751,0.8323747653122279
cluster,graph+center0+center_p1,1NOT,cluster_1NOT,3,13,0.5868549532170279,0.7252747252747254,0.8946892730642085
cluster,graph+center0+center_p1,1O06,cluster_1O06,1,20,0.9246884511936883,0.7037593984962407,0.43105734524832906
cluster,graph+center0+center_p1,1O08,cluster_1O08,5,221,0.34326066033430175,0.605290696533172,0.96350322765391
cluster,graph+center0+center_p1,1OB4,cluster_1OB4,1,16,0.4608940768274892,0.3764705882352941,0.9526028511166058
cluster,graph+center0+center_p1,1OB7,cluster_1OB7,4,16,0.5745516594861799,0.8344373119972063,0.841003461323901
cluster,graph+center0+center_p1,1OPD,cluster_1OPD,2,85,0.43685934300001733,0.4534612735117317,0.9023738290819772
cluster,graph+center0+center_p1,1P9I,cluster_1P9I,2,29,0.6768217230185771,0.5256157635467978,0.7379145651967067
cluster,graph+center0+center_p1,1PEF,cluster_1PEF,5,18,0.86180373145196,0.8926728586171312,0.5822565233347267
cluster,graph+center0+center_p1,1PEN,cluster_1PEN,5,16,0.4958195524818499,0.4194261621149979,0.9008704904709488
cluster,graph+center0+center_p1,1PMY,cluster_1PMY,4,123,0.6686452662924841,0.5850181541579536,0.7706720064411734
cluster,graph+center0+center_p1,1PZ4,cluster_1PZ4,2,113,0.6814519674773328,0.6738833451873073,0.7459557835272842
cluster,graph+center0+center_p1,1Q9B,cluster_1Q9B,2,43,0.75739953562933,0.7500755058894594,0.6787422462974061
cluster,graph+center0+center_p1,1QAU,cluster_1QAU,3,112,0.6461620381047797,0.6366565940937511,0.7716019177882698
cluster,graph+center0+center_p1,1QKI,cluster_1QKI,1,3912,0.5573001107439289,0.6329840137287689,0.8608675316968615
cluster,graph+center0+center_p1,1QTO,cluster_1QTO,2,122,0.5915442338100614,0.6125140440189414,0.8089353447862243
cluster,graph+center0+center_p1,1R29,cluster_1R29,5,122,0.598149222053518,0.5633330414558835,0.8049622212882731
cluster,graph+center0+center_p1,1R7J,cluster_1R7J,1,90,0.7800050688358597,0.6336771400972347,0.656190098629439
cluster,graph+center0+center_p1,1RJU,cluster_1RJU,4,36,0.4239499161816031,0.25842985842985844,0.9293022064269267
cluster,graph+center0+center_p1,1RRO,cluster_1RRO,5,108,0.30260267851119466,0.22070476722777874,0.9644727350001132
cluster,graph+center0+center_p1,1SAU,cluster_1SAU,1,114,0.6304797565109668,0.6424989875760564,0.792727931810551
cluster,graph+center0+center_p1,1TGR,cluster_1TGR,1,104,0.7090633954101319,0.65227770415273,0.7222136298424365
cluster,graph+center0+center_p1,1TZV,cluster_1TZV,4,141,0.8009723737585992,0.7639789244750459,0.6226732765945607
cluster,graph+center0+center_p1,1U06,cluster_1U06,2,55,0.4993803854482848,0.3134255668902174,0.8674296304755045
cluster,graph+center0+center_p1,1U7I,cluster_1U7I,3,267,0.7491006060477922,0.7919584630029072,0.6769898208034452
cluster,graph+center0+center_p1,1U9C,cluster_1U9C,1,221,0.5893202636296968,0.41655030107745944,0.8170298680850476
cluster,graph+center0+center_p1,1UHA,cluster_1UHA,1,82,0.6363876141615609,0.6868925436166275,0.7738192104265358
cluster,graph+center0+center_p1,1UKU,cluster_1KR4,3,102,0.6826011912857346,0.5451795306844296,0.7401978522053847
cluster,graph+center0+center_p1,1ULR,cluster_1ULR,4,87,0.5720029571833264,0.6360989479746233,0.8356671768136285
cluster,graph+center0+center_p1,1UOY,cluster_1UOY,5,64,0.6694696530437443,0.6117972962545544,0.7656608467043489
cluster,graph+center0+center_p1,1USE,cluster_1USE,3,40,0.1253660576617464,-0.08761726078799251,1.1659084170481981
cluster,graph+center0+center_p1,1USM,cluster_1USM,5,77,0.8230265147516894,0.7198506746742748,0.6090184348235581
cluster,graph+center0+center_p1,1UTG,cluster_1UTG,4,70,0.5812600200472006,0.5221811056197158,0.8276698141432908
cluster,graph+center0+center_p1,1V05,cluster_1V05,4,96,0.5950544144114283,0.5434419892251102,0.8148086642754548
cluster,graph+center0+center_p1,1V70,cluster_1V70,4,105,0.5559306139198835,0.6231053931547381,0.8321521813658135
cluster,graph+center0+center_p1,1VRZ,cluster_1VRZ,3,21,0.7320459588123043,0.7615336240492916,0.7836164030124023
cluster,graph+center0+center_p1,1W2L,cluster_1W2L,4,97,0.5680439942589056,0.38976297709511365,0.8258810015067799
cluster,graph+center0+center_p1,1WBE,cluster_1WBE,3,204,0.5658979132910807,0.6178425204432572,0.8259328603872027
cluster,graph+center0+center_p1,1WHI,cluster_1WHI,1,122,0.5282152187330789,0.6279548146945081,0.8523017793241907
cluster,graph+center0+center_p1,1WLY,cluster_1WLY,5,322,0.684444074974307,0.7227261094737931,0.737413251769358
cluster,graph+center0+center_p1,1WPA,cluster_1WPA,2,107,0.5896689794051031,0.3441723997152549,0.8165734010407504
cluster,graph+center0+center_p1,1X3O,cluster_1X3O,3,80,0.5200053967229247,0.5508471099901785,0.855626664871482
cluster,graph+center0+center_p1,1XY1,cluster_1XY1,3,16,0.6468790449526308,0.5587055981620961,1.1179658292138521
cluster,graph+center0+center_p1,1XY2,cluster_1XY2,3,8,0.5252324622106296,0.5091750772173156,0.9399455461949892
cluster,graph+center0+center_p1,1Y6X,cluster_1Y6X,5,87,0.49153056165141773,0.5361801787079911,0.8818098283507653
cluster,graph+center0+center_p1,1YJO,cluster_1YJO,5,6,0.29300258123454165,0.2571428571428572,1.0942406540061251
cluster,graph+center0+center_p1,1YZM,cluster_1YZM,5,46,0.8110043399006107,0.6878006673991665,0.6936816691489698
cluster,graph+center0+center_p1,1Z21,cluster_1Z21,3,96,0.6337466177392016,0.6722870892279137,0.7777349611155229
cluster,graph+center0+center_p1,1ZCE,cluster_1ZCE,2,146,0.7599935790731992,0.7841032661452538,0.6860243032880046
cluster,graph+center0+center_p1,1ZVA,cluster_1ZVA,1,75,0.5819036037009526,0.5147945837399841,0.8139376074798327
cluster,graph+center0+center_p1,2A50,cluster_2A50,4,457,0.5635786911746685,0.6233434488666499,0.8342520834394104
cluster,graph+center0+center_p1,2AGK,cluster_2AGK,2,233,0.6757606146366071,0.711836814464949,0.746537830157761
cluster,graph+center0+center_p1,2AH1,cluster_2AH1,5,939,0.5419881702831149,0.5643805019598171,0.8589422920367676
cluster,graph+center0+center_p1,2B0A,cluster_2B0A,4,186,0.6026479304715259,0.6211082940736442,0.8067906673330836
cluster,graph+center0+center_p1,2BCM,cluster_2BCM,4,413,0.5681912299171158,0.5061199115046817,0.823330948247147
cluster,graph+center0+center_p1,2BF9,cluster_2BF9,5,36,0.6148685128098152,0.5063388902949043,0.8360374588140316
cluster,graph+center0+center_p1,2BRF,cluster_2BRF,4,100,0.75480861883403,0.701327380978335,0.7065278534355017
cluster,graph+center0+center_p1,2C71,cluster_2C71,5,205,0.6279794691741672,0.6740864274787598,0.8118768986608504
cluster,graph+center0+center_p1,2CE0,cluster_2CE0,2,99,0.5794988372575016,0.5759988622005956,0.8154827525970474
cluster,graph+center0+center_p1,2CG7,cluster_2CG7,5,90,0.507625076682915,0.49212228987199297,0.8703326192801085
cluster,graph+center0+center_p1,2COV,cluster_2COV,3,534,0.7690304491786126,0.7333407161551305,0.6551702555340004
cluster,graph+center0+center_p1,2CWS,cluster_2CWS,4,227,0.6705636902318887,0.71618987141793,0.754888888821462
cluster,graph+center0+center_p1,2D5W,cluster_2D5W,5,1214,0.7077326012186116,0.677541941620555,0.727175773487694
cluster,graph+center0+center_p1,2DKO,cluster_2DKO,2,253,0.7892929320307935,0.6848701495369366,0.6181577276479155
cluster,graph+center0+center_p1,2DPL,cluster_2DPL,5,565,0.4805343004030222,0.5332091603475877,0.8868356340340652
cluster,graph+center0+center_p1,2DSX,cluster_2DSX,4,52,0.3980152618831634,0.24593908138110215,0.9190083614351169
cluster,graph+center0+center_p1,2E10,cluster_2E10,5,439,0.7747226619507855,0.8018295760784164,0.6432211691087536
cluster,graph+center0+center_p1,2E3H,cluster_2E3H,4,81,0.7086509273282028,0.6981153385443787,0.7068088197602203
cluster,graph+center0+center_p1,2EAQ,cluster_2EAQ,4,89,0.6634751883023968,0.4822414314501636,0.7633113546428784
cluster,graph+center0+center_p1,2EHP,cluster_2EHP,3,248,0.7541593039988659,0.78138980136159,0.6693345725275164
cluster,graph+center0+center_p1,2EHS,cluster_1X3O,3,75,0.6862494324584939,0.6917452596042621,0.7564926273322296
cluster,graph+center0+center_p1,2ERW,cluster_2ERW,3,53,0.33832046616027944,0.14163894794575166,0.9831366236492469
cluster,graph+center0+center_p1,2ETX,cluster_2ETX,1,389,0.5291847302796714,0.5519564913715493,0.858997934692427
cluster,graph+center0+center_p1,2FB6,cluster_2FB6,5,116,0.7926783512580228,0.6911988871308002,0.6748664909751587
cluster,graph+center0+center_p1,2FG1,cluster_2FG1,1,157,0.6169846968594139,0.5464536370954606,0.7890749399984562
cluster,graph+center0+center_p1,2FN9,cluster_2FN9,2,560,0.5891020026181304,0.5691444849142746,0.8113509753385599
cluster,graph+center0+center_p1,2FQ3,cluster_2FQ3,2,85,0.6787514307873955,0.6877076411960132,0.7629033968353546
cluster,graph+center0+center_p1,2G69,cluster_2G69,1,99,0.6289833554252542,0.6246544505651336,0.79334158446963
cluster,graph+center0+center_p1,2G7O,cluster_2G7O,2,68,0.7605988449328948,0.45302106398990133,0.7057902686021805
cluster,graph+center0+center_p1,2G7S,cluster_2G7S,1,190,0.6269130088480791,0.6009753059355147,0.7941087216399827
cluster,graph+center0+center_p1,2GKG,cluster_2GKG,5,122,0.6906930001384323,0.5461064389818193,0.748592633161039
cluster,graph+center0+center_p1,2GOM,cluster_2GOM,4,121,0.5856311598443481,0.44237944029698956,0.8171576120243874
cluster,graph+center0+center_p1,2GXG,cluster_2GXG,1,140,0.7032630955350323,0.6776286801282638,0.7308155279598961
cluster,graph+center0+center_p1,2GZQ,cluster_2GZQ,5,191,0.4188935208723384,0.3682671010371003,0.9286876957166224
cluster,graph+center0+center_p1,2HQK,cluster_2HQK,1,213,0.7916680563291753,0.7427475795080987,0.6774565228521556
cluster,graph+center0+center_p1,2HYK,cluster_2HYK,1,237,0.6007765686441666,0.5766590245354141,0.8019072769943227
cluster,graph+center0+center_p1,2I24,cluster_2I24,4,113,0.5085592425997225,0.47658634786813453,0.8629348656434772
cluster,graph+center0+center_p1,2I49,cluster_2I49,3,398,0.6796737105063763,0.6887164623201163,0.7472123577887156
cluster,graph+center0+center_p1,2IBL,cluster_2IBL,2,108,0.6471971439911209,0.6611251765925616,0.8737510196877473
cluster,graph+center0+center_p1,2IGD,cluster_2IGD,1,61,0.521604997746712,0.5273010922280171,0.8564015866458966
cluster,graph+center0+center_p1,2IMF,cluster_2IMF,3,203,0.6497601414455676,0.6295918407650203,0.764983102255465
cluster,graph+center0+center_p1,2IP6,cluster_2IP6,5,87,0.6408551241838519,0.4231414147639941,0.7733372601670413
cluster,graph+center0+center_p1,2IVY,cluster_2IVY,3,88,0.48900882943586016,0.4111392405421942,0.8788741541164756
cluster,graph+center0+center_p1,2J32,cluster_2J32,4,244,0.8137739754974568,0.7129179893686959,0.5996512624572461
cluster,graph+center0+center_p1,2J9W,cluster_2J9W,1,200,0.6924387982511467,0.6699932723016593,0.7398542776338887
cluster,graph+center0+center_p1,2JKU,cluster_2JKU,1,35,0.5557756504517266,0.21528118268354815,0.9578080906569957
cluster,graph+center0+center_p1,2JLI,cluster_2JLI,4,100,0.6213842627459203,0.500586571085494,0.7846320336450386
cluster,graph+center0+center_p1,2JLJ,cluster_2JLI,4,115,0.7559964280458704,0.632254450034933,0.6678654858373058
cluster,graph+center0+center_p1,2MCM,cluster_1NOA,4,112,0.7710138645718253,0.6970309800706398,0.6875862214323266
cluster,graph+center0+center_p1,2NLS,cluster_2NLS,2,36,0.46526201148288504,0.39021879021879025,0.8921101441686526
cluster,graph+center0+center_p1,2NR7,cluster_2NR7,4,194,0.8213410239718089,0.7289393905932818,0.6078343041256528
cluster,graph+center0+center_p1,2NUH,cluster_1KR4,3,104,0.6395449968471254,0.5603365039099695,0.7801956598540543
cluster,graph+center0+center_p1,2O6X,cluster_2O6X,2,306,0.7899000506457516,0.7916904781169937,0.6262735993956784
cluster,graph+center0+center_p1,2OA2,cluster_2OA2,4,132,0.4766451802841219,0.38093970908126656,0.8860468077416875
cluster,graph+center0+center_p1,2OCT,cluster_2OCT,4,192,0.542024073870766,0.5586029923687964,0.860272555428
cluster,graph+center0+center_p1,2OHW,cluster_2OHW,4,256,0.5939079248299656,0.6581022547397934,0.8141794067818305
cluster,graph+center0+center_p1,2OKT,cluster_2OKT,5,342,0.3871062847791307,0.3921155317122335,0.9564067326510735
cluster,graph+center0+center_p1,2OL9,cluster_2OL9,1,6,0.8737020090470359,0.7142857142857143,0.5342789931064791
cluster,graph+center0+center_p1,2OLX,cluster_2OLX,3,4,0.6998901246168521,0.7999999999999999,0.83914475749401
cluster,graph+center0+center_p1,2PKT,cluster_2PKT,1,91,0.009662691837009596,0.0646384048258754,1.1043377326214905
cluster,graph+center0+center_p1,2PLT,cluster_2PLT,2,98,0.4544523079754366,0.5067836376722401,0.8990727473053247
cluster,graph+center0+center_p1,2PMR,cluster_2PMR,4,76,0.6337939034083836,0.7532570507477723,0.7813303820895127
cluster,graph+center0+center_p1,2POF,cluster_2POF,4,440,0.6811840779427981,0.7121214255695778,0.7370867128186666
cluster,graph+center0+center_p1,2PPN,cluster_2PPN,5,107,0.6304223746100737,0.7292200383277552,0.7929812533053827
cluster,graph+center0+center_p1,2PSF,cluster_2PSF,4,608,0.51706654302599,0.476677785743159,0.8599933488240581
cluster,graph+center0+center_p1,2PTH,cluster_2PTH,3,193,0.7323079828177907,0.798552921895157,0.7030282457533327
cluster,graph+center0+center_p1,2Q4N,cluster_2Q4N,2,153,0.6585292991286954,0.5668948752910841,0.7627970004189563
cluster,graph+center0+center_p1,2Q52,cluster_1WBE,3,412,0.7565604587167059,0.7444917390970469,0.681124920548871
cluster,graph+center0+center_p1,2QJL,cluster_2QJL,5,99,0.5947303006356105,0.6642773876794629,0.8155963437332172
cluster,graph+center0+center_p1,2R16,cluster_2R16,1,175,0.5527354901034731,0.4347328599741951,0.8429576574639986
cluster,graph+center0+center_p1,2R6Q,cluster_2R6Q,3,138,0.5584227945821278,0.42852054632888437,0.8356947133283956
cluster,graph+center0+center_p1,2RB8,cluster_2RB8,4,93,0.6454245870071363,0.5351924591449462,0.7716757220285444
cluster,graph+center0+center_p1,2RE2,cluster_2RE2,2,238,0.6498159401981549,0.4680203525218875,0.7616572796105994
cluster,graph+center0+center_p1,2RFR,cluster_2RFR,2,154,0.6841877435125165,0.4620326004831724,0.7315674103733979
cluster,graph+center0+center_p1,2V9V,cluster_2V9V,1,135,0.5498579428149333,0.4715277626486149,0.8356585445443483
cluster,graph+center0+center_p1,2VE8,cluster_2VE8,1,515,0.7110266570346144,0.6238015809565561,0.7082094101200888
cluster,graph+center0+center_p1,2VH7,cluster_2VH7,5,94,0.7323624658386155,0.7310854551900758,0.7021306605731944
cluster,graph+center0+center_p1,2VIM,cluster_2VIM,5,104,0.3747847251835012,0.3849885974496509,0.9353160330057864
cluster,graph+center0+center_p1,2VPA,cluster_2VPA,2,204,0.7449307797714564,0.7608859437491037,0.7676703548945608
cluster,graph+center0+center_p1,2VQ4,cluster_2VQ4,4,106,0.703399726991423,0.771913472468558,0.7143044959775673
cluster,graph+center0+center_p1,2VY8,cluster_2VY8,5,149,0.7476011982461452,0.7710135727210772,0.6761165188680969
cluster,graph+center0+center_p1,2VYO,cluster_2C71,5,206,0.7019437783377845,0.7277671046488822,0.729474979822193
cluster,graph+center0+center_p1,2W1V,cluster_2W1V,5,548,0.6852790394785565,0.7534150529082431,0.745209854926438
cluster,graph+center0+center_p1,2W2A,cluster_2W2A,3,350,0.6520865753610366,0.6937906458611429,0.7603219137913251
cluster,graph+center0+center_p1,2W6A,cluster_2W6A,3,117,0.7635474448946429,0.4682065116765019,0.6572548571123914
cluster,graph+center0+center_p1,2WJ5,cluster_2WJ5,2,96,0.5299081294757271,0.5466131297888824,0.902367857065576
cluster,graph+center0+center_p1,2WUJ,cluster_2WUJ,1,100,0.4441709336916765,0.19907710217641444,0.9040291887643667
cluster,graph+center0+center_p1,2WW7,cluster_2WW7,3,150,0.4734390478760246,0.5320561029007388,0.9412432828821583
cluster,graph+center0+center_p1,2WWE,cluster_2WWE,4,111,0.5412964400485807,0.4810016060355578,0.8428762302186611
cluster,graph+center0+center_p1,2X1Q,cluster_2X1Q,5,240,0.45987811474847956,0.3915264938495648,0.9005155167446189
cluster,graph+center0+center_p1,2X25,cluster_2X25,2,168,0.6266854064584768,0.6949375282269716,0.7917552287634663
cluster,graph+center0+center_p1,2X3M,cluster_2X3M,3,166,0.7232893065723348,0.616404745124703,0.7253830813846182
cluster,graph+center0+center_p1,2X5Y,cluster_2X5Y,4,171,0.724443230574647,0.6995152572551003,0.7139777534566695
cluster,graph+center0+center_p1,2X9Z,cluster_2X9Z,5,262,0.5849090204924318,0.5937033970270914,0.8114670186067203
cluster,graph+center0+center_p1,2XHF,cluster_2XHF,5,310,0.5921736650556774,0.6396751487349359,0.806805383031275
cluster,graph+center0+center_p1,2Y0T,cluster_2Y0T,3,101,0.7726879813553028,0.7411449856370932,0.6459730666427453
cluster,graph+center0+center_p1,2Y72,cluster_2Y72,5,170,0.7329863472108887,0.6919575058779533,0.7041457213621548
cluster,graph+center0+center_p1,2Y7L,cluster_2Y7L,4,319,0.7241494518622513,0.6972213699305709,0.7044780477324385
cluster,graph+center0+center_p1,2Y9F,cluster_2Y9F,4,149,0.7652343068639228,0.8509913894088781,0.6459158865947466
cluster,graph+center0+center_p1,2YLB,cluster_2YLB,2,400,0.7460320025025947,0.7891667710846887,0.6700406572792583
cluster,graph+center0+center_p1,2YNY,cluster_2YNY,1,315,0.7195984238123072,0.7119389614816599,0.7281134813104198
cluster,graph+center0+center_p1,2ZCM,cluster_2ZCM,1,357,0.4383873767117325,0.36258286486136476,0.9003611727541199
cluster,graph+center0+center_p1,2ZU1,cluster_2ZU1,2,360,0.7060065400202113,0.7582708909503244,0.7127646101069208
cluster,graph+center0+center_p1,3A0M,cluster_3A0M,1,148,0.7480624886875256,0.5415617035449563,0.7086988141492627
cluster,graph+center0+center_p1,3A7L,cluster_3A7L,4,128,0.6939632211840925,0.5950460516948034,0.737831480101621
cluster,graph+center0+center_p1,3AMC,cluster_3AMC,2,614,0.7274393289557501,0.7772095835336305,0.7224101047555349
cluster,graph+center0+center_p1,3AUB,cluster_3AUB,1,116,0.6129245477165363,0.6783956883907039,0.7971501004074711
cluster,graph+center0+center_p1,3B5O,cluster_3B5O,1,230,0.6176182094313054,0.6065488520648601,0.788084512173573
cluster,graph+center0+center_p1,3BA1,cluster_3BA1,4,312,0.6510016903846146,0.569008325854098,0.759963316958088
cluster,graph+center0+center_p1,3BED,cluster_3BED,1,261,0.8109445749745292,0.820875906186433,0.6222969364127995
cluster,graph+center0+center_p1,3BQX,cluster_3BQX,4,139,0.45670045218533706,0.4694339217951919,0.9166557532766525
cluster,graph+center0+center_p1,3BZQ,cluster_3BZQ,3,99,0.5436069037531699,0.5454084440948088,0.8428254509013472
cluster,graph+center0+center_p1,3BZZ,cluster_3BZZ,5,100,0.4410374277965705,0.429087919732913,0.922958585551008
cluster,graph+center0+center_p1,3DRF,cluster_3DRF,4,547,0.5446557677396099,0.5499418783375473,0.8402616509578373
cluster,graph+center0+center_p1,3DWV,cluster_3DWV,2,325,0.6480510566477939,0.7190568831204073,0.7665983907162541
cluster,graph+center0+center_p1,3E5T,cluster_2HQK,1,228,0.5267668476990778,0.44277537060855227,0.8512832571421333
cluster,graph+center0+center_p1,3E7R,cluster_3E7R,4,40,0.7361004666901614,0.7798470781359964,0.7201652126537014
cluster,graph+center0+center_p1,3EUR,cluster_3EUR,3,140,0.4009668869206858,0.3818769448177215,0.9279183473376946
cluster,graph+center0+center_p1,3F2Z,cluster_3F2Z,3,149,0.7783809088561536,0.74500033578552,0.651330850525456
cluster,graph+center0+center_p1,3F7E,cluster_3F7E,3,254,0.748065991239253,0.8053146743210979,0.6721562589657345
cluster,graph+center0+center_p1,3FCN,cluster_3FCN,1,158,0.6228566592722043,0.5395144777551505,0.7853378487285068
cluster,graph+center0+center_p1,3FE7,cluster_3FE7,3,91,0.4879041840898463,0.5285140370742979,0.8733934769270021
cluster,graph+center0+center_p1,3FKE,cluster_3FKE,5,250,0.5159899720600885,0.5106886030682264,0.8639558759985501
cluster,graph+center0+center_p1,3FMY,cluster_3FMY,2,66,0.638498315476437,0.654976620049189,0.7747607526367706
cluster,graph+center0+center_p1,3FOD,cluster_3FOD,1,48,0.4372912496757759,0.5126743751785255,1.0296653720054127
cluster,graph+center0+center_p1,3FSO,cluster_3FSO,2,221,0.8008297585891688,0.5841306600505296,0.6263611134392274
cluster,graph+center0+center_p1,3FTD,cluster_3FTD,1,240,0.7120434814105983,0.6771108946754987,0.7202784298233839
cluster,graph+center0+center_p1,3FVA,cluster_3FVA,1,6,0.8405173698990706,0.8451542547285165,0.6169704029677738
cluster,graph+center0+center_p1,3G1S,cluster_3G1S,1,418,0.6388975789389311,0.6957241832135992,0.777664474753914
cluster,graph+center0+center_p1,3GBW,cluster_3GBW,4,161,0.7633035252228105,0.8441118050283013,0.6788160856886345
cluster,graph+center0+center_p1,3GHJ,cluster_3GHJ,5,116,0.5479141453162386,0.5025814115341466,0.8399310467379403
cluster,graph+center0+center_p1,3HFO,cluster_3HFO,4,197,0.6517563595583143,0.6672660057103733,0.7637716943985295
cluster,graph+center0+center_p1,3HHP,cluster_3HHP,5,1234,0.7582335163507032,0.8009970160093499,0.6719477231043904
cluster,graph+center0+center_p1,3HNY,cluster_3HNY,5,156,0.7189071808762728,0.7324289596040506,0.7030523859418734
cluster,graph+center0+center_p1,3HP4,cluster_3HP4,4,183,0.5354693280958351,0.45242490601742674,0.8494746427312413
cluster,graph+center0+center_p1,3HWU,cluster_3HWU,2,144,0.7453610503937155,0.7326892838418108,0.6725711964670438
cluster,graph+center0+center_p1,3HYD,cluster_3HYD,5,7,0.914670943308932,0.3214285714285715,0.5298736035694711
cluster,graph+center0+center_p1,3HZ8,cluster_3HZ8,2,192,0.49219439986724567,0.46886527935297023,0.8790000537182101
cluster,graph+center0+center_p1,3I2V,cluster_3I2V,3,124,0.4274082872213596,0.4286195349858941,0.9318895281023782
cluster,graph+center0+center_p1,3I2Z,cluster_3I2Z,5,138,0.5657180743553121,0.5781730715538611,0.8296903859808685
cluster,graph+center0+center_p1,3I4O,cluster_3I4O,1,135,0.7571182155050172,0.713357388549048,0.6579169329667386
cluster,graph+center0+center_p1,3I7M,cluster_3I7M,2,134,0.6392187578699507,0.5555289547217933,0.7717681163125321
cluster,graph+center0+center_p1,3IHS,cluster_1OPD,2,169,0.6039953763708615,0.49778229166238425,0.8032574792656824
cluster,graph+center0+center_p1,3IVV,cluster_3IVV,4,149,0.7802061399058337,0.7640018175783737,0.6373201341285639
cluster,graph+center0+center_p1,3K6Y,cluster_3K6Y,2,227,0.6081879227521985,0.6102625460600439,0.7975033345994365
cluster,graph+center0+center_p1,3KBE,cluster_3KBE,5,140,0.686700939362823,0.6719031198005098,0.7275009354309414
cluster,graph+center0+center_p1,3KGK,cluster_3KGK,2,190,0.7859408217373304,0.7649459618197758,0.6290655441981629
cluster,graph+center0+center_p1,3KZD,cluster_3KZD,3,85,0.6004031507277651,0.6534488995058845,0.8105845228756691
cluster,graph+center0+center_p1,3L41,cluster_2ETX,1,220,0.6943776562211883,0.6727491110270661,0.7223309966837961
cluster,graph+center0+center_p1,3LAA,cluster_3LAA,3,169,0.605558107791569,0.5136453677835603,0.8718574214533286
cluster,graph+center0+center_p1,3LAX,cluster_3LAX,3,106,0.7289655637591567,0.7160192157235155,0.6978200567228546
cluster,graph+center0+center_p1,3LG3,cluster_3LG3,4,833,0.60499005944632,0.6138593133320717,0.8261133164146738
cluster,graph+center0+center_p1,3LJI,cluster_3LJI,5,272,0.5957073367718553,0.5286248910041589,0.8039801587497268
cluster,graph+center0+center_p1,3M3P,cluster_3M3P,1,249,0.6250677520484182,0.650900673372783,0.7812305477826174
cluster,graph+center0+center_p1,3M8J,cluster_3M8J,1,178,0.6929063849418023,0.7473293025219212,0.7252087506656155
cluster,graph+center0+center_p1,3M9J,cluster_3M9J,3,210,0.5034542962321106,0.5207145254410975,0.8676257120964042
cluster,graph+center0+center_p1,3M9Q,cluster_3M9Q,2,176,0.46789883297972057,0.528631403684734,0.9269151774105575
cluster,graph+center0+center_p1,3MAB,cluster_1OPD,2,173,0.6484443958207331,0.5577113508346304,0.7616463312707401
cluster,graph+center0+center_p1,3MD4,cluster_3MD4,2,12,0.7413666324450754,0.8231186002975569,0.7714023518332161
cluster,graph+center0+center_p1,3MD5,cluster_3MD5,5,12,0.5449394859927906,0.6853146853146854,1.0039497681218348
cluster,graph+center0+center_p1,3MEA,cluster_3MEA,2,166,0.6515995325316168,0.7307798255551681,0.7739847226611468
cluster,graph+center0+center_p1,3MGN,cluster_3MGN,2,348,0.1720669017054544,0.24812114747684436,1.1985487219785447
cluster,graph+center0+center_p1,3MRE,cluster_3MRE,5,383,0.6639823279892965,0.739734675057861,0.7565426063633401
cluster,graph+center0+center_p1,3N11,cluster_3N11,1,325,0.552672021003457,0.6128031408517902,0.8394351410024019
cluster,graph+center0+center_p1,3NE0,cluster_3NE0,1,208,0.6931645139262298,0.710278136773818,0.7296393934599239
cluster,graph+center0+center_p1,3NGG,cluster_3NGG,1,94,0.7336168578602117,0.615573569163695,0.7138651086199826
cluster,graph+center0+center_p1,3NPV,cluster_3NPV,5,495,0.5849617818234909,0.5580087429655449,0.8153541307210044
cluster,graph+center0+center_p1,3NVG,cluster_3NVG,2,6,0.6098341951336271,0.5428571428571429,0.8626470477132894
cluster,graph+center0+center_p1,3NZL,cluster_3NZL,5,73,0.5880692515867957,0.6016923667181671,0.811928328709585
cluster,graph+center0+center_p1,3O0P,cluster_3O0P,5,194,0.7273789964348557,0.7129827087478229,0.6877833816769015
cluster,graph+center0+center_p1,3O5P,cluster_3O5P,5,128,0.7274620924742834,0.6602870130405747,0.6946851316765614
cluster,graph+center0+center_p1,3OBQ,cluster_3OBQ,2,150,0.6332100466111346,0.38202434966195004,0.7760986722785024
cluster,graph+center0+center_p1,3OQY,cluster_3OQY,3,234,0.6519207785050354,0.6091575678276255,0.7695949496725049
cluster,graph+center0+center_p1,3P6J,cluster_3P6J,3,125,0.7895589816877931,0.7693657104029127,0.6294975174273466
cluster,graph+center0+center_p1,3PD7,cluster_3PD7,5,188,0.7026602018910262,0.7632169709370419,0.7175221286728756
cluster,graph+center0+center_p1,3PES,cluster_3PES,3,165,0.6131776615738131,0.5836708306923062,0.8081842348214706
cluster,graph+center0+center_p1,3PID,cluster_3PID,4,387,0.5279071212591786,0.47805542594248485,0.858288645960399
cluster,graph+center0+center_p1,3PIW,cluster_3PIW,5,154,0.7523422344303557,0.7174250551757476,0.6850047023127225
cluster,graph+center0+center_p1,3PKV,cluster_3PKV,3,221,0.5631388875821371,0.6259539693373967,0.8268921439247147
cluster,graph+center0+center_p1,3PSM,cluster_3PSM,4,94,0.7963281730317069,0.8743904113965777,0.6311147176134572
cluster,graph+center0+center_p1,3PTL,cluster_3PTL,4,289,0.5190040958522941,0.623102901584883,0.8886171861226863
cluster,graph+center0+center_p1,3PVE,cluster_3PVE,1,347,0.6884447725115833,0.7133044750582052,0.7391735749866779
cluster,graph+center0+center_p1,3PZ9,cluster_3PZ9,4,357,0.6907612576407895,0.702167660180727,0.7315029743123665
cluster,graph+center0+center_p1,3PZZ,cluster_3PZZ,2,12,0.9575110557638471,0.8531468531468532,0.6312833553694265
cluster,graph+center0+center_p1,3Q2X,cluster_3Q2X,4,6,0.9232353879705154,0.8285714285714287,0.4178605721384974
cluster,graph+center0+center_p1,3Q6L,cluster_3Q6L,2,131,0.601572605986357,0.5722094846095426,0.8053901735588992
cluster,graph+center0+center_p1,3QDS,cluster_3QDS,1,284,0.7325222967938765,0.7325217888550735,0.7176247215253108
cluster,graph+center0+center_p1,3QPA,cluster_3QPA,5,197,0.4711394576902956,0.6998572803474984,0.9080805878951433
cluster,graph+center0+center_p1,3R6D,cluster_3R6D,4,221,0.6852503196877627,0.7561030791839708,0.7367395019214157
cluster,graph+center0+center_p1,3R87,cluster_3R87,5,132,0.41810480884431384,0.35025554197100467,0.9126145023908461
cluster,graph+center0+center_p1,3RQ9,cluster_3RQ9,1,162,0.5091478268188571,0.5939640366025193,0.9155439207663898
cluster,graph+center0+center_p1,3RY0,cluster_3RY0,1,128,0.5937047528507209,0.6162845759386091,0.8154000571254532
cluster,graph+center0+center_p1,3RZY,cluster_3Q6L,2,139,0.7213976195626199,0.6285199763241069,0.7101558623615171
cluster,graph+center0+center_p1,3S0A,cluster_3S0A,2,119,0.5348065610430107,0.539318041019523,0.8481794044462018
cluster,graph+center0+center_p1,3SD2,cluster_3SD2,1,86,0.435985099444421,0.5364838857911632,0.9076306858134615
cluster,graph+center0+center_p1,3SEB,cluster_3SEB,3,238,0.6297669207431618,0.758854705398203,0.7814472834373571
cluster,graph+center0+center_p1,3SED,cluster_3SED,2,124,0.6679964918481621,0.6466109096259114,0.776464345554294
cluster,graph+center0+center_p1,3SO6,cluster_3SO6,1,150,0.6874075532319984,0.6613727641236734,0.7368959680991322
cluster,graph+center0+center_p1,3SR3,cluster_3SR3,5,637,0.5702460286899051,0.5829400292279493,0.8287380466458804
cluster,graph+center0+center_p1,3SUK,cluster_3SUK,2,248,0.643062791698079,0.6519187751615486,0.7747099430471804
cluster,graph+center0+center_p1,3SZH,cluster_3SZH,2,697,0.7810866685285419,0.7716398825759999,0.6376313622026349
cluster,graph+center0+center_p1,3T0H,cluster_3T0H,5,208,0.7502332696499252,0.7987307425376495,0.6709675921201737
cluster,graph+center0+center_p1,3T3K,cluster_3T3K,3,122,0.7364739825456561,0.7933664998641946,0.6937108447400929
cluster,graph+center0+center_p1,3T47,cluster_3T47,4,141,0.5030592340060053,0.51065232517507,0.878305180561142
cluster,graph+center0+center_p1,3TDN,cluster_3TDN,3,357,0.48784456040819935,0.5029732394609471,0.8780718199679747
cluster,graph+center0+center_p1,3TOW,cluster_3TOW,1,152,0.5619049682495563,0.7025147540776616,0.8363704252009835
cluster,graph+center0+center_p1,3TUA,cluster_3TUA,2,210,0.6480615164156622,0.7854035710299225,0.7727165144902945
cluster,graph+center0+center_p1,3TYS,cluster_3TYS,3,75,0.7280725225094984,0.6751116677459833,0.756261019531497
cluster,graph+center0+center_p1,3U6G,cluster_3U6G,4,248,0.61464678601682,0.5973675820349966,0.7926943551788836
cluster,graph+center0+center_p1,3U97,cluster_3U97,5,77,0.7083474839412822,0.6843904042655028,0.7140892662537548
cluster,graph+center0+center_p1,3UCI,cluster_3UCI,3,72,0.5370276341038508,0.48221750594893575,0.874197779928169
cluster,graph+center0+center_p1,3UR8,cluster_3UR8,4,637,0.692076572577817,0.6507930645694999,0.7279276816895398
cluster,graph+center0+center_p1,3US6,cluster_3US6,5,148,0.633974159276518,0.522857089987862,0.7884368725689934
cluster,graph+center0+center_p1,3V1A,cluster_3V1A,5,48,0.3858979110508064,0.4596677912226806,0.9273672767047473
cluster,graph+center0+center_p1,3V75,cluster_3V75,2,285,0.5640186173004678,0.5207559425299128,0.8315417452664678
cluster,graph+center0+center_p1,3VN0,cluster_3VN0,1,193,0.8202778270572078,0.6412386209001543,0.6353504348011879
cluster,graph+center0+center_p1,3VOR,cluster_3VOR,5,182,0.5648335216986207,0.567795412507103,0.8412418095568847
cluster,graph+center0+center_p1,3VUB,cluster_3VUB,3,101,0.6000506193921396,0.6207258050530731,0.8113918104560511
cluster,graph+center0+center_p1,3VVV,cluster_3VVV,1,108,0.6996744990093863,0.5677042273715509,0.7424986231564106
cluster,graph+center0+center_p1,3VZ9,cluster_3VZ9,5,163,0.7405368687679392,0.7228518205629845,0.6803303511523503
cluster,graph+center0+center_p1,3W4Q,cluster_1ES5,3,773,0.7106888056291004,0.7278544276376306,0.7262399210879705
cluster,graph+center0+center_p1,3ZBD,cluster_3ZBD,1,213,0.5363603518912902,0.44441650383714554,0.8510127377863028
cluster,graph+center0+center_p1,3ZIT,cluster_3ZIT,3,152,0.40639324809211524,0.4264399464562755,0.9274046456960376
cluster,graph+center0+center_p1,3ZRX,cluster_3ZRX,3,221,0.5591489238536592,0.5613972087384208,0.8292452283000019
cluster,graph+center0+center_p1,3ZSL,cluster_3ZSL,2,138,0.7012031921940116,0.5819515208687354,0.7304001237152111
cluster,graph+center0+center_p1,3ZZP,cluster_3ZZP,2,74,0.5010438717383523,0.5191229721304291,0.8657884305423036
cluster,graph+center0+center_p1,3ZZY,cluster_3ZZY,3,226,0.7253192658890776,0.6174454990612489,0.6925160557682561
cluster,graph+center0+center_p1,4A02,cluster_4A02,2,166,0.503492203018539,0.6427287800593111,0.8732331882860964
cluster,graph+center0+center_p1,4ACJ,cluster_4ACJ,1,167,0.7444797304359857,0.803457376675728,0.7010897263056778
cluster,graph+center0+center_p1,4AE7,cluster_4AE7,3,186,0.7654253357143231,0.7099368822020793,0.65030645511893
cluster,graph+center0+center_p1,4AM1,cluster_4AM1,4,345,0.5944787608733789,0.6125840698967844,0.8044548051129714
cluster,graph+center0+center_p1,4ANN,cluster_4ANN,3,176,0.5659170952031368,0.5841246187181307,0.829089782191799
cluster,graph+center0+center_p1,4AVR,cluster_4AVR,1,188,0.6269439597037,0.729110190861408,0.808309504051733
cluster,graph+center0+center_p1,4AXY,cluster_4AXY,4,54,0.6832779684796448,0.595944194989641,0.7302103174642361
cluster,graph+center0+center_p1,4B6G,cluster_4B6G,3,558,0.7432255156858321,0.7419745038032178,0.6904554274715548
cluster,graph+center0+center_p1,4B9G,cluster_4B9G,5,292,0.7981271596921904,0.7887009121749461,0.6275732219795171
cluster,graph+center0+center_p1,4DD5,cluster_4DD5,1,387,0.6139974433420998,0.6686239519181562,0.798301191973107
cluster,graph+center0+center_p1,4DKN,cluster_4DKN,3,423,0.7117978878230281,0.7335463893566222,0.7332583772404686
cluster,graph+center0+center_p1,4DND,cluster_4DND,3,95,0.7591781259479962,0.6714959108940574,0.6627981042100884
cluster,graph+center0+center_p1,4DPZ,cluster_4DPZ,1,109,0.7311963989564416,0.6605766446630372,0.6930447047863647
cluster,graph+center0+center_p1,4DQ7,cluster_4DQ7,3,328,0.7180653887354378,0.7376733726230961,0.7061639845421145
cluster,graph+center0+center_p1,4DT4,cluster_4DT4,4,160,0.7390207379849633,0.7280226300172521,0.7364661546368737
cluster,graph+center0+center_p1,4EK3,cluster_4EK3,3,287,0.6757945338109294,0.69924499727067,0.7442868685315589
cluster,graph+center0+center_p1,4ERY,cluster_4ERY,2,318,0.7084170562457652,0.762564569990452,0.7275583550025816
cluster,graph+center0+center_p1,4ES1,cluster_4ES1,1,95,0.6858920199711732,0.6731267915217437,0.7701024205736114
cluster,graph+center0+center_p1,4EUG,cluster_4EUG,1,225,0.5818993076837932,0.6382601696650422,0.8139551299435337
cluster,graph+center0+center_p1,4F01,cluster_4F01,3,448,0.35445135388952353,0.5323603063779155,0.9848621947299977
cluster,graph+center0+center_p1,4F3J,cluster_4F3J,3,143,0.5931756833587284,0.5331193840899469,0.8089624869828498
cluster,graph+center0+center_p1,4FR9,cluster_4FR9,2,141,0.6203879070316063,0.6263870575772863,0.789880239489507
cluster,graph+center0+center_p1,4G14,cluster_4G14,1,15,0.606119415171506,0.6071428571428571,0.8662103348186143
cluster,graph+center0+center_p1,4G2E,cluster_4G2E,4,151,0.730911409692145,0.7889657552454171,0.6879152819416939
cluster,graph+center0+center_p1,4G5X,cluster_4G5X,1,550,0.7398851033910816,0.7401400435651562,0.6891033659278027
cluster,graph+center0+center_p1,4G6C,cluster_4G6C,3,658,0.5849288617567684,0.5560150885602198,0.8194396943725757
cluster,graph+center0+center_p1,4G7X,cluster_4G7X,3,194,0.6209400220075705,0.566309996303436,0.7974611375723544
cluster,graph+center0+center_p1,4GA2,cluster_4GA2,5,144,0.5091042356056479,0.527811380967935,0.86210435442667
cluster,graph+center0+center_p1,4GMQ,cluster_4GMQ,5,92,0.5927697440391202,0.5983385478476642,0.8078775249630501
cluster,graph+center0+center_p1,4GS3,cluster_4GS3,3,90,0.4746737030450469,0.6343824470473332,0.9477736899838302
cluster,graph+center0+center_p1,4H4J,cluster_4H4J,4,236,0.8095886732098645,0.8260428958655841,0.61935941445413
cluster,graph+center0+center_p1,4H89,cluster_4H89,4,168,0.6189875679379454,0.5838951355981082,0.7870868653498619
cluster,graph+center0+center_p1,4HDE,cluster_4HDE,5,168,0.7471717716853957,0.7951282754470248,0.6865345725161862
cluster,graph+center0+center_p1,4HJP,cluster_4HJP,4,281,0.684054412121111,0.7792789406490228,0.7384086272167734
cluster,graph+center0+center_p1,4HWM,cluster_4HWM,4,117,0.5946282098856083,0.5832328015929107,0.8151894749913238
cluster,graph+center0+center_p1,4IL7,cluster_4IL7,2,85,0.3848783655270925,0.3289948113779437,0.9402560840349508
cluster,graph+center0+center_p1,4J11,cluster_4J11,5,357,0.6106457591742344,0.4987024488988192,0.8052636841495328
cluster,graph+center0+center_p1,4J5O,cluster_4J5O,2,220,0.7425964048590125,0.6418852041352745,0.6798911933240054
cluster,graph+center0+center_p1,4J5Q,cluster_2FG1,1,146,0.7340321324977289,0.7724231674287892,0.6981431324167282
cluster,graph+center0+center_p1,4J78,cluster_4J78,3,305,0.6162312948770335,0.7570891153344821,0.7895482299590035
cluster,graph+center0+center_p1,4JG2,cluster_4JG2,2,185,0.7727699577761001,0.812461590066361,0.6766509126597583
cluster,graph+center0+center_p1,4JVU,cluster_4JVU,4,207,0.7170843768053502,0.8085662100523223,0.7067096795576032
cluster,graph+center0+center_p1,4JYP,cluster_4JYP,2,534,0.6472884881999227,0.7039102753110063,0.7667341711031156
cluster,graph+center0+center_p1,4KEF,cluster_4KEF,3,133,0.4927122049838427,0.43375021202731573,0.8848219647222639
cluster,graph+center0+center_p1,5CYT,cluster_1CCR,5,103,0.3392489234059255,0.29357092847057914,0.9428081049451589
cluster,graph+center0+center_p1,6RXN,cluster_6RXN,1,45,0.5425613821675127,0.5545454545454545,0.8697333927592577
cluster,graph+center0+center_upper1,1ABA,cluster_1ABA,4,87,0.6415287380265109,0.7169727070056667,0.7721940939665076
cluster,graph+center0+center_upper1,1AHO,cluster_1AHO,3,64,0.6294332309055226,0.7301594570013286,0.7803763360136411
cluster,graph+center0+center_upper1,1AIE,cluster_1AIE,4,31,0.669543323004249,0.40403225806451615,0.758916288678869
cluster,graph+center0+center_upper1,1AKG,cluster_1AKG,2,16,0.4519128728312156,0.6460634567315231,0.9138553032014294
cluster,graph+center0+center_upper1,1ATG,cluster_1ATG,5,231,0.527907179791178,0.5807469122907668,0.8557514348292005
cluster,graph+center0+center_upper1,1BGF,cluster_1BGF,2,124,0.598040924688894,0.4078125172357875,0.8043642767600961
cluster,graph+center0+center_upper1,1BX7,cluster_1BX7,2,51,0.5917412921853558,0.2564705882352941,0.8737975256756568
cluster,graph+center0+center_upper1,1BYI,cluster_1BYI,5,224,0.5411001292447843,0.5983267451959869,0.8470047621662006
cluster,graph+center0+center_upper1,1CCR,cluster_1CCR,5,111,0.5246797647230408,0.5512178964874465,0.8517516755789624
cluster,graph+center0+center_upper1,1CYO,cluster_1CYO,2,88,0.6511947443351499,0.5578763838122822,0.7706321995264042
cluster,graph+center0+center_upper1,1DF4,cluster_1DF4,5,57,0.9204744623061027,0.7737231008555874,0.5508322361898174
cluster,graph+center0+center_upper1,1E5K,cluster_1E5K,3,188,0.7555959039297301,0.7485003282513043,0.6664650002704123
cluster,graph+center0+center_upper1,1ES5,cluster_1ES5,3,260,0.6306692661539698,0.7173990225746731,0.782456468519176
cluster,graph+center0+center_upper1,1ETL,cluster_1ETL,3,12,0.7791505153524546,0.7583581366868536,0.7543021680318193
cluster,graph+center0+center_upper1,1ETM,cluster_1ETM,1,12,0.716301611229543,0.4798688889979563,0.779368739548871
cluster,graph+center0+center_upper1,1ETN,cluster_1ETN,4,12,-0.09555713004310022,0.14782809899727067,1.1609432741117172
cluster,graph+center0+center_upper1,1EW4,cluster_1EW4,2,106,0.6161790847851228,0.650833077353664,0.7897589641591657
cluster,graph+center0+center_upper1,1F8R,cluster_1F8R,3,1932,0.781928952879671,0.76028081713711,0.6750312716078847
cluster,graph+center0+center_upper1,1FF4,cluster_1FF4,4,65,0.6395279825950236,0.5880309007223923,0.774206462856615
cluster,graph+center0+center_upper1,1FK5,cluster_1FK5,2,93,0.5627721430426442,0.5232668743450153,0.829868035255795
cluster,graph+center0+center_upper1,1GCO,cluster_1GCO,4,1044,0.6559614466814534,0.6229605265463786,0.7610272126292282
cluster,graph+center0+center_upper1,1GK7,cluster_1GK7,3,39,0.8001806010244054,0.5676400634831767,0.6361591981762102
cluster,graph+center0+center_upper1,1GVD,cluster_1GVD,3,52,0.7128458686291033,0.6052805704565458,0.7246140332258129
cluster,graph+center0+center_upper1,1GXU,cluster_1GXU,1,88,0.6462333734370532,0.6317842598239626,0.7798307566657242
cluster,graph+center0+center_upper1,1H6V,cluster_1H6V,2,2927,0.4960803015111365,0.5602620279833495,0.8802184197518776
cluster,graph+center0+center_upper1,1HJE,cluster_1HJE,4,13,0.6948841383097722,0.6263736263736264,0.8207921349538316
cluster,graph+center0+center_upper1,1I71,cluster_1I71,3,83,0.558020296619649,0.5875493940288931,0.830702219927475
cluster,graph+center0+center_upper1,1IDP,cluster_1IDP,2,441,0.7573308358317692,0.8748924218392317,0.6708967710432865
cluster,graph+center0+center_upper1,1IFR,cluster_1IFR,3,113,0.6619138547875216,0.7279290369059424,0.7759149279850655
cluster,graph+center0+center_upper1,1K8U,cluster_1K8U,2,89,0.47861475342576026,0.3571006005335396,0.9016014042877887
cluster,graph+center0+center_upper1,1KMM,cluster_1KMM,4,1499,0.7197231421859763,0.7456018765170356,0.7030619647974223
cluster,graph+center0+center_upper1,1KNG,cluster_1KNG,1,144,0.5238230185807164,0.48915575008374235,0.8573258971904545
cluster,graph+center0+center_upper1,1KR4,cluster_1KR4,3,110,0.6187835314701138,0.5671424450052562,0.7897042575669952
cluster,graph+center0+center_upper1,1KYC,cluster_1KYC,5,15,0.7804051463797262,0.7999999999999999,0.7167534192864398
cluster,graph+center0+center_upper1,1LR7,cluster_1LR7,1,73,0.6176613994794045,0.7081691053609506,0.8055859004794313
cluster,graph+center0+center_upper1,1MF7,cluster_1MF7,2,194,0.6890430337797495,0.7721849107375739,0.749972709378752
cluster,graph+center0+center_upper1,1N7E,cluster_1N7E,5,95,0.5385884051845804,0.6671962541967714,0.8434659418858016
cluster,graph+center0+center_upper1,1NKD,cluster_1NKD,1,59,0.6779840375731416,0.7260798422595849,0.7958676071005601
cluster,graph+center0+center_upper1,1NKO,cluster_1NKO,1,122,0.4893159253175216,0.7115956228959839,0.8942455448426389
cluster,graph+center0+center_upper1,1NLS,cluster_1NLS,5,237,0.5239706393487964,0.7340421384511041,0.859255091739371
cluster,graph+center0+center_upper1,1NNX,cluster_1NNX,2,93,0.778131356873363,0.8131182764516516,0.6398142628056863
cluster,graph+center0+center_upper1,1NOA,cluster_1NOA,4,113,0.5555959979016774,0.5128066505986281,0.832745767537564
cluster,graph+center0+center_upper1,1NOT,cluster_1NOT,3,13,0.6158964385443618,0.6978021978021978,0.879175384662035
cluster,graph+center0+center_upper1,1O06,cluster_1O06,1,20,0.9352879815248176,0.724812030075188,0.3998269888950371
cluster,graph+center0+center_upper1,1O08,cluster_1O08,5,221,0.33934782058638774,0.6100802568931156,0.967408629928753
cluster,graph+center0+center_upper1,1OB4,cluster_1OB4,1,16,0.49280695455926804,0.4705882352941176,0.921055418426611
cluster,graph+center0+center_upper1,1OB7,cluster_1OB7,4,16,0.5915352869156651,0.8344373119972063,0.8346573985978187
cluster,graph+center0+center_upper1,1OPD,cluster_1OPD,2,85,0.4358891120830673,0.4526111618734978,0.9032487666005821
cluster,graph+center0+center_upper1,1P9I,cluster_1P9I,2,29,0.6980264731476646,0.49655172413793097,0.7237756307640575
cluster,graph+center0+center_upper1,1PEF,cluster_1PEF,5,18,0.857302093173527,0.8245614035087718,0.5848687155744485
cluster,graph+center0+center_upper1,1PEN,cluster_1PEN,5,16,0.4925791992672505,0.4930096993281554,0.9068716310035173
cluster,graph+center0+center_upper1,1PMY,cluster_1PMY,4,123,0.666960907487858,0.5809842578202992,0.7697391687642162
cluster,graph+center0+center_upper1,1PZ4,cluster_1PZ4,2,113,0.7012180555259168,0.680666135779931,0.7307415642531659
cluster,graph+center0+center_upper1,1Q9B,cluster_1Q9B,2,43,0.769444320176437,0.7618544246451223,0.6647262167377537
cluster,graph+center0+center_upper1,1QAU,cluster_1QAU,3,112,0.6581452743109718,0.6394071733600724,0.7633699458584612
cluster,graph+center0+center_upper1,1QKI,cluster_1QKI,1,3912,0.5659406938808133,0.6474536579116984,0.8560533008106912
cluster,graph+center0+center_upper1,1QTO,cluster_1QTO,2,122,0.5889913882937883,0.6080728306159695,0.8101967374620369
cluster,graph+center0+center_upper1,1R29,cluster_1R29,5,122,0.6180037507565052,0.577370517684683,0.7911840325284787
cluster,graph+center0+center_upper1,1R7J,cluster_1R7J,1,90,0.7713938740514827,0.6288287250920092,0.6622221866645336
cluster,graph+center0+center_upper1,1RJU,cluster_1RJU,4,36,0.3965947193819862,0.23655083655083659,0.9418763229823357
cluster,graph+center0+center_upper1,1RRO,cluster_1RRO,5,108,0.32483303809395686,0.24036393528331357,0.9536285271617561
cluster,graph+center0+center_upper1,1SAU,cluster_1SAU,1,114,0.6344877738720827,0.6453908466288972,0.787058077410594
cluster,graph+center0+center_upper1,1TGR,cluster_1TGR,1,104,0.7157946811433512,0.6579642961186004,0.7155668160367529
cluster,graph+center0+center_upper1,1TZV,cluster_1TZV,4,141,0.8062896777170473,0.7635979121595612,0.6216348299404532
cluster,graph+center0+center_upper1,1U06,cluster_1U06,2,55,0.46786901099133127,0.31862046578895026,0.8861930223048736
cluster,graph+center0+center_upper1,1U7I,cluster_1U7I,3,267,0.7455401463089525,0.7900491251840714,0.6809377116228419
cluster,graph+center0+center_upper1,1U9C,cluster_1U9C,1,221,0.576357982242925,0.41517948468010785,0.8270638622037286
cluster,graph+center0+center_upper1,1UHA,cluster_1UHA,1,82,0.6244881391066284,0.6877523701277858,0.7818903877863945
cluster,graph+center0+center_upper1,1UKU,cluster_1KR4,3,102,0.6789858482204219,0.5363302233616982,0.742967539870811
cluster,graph+center0+center_upper1,1ULR,cluster_1ULR,4,87,0.5621376122121851,0.6206890267542415,0.8387275098336732
cluster,graph+center0+center_upper1,1UOY,cluster_1UOY,5,64,0.6723234722948829,0.6127817397578642,0.7602576274400049
cluster,graph+center0+center_upper1,1USE,cluster_1USE,3,40,0.13537475241286875,0.039399624765478425,1.1489662214123169
cluster,graph+center0+center_upper1,1USM,cluster_1USM,5,77,0.8316807915960641,0.7189568258004393,0.5973135110328952
cluster,graph+center0+center_upper1,1UTG,cluster_1UTG,4,70,0.603703524459205,0.5308068481250103,0.8161240372874672
cluster,graph+center0+center_upper1,1V05,cluster_1V05,4,96,0.5950408825998579,0.5537649724461253,0.8141830830593734
cluster,graph+center0+center_upper1,1V70,cluster_1V70,4,105,0.5549751996920724,0.6202181261570824,0.8326290215155805
cluster,graph+center0+center_upper1,1VRZ,cluster_1VRZ,3,21,0.7783684383762879,0.779077487401963,0.7680998181927263
cluster,graph+center0+center_upper1,1W2L,cluster_1W2L,4,97,0.5670543139856938,0.3949176501614008,0.8272618920070757
cluster,graph+center0+center_upper1,1WBE,cluster_1WBE,3,204,0.570520597348988,0.6265752869055397,0.8223973694505794
cluster,graph+center0+center_upper1,1WHI,cluster_1WHI,1,122,0.5259113244987644,0.6279349878817178,0.8539545587623235
cluster,graph+center0+center_upper1,1WLY,cluster_1WLY,5,322,0.688377923782492,0.7221055457942127,0.7341971165541805
cluster,graph+center0+center_upper1,1WPA,cluster_1WPA,2,107,0.5871657442210749,0.3423992241389011,0.8180560419743244
cluster,graph+center0+center_upper1,1X3O,cluster_1X3O,3,80,0.49887938174439045,0.5462994977795272,0.8673874023491043
cluster,graph+center0+center_upper1,1XY1,cluster_1XY1,3,16,0.6260129591274866,0.5860335893765465,1.1469659402896983
cluster,graph+center0+center_upper1,1XY2,cluster_1XY2,3,8,0.5348621478144918,0.424312564347763,0.8904156488632105
cluster,graph+center0+center_upper1,1Y6X,cluster_1Y6X,5,87,0.4940837421638829,0.5407092508861392,0.8818626524949752
cluster,graph+center0+center_upper1,1YJO,cluster_1YJO,5,6,0.26723779297290207,0.2571428571428572,1.1002952058858115
cluster,graph+center0+center_upper1,1YZM,cluster_1YZM,5,46,0.78412165718683,0.6948316283105281,0.7103010667612116
cluster,graph+center0+center_upper1,1Z21,cluster_1Z21,3,96,0.6281580059474265,0.662771257202543,0.7821013378335827
cluster,graph+center0+center_upper1,1ZCE,cluster_1ZCE,2,146,0.758108423165113,0.7983573054009194,0.6895112817516053
cluster,graph+center0+center_upper1,1ZVA,cluster_1ZVA,1,75,0.5559283559678563,0.5074684200772758,0.8321414453058595
cluster,graph+center0+center_upper1,2A50,cluster_2A50,4,457,0.5582517070175615,0.6202437873984326,0.840471494713465
cluster,graph+center0+center_upper1,2AGK,cluster_2AGK,2,233,0.6699606819995784,0.7126403523083129,0.749494554856879
cluster,graph+center0+center_upper1,2AH1,cluster_2AH1,5,939,0.5460905035564081,0.5685420301874601,0.8557101908235355
cluster,graph+center0+center_upper1,2B0A,cluster_2B0A,4,186,0.6036117873442112,0.6287161718031014,0.8073458733625489
cluster,graph+center0+center_upper1,2BCM,cluster_2BCM,4,413,0.5678707408612088,0.5079302753971991,0.8235608672938447
cluster,graph+center0+center_upper1,2BF9,cluster_2BF9,5,36,0.5699248983080535,0.4808546248453896,0.8641500454294028
cluster,graph+center0+center_upper1,2BRF,cluster_2BRF,4,100,0.7604008112232811,0.7069801497585526,0.7034018143292496
cluster,graph+center0+center_upper1,2C71,cluster_2C71,5,205,0.629138764960242,0.6726565680722422,0.8117636811536765
cluster,graph+center0+center_upper1,2CE0,cluster_2CE0,2,99,0.5922892332333042,0.5705751208072727,0.8061934719776466
cluster,graph+center0+center_upper1,2CG7,cluster_2CG7,5,90,0.5182509461282855,0.4958430056993404,0.8625823262979505
cluster,graph+center0+center_upper1,2COV,cluster_2COV,3,534,0.7768904517803532,0.7359426972346147,0.6487461160007274
cluster,graph+center0+center_upper1,2CWS,cluster_2CWS,4,227,0.6716431348468804,0.7074541032687808,0.7542748185269789
cluster,graph+center0+center_upper1,2D5W,cluster_2D5W,5,1214,0.7088430765196387,0.6845749692064373,0.7259434525840286
cluster,graph+center0+center_upper1,2DKO,cluster_2DKO,2,253,0.7901416652533688,0.6844566613752519,0.617449416562149
cluster,graph+center0+center_upper1,2DPL,cluster_2DPL,5,565,0.4778203734401483,0.5297334699707852,0.8886760626116176
cluster,graph+center0+center_upper1,2DSX,cluster_2DSX,4,52,0.3752551020720639,0.23812674812424714,0.9274715396443094
cluster,graph+center0+center_upper1,2E10,cluster_2E10,5,439,0.7685346504844538,0.7974675056523253,0.6490309351260443
cluster,graph+center0+center_upper1,2E3H,cluster_2E3H,4,81,0.6956986592111883,0.6958681982831438,0.7197433861323339
cluster,graph+center0+center_upper1,2EAQ,cluster_2EAQ,4,89,0.6641320239087516,0.46417003966210835,0.7624341882491101
cluster,graph+center0+center_upper1,2EHP,cluster_2EHP,3,248,0.7656958491990459,0.7897934453403291,0.6609911544004796
cluster,graph+center0+center_upper1,2EHS,cluster_1X3O,3,75,0.6961049715998794,0.696069645442336,0.7508201323214436
cluster,graph+center0+center_upper1,2ERW,cluster_2ERW,3,53,0.3272226820229781,0.14671908100614586,0.9960967813843707
cluster,graph+center0+center_upper1,2ETX,cluster_2ETX,1,389,0.5360464699994348,0.5580105803356018,0.8540331579129845
cluster,graph+center0+center_upper1,2FB6,cluster_2FB6,5,116,0.7837315612432464,0.6793966646914024,0.68790482857403
cluster,graph+center0+center_upper1,2FG1,cluster_2FG1,1,157,0.612206788314975,0.5356636450102611,0.7928179868278615
cluster,graph+center0+center_upper1,2FN9,cluster_2FN9,2,560,0.5802584400607589,0.5633584623481412,0.8177298450574749
cluster,graph+center0+center_upper1,2FQ3,cluster_2FQ3,2,85,0.6884005646494666,0.7000586281024037,0.7562482271125788
cluster,graph+center0+center_upper1,2G69,cluster_2G69,1,99,0.6196513536016602,0.6354399223369649,0.8084891251438975
cluster,graph+center0+center_upper1,2G7O,cluster_2G7O,2,68,0.7697954150454096,0.43246390186311595,0.688001203128343
cluster,graph+center0+center_upper1,2G7S,cluster_2G7S,1,190,0.6285744851901213,0.6050579615600359,0.7939870575468351
cluster,graph+center0+center_upper1,2GKG,cluster_2GKG,5,122,0.6903083656138537,0.5477454852951135,0.7481588149783482
cluster,graph+center0+center_upper1,2GOM,cluster_2GOM,4,121,0.5900316399131939,0.4515042974038835,0.813447758799727
cluster,graph+center0+center_upper1,2GXG,cluster_2GXG,1,140,0.7145448756351721,0.6935632885368771,0.7215295658289308
cluster,graph+center0+center_upper1,2GZQ,cluster_2GZQ,5,191,0.4207378453669086,0.3607532226478794,0.9297280993015834
cluster,graph+center0+center_upper1,2HQK,cluster_2HQK,1,213,0.7912233860533857,0.7377020934514066,0.6851242187027471
cluster,graph+center0+center_upper1,2HYK,cluster_2HYK,1,237,0.5934870946127284,0.5701959411628846,0.8072083804416015
cluster,graph+center0+center_upper1,2I24,cluster_2I24,4,113,0.5183584678359083,0.4685433632279809,0.8568495116151748
cluster,graph+center0+center_upper1,2I49,cluster_2I49,3,398,0.6798324608157024,0.6876414041595567,0.7477528613118931
cluster,graph+center0+center_upper1,2IBL,cluster_2IBL,2,108,0.6487782556441405,0.6632925502360228,0.8712169703987471
cluster,graph+center0+center_upper1,2IGD,cluster_2IGD,1,61,0.5297269218130827,0.544382453454539,0.8517236210976132
cluster,graph+center0+center_upper1,2IMF,cluster_2IMF,3,203,0.648444526533264,0.6230992215288998,0.7647079843152964
cluster,graph+center0+center_upper1,2IP6,cluster_2IP6,5,87,0.6212116153792479,0.40626423904536907,0.7883010273120061
cluster,graph+center0+center_upper1,2IVY,cluster_2IVY,3,88,0.49851588699756283,0.4278525041650061,0.87489458059161
cluster,graph+center0+center_upper1,2J32,cluster_2J32,4,244,0.8084167291609232,0.710594222950507,0.6060999224974966
cluster,graph+center0+center_upper1,2J9W,cluster_2J9W,1,200,0.6838988878736657,0.6694465049417833,0.7429208056253348
cluster,graph+center0+center_upper1,2JKU,cluster_2JKU,1,35,0.5012042807689101,0.26276349948883304,0.9538145600982544
cluster,graph+center0+center_upper1,2JLI,cluster_2JLI,4,100,0.6023454179596256,0.5170105583915799,0.7999921005570755
cluster,graph+center0+center_upper1,2JLJ,cluster_2JLI,4,115,0.7615087576236653,0.6271529829187876,0.6645665573339391
cluster,graph+center0+center_upper1,2MCM,cluster_1NOA,4,112,0.7789544757146554,0.7216663926224779,0.682985169625322
cluster,graph+center0+center_upper1,2NLS,cluster_2NLS,2,36,0.3970461808472455,0.33564993564993567,0.9188601873596494
cluster,graph+center0+center_upper1,2NR7,cluster_2NR7,4,194,0.8193269580028684,0.7293437109037296,0.6111617797238683
cluster,graph+center0+center_upper1,2NUH,cluster_1KR4,3,104,0.6324405476218319,0.5545004988520624,0.7842101964228093
cluster,graph+center0+center_upper1,2O6X,cluster_2O6X,2,306,0.7959835452517912,0.8004209102411068,0.6194699048969843
cluster,graph+center0+center_upper1,2OA2,cluster_2OA2,4,132,0.47119160473459637,0.38584188088235205,0.8901874952847614
cluster,graph+center0+center_upper1,2OCT,cluster_2OCT,4,192,0.5435696787698441,0.5582435506225094,0.862189230286102
cluster,graph+center0+center_upper1,2OHW,cluster_2OHW,4,256,0.5826696798028639,0.6522456189327914,0.8235096195794086
cluster,graph+center0+center_upper1,2OKT,cluster_2OKT,5,342,0.3888299171767225,0.39143605340457743,0.9565276181706192
cluster,graph+center0+center_upper1,2OL9,cluster_2OL9,1,6,0.8646633433442,0.7142857142857143,0.5390467197556146
cluster,graph+center0+center_upper1,2OLX,cluster_2OLX,3,4,0.7265608406926799,0.6000000000000001,0.8609202039751344
cluster,graph+center0+center_upper1,2PKT,cluster_2PKT,1,91,0.006208658417179286,0.06092748987591138,1.1008406113199747
cluster,graph+center0+center_upper1,2PLT,cluster_2PLT,2,98,0.4576555868032305,0.5169590941653572,0.8978796250788535
cluster,graph+center0+center_upper1,2PMR,cluster_2PMR,4,76,0.6406661335651198,0.747241930923289,0.777829375462053
cluster,graph+center0+center_upper1,2POF,cluster_2POF,4,440,0.6837077516347025,0.7157136811736616,0.734774855212378
cluster,graph+center0+center_upper1,2PPN,cluster_2PPN,5,107,0.6423081966962899,0.7243510932807159,0.7839354443398364
cluster,graph+center0+center_upper1,2PSF,cluster_2PSF,4,608,0.5177838799260754,0.48170884208744336,0.8593938978151183
cluster,graph+center0+center_upper1,2PTH,cluster_2PTH,3,193,0.7261351730361314,0.7926495976967656,0.7087287638221055
cluster,graph+center0+center_upper1,2Q4N,cluster_2Q4N,2,153,0.6588415755796245,0.57137472142876,0.7625381551864269
cluster,graph+center0+center_upper1,2Q52,cluster_1WBE,3,412,0.7609191282124481,0.7467318539254623,0.6750538109767691
cluster,graph+center0+center_upper1,2QJL,cluster_2QJL,5,99,0.6122769851601854,0.6702578013642784,0.8038755136078337
cluster,graph+center0+center_upper1,2R16,cluster_2R16,1,175,0.5448081412318958,0.43150619757631914,0.8476639774895501
cluster,graph+center0+center_upper1,2R6Q,cluster_2R6Q,3,138,0.5439674264045805,0.42928541095927863,0.8474229800475142
cluster,graph+center0+center_upper1,2RB8,cluster_2RB8,4,93,0.6406014072528448,0.5132067308405586,0.773207675905463
cluster,graph+center0+center_upper1,2RE2,cluster_2RE2,2,238,0.6511709572316132,0.4639910735989825,0.7604141066149278
cluster,graph+center0+center_upper1,2RFR,cluster_2RFR,2,154,0.6794516295415479,0.4647384846727978,0.7356355002125385
cluster,graph+center0+center_upper1,2V9V,cluster_2V9V,1,135,0.560673926194837,0.4702668823734052,0.8281626797164372
cluster,graph+center0+center_upper1,2VE8,cluster_2VE8,1,515,0.7044932934954462,0.6156895201220598,0.714885643730322
cluster,graph+center0+center_upper1,2VH7,cluster_2VH7,5,94,0.7245526970502976,0.7331445252133899,0.7062205532380427
cluster,graph+center0+center_upper1,2VIM,cluster_2VIM,5,104,0.36412497982765946,0.3726231279421298,0.93990144243099
cluster,graph+center0+center_upper1,2VPA,cluster_2VPA,2,204,0.7572215114934941,0.7649378259343963,0.75224896511195
cluster,graph+center0+center_upper1,2VQ4,cluster_2VQ4,4,106,0.6793253688025459,0.7702558705493355,0.7360796389217604
cluster,graph+center0+center_upper1,2VY8,cluster_2VY8,5,149,0.744313855096654,0.7595314647646189,0.6802737631854627
cluster,graph+center0+center_upper1,2VYO,cluster_2C71,5,206,0.696693257953291,0.7254972617121104,0.7321034519636761
cluster,graph+center0+center_upper1,2W1V,cluster_2W1V,5,548,0.6843753960786905,0.7490047458044352,0.7449855003124108
cluster,graph+center0+center_upper1,2W2A,cluster_2W2A,3,350,0.6545441949983252,0.6981801549050467,0.7592466710783359
cluster,graph+center0+center_upper1,2W6A,cluster_2W6A,3,117,0.7791359781042346,0.4790903301948563,0.649973215469597
cluster,graph+center0+center_upper1,2WJ5,cluster_2WJ5,2,96,0.5063348583675749,0.536995462579881,0.9346346654721845
cluster,graph+center0+center_upper1,2WUJ,cluster_2WUJ,1,100,0.41558617010654575,0.1740904535912146,0.9196807566529979
cluster,graph+center0+center_upper1,2WW7,cluster_2WW7,3,150,0.46823809395931604,0.5282301006637762,0.9497294498299803
cluster,graph+center0+center_upper1,2WWE,cluster_2WWE,4,111,0.5480983992630051,0.4892634942945173,0.8389408679912438
cluster,graph+center0+center_upper1,2X1Q,cluster_2X1Q,5,240,0.46087100299631556,0.39448233783811026,0.901159629818379
cluster,graph+center0+center_upper1,2X25,cluster_2X25,2,168,0.6316623520020136,0.6977873080082162,0.7884369192372231
cluster,graph+center0+center_upper1,2X3M,cluster_2X3M,3,166,0.7223927592600693,0.6127489271991622,0.7261654451345189
cluster,graph+center0+center_upper1,2X5Y,cluster_2X5Y,4,171,0.7279878860360005,0.6990796547285643,0.7110264274806121
cluster,graph+center0+center_upper1,2X9Z,cluster_2X9Z,5,262,0.5847715178660117,0.5952687568029752,0.8120936132241988
cluster,graph+center0+center_upper1,2XHF,cluster_2XHF,5,310,0.5887576485349054,0.6430124410328093,0.8094149000570727
cluster,graph+center0+center_upper1,2Y0T,cluster_2Y0T,3,101,0.7696406631999644,0.7384075972797437,0.6538510316615247
cluster,graph+center0+center_upper1,2Y72,cluster_2Y72,5,170,0.7245559350562722,0.6855041161685275,0.7111883735530047
cluster,graph+center0+center_upper1,2Y7L,cluster_2Y7L,4,319,0.7274053681130362,0.693810418065374,0.7017075700597962
cluster,graph+center0+center_upper1,2Y9F,cluster_2Y9F,4,149,0.7511244934384641,0.8500009976599514,0.6619117445169523
cluster,graph+center0+center_upper1,2YLB,cluster_2YLB,2,400,0.7438566405477464,0.7947707278578827,0.6718204877365016
cluster,graph+center0+center_upper1,2YNY,cluster_2YNY,1,315,0.7220245813449181,0.7096368957942457,0.7307487410523951
cluster,graph+center0+center_upper1,2ZCM,cluster_2ZCM,1,357,0.4467094319575815,0.3654108527766618,0.8961813784907472
cluster,graph+center0+center_upper1,2ZU1,cluster_2ZU1,2,360,0.7095103342441644,0.7629097105957747,0.7088120065983156
cluster,graph+center0+center_upper1,3A0M,cluster_3A0M,1,148,0.7514382942587037,0.5525062515391095,0.7217294055456399
cluster,graph+center0+center_upper1,3A7L,cluster_3A7L,4,128,0.6859562366632772,0.5951318888502833,0.7442886009923321
cluster,graph+center0+center_upper1,3AMC,cluster_3AMC,2,614,0.7265680016288059,0.7760183408431803,0.7200476007838263
cluster,graph+center0+center_upper1,3AUB,cluster_3AUB,1,116,0.6201770795540172,0.6702188188955176,0.7908205703689903
cluster,graph+center0+center_upper1,3B5O,cluster_3B5O,1,230,0.6121500480137405,0.5954688119916595,0.7915266852215643
cluster,graph+center0+center_upper1,3BA1,cluster_3BA1,4,312,0.6459308129739978,0.5669748691396748,0.7640245591523794
cluster,graph+center0+center_upper1,3BED,cluster_3BED,1,261,0.8156978675702619,0.8283090727353827,0.6124570796912294
cluster,graph+center0+center_upper1,3BQX,cluster_3BQX,4,139,0.4637774902678701,0.4723697130903715,0.9077729210587713
cluster,graph+center0+center_upper1,3BZQ,cluster_3BZQ,3,99,0.5532822896240502,0.5485438994780191,0.836251484053548
cluster,graph+center0+center_upper1,3BZZ,cluster_3BZZ,5,100,0.44958057363190707,0.42702967068432424,0.917236977404367
cluster,graph+center0+center_upper1,3DRF,cluster_3DRF,4,547,0.55466394615323,0.5532956443002247,0.8342398308042506
cluster,graph+center0+center_upper1,3DWV,cluster_3DWV,2,325,0.6383059876265685,0.7121253977170602,0.775468436906844
cluster,graph+center0+center_upper1,3E5T,cluster_2HQK,1,228,0.5330162109042489,0.457314082035041,0.8472268174682719
cluster,graph+center0+center_upper1,3E7R,cluster_3E7R,4,40,0.7478493835600011,0.7899798361291013,0.7150483364124636
cluster,graph+center0+center_upper1,3EUR,cluster_3EUR,3,140,0.40137725807153224,0.375566085810398,0.9271414161249445
cluster,graph+center0+center_upper1,3F2Z,cluster_3F2Z,3,149,0.7810981092521678,0.7469394346583342,0.6522880175901432
cluster,graph+center0+center_upper1,3F7E,cluster_3F7E,3,254,0.7429149737484226,0.8030196430746838,0.6775447561414044
cluster,graph+center0+center_upper1,3FCN,cluster_3FCN,1,158,0.6217811581740176,0.5433556348791249,0.7860094393173358
cluster,graph+center0+center_upper1,3FE7,cluster_3FE7,3,91,0.4929322656441321,0.5174213739185876,0.8706054898550505
cluster,graph+center0+center_upper1,3FKE,cluster_3FKE,5,250,0.5180020003841996,0.5098126784944855,0.8640921902122075
cluster,graph+center0+center_upper1,3FMY,cluster_3FMY,2,66,0.657758244652513,0.6507807282647077,0.7636707789929644
cluster,graph+center0+center_upper1,3FOD,cluster_3FOD,1,48,0.46859538907118725,0.549964718825709,0.9873899585404271
cluster,graph+center0+center_upper1,3FSO,cluster_3FSO,2,221,0.8074669511740276,0.5854442201263373,0.61603961592596
cluster,graph+center0+center_upper1,3FTD,cluster_3FTD,1,240,0.7095487577594741,0.6774950172613882,0.721961940606528
cluster,graph+center0+center_upper1,3FVA,cluster_3FVA,1,6,0.8547090300438321,0.8451542547285165,0.6062672473666816
cluster,graph+center0+center_upper1,3G1S,cluster_3G1S,1,418,0.6342976506341804,0.6952488593007441,0.7796403816121735
cluster,graph+center0+center_upper1,3GBW,cluster_3GBW,4,161,0.7548643162632779,0.8443059059420913,0.6789662231520137
cluster,graph+center0+center_upper1,3GHJ,cluster_3GHJ,5,116,0.5439902674725677,0.5084746414316641,0.8435582362966775
cluster,graph+center0+center_upper1,3HFO,cluster_3HFO,4,197,0.6503769408299873,0.6725854990482054,0.7657604891149089
cluster,graph+center0+center_upper1,3HHP,cluster_3HHP,5,1234,0.7577662183266888,0.7952216448384484,0.6734245670133373
cluster,graph+center0+center_upper1,3HNY,cluster_3HNY,5,156,0.7264926254530742,0.7332745380192512,0.6953908574596316
cluster,graph+center0+center_upper1,3HP4,cluster_3HP4,4,183,0.5299438605879702,0.4520039026488678,0.8533447171559709
cluster,graph+center0+center_upper1,3HWU,cluster_3HWU,2,144,0.7427240167444435,0.7340135542624018,0.6736743869983418
cluster,graph+center0+center_upper1,3HYD,cluster_3HYD,5,7,0.9346535115341651,0.39285714285714296,0.4939071950794595
cluster,graph+center0+center_upper1,3HZ8,cluster_3HZ8,2,192,0.4878173926595364,0.46630934443387356,0.8819781655313782
cluster,graph+center0+center_upper1,3I2V,cluster_3I2V,3,124,0.42117885048857107,0.43460226343748976,0.9361427565337153
cluster,graph+center0+center_upper1,3I2Z,cluster_3I2Z,5,138,0.56206624541966,0.577848860647812,0.8326780527349629
cluster,graph+center0+center_upper1,3I4O,cluster_3I4O,1,135,0.7571460486840355,0.7206982879693284,0.657750516774531
cluster,graph+center0+center_upper1,3I7M,cluster_3I7M,2,134,0.6458585323397276,0.5553419171721139,0.7666324517240642
cluster,graph+center0+center_upper1,3IHS,cluster_1OPD,2,169,0.6029197838875946,0.48786724580377816,0.8057502302503676
cluster,graph+center0+center_upper1,3IVV,cluster_3IVV,4,149,0.7758562848507096,0.7689483570416473,0.640885697056618
cluster,graph+center0+center_upper1,3K6Y,cluster_3K6Y,2,227,0.6085844086499684,0.6121297226095553,0.7965964068194459
cluster,graph+center0+center_upper1,3KBE,cluster_3KBE,5,140,0.683934705341726,0.6737268399710253,0.7299667770368837
cluster,graph+center0+center_upper1,3KGK,cluster_3KGK,2,190,0.7798959957408801,0.7673411473045629,0.6364799952247203
cluster,graph+center0+center_upper1,3KZD,cluster_3KZD,3,85,0.601743256984962,0.6630055603462475,0.8060251785562285
cluster,graph+center0+center_upper1,3L41,cluster_2ETX,1,220,0.6972728593898629,0.6787351964638013,0.7203038959532035
cluster,graph+center0+center_upper1,3LAA,cluster_3LAA,3,169,0.6051231836999177,0.5182635417591357,0.8704772001684397
cluster,graph+center0+center_upper1,3LAX,cluster_3LAX,3,106,0.7230901854302768,0.7016149957249682,0.7053350578637192
cluster,graph+center0+center_upper1,3LG3,cluster_3LG3,4,833,0.6049950973075137,0.6149470007241845,0.830666153006446
cluster,graph+center0+center_upper1,3LJI,cluster_3LJI,5,272,0.5906060179489094,0.5269936511052989,0.8080638598536278
cluster,graph+center0+center_upper1,3M3P,cluster_3M3P,1,249,0.6158183201994663,0.6471003870100677,0.7891058470773764
cluster,graph+center0+center_upper1,3M8J,cluster_3M8J,1,178,0.694522468903541,0.743317271749106,0.7242705170940661
cluster,graph+center0+center_upper1,3M9J,cluster_3M9J,3,210,0.5060335898106947,0.5221878405556153,0.8661508075022577
cluster,graph+center0+center_upper1,3M9Q,cluster_3M9Q,2,176,0.4592577893418111,0.5260471840435612,0.9350462717943612
cluster,graph+center0+center_upper1,3MAB,cluster_1OPD,2,173,0.6349552689091088,0.559579427752607,0.7732093627870178
cluster,graph+center0+center_upper1,3MD4,cluster_3MD4,2,12,0.7532312857354933,0.8441343943477073,0.7449959409668057
cluster,graph+center0+center_upper1,3MD5,cluster_3MD5,5,12,0.6217207141022072,0.6223776223776225,0.9377992190969466
cluster,graph+center0+center_upper1,3MEA,cluster_3MEA,2,166,0.6569909251783194,0.7318147832517863,0.7674547092984502
cluster,graph+center0+center_upper1,3MGN,cluster_3MGN,2,348,0.17419544120028876,0.2466432079418118,1.1861887035761485
cluster,graph+center0+center_upper1,3MRE,cluster_3MRE,5,383,0.6608798005448269,0.7366553899543403,0.7582164941875104
cluster,graph+center0+center_upper1,3N11,cluster_3N11,1,325,0.5589175737743936,0.6234147744968056,0.8354093358170998
cluster,graph+center0+center_upper1,3NE0,cluster_3NE0,1,208,0.7065588039420514,0.7072449969371185,0.718770377889614
cluster,graph+center0+center_upper1,3NGG,cluster_3NGG,1,94,0.726480480627035,0.6071351164058058,0.71822334541102
cluster,graph+center0+center_upper1,3NPV,cluster_3NPV,5,495,0.5794792321150094,0.5520410744285928,0.8190403401638678
cluster,graph+center0+center_upper1,3NVG,cluster_3NVG,2,6,0.62651952017977,0.5428571428571429,0.8360040294122625
cluster,graph+center0+center_upper1,3NZL,cluster_3NZL,5,73,0.5673076736900997,0.5875918892252076,0.8264286790913964
cluster,graph+center0+center_upper1,3O0P,cluster_3O0P,5,194,0.7268120687353818,0.7079254177102293,0.6874882554778158
cluster,graph+center0+center_upper1,3O5P,cluster_3O5P,5,128,0.7246023868312327,0.6628135047227612,0.6995837532313758
cluster,graph+center0+center_upper1,3OBQ,cluster_3OBQ,2,150,0.6329455658605362,0.3846591474830346,0.7771195389950654
cluster,graph+center0+center_upper1,3OQY,cluster_3OQY,3,234,0.6384940019135034,0.5994742993989843,0.7811932021722829
cluster,graph+center0+center_upper1,3P6J,cluster_3P6J,3,125,0.7920855773943117,0.7694916712383119,0.6269377038602006
cluster,graph+center0+center_upper1,3PD7,cluster_3PD7,5,188,0.7055070862822288,0.7591588240308019,0.7151160254953355
cluster,graph+center0+center_upper1,3PES,cluster_3PES,3,165,0.6182340267501885,0.5674242101155298,0.805857343936653
cluster,graph+center0+center_upper1,3PID,cluster_3PID,4,387,0.5341529063994538,0.48494734605748374,0.855217432926488
cluster,graph+center0+center_upper1,3PIW,cluster_3PIW,5,154,0.7479416664395251,0.7173281242710516,0.687710816037242
cluster,graph+center0+center_upper1,3PKV,cluster_3PKV,3,221,0.5501862996550588,0.6169936479019431,0.8355784786618593
cluster,graph+center0+center_upper1,3PSM,cluster_3PSM,4,94,0.7905259898974234,0.8732777991418322,0.6425494274688928
cluster,graph+center0+center_upper1,3PTL,cluster_3PTL,4,289,0.5175569084954739,0.6268522297982149,0.890080686520356
cluster,graph+center0+center_upper1,3PVE,cluster_3PVE,1,347,0.6913305652661054,0.7169488698410498,0.7374855995263784
cluster,graph+center0+center_upper1,3PZ9,cluster_3PZ9,4,357,0.6955846570429067,0.7017150766467868,0.727035475344808
cluster,graph+center0+center_upper1,3PZZ,cluster_3PZZ,2,12,0.9686707961518702,0.9020979020979022,0.5717333379153843
cluster,graph+center0+center_upper1,3Q2X,cluster_3Q2X,4,6,0.9207646125873921,0.7714285714285715,0.4159170392976869
cluster,graph+center0+center_upper1,3Q6L,cluster_3Q6L,2,131,0.6074761876149009,0.5722094846095426,0.8027811648686288
cluster,graph+center0+center_upper1,3QDS,cluster_3QDS,1,284,0.733999370883767,0.7281824332225182,0.7153466562180063
cluster,graph+center0+center_upper1,3QPA,cluster_3QPA,5,197,0.4600999192150002,0.7073994124958907,0.9149615678921285
cluster,graph+center0+center_upper1,3R6D,cluster_3R6D,4,221,0.6868005689135595,0.7571953963862399,0.7354583062034192
cluster,graph+center0+center_upper1,3R87,cluster_3R87,5,132,0.4201607029767741,0.3621234376048488,0.9115668637816771
cluster,graph+center0+center_upper1,3RQ9,cluster_3RQ9,1,162,0.49726395724509864,0.5866590079027185,0.9283542076857497
cluster,graph+center0+center_upper1,3RY0,cluster_3RY0,1,128,0.5878801104938489,0.6219097145285136,0.8203532484097709
cluster,graph+center0+center_upper1,3RZY,cluster_3Q6L,2,139,0.7227914574213722,0.6236939209864862,0.7109179858013959
cluster,graph+center0+center_upper1,3S0A,cluster_3S0A,2,119,0.5281057361957822,0.5302986063274078,0.8529439017063692
cluster,graph+center0+center_upper1,3SD2,cluster_3SD2,1,86,0.43940901211113226,0.5374933959432773,0.9057128057048253
cluster,graph+center0+center_upper1,3SEB,cluster_3SEB,3,238,0.6301930638804065,0.7610084083073968,0.7804088853646354
cluster,graph+center0+center_upper1,3SED,cluster_3SED,2,124,0.6505333254214037,0.644231661952764,0.7858664844695057
cluster,graph+center0+center_upper1,3SO6,cluster_3SO6,1,150,0.6796439530058912,0.6584215008584704,0.7414763666553208
cluster,graph+center0+center_upper1,3SR3,cluster_3SR3,5,637,0.5721301831515064,0.5907412420827168,0.8273535915520639
cluster,graph+center0+center_upper1,3SUK,cluster_3SUK,2,248,0.643080049041034,0.6499979249679358,0.7756080643449569
cluster,graph+center0+center_upper1,3SZH,cluster_3SZH,2,697,0.7792223406391301,0.7658495435619219,0.6387676420869365
cluster,graph+center0+center_upper1,3T0H,cluster_3T0H,5,208,0.7522319051883983,0.7967564457349906,0.6687918181185103
cluster,graph+center0+center_upper1,3T3K,cluster_3T3K,3,122,0.7532822444494259,0.8119676620681455,0.6751434157297889
cluster,graph+center0+center_upper1,3T47,cluster_3T47,4,141,0.4962705588381717,0.5012554182338778,0.8821603074642874
cluster,graph+center0+center_upper1,3TDN,cluster_3TDN,3,357,0.4821329033977535,0.4957581572714011,0.881896341388732
cluster,graph+center0+center_upper1,3TOW,cluster_3TOW,1,152,0.5701363721407767,0.7043224791123543,0.8297788314897714
cluster,graph+center0+center_upper1,3TUA,cluster_3TUA,2,210,0.6495600514528457,0.7864266064973893,0.7720899025451889
cluster,graph+center0+center_upper1,3TYS,cluster_3TYS,3,75,0.6651242708967702,0.6724942390840801,0.7964451133165137
cluster,graph+center0+center_upper1,3U6G,cluster_3U6G,4,248,0.6269112978746539,0.5983958610857116,0.7830121049496919
cluster,graph+center0+center_upper1,3U97,cluster_3U97,5,77,0.7088272766313595,0.6918304305559911,0.7136725077258521
cluster,graph+center0+center_upper1,3UCI,cluster_3UCI,3,72,0.5666744364718131,0.48585118014020195,0.8485922166370959
cluster,graph+center0+center_upper1,3UR8,cluster_3UR8,4,637,0.6886196531923965,0.6477393467502834,0.7318104750418445
cluster,graph+center0+center_upper1,3US6,cluster_3US6,5,148,0.6362940698489611,0.518783201006315,0.7863372609309099
cluster,graph+center0+center_upper1,3V1A,cluster_3V1A,5,48,0.38099737823895713,0.5354467516084698,0.9304098781906283
cluster,graph+center0+center_upper1,3V75,cluster_3V75,2,285,0.5684254833257485,0.5243527683447697,0.827774025173778
cluster,graph+center0+center_upper1,3VN0,cluster_3VN0,1,193,0.8126237001347222,0.6357200625358429,0.6424201540726099
cluster,graph+center0+center_upper1,3VOR,cluster_3VOR,5,182,0.5621550294081475,0.5737533268995141,0.8441314500866082
cluster,graph+center0+center_upper1,3VUB,cluster_3VUB,3,101,0.5912493607804028,0.6243891927257482,0.8172600799344952
cluster,graph+center0+center_upper1,3VVV,cluster_3VVV,1,108,0.695976418973429,0.5705051410031006,0.7406161855584462
cluster,graph+center0+center_upper1,3VZ9,cluster_3VZ9,5,163,0.7504321790899869,0.7343723264405885,0.6702267111591437
cluster,graph+center0+center_upper1,3W4Q,cluster_1ES5,3,773,0.7100971894704794,0.7272818345543939,0.7295781407749612
cluster,graph+center0+center_upper1,3ZBD,cluster_3ZBD,1,213,0.5416695634932348,0.4516847877063216,0.8469246238261843
cluster,graph+center0+center_upper1,3ZIT,cluster_3ZIT,3,152,0.4077068085974517,0.4252148781762208,0.9309867238682283
cluster,graph+center0+center_upper1,3ZRX,cluster_3ZRX,3,221,0.5494965630154411,0.5516969953613556,0.8359566778938781
cluster,graph+center0+center_upper1,3ZSL,cluster_3ZSL,2,138,0.6941112263083445,0.5844516264671694,0.7363937236170686
cluster,graph+center0+center_upper1,3ZZP,cluster_3ZZP,2,74,0.5069958646112547,0.5254615061238628,0.8624076833484586
cluster,graph+center0+center_upper1,3ZZY,cluster_3ZZY,3,226,0.7196802386181671,0.6161449615889238,0.698417125446363
cluster,graph+center0+center_upper1,4A02,cluster_4A02,2,166,0.48398380834600846,0.6426631932144554,0.885528213977361
cluster,graph+center0+center_upper1,4ACJ,cluster_4ACJ,1,167,0.7479125969602848,0.8020427846040362,0.6960191511108755
cluster,graph+center0+center_upper1,4AE7,cluster_4AE7,3,186,0.7674872811048828,0.7062508916701591,0.6481773713778102
cluster,graph+center0+center_upper1,4AM1,cluster_4AM1,4,345,0.5956958189335682,0.6154279332785535,0.8034486152757829
cluster,graph+center0+center_upper1,4ANN,cluster_4ANN,3,176,0.56561009123191,0.5789991255805825,0.829580228955166
cluster,graph+center0+center_upper1,4AVR,cluster_4AVR,1,188,0.6339603609777591,0.7303689884478728,0.8034188944456371
cluster,graph+center0+center_upper1,4AXY,cluster_4AXY,4,54,0.6751782629386506,0.6402378597317391,0.737706496382456
cluster,graph+center0+center_upper1,4B6G,cluster_4B6G,3,558,0.7421655494423492,0.749865501619218,0.6929702716738502
cluster,graph+center0+center_upper1,4B9G,cluster_4B9G,5,292,0.7943249458171308,0.7856812348682924,0.6319966225856104
cluster,graph+center0+center_upper1,4DD5,cluster_4DD5,1,387,0.6149923625482568,0.6664148372705018,0.7970951756759932
cluster,graph+center0+center_upper1,4DKN,cluster_4DKN,3,423,0.7137558935854705,0.7282582125781298,0.7334696850283658
cluster,graph+center0+center_upper1,4DND,cluster_4DND,3,95,0.7522250949869715,0.6534387368416859,0.6760989588112133
cluster,graph+center0+center_upper1,4DPZ,cluster_4DPZ,1,109,0.7244339873195453,0.6586120217755121,0.7015656846213902
cluster,graph+center0+center_upper1,4DQ7,cluster_4DQ7,3,328,0.723203915598861,0.7371302853470653,0.7013805515207546
cluster,graph+center0+center_upper1,4DT4,cluster_4DT4,4,160,0.72308646827892,0.7229950456892921,0.7498793829309744
cluster,graph+center0+center_upper1,4EK3,cluster_4EK3,3,287,0.6806037666123115,0.7043514467806602,0.7403900356674857
cluster,graph+center0+center_upper1,4ERY,cluster_4ERY,2,318,0.7049460715503142,0.7599546225979943,0.7317793410597353
cluster,graph+center0+center_upper1,4ES1,cluster_4ES1,1,95,0.6860038653563086,0.6783690811930663,0.771712814027439
cluster,graph+center0+center_upper1,4EUG,cluster_4EUG,1,225,0.5872186062538063,0.6406142672381671,0.8104911499430483
cluster,graph+center0+center_upper1,4F01,cluster_4F01,3,448,0.35364131680538846,0.5318352097415165,0.986799696684284
cluster,graph+center0+center_upper1,4F3J,cluster_4F3J,3,143,0.5909498560983457,0.5336857203254125,0.8104729749601435
cluster,graph+center0+center_upper1,4FR9,cluster_4FR9,2,141,0.6257825904924977,0.6357582581530019,0.7859986463199129
cluster,graph+center0+center_upper1,4G14,cluster_4G14,1,15,0.5678826385437299,0.5392857142857141,0.89998156844933
cluster,graph+center0+center_upper1,4G2E,cluster_4G2E,4,151,0.7334744251774754,0.7982129522000171,0.6846571414803743
cluster,graph+center0+center_upper1,4G5X,cluster_4G5X,1,550,0.7410346288374027,0.7410746242009038,0.6894581342290268
cluster,graph+center0+center_upper1,4G6C,cluster_4G6C,3,658,0.593403173589405,0.5701783832320156,0.8128619482321688
cluster,graph+center0+center_upper1,4G7X,cluster_4G7X,3,194,0.606398096604076,0.5581068926505045,0.8107713736459893
cluster,graph+center0+center_upper1,4GA2,cluster_4GA2,5,144,0.5221622142744082,0.5433146182610322,0.8539340446130353
cluster,graph+center0+center_upper1,4GMQ,cluster_4GMQ,5,92,0.6030395779915564,0.6013901946580769,0.7999750157787197
cluster,graph+center0+center_upper1,4GS3,cluster_4GS3,3,90,0.48677155298116137,0.6619252820846433,0.9348204799537271
cluster,graph+center0+center_upper1,4H4J,cluster_4H4J,4,236,0.8139746582398876,0.8299919430684539,0.6134675138267159
cluster,graph+center0+center_upper1,4H89,cluster_4H89,4,168,0.6053034888941824,0.57484344936866,0.7971501653540594
cluster,graph+center0+center_upper1,4HDE,cluster_4HDE,5,168,0.7410504367414158,0.7938362522664204,0.6891273792926585
cluster,graph+center0+center_upper1,4HJP,cluster_4HJP,4,281,0.6726706487269691,0.774583093114095,0.7483159876849916
cluster,graph+center0+center_upper1,4HWM,cluster_4HWM,4,117,0.6046625066978244,0.5853158695474414,0.8055779035913505
cluster,graph+center0+center_upper1,4IL7,cluster_4IL7,2,85,0.36244392275585574,0.29798024215065466,0.9534099045377226
cluster,graph+center0+center_upper1,4J11,cluster_4J11,5,357,0.6093235392308183,0.5005367835555824,0.8044484511216954
cluster,graph+center0+center_upper1,4J5O,cluster_4J5O,2,220,0.7337473582779672,0.6483322199604699,0.6901667975348473
cluster,graph+center0+center_upper1,4J5Q,cluster_2FG1,1,146,0.7311469249712151,0.7669282381877983,0.7040483913646739
cluster,graph+center0+center_upper1,4J78,cluster_4J78,3,305,0.6145801549482486,0.7515230952946046,0.7913247068024041
cluster,graph+center0+center_upper1,4JG2,cluster_4JG2,2,185,0.7794613357224147,0.8080047270133719,0.6667348789890089
cluster,graph+center0+center_upper1,4JVU,cluster_4JVU,4,207,0.7320376431642936,0.8054645695990582,0.6925044325305295
cluster,graph+center0+center_upper1,4JYP,cluster_4JYP,2,534,0.6445505962655608,0.7025434991811407,0.769259339054517
cluster,graph+center0+center_upper1,4KEF,cluster_4KEF,3,133,0.4839922592405618,0.4360558609949028,0.8906135889243226
cluster,graph+center0+center_upper1,5CYT,cluster_1CCR,5,103,0.3554283072672071,0.30749165992723676,0.9357311817141348
cluster,graph+center0+center_upper1,6RXN,cluster_6RXN,1,45,0.5637858791244447,0.5683794466403161,0.8593168064914228
