feature_set,pdbid,membership,n_residues,pcc,spearman,rmse_z
residue_position,1ABA,medium,87,-0.09324461629643921,-0.4139426801101389,1.1225121735590424
residue_position,1AHO,large,64,-0.06709684525856657,-0.10510651450453391,1.0655178959952376
residue_position,1AIE,small,31,0.6930197178123179,0.5100806451612904,0.7246276573560253
residue_position,1AKG,small,16,0.10181958440214417,-0.04120678083936822,1.0814368161891332
residue_position,1ATG,large,231,-0.01849343425000125,-0.012758287167213158,1.0405889510545479
residue_position,1BGF,365_only,124,0.5220937994464987,-0.09008753834184344,0.8649150358394161
residue_position,1BX7,small,51,0.741535577596988,0.26533936651583706,0.7089168431785894
residue_position,1BYI,large,224,0.47854018675236026,0.13918439102105856,0.8979683790659432
residue_position,1CYO,medium,88,0.7478237826557319,0.22378281283951082,0.7146053682041221
residue_position,1DF4,365_only,57,0.5726455027273603,0.6600985221674879,0.8283357708782529
residue_position,1E5K,large,188,0.19955701037726195,-0.03045126055535373,0.9855612681615455
residue_position,1ES5,365_only,260,0.15562487583373813,0.06833584363248618,0.9918328321929393
residue_position,1ETL,small,12,0.26349985528195574,0.3902231188777014,0.9672553364026186
residue_position,1ETM,small,12,0.05149121324392711,0.15733406196654307,1.0384946204870742
residue_position,1ETN,small,12,0.25827979141878993,0.3806573549179719,0.969147721302775
residue_position,1EW4,large,106,0.3193519625810303,0.029322705957657836,0.9481368098902551
residue_position,1F8R,365_only,1932,-0.07452756252373982,-0.12844869727250346,1.0865059747859367
residue_position,1FF4,small,65,-0.04562998548403514,0.1093761951135563,1.0928630755692532
residue_position,1FK5,medium,93,0.19636500524413905,0.41330921165651824,0.9948454509564876
residue_position,1GCO,365_only,1044,-0.050709000407377025,-0.16637136247945922,1.0621474333150658
residue_position,1GK7,small,39,0.4756385187969543,-0.0053646439665849446,0.8853014952137261
residue_position,1GVD,small,52,0.637352683359497,0.6939873216666949,0.7771343527737752
residue_position,1GXU,medium,88,0.5654341907983071,0.1030093560904388,0.8366652906256293
residue_position,1H6V,365_only,2927,0.03267827228927892,-0.06314477770765575,1.107805017797676
residue_position,1HJE,small,13,0.9076699730556277,0.8076923076923077,0.6286635785590302
residue_position,1I71,medium,83,0.3710975381380778,-0.11058926020653864,0.9286397111576115
residue_position,1IDP,365_only,441,0.17644498615954818,0.14885095819611766,0.9926867602453026
residue_position,1IFR,large,113,0.38747674044203745,0.3950087955353687,0.9293187067439437
residue_position,1KMM,365_only,1499,-0.07594838863833196,-0.1238897991800183,1.0606085938132934
residue_position,1KNG,365_only,144,0.4333245942041877,0.10376238101455135,0.9020096210592145
residue_position,1KYC,small,15,0.3229973846832237,0.35,0.9595369407731839
residue_position,1LR7,medium,73,0.30221481758726754,0.08139023656786422,0.9812903060497437
residue_position,1MF7,365_only,194,0.4029440493513822,0.2090063955761712,0.929624813554154
residue_position,1N7E,medium,95,0.2849669732613809,0.2781734130900751,0.9621687152594357
residue_position,1NKD,365_only,59,0.6677611950626686,0.5550295175767372,0.808538101102372
residue_position,1NNX,medium,93,0.3886342907926421,0.1411199474948569,0.9252835392836621
residue_position,1NOA,medium,113,0.0629851527522585,0.12198235889513385,1.046454746897373
residue_position,1NOT,small,13,0.753545495413019,0.5604395604395606,0.7078913204440709
residue_position,1O06,small,20,0.8732109197350189,0.7999999999999999,0.5759517055166152
residue_position,1O08,large,221,0.4339709719692208,-0.07232981037999539,0.9093827818560664
residue_position,1OPD,medium,85,0.4961197821347,0.17663756418797968,0.8755820855790457
residue_position,1P9I,small,29,0.7781244226911564,0.5211822660098521,0.681321787333223
residue_position,1PEF,small,18,0.6692714791325458,0.3498452012383901,0.7581499319758228
residue_position,1PEN,small,16,0.38208790741254467,0.2884474658755775,0.9259443668507071
residue_position,1PMY,large,123,0.6326551136195767,0.06962743694561829,0.8044195442989168
residue_position,1Q9B,small,43,0.317538565448594,-0.26864995469646635,0.9520804128118197
residue_position,1QAU,medium,112,0.27155059705362594,0.07619189989426162,0.9630322588838207
residue_position,1QKI,365_only,3912,0.02013883727529544,-0.062446334794050026,1.1197074261029265
residue_position,1QTO,large,122,0.38770727746976047,0.007679598175972138,0.936672684030139
residue_position,1R29,365_only,122,0.7045778035245498,0.17653910782659696,0.7516152064901876
residue_position,1R7J,medium,90,0.6631578320217284,0.05023748179438333,0.763957460609677
residue_position,1RJU,small,36,0.10801015494955359,0.2782496782496783,1.13244361606232
residue_position,1SAU,365_only,114,0.10610868733547871,0.2733576347259599,1.0375501656065225
residue_position,1TGR,365_only,104,0.37599109485823673,0.16754641694564665,0.9303642572539921
residue_position,1TZV,365_only,141,0.7179867965554491,0.3200182372276766,0.7617680415449641
residue_position,1U06,small,55,0.27902210540873407,-0.07521780697123655,1.0021424191651889
residue_position,1UKU,large,102,0.09022567229298774,0.06092168504479639,1.0218927398895208
residue_position,1ULR,medium,87,0.15474749915394131,-0.11835840142538046,1.0322690556061533
residue_position,1UOY,small,64,0.03314846780279422,-0.017193420255479187,1.026464356359263
residue_position,1USE,small,40,0.24801806877107996,0.10187617260787994,0.9898127956126296
residue_position,1USM,medium,77,0.7852980370902211,0.304605293432189,0.7400024515840221
residue_position,1UTG,365_only,70,0.5160097846906053,0.12324488885861207,0.8639274998626607
residue_position,1V05,medium,96,0.14850599158142125,-0.11039216485232757,1.0138579753693067
residue_position,1V70,large,105,0.3040522551563731,-0.09016359453720259,0.9554011965833298
residue_position,1W2L,medium,97,0.43074604920577725,0.17365462375864346,0.9044810860558256
residue_position,1WBE,large,204,0.1908770218871833,-0.14175550091777275,0.989601795339858
residue_position,1WHI,large,122,0.19278282268672683,0.11043534724199323,1.0455451193791987
residue_position,1WLY,365_only,322,0.17950102396642212,0.3763085213333608,0.9912852012649954
residue_position,1WPA,large,107,0.6329651946345725,0.23261418493222333,0.8323641383106457
residue_position,1X3O,medium,80,0.16039913858215,-0.03193877132480608,1.049522789116515
residue_position,1XY2,small,8,0.5676567327794296,0.0969857289937744,0.8279136814931166
residue_position,1YJO,small,6,0.493382265156165,0.14285714285714288,0.909532112021938
residue_position,1YZM,small,46,0.7510364658296366,0.34316023255101885,0.7531531743020302
residue_position,1Z21,medium,96,0.25964574178724353,-0.006036415183592208,0.9722211716086934
residue_position,1ZVA,medium,75,0.14203651846912893,0.02054170937660377,1.0522390730275442
residue_position,2A50,365_only,457,0.23499073877341403,0.21693141749953387,1.0092129574456588
residue_position,2AGK,large,233,0.01728909312247416,-0.033934532062722615,1.0258984043827177
residue_position,2B0A,365_only,186,0.14673464943277,-0.2157591886188699,1.0025806642757447
residue_position,2BCM,365_only,413,0.17496143565703326,0.23860263926520886,0.989649482807291
residue_position,2BRF,medium,100,0.418027301966576,-0.11926622028325354,0.9094979232542655
residue_position,2C71,large,205,0.4098358969087527,-0.10605127227034909,0.9237091202897137
residue_position,2CE0,medium,99,0.4779592492059946,0.04762007836783004,0.883568426048306
residue_position,2CG7,large,90,0.24747207004481706,-0.1785614330239407,1.00396070813489
residue_position,2COV,365_only,534,0.21989985508903695,0.0633823441075096,0.9821927211125674
residue_position,2CWS,large,227,0.2486466591001346,0.210028795215735,0.9688497877499943
residue_position,2D5W,365_only,1214,0.11864411003618369,0.11064165812957494,1.0111027502790624
residue_position,2DPL,365_only,565,0.14247392811118711,0.19150165758982265,0.9997540570912709
residue_position,2DSX,small,52,0.4433267279270243,0.1844222932765772,0.9014031332121415
residue_position,2E10,365_only,439,0.27640618926385524,0.32961552428551016,0.9614282570250107
residue_position,2E3H,medium,81,0.27954333495367384,0.03448626310458135,0.9848753836061118
residue_position,2EAQ,medium,89,0.7771964864866315,0.3761283979928403,0.7445052831344803
residue_position,2EHS,medium,75,0.22657944191077636,-0.025590691193075478,1.0069205361099796
residue_position,2ERW,365_only,53,0.6706981114821051,0.09740953550724055,0.7587664380942931
residue_position,2ETX,365_only,389,-0.21964136586930263,-0.3075124308666174,1.1020045576853852
residue_position,2FN9,365_only,560,0.05497862495804254,-0.022716575382099098,1.0199791265177294
residue_position,2FQ3,medium,85,0.502443072448617,0.20013679890560873,0.8658128289288094
residue_position,2G69,365_only,99,0.21185544884958646,0.03570832225375801,1.0119332418267064
residue_position,2G7O,365_only,68,0.4517850562995942,0.27441998133406975,0.907166381120704
residue_position,2GKG,365_only,122,0.5276888957933188,-0.09219635512279292,0.8521171586611055
residue_position,2GOM,365_only,121,0.18812005042329508,0.06520851856789944,1.0176615125081918
residue_position,2GXG,365_only,140,0.22937082863170108,-0.21902159711907332,0.9934558396511193
residue_position,2HQK,large,213,0.3953628372570107,0.016345368161209142,0.9185564024294101
residue_position,2I24,large,113,0.25960291941926467,-0.16785883610678554,0.9659652847168253
residue_position,2I49,365_only,398,0.21455277560842934,-0.10102996110933296,0.9788410138286056
residue_position,2IBL,365_only,108,0.5129547991946654,0.18484600930661466,0.8628918158406029
residue_position,2IGD,365_only,61,0.09778889496809492,0.1174541897340714,1.070689751461542
residue_position,2IMF,large,203,0.4410461879415108,0.43784080961552463,0.9062850818232923
residue_position,2IP6,medium,87,0.8294261007740428,0.5213516322151939,0.6924927010191578
residue_position,2IVY,365_only,88,0.2859637935448571,0.37479801874485785,0.9784078705420189
residue_position,2J9W,365_only,200,0.26928968568526723,0.2759037599506641,0.963214334885125
residue_position,2JKU,small,35,0.6800095534400472,0.7622382538476703,0.8035194356110945
residue_position,2JLI,365_only,100,0.5275774861188993,0.13436825858892104,0.85349473958827
residue_position,2JLJ,365_only,115,0.39321531307307545,0.08132361964268132,0.9310359032364087
residue_position,2NLS,small,36,0.03415238954793577,0.23680823680823682,1.1740358491895033
residue_position,2NUH,medium,104,0.32849054447009934,0.4070266781703051,0.9446131431825135
residue_position,2O6X,365_only,306,0.31025323860062975,0.054730685508289356,0.9547337360102126
residue_position,2OHW,365_only,256,0.18355900491138138,0.18438532057550003,0.9831373234442592
residue_position,2OKT,365_only,342,-0.02891791564996082,-0.22455468109214022,1.050827015203754
residue_position,2OL9,small,6,0.7140188701922217,0.48571428571428577,0.7223684183809512
residue_position,2PMR,365_only,76,0.4195475440927056,0.37373033127663513,0.9089378534027771
residue_position,2PPN,large,107,-0.03750273291760566,-0.06291865150751369,1.1403787355559707
residue_position,2PSF,365_only,608,0.16818627488641438,0.035126975857975334,0.9997489935292907
residue_position,2PTH,365_only,193,0.1444183392547555,0.286638815131655,1.013502517016609
residue_position,2Q52,365_only,412,0.2153907059806702,0.0586811420469875,0.9839741924566631
residue_position,2QJL,medium,99,0.4713522390391744,0.1201641357213058,0.8862252562202124
residue_position,2R6Q,365_only,138,0.31661869972346285,-0.1819441717357846,0.9567041089550556
residue_position,2RB8,medium,93,0.23781322396032814,-0.05469201703409072,0.9864649835860725
residue_position,2V9V,large,135,0.39740269427053265,0.029863595686544963,0.9176919318123706
residue_position,2VE8,365_only,515,0.2922261387874922,0.30728378907540177,0.9566340908123858
residue_position,2VH7,365_only,94,0.413365486870728,0.1821446117816506,0.912136248774599
residue_position,2VIM,large,104,0.3175056040480956,-0.12369170694939494,0.9483555175880868
residue_position,2VPA,large,204,0.10791330627372875,0.12068573141395447,1.0157736866284273
residue_position,2VQ4,365_only,106,0.7574878291636787,0.16222330272074506,0.7710341405113253
residue_position,2VY8,365_only,149,0.2113256856370297,0.16090913627195913,1.0116235362429933
residue_position,2W1V,365_only,548,0.5727936912859328,-0.06841156610532492,0.8293344056266101
residue_position,2W2A,365_only,350,0.39055627504358853,0.3382289452012062,0.9209789510765537
residue_position,2W6A,365_only,117,0.6763638636342892,0.4220890524123947,0.8424487352602645
residue_position,2WJ5,365_only,96,0.2779443191284079,0.26421544197655517,0.9641208966284668
residue_position,2WUJ,365_only,100,0.42380847855501286,0.27738540285769636,0.9059996390541247
residue_position,2WWE,365_only,111,0.18682464633439547,0.15243030271084054,0.9987535237072985
residue_position,2X1Q,365_only,240,0.28052348183575615,0.21796159187429504,0.9637791057327902
residue_position,2X3M,365_only,166,0.16968302916985076,-0.21853448531652683,1.0004432879713507
residue_position,2X5Y,365_only,171,0.4789800733179347,0.11159824728046067,0.8849901608938456
residue_position,2XHF,365_only,310,0.27589533566923047,-0.11875906703279311,0.9635891455111653
residue_position,2Y0T,365_only,101,0.45195973321808514,0.03815453431701347,0.8926508910879546
residue_position,2Y72,365_only,170,0.4564656792283133,0.043798535533578604,0.8953784415012103
residue_position,2Y7L,365_only,319,0.173003570407386,-0.003731271556450187,0.9931609810247473
residue_position,2Y9F,365_only,149,0.46117702799298027,0.12225533605479064,0.891047538231888
residue_position,2YLB,365_only,400,0.27609691616454457,0.16611467734162633,0.9611453761430921
residue_position,2YNY,365_only,315,0.1542688422537809,0.03766253947722081,1.0035677254191209
residue_position,2ZU1,365_only,360,0.31280377252379965,0.21776114548042982,0.9521012237425025
residue_position,3A7L,365_only,128,0.6171633707563946,0.07607747090183647,0.8176040107170143
residue_position,3AMC,365_only,614,0.02782616379025225,-0.030051628681773628,1.060405282717712
residue_position,3AUB,365_only,116,0.06117388927096536,-0.23968184410736973,1.0664475615856046
residue_position,3BA1,365_only,312,0.21135689315217707,-0.13400110316002808,0.9962156905579002
residue_position,3BZQ,medium,99,0.25248940121306745,0.050495055629015274,0.9927098711830445
residue_position,3BZZ,365_only,100,0.3688686322094333,-0.10682492583958433,0.9319665594144886
residue_position,3DRF,365_only,547,0.019780889283975943,-0.1137509602633679,1.0680359235194221
residue_position,3E5T,365_only,228,0.034478203059952924,-0.08519925116986096,1.0244238474169474
residue_position,3E7R,365_only,40,0.42018425978559504,0.16972369638450643,0.9085784466313073
residue_position,3FKE,365_only,250,0.14336431114256373,0.1280658560144165,1.0024758026968212
residue_position,3FOD,365_only,48,0.07728140414274819,0.3156923415604346,1.114414172531681
residue_position,3FSO,365_only,221,0.26852680361254155,0.04199444280389333,0.9668597493317808
residue_position,3FTD,365_only,240,0.3985723081255099,0.08174649471913276,0.9397659198436691
residue_position,3G1S,365_only,418,0.45175452502315905,0.28757574241546974,0.9056425083862957
residue_position,3HFO,365_only,197,0.23349110550294333,0.010369005370345448,0.9727429951653109
residue_position,3HHP,365_only,1234,0.04299308660667955,-0.01769895899420867,1.0498836164939855
residue_position,3HNY,365_only,156,0.277484053264026,0.30223659443957657,0.9663176251632746
residue_position,3HYD,365_only,7,0.978083095504954,0.6785714285714287,0.44346882607462135
residue_position,3HZ8,365_only,192,0.4249017123104067,0.09914569041230775,0.92010435767228
residue_position,3I2Z,365_only,138,0.13359143039039098,-0.05606565499256261,1.04760118881743
residue_position,3I4O,365_only,135,0.4127003756476509,0.13627245714538033,0.9113690286550692
residue_position,3K6Y,365_only,227,0.33758347262535904,0.2963983754566272,0.9465979322334913
residue_position,3KBE,365_only,140,0.27359990662480854,0.014320811097571995,0.9750105431107147
residue_position,3KGK,365_only,190,0.11140190319679487,0.18930975706186726,1.0127853039562884
residue_position,3KZD,365_only,85,0.1371556964416932,0.08009849862750848,1.0411866593845602
residue_position,3LAA,365_only,169,0.556260516096679,0.3185508257305874,0.8566551768978531
residue_position,3M8J,365_only,178,0.23402223920307566,-0.08012358459313625,0.9781316440376696
residue_position,3M9J,365_only,210,0.22909488390741756,-0.010385122238612808,0.9745701881030178
residue_position,3M9Q,365_only,176,0.20163737511995306,0.02514111127057604,0.9901630301674046
residue_position,3MAB,365_only,173,0.21182471117569485,-0.0709220269107746,0.9859687003012592
residue_position,3MD4,365_only,12,0.7841255093376274,0.7355527917552636,0.8163123129590316
residue_position,3MRE,365_only,383,0.28371520229177216,0.3601490654295936,0.9590279190082077
residue_position,3N11,365_only,325,-0.029748888966997702,-0.0475001345862929,1.067104267286739
residue_position,3NE0,365_only,208,0.1858059637287996,0.1679742039879181,0.9880656530708423
residue_position,3NGG,365_only,94,0.5019673860530055,0.32337046831366856,0.867109861594034
residue_position,3NPV,365_only,495,0.5156334010011844,0.43834534612484716,0.886419777670808
residue_position,3NVG,365_only,6,0.6817796025561195,0.4285714285714286,0.7468341766532648
residue_position,3O0P,365_only,194,0.08004515731614135,-0.12567129909537833,1.018383594220374
residue_position,3O5P,365_only,128,0.45766189439461114,-0.03924502821389674,0.8894437344292038
residue_position,3OBQ,365_only,150,0.6149272450341908,0.282986530889118,0.8396852565175305
residue_position,3P6J,365_only,125,0.3292140335958791,0.09062435195622104,0.955366737783435
residue_position,3PD7,365_only,188,0.27488014049143195,0.18338597908611615,0.9615718237743508
residue_position,3PID,365_only,387,-0.06881300050635902,-0.21336049687424882,1.0599759336384336
residue_position,3PIW,365_only,154,0.5431720563378644,0.5066430527758529,0.8683771071600834
residue_position,3PKV,365_only,221,0.15238020259488513,0.08491932153146053,1.0008883457099578
residue_position,3PSM,365_only,94,0.6161589493499403,0.023516577202573476,0.8179637677741087
residue_position,3PTL,365_only,289,0.240938726966452,0.12031284257646652,0.9705980552509669
residue_position,3PVE,365_only,347,0.2611240851056173,0.28341136203234135,0.9659831600095509
residue_position,3PZ9,365_only,357,0.3419264724814754,0.3874348463364321,0.9401616154665715
residue_position,3PZZ,365_only,12,0.3529869940918916,0.5034965034965035,0.9383338710575944
residue_position,3Q2X,365_only,6,0.792249443793108,0.8285714285714287,0.6471269819587991
residue_position,3Q6L,365_only,131,0.3691124691662685,0.088858223491633,0.9294154724534851
residue_position,3QDS,365_only,284,0.08853797574294923,-0.050885925585360335,1.0185675149221545
residue_position,3R87,365_only,132,0.2854064395919081,0.04750288936052596,0.9636409186042435
residue_position,3RQ9,365_only,162,-0.05147333570985704,-0.13467588169986197,1.0955918852850326
residue_position,3RY0,365_only,128,0.4787820626904268,0.015207330419808011,0.8795341928583721
residue_position,3RZY,365_only,139,0.4801490882680928,0.026255081607583816,0.8803065083937665
residue_position,3S0A,365_only,119,0.40332626664652943,0.5233978307911585,0.9151346998238914
residue_position,3SEB,large,238,0.1682060115421878,0.15465892360437222,0.9943097017127996
residue_position,3SED,365_only,124,0.24107612681944385,0.0343196495342725,1.011891035623827
residue_position,3SO6,365_only,150,0.3112893704318437,0.2703037134427278,0.9549619821894174
residue_position,3SR3,365_only,637,0.2525023804877658,0.351827156019945,1.006019727532271
residue_position,3SUK,365_only,248,0.3935652724900541,0.18541416587299686,0.9401905037000534
residue_position,3SZH,365_only,697,0.2305805283563481,0.2563756390283568,1.0130560398235238
residue_position,3T0H,365_only,208,0.20893543128278907,0.285218877910367,0.9812603589438874
residue_position,3T3K,365_only,122,0.5284105151189538,0.04011691404440645,0.8529831608154386
residue_position,3T47,365_only,141,0.5371918076112512,0.2891336223208353,0.846670168425858
residue_position,3TDN,365_only,357,0.23689522742954264,0.24391167645905787,0.9826593302756316
residue_position,3TOW,365_only,152,0.37989566742340514,-0.021795217904101712,0.9305386849585294
residue_position,3TUA,365_only,210,0.0596431905411194,0.056986120671966685,1.0348465242602196
residue_position,3UCI,365_only,72,0.5118393569078842,0.5631873432375073,0.8599128574817999
residue_position,3UR8,365_only,637,0.3667124899364054,0.35102924423937987,0.9340444168014664
residue_position,3US6,365_only,148,0.7352829395993385,0.32533548041686083,0.7626417459668591
residue_position,3V1A,365_only,48,0.43956673671599045,0.39648246895258143,0.8982283449703045
residue_position,3VN0,365_only,193,0.41523156461926286,0.3784519158494534,0.9193559912199192
residue_position,3VOR,365_only,182,0.20704013493340234,0.21582158827964495,0.9826201455430692
residue_position,3VUB,large,101,0.17679156976495922,0.17102603975851952,1.0136433492133636
residue_position,3VVV,365_only,108,0.649852186539057,0.17147021767839732,0.8029409908475571
residue_position,3VZ9,365_only,163,0.4580239502107951,0.0017138744161871561,0.9057893623536892
residue_position,3ZBD,365_only,213,0.5485678896905625,0.00478902045813731,0.8574527764698683
residue_position,3ZIT,365_only,152,0.08353553192023193,0.19182655630405998,1.0457729132899793
residue_position,3ZRX,365_only,221,0.1983095080518938,0.1714447874295016,0.9964086156349842
residue_position,3ZSL,365_only,138,0.7135520159584724,0.1484606085177876,0.787402644460565
residue_position,3ZZP,365_only,74,0.6176324035624103,0.20567654229159849,0.8209598378901417
residue_position,3ZZY,365_only,226,0.3004138613196953,0.189836887027494,0.9543247512665383
residue_position,4A02,365_only,166,0.054503601430775685,0.01008988021261191,1.032456499826814
residue_position,4ACJ,365_only,167,0.13397305739196358,0.14278637640761055,1.0105111169252747
residue_position,4AE7,365_only,186,0.29131398123590974,0.2629277749171869,0.95691855290775
residue_position,4AM1,365_only,345,0.16098786861908082,0.29764944765583495,1.0049668657589013
residue_position,4ANN,365_only,176,0.2127025376704561,0.37964969010327554,0.9854165885265559
residue_position,4AVR,365_only,188,0.1922235073105084,0.04321269706074257,0.9877470051533381
residue_position,4AXY,365_only,54,0.46293608152108523,0.06422962572326628,0.8874279640769678
residue_position,4B6G,365_only,558,0.09837907179522853,0.059958729712549556,1.0221200583718613
residue_position,4B9G,365_only,292,-0.038476573046880014,-0.0432416344338006,1.0688004893196759
residue_position,4DD5,365_only,387,-0.06768315746467968,-0.18847775844135647,1.0905097923305338
residue_position,4DKN,365_only,423,0.12429766927091968,0.09511638971425677,1.0044044133428882
residue_position,4DQ7,365_only,328,0.0842003159713704,0.15933167278571456,1.0257037688489345
residue_position,4DT4,365_only,160,0.48701979601256495,0.2093508380852994,0.8981896407950329
residue_position,4EK3,365_only,287,0.17844272818492285,-0.06184974083915596,0.9908424671187616
residue_position,4ERY,365_only,318,0.247588254632414,-0.06962838849625601,0.9696326069310438
residue_position,4ES1,365_only,95,0.2981463928753405,0.22972287261969626,0.9564797442319631
residue_position,4EUG,365_only,225,0.2588604813318051,0.2256162057171559,0.965952643064014
residue_position,4F01,365_only,448,0.34502647011824006,0.6840451031921165,0.941996310110054
residue_position,4F3J,365_only,143,0.22040951899519107,0.22918765633288082,0.9940896484222492
residue_position,4G2E,365_only,151,0.20577904635012134,0.027565569964362584,0.9936689452737444
residue_position,4G5X,365_only,550,0.5445902438012403,-0.0793401295709142,0.8480777911151375
residue_position,4G6C,365_only,658,0.21810358681454625,0.17249446184742545,0.9783205614126547
residue_position,4G7X,365_only,194,0.09190332979686297,0.11472182628223274,1.0203746379237644
residue_position,4GA2,365_only,144,0.35533188792701986,0.4030479987493315,0.9381296590920739
residue_position,4GMQ,365_only,92,0.10842665388497538,0.0692785475394171,1.0402771268687685
residue_position,4GS3,365_only,90,0.037769609178438836,-0.13531055658795674,1.105435795320281
residue_position,4HJP,365_only,281,0.25871893059908435,0.1773285678095888,0.9668930376599593
residue_position,4IL7,365_only,85,0.40530099675381104,0.13860795982643176,0.9142662739254168
residue_position,4J11,365_only,357,0.3970399531662981,0.23568572985528294,0.9207185367041355
residue_position,4J5O,365_only,220,0.4242924352371005,0.12767409361079962,0.9097254656820539
residue_position,4J5Q,365_only,146,0.356508973373149,-0.19751822481938414,0.9398012209288887
residue_position,4J78,365_only,305,0.4029871026916248,0.14932773178794026,0.9152359931248626
residue_position,4JG2,365_only,185,0.21623071756573842,-0.10721110587088015,0.9793989457303806
residue_position,4JVU,365_only,207,0.15290086737957753,0.1698258075441014,1.0005729761228654
residue_position,4JYP,365_only,534,0.1421148350088126,0.06743509453713799,1.0088362074575405
residue_position,4KEF,365_only,133,0.22722618455891436,0.07145735564542444,0.9855126464126799
residue_position,5CYT,medium,103,0.028765191632589494,0.1101742150749201,1.0529169268415102
residue_position,6RXN,small,45,0.1485436955319552,0.01357048748353096,1.0734313895785288
classical_structural,1ABA,medium,87,0.5296098080339994,0.588326422770134,0.8492386932099678
classical_structural,1AHO,large,64,0.5200862556904475,0.5502581302802162,0.8598926446756685
classical_structural,1AIE,small,31,0.6299863634413989,0.40645161290322585,0.7894187210124886
classical_structural,1AKG,small,16,0.18730878513373012,0.3958794302067875,1.0029206027711106
classical_structural,1ATG,large,231,0.46349373981332814,0.42432232856428387,0.8874057646097873
classical_structural,1BGF,365_only,124,0.5828123037645577,0.42080085857157046,0.8139435604084394
classical_structural,1BX7,small,51,0.7602389707501069,0.4025339366515837,0.7103275799058508
classical_structural,1BYI,large,224,0.5182623256212051,0.6087812310774489,0.8578140636660307
classical_structural,1CYO,medium,88,0.7523406675142422,0.5564850610865653,0.6822724088945107
classical_structural,1DF4,365_only,57,0.7169240764046645,0.6083095670210007,0.7174231356899998
classical_structural,1E5K,large,188,0.7354310853763657,0.7577372045997034,0.7007683064282977
classical_structural,1ES5,365_only,260,0.5922718069767792,0.6335063913757077,0.816359310258996
classical_structural,1ETL,small,12,0.45952756106710585,0.4491247217271657,0.9139325972943276
classical_structural,1ETM,small,12,0.6082743900932073,0.4484020766046477,0.8939215713890618
classical_structural,1ETN,small,12,-0.29897133681697585,-0.3215261153190637,1.167581041343681
classical_structural,1EW4,large,106,0.5540391951088345,0.6134743377186067,0.8332032067897133
classical_structural,1F8R,365_only,1932,0.4835949393948062,0.40746219715964715,0.877942036355531
classical_structural,1FF4,small,65,0.3558330907525065,0.4159573422160701,0.9448217509870316
classical_structural,1FK5,medium,93,0.4100491629312273,0.44965589274874684,0.9166826939503574
classical_structural,1GCO,365_only,1044,0.43980496810972197,0.433254311886089,0.9048647025224689
classical_structural,1GK7,small,39,0.6394794882246909,0.2879700393383805,0.7862090056737996
classical_structural,1GVD,small,52,0.6767178212357268,0.6197519798214355,0.7478009358416369
classical_structural,1GXU,medium,88,0.6362249828211134,0.5023048982276372,0.7808358111803321
classical_structural,1H6V,365_only,2927,0.38039701533216513,0.38525246754176895,0.930630760645939
classical_structural,1HJE,small,13,0.8171757896948263,0.5054945054945055,0.6961192713817732
classical_structural,1I71,medium,83,0.5674468537263303,0.4978563298051976,0.8347639893138074
classical_structural,1IDP,365_only,441,0.6195801000810448,0.6601841802499421,0.7951204436404338
classical_structural,1IFR,large,113,0.7114310522587101,0.7314389323992504,0.7279669720871996
classical_structural,1KMM,365_only,1499,0.5783598396027205,0.6145691927091278,0.8182298242584206
classical_structural,1KNG,365_only,144,0.5412320105840129,0.40979870870475,0.8428855677117181
classical_structural,1KYC,small,15,0.5449550637293918,0.6142857142857142,0.8824806151777663
classical_structural,1LR7,medium,73,0.5831968973235881,0.5607534304855696,0.814223536584441
classical_structural,1MF7,365_only,194,0.6462775762699532,0.695294231260497,0.7780895508700243
classical_structural,1N7E,medium,95,0.5077746936168431,0.6448975878461617,0.8650441946312418
classical_structural,1NKD,365_only,59,0.7937904302917487,0.7576421779263329,0.7541280589938301
classical_structural,1NNX,medium,93,0.6989782025121809,0.6786454992474438,0.7171928206077385
classical_structural,1NOA,medium,113,0.3896120456590969,0.4135764219883461,0.9363692479039379
classical_structural,1NOT,small,13,0.9413812957321209,0.5604395604395606,0.6418153203672486
classical_structural,1O06,small,20,0.8980051510343879,0.7368421052631579,0.5654037887107116
classical_structural,1O08,large,221,0.45747725976238,0.5801115952676617,0.889800310434459
classical_structural,1OPD,medium,85,0.5774032006899077,0.5578979768386736,0.8336043409150108
classical_structural,1P9I,small,29,0.7270436817836327,0.5241379310344827,0.7237741504620306
classical_structural,1PEF,small,18,0.674502795573736,0.5706914344685242,0.7443741769160375
classical_structural,1PEN,small,16,0.4019428574563903,0.37821938127562965,0.9188487443105872
classical_structural,1PMY,large,123,0.6773134253213017,0.5456433274760221,0.7512575274494431
classical_structural,1Q9B,small,43,0.6714275263064077,0.5587435819993959,0.7736715411766584
classical_structural,1QAU,medium,112,0.4758715935038008,0.4366758139575821,0.8833511563630062
classical_structural,1QKI,365_only,3912,0.39273601409686254,0.431657594078568,1.1831575684595999
classical_structural,1QTO,large,122,0.5048157577474619,0.4746546824426153,0.8702544678512543
classical_structural,1R29,365_only,122,0.7293190742574573,0.5751432909948969,0.703696818678048
classical_structural,1R7J,medium,90,0.7233903158826008,0.4915584897318359,0.7173982658053414
classical_structural,1RJU,small,36,0.199075867016397,0.26949806949806954,1.0275934387598231
classical_structural,1SAU,365_only,114,0.3706269443338347,0.45819360074199006,0.9386376755809228
classical_structural,1TGR,365_only,104,0.6965250956219925,0.6454761987526504,0.7514287187877134
classical_structural,1TZV,365_only,141,0.8252293267584768,0.6989349849771199,0.6237490854194938
classical_structural,1U06,small,55,0.3955539691150418,0.21100669207422668,0.9333275259149819
classical_structural,1UKU,large,102,0.6744748864883072,0.572355103203948,0.770072375804396
classical_structural,1ULR,medium,87,0.45232591117383825,0.5099216746349391,0.8972553459013359
classical_structural,1UOY,small,64,0.469991247142408,0.4218683822206592,0.8848662610426785
classical_structural,1USE,small,40,0.1843258528715358,-0.016510318949343343,1.0490201371860703
classical_structural,1USM,medium,77,0.8400458738036721,0.611392629703447,0.6154463072683565
classical_structural,1UTG,365_only,70,0.6374431768010227,0.5269576324025664,0.7852683371132715
classical_structural,1V05,medium,96,0.5405721813198674,0.5633011842784166,0.8426248629629772
classical_structural,1V70,large,105,0.5846361054307286,0.6418337516152941,0.8134903863264499
classical_structural,1W2L,medium,97,0.5465687671405912,0.3731352115534807,0.843078998707926
classical_structural,1WBE,large,204,0.5780470764191104,0.5589034144551441,0.8237924426314125
classical_structural,1WHI,large,122,0.574658138566739,0.5945069815172653,0.8205195349230361
classical_structural,1WLY,365_only,322,0.5838107371249948,0.5989555552101539,0.8177657525684778
classical_structural,1WPA,large,107,0.6319102367625161,0.3534693258034302,0.7901655216977829
classical_structural,1X3O,medium,80,0.28648254451714195,0.30635435041753445,0.9890848711799226
classical_structural,1XY2,small,8,0.4689255355261032,0.12123216124221799,0.8948615565635477
classical_structural,1YJO,small,6,0.35314657327143306,0.028571428571428574,1.0755129536634547
classical_structural,1YZM,small,46,0.8935294585630661,0.6945232528319596,0.6238073840498691
classical_structural,1Z21,medium,96,0.5562695105941735,0.5499038582473094,0.8321306959515665
classical_structural,1ZVA,medium,75,0.3502215926520573,0.39529987545503154,0.9785102850273099
classical_structural,2A50,365_only,457,0.48696059376492046,0.5279440701817324,0.8770702974049237
classical_structural,2AGK,large,233,0.4904546849579831,0.5084482944296941,0.8723398315200147
classical_structural,2B0A,365_only,186,0.5898965486124088,0.5968132512692558,0.8090239508333832
classical_structural,2BCM,365_only,413,0.5654062839502126,0.5469342076019412,0.8254861619870363
classical_structural,2BRF,medium,100,0.709351288879626,0.6440435903456839,0.7337944342832081
classical_structural,2C71,large,205,0.7030971071462869,0.630173794463205,0.7542474822193604
classical_structural,2CE0,medium,99,0.6317835291321706,0.5297269886488937,0.7834431139848814
classical_structural,2CG7,large,90,0.40806377508017155,0.39662666086080284,0.9307132452364776
classical_structural,2COV,365_only,534,0.6394624997915949,0.5648793550221153,0.7755589137068085
classical_structural,2CWS,large,227,0.5845640721890014,0.686587261663423,0.8223037541738393
classical_structural,2D5W,365_only,1214,0.5610952422342321,0.5662319356413744,0.8295889358668136
classical_structural,2DPL,365_only,565,0.3821595256632817,0.43609418628624874,0.9335115279338166
classical_structural,2DSX,small,52,0.4576685322120117,0.23313197768133984,0.8900227538468519
classical_structural,2E10,365_only,439,0.6724708589894877,0.6882785172203321,0.7464658694685676
classical_structural,2E3H,medium,81,0.5883131271124667,0.602978872710686,0.8105284275065996
classical_structural,2EAQ,medium,89,0.6790612990704925,0.4322833540106457,0.7457865639027833
classical_structural,2EHS,medium,75,0.5962539160291626,0.5946457275954055,0.8088348444772245
classical_structural,2ERW,365_only,53,0.488430290052366,0.130833585563326,0.8726772602303394
classical_structural,2ETX,365_only,389,0.34772884441262025,0.36311191018287764,0.9591348060924432
classical_structural,2FN9,365_only,560,0.5430760793926104,0.4890769230079539,0.8404851587838127
classical_structural,2FQ3,medium,85,0.7724273070139425,0.767578659370725,0.6835813859392956
classical_structural,2G69,365_only,99,0.4103938050248226,0.38554350986210284,0.9344515724920106
classical_structural,2G7O,365_only,68,0.7561162093215257,0.3850698131344176,0.681584675772097
classical_structural,2GKG,365_only,122,0.7115580362456386,0.5381689606662298,0.71736745081793
classical_structural,2GOM,365_only,121,0.5150128092806929,0.488223887565664,0.8579018169997993
classical_structural,2GXG,365_only,140,0.5788033509547381,0.5974680001443283,0.8177826106969441
classical_structural,2HQK,large,213,0.7303782299377787,0.6330758226704912,0.7182620433744193
classical_structural,2I24,large,113,0.46152115442210984,0.33554716426618414,0.889756582131074
classical_structural,2I49,365_only,398,0.5911780242686703,0.5602497721090437,0.813624710735596
classical_structural,2IBL,365_only,108,0.6592563029675282,0.6412282101997328,0.7910059329815363
classical_structural,2IGD,365_only,61,0.5021621385384663,0.6505724638039381,0.8710015958911713
classical_structural,2IMF,large,203,0.5810549035054641,0.5541743159284793,0.8210917218366651
classical_structural,2IP6,medium,87,0.8455828236700704,0.6145588423934321,0.5893190615966506
classical_structural,2IVY,365_only,88,0.4808537639873377,0.36070886079095954,0.8861633253926345
classical_structural,2J9W,365_only,200,0.6110687914727799,0.5938696053735002,0.7998650904712115
classical_structural,2JKU,small,35,0.7236203455868426,0.2490370480229985,0.7345522471445181
classical_structural,2JLI,365_only,100,0.6511163472819009,0.5089575839799002,0.763496141224037
classical_structural,2JLJ,365_only,115,0.6839792236845481,0.5436080748102209,0.7506650018066496
classical_structural,2NLS,small,36,0.20090522964632304,0.2913770913770914,1.0323754101696434
classical_structural,2NUH,medium,104,0.49555983900854605,0.5177347338985926,0.8811645119932929
classical_structural,2O6X,365_only,306,0.6606541497442583,0.6873730070955391,0.7606405509054701
classical_structural,2OHW,365_only,256,0.6030615401151527,0.6507882550518966,0.8039968993975146
classical_structural,2OKT,365_only,342,0.37350315823297275,0.3608154309679032,0.9365872099584487
classical_structural,2OL9,small,6,0.8648842682242261,0.6,0.5822628078612289
classical_structural,2PMR,365_only,76,0.6731277706282487,0.6971523876575932,0.7672675748540797
classical_structural,2PPN,large,107,0.4428229542469674,0.5811293029349878,0.9003945570209817
classical_structural,2PSF,365_only,608,0.38160450798737333,0.4049593511598843,0.9354818459121319
classical_structural,2PTH,365_only,193,0.5799753064727667,0.6647795726524036,0.8207067936491907
classical_structural,2Q52,365_only,412,0.6399109881860041,0.6006626398675593,0.7850660533924877
classical_structural,2QJL,medium,99,0.5763478686440323,0.6015380764317307,0.8249597712121461
classical_structural,2R6Q,365_only,138,0.5069353417512079,0.418150351847539,0.8686914949662007
classical_structural,2RB8,medium,93,0.4988474947091084,0.41663216249977225,0.8743793775954041
classical_structural,2V9V,large,135,0.5677070790644477,0.47607863807132567,0.8257730629565753
classical_structural,2VE8,365_only,515,0.6318850229401891,0.638205319820223,0.7964541698800809
classical_structural,2VH7,365_only,94,0.6599893787371838,0.5722552959180197,0.766912093186423
classical_structural,2VIM,large,104,0.3983271628583792,0.35322045473529295,0.9273298445936673
classical_structural,2VPA,large,204,0.6354588045883988,0.6992553527078157,0.7954822827464411
classical_structural,2VQ4,365_only,106,0.7662203287605481,0.7337080154671476,0.6696581368135136
classical_structural,2VY8,365_only,149,0.7401618132551187,0.7025598934065712,0.6834750536656531
classical_structural,2W1V,365_only,548,0.6874406277564681,0.6181390927196273,0.7530031745846969
classical_structural,2W2A,365_only,350,0.6142850449595963,0.6287925679890263,0.7904236794879234
classical_structural,2W6A,365_only,117,0.837168021243541,0.5506040415465148,0.6132696364326955
classical_structural,2WJ5,365_only,96,0.5008938470646273,0.49606440752872016,0.8740078735263028
classical_structural,2WUJ,365_only,100,0.5662060677757775,0.38118440555385075,0.8369144156202069
classical_structural,2WWE,365_only,111,0.343136477319628,0.4415612908152779,0.9611689064873202
classical_structural,2X1Q,365_only,240,0.3975289970636627,0.3297962313099281,0.930264832382723
classical_structural,2X3M,365_only,166,0.6185127747056023,0.585765134394606,0.797681814617647
classical_structural,2X5Y,365_only,171,0.6870853099291316,0.6154007693830612,0.7596621680013559
classical_structural,2XHF,365_only,310,0.5866990114145679,0.5563129304685255,0.8126486320258309
classical_structural,2Y0T,365_only,101,0.733746971752582,0.6662628534872166,0.7208499238540904
classical_structural,2Y72,365_only,170,0.6653740721090926,0.6477192995844592,0.7600573311805757
classical_structural,2Y7L,365_only,319,0.606348342065803,0.5437185548868807,0.7969380561178996
classical_structural,2Y9F,365_only,149,0.7168246241396641,0.7676479284419576,0.705922319888219
classical_structural,2YLB,365_only,400,0.741457353328498,0.7203587732204095,0.6843125551672866
classical_structural,2YNY,365_only,315,0.45421616871916953,0.38595344479579263,0.8909454287477769
classical_structural,2ZU1,365_only,360,0.6024953420478955,0.6419966407832004,0.8076810918681407
classical_structural,3A7L,365_only,128,0.6533395023809246,0.5596296413437962,0.7635454098916583
classical_structural,3AMC,365_only,614,0.5935539298722058,0.6404226668133133,0.809622492956714
classical_structural,3AUB,365_only,116,0.4775250872351078,0.5283787733410321,0.8789307416953509
classical_structural,3BA1,365_only,312,0.5597377158329869,0.4827315212869642,0.8311826051039993
classical_structural,3BZQ,medium,99,0.497377045621584,0.47858057255443665,0.8678298365180706
classical_structural,3BZZ,365_only,100,0.5082879204449162,0.43484261605243674,0.8637999411411282
classical_structural,3DRF,365_only,547,0.49342793478083313,0.4473630194957326,0.8706963594759876
classical_structural,3E5T,365_only,228,0.42237243737403773,0.3145519822882146,0.9149853491527148
classical_structural,3E7R,365_only,40,0.6486110718243,0.641178408563691,0.7765317773327647
classical_structural,3FKE,365_only,250,0.4954999531761307,0.4972647997695582,0.8739379248309008
classical_structural,3FOD,365_only,48,0.46746304909706277,0.4995929009151031,0.8869381913328973
classical_structural,3FSO,365_only,221,0.7137840740085433,0.5839798524629889,0.7137750790197804
classical_structural,3FTD,365_only,240,0.6312318455716268,0.6272101154922981,0.7849838595594177
classical_structural,3G1S,365_only,418,0.5842655018544833,0.6156948774290688,0.8147387418666944
classical_structural,3HFO,365_only,197,0.5978738342978013,0.6208139810857068,0.8049964509922675
classical_structural,3HHP,365_only,1234,0.5826313686192728,0.645018087701267,0.8165535759428895
classical_structural,3HNY,365_only,156,0.5707830812481528,0.6317798398687287,0.8295916351368303
classical_structural,3HYD,365_only,7,0.9838210539077827,0.9642857142857145,0.3811547231256697
classical_structural,3HZ8,365_only,192,0.5487581445969497,0.4843831528833397,0.8360420406601063
classical_structural,3I2Z,365_only,138,0.5078130203066336,0.5413157711570157,0.8651228980836745
classical_structural,3I4O,365_only,135,0.6645065322247967,0.5800993339563143,0.7518801065449674
classical_structural,3K6Y,365_only,227,0.5853941963883008,0.555367555504409,0.8108890194015292
classical_structural,3KBE,365_only,140,0.6242511153280763,0.560208525370847,0.7832793660379787
classical_structural,3KGK,365_only,190,0.6071285443429953,0.6169754616129516,0.7962405039291042
classical_structural,3KZD,365_only,85,0.4812776212895473,0.5222574548793238,0.8835220252134491
classical_structural,3LAA,365_only,169,0.6274659323863123,0.47411678202976626,0.8162878949385137
classical_structural,3M8J,365_only,178,0.6115491449359535,0.5784282329627822,0.7931749911491797
classical_structural,3M9J,365_only,210,0.4353576058781072,0.38849064892349955,0.9067985296631569
classical_structural,3M9Q,365_only,176,0.5188098284995548,0.5312024160705007,0.8660502692946996
classical_structural,3MAB,365_only,173,0.5673160481294633,0.5489561888524263,0.8360600144154269
classical_structural,3MD4,365_only,12,0.6605092162327714,0.5429080129622184,0.7677359388630522
classical_structural,3MRE,365_only,383,0.5874728251055256,0.6509753069412305,0.8121051480006759
classical_structural,3N11,365_only,325,0.39776106198023553,0.4175738664990644,0.926174086298212
classical_structural,3NE0,365_only,208,0.5696480528336992,0.5919070042019461,0.8275002374900348
classical_structural,3NGG,365_only,94,0.7171129208711968,0.6694192784141645,0.7384067144386534
classical_structural,3NPV,365_only,495,0.5360959126756605,0.48914817125580595,0.8446595191485304
classical_structural,3NVG,365_only,6,0.7421440388112512,0.5428571428571429,0.6869749254907278
classical_structural,3O0P,365_only,194,0.6864563206938658,0.7275990523283622,0.7346070861217217
classical_structural,3O5P,365_only,128,0.621340763270186,0.5187090572916812,0.7839640966376182
classical_structural,3OBQ,365_only,150,0.6167056115348065,0.34254505113630634,0.7904048387003385
classical_structural,3P6J,365_only,125,0.6922911101954001,0.7110868747281529,0.7357221264092669
classical_structural,3PD7,365_only,188,0.5966455427686836,0.621742601187666,0.8051178833734991
classical_structural,3PID,365_only,387,0.47061967530050425,0.42322679356282006,0.8871547040567755
classical_structural,3PIW,365_only,154,0.7630230561213542,0.7011225913232301,0.6844882991167885
classical_structural,3PKV,365_only,221,0.48229797543166614,0.5149830649489024,0.8775994888944372
classical_structural,3PSM,365_only,94,0.6878509159133388,0.7181912104381635,0.7343195076828282
classical_structural,3PTL,365_only,289,0.5780435523718663,0.6401920129474719,0.8251382854286416
classical_structural,3PVE,365_only,347,0.6803427459470052,0.6893957632843937,0.7466189149964179
classical_structural,3PZ9,365_only,357,0.6963469832292329,0.6352631014364367,0.7470371894384623
classical_structural,3PZZ,365_only,12,0.6163194420356051,0.6363636363636365,0.8162326994345966
classical_structural,3Q2X,365_only,6,0.8736340584663984,0.6571428571428573,0.5763238311730238
classical_structural,3Q6L,365_only,131,0.6697950907266338,0.6019143048083466,0.7738760591093974
classical_structural,3QDS,365_only,284,0.5657788183811827,0.5998117936688332,0.8266652629407475
classical_structural,3R87,365_only,132,0.4302623256416284,0.3417844368659065,0.9139499403326392
classical_structural,3RQ9,365_only,162,0.2633914299782062,0.41978934535448825,0.9995161087227806
classical_structural,3RY0,365_only,128,0.5978255720089792,0.46188510812222155,0.8099222712480402
classical_structural,3RZY,365_only,139,0.7397091109162002,0.6040433854798315,0.6860189830841454
classical_structural,3S0A,365_only,119,0.5183887519148449,0.5215177433385583,0.8576161519718433
classical_structural,3SEB,large,238,0.5375719875087218,0.6757989485702497,0.8435131471310084
classical_structural,3SED,365_only,124,0.6055355481867968,0.5702191674018062,0.8010050072324261
classical_structural,3SO6,365_only,150,0.6105474547563544,0.625289126032975,0.799762503040199
classical_structural,3SR3,365_only,637,0.4894652670818118,0.5242605186495088,0.8742250776474294
classical_structural,3SUK,365_only,248,0.5812264096860705,0.6074772329490962,0.8228233353199357
classical_structural,3SZH,365_only,697,0.7057537090626493,0.7234927551779669,0.7205929698298456
classical_structural,3T0H,365_only,208,0.6319642080630168,0.7123677593007706,0.7872292632026506
classical_structural,3T3K,365_only,122,0.7529440633619235,0.6823510363286234,0.6676316876981464
classical_structural,3T47,365_only,141,0.6230374529435592,0.5504190078979554,0.7832182524235911
classical_structural,3TDN,365_only,357,0.5128198536397897,0.5137930613866447,0.8589316208859105
classical_structural,3TOW,365_only,152,0.5683243840127045,0.6155372088120378,0.8253220050628599
classical_structural,3TUA,365_only,210,0.5385146559346545,0.6694979935017455,0.847630428267105
classical_structural,3UCI,365_only,72,0.6135840060375456,0.5940574956588849,0.8182526938203655
classical_structural,3UR8,365_only,637,0.6415166677179898,0.6143519375265609,0.7766329326378438
classical_structural,3US6,365_only,148,0.7112911718419601,0.39608158884606764,0.7348053759665237
classical_structural,3V1A,365_only,48,0.5659484667919087,0.3844859429889286,0.8258810704015668
classical_structural,3VN0,365_only,193,0.7083941907031837,0.5122093513401565,0.7453568165638824
classical_structural,3VOR,365_only,182,0.4606152616587592,0.4820527725784341,0.8903548162136088
classical_structural,3VUB,large,101,0.4948670847870844,0.5597586474098862,0.872531770042685
classical_structural,3VVV,365_only,108,0.6746367992937385,0.5575628241035755,0.744592971429786
classical_structural,3VZ9,365_only,163,0.6791528144112755,0.6023929123235796,0.7439603424252111
classical_structural,3ZBD,365_only,213,0.5516438319425055,0.45359282087990593,0.8361300009394874
classical_structural,3ZIT,365_only,152,0.32373051486112675,0.34649270811313015,0.9773704802195495
classical_structural,3ZRX,365_only,221,0.5101151297108205,0.5241635439851313,0.8614782501883385
classical_structural,3ZSL,365_only,138,0.6295986534232622,0.44283833912719345,0.7815278834215894
classical_structural,3ZZP,365_only,74,0.6309293012687677,0.5363614150471502,0.795323030686917
classical_structural,3ZZY,365_only,226,0.5866600638384258,0.5520131821082985,0.8109888314979065
classical_structural,4A02,365_only,166,0.3641646014465668,0.48209085616476105,0.9425272565840291
classical_structural,4ACJ,365_only,167,0.5987009248413602,0.6619732556686676,0.8061430322108705
classical_structural,4AE7,365_only,186,0.6663338121480935,0.6392783179376447,0.7459127416759134
classical_structural,4AM1,365_only,345,0.46836819978859573,0.4924249248563795,0.8837260645973717
classical_structural,4ANN,365_only,176,0.478875774343993,0.4787884157530336,0.8801785760435654
classical_structural,4AVR,365_only,188,0.5883195548143809,0.6588143824568742,0.8140384307650438
classical_structural,4AXY,365_only,54,0.439312467971077,0.33132576070423175,0.9047726281161668
classical_structural,4B6G,365_only,558,0.6420693606547065,0.6620752888810743,0.7768716128199379
classical_structural,4B9G,365_only,292,0.5936123942013062,0.693318391599221,0.8061956242157915
classical_structural,4DD5,365_only,387,0.5230888147520203,0.5890533084135974,0.8558160173197354
classical_structural,4DKN,365_only,423,0.5998819431038211,0.6075445802276015,0.801708735881464
classical_structural,4DQ7,365_only,328,0.5936206347663207,0.5996622112780585,0.8111251736840237
classical_structural,4DT4,365_only,160,0.6277730290256768,0.55140089713454,0.7916486831670151
classical_structural,4EK3,365_only,287,0.4834174257690353,0.5192598478263174,0.8817625777723993
classical_structural,4ERY,365_only,318,0.5900877925482592,0.6365043721533845,0.8122655917367022
classical_structural,4ES1,365_only,95,0.6625564180041005,0.6672265909971442,0.7602050623001961
classical_structural,4EUG,365_only,225,0.4928139701272756,0.573036022070078,0.8707853108892286
classical_structural,4F01,365_only,448,0.2647706470820747,0.4344757271428486,1.01575427158757
classical_structural,4F3J,365_only,143,0.6057300384708579,0.6275621071825057,0.7958239469948537
classical_structural,4G2E,365_only,151,0.6468651211749197,0.6685692028114499,0.7662684313668234
classical_structural,4G5X,365_only,550,0.6672357292397189,0.6044571464214078,0.749448279459649
classical_structural,4G6C,365_only,658,0.5313587027914325,0.5232150762101184,0.8487112978266513
classical_structural,4G7X,365_only,194,0.3005105437498884,0.29117073377891645,0.9806584846469493
classical_structural,4GA2,365_only,144,0.48038000998581315,0.4637427206159171,0.8855465402386025
classical_structural,4GMQ,365_only,92,0.534646925474205,0.625556771419324,0.8494323798113308
classical_structural,4GS3,365_only,90,0.42518450915498995,0.48936686878902724,0.9231559085027754
classical_structural,4HJP,365_only,281,0.6434648716943971,0.7251595411434456,0.7732789717674883
classical_structural,4IL7,365_only,85,0.5723224426494298,0.498822540795172,0.8437581567451524
classical_structural,4J11,365_only,357,0.5710921924604226,0.4835385959282213,0.8296498231875914
classical_structural,4J5O,365_only,220,0.6716993872325245,0.5094504739123609,0.7505296691758716
classical_structural,4J5Q,365_only,146,0.7348117529550656,0.7526110504001815,0.6881587076099424
classical_structural,4J78,365_only,305,0.6395191331918841,0.6462859822047693,0.7783694555415036
classical_structural,4JG2,365_only,185,0.7377641022677746,0.7583026014466885,0.7036930488299853
classical_structural,4JVU,365_only,207,0.6680937189816327,0.7364376796948873,0.7472048878418137
classical_structural,4JYP,365_only,534,0.5697085365562229,0.5803739076584394,0.8233678817263907
classical_structural,4KEF,365_only,133,0.4423028238214259,0.4601637421173973,0.9131896150389512
classical_structural,5CYT,medium,103,0.24684477279076722,0.2568388682285346,0.9932286042814932
classical_structural,6RXN,small,45,0.4534388406513427,0.5098814229249011,0.891414490752143
simple_graph,1ABA,medium,87,0.6469927265107153,0.7266596801686879,0.7647451758643345
simple_graph,1AHO,large,64,0.6032818426626425,0.7134010234101026,0.7984966545695484
simple_graph,1AIE,small,31,0.612077130363753,0.467741935483871,0.8305109645315535
simple_graph,1AKG,small,16,0.4662484116488228,0.7211186646889437,0.8902182570463042
simple_graph,1ATG,large,231,0.522715519661114,0.5698626963022553,0.8589157652191125
simple_graph,1BGF,365_only,124,0.5823731175415231,0.45627253174714827,0.813066059948149
simple_graph,1BX7,small,51,0.5820263245618702,0.26805429864253394,0.868218411172431
simple_graph,1BYI,large,224,0.520504184075358,0.6100534012995793,0.8621516866326143
simple_graph,1CYO,medium,88,0.686952050376202,0.5728287001937205,0.7357294678002457
simple_graph,1DF4,365_only,57,0.905916902254379,0.7706766917293234,0.5328426408608024
simple_graph,1E5K,large,188,0.7513263961028704,0.7409304060273695,0.6710557430129482
simple_graph,1ES5,365_only,260,0.6475836078081791,0.716655833491236,0.7699777851583179
simple_graph,1ETL,small,12,0.8089650772226253,0.6920938334812061,0.7046005729320561
simple_graph,1ETM,small,12,0.6503471145617492,0.4798688889979563,0.8018714851248849
simple_graph,1ETN,small,12,-0.1601172841735087,0.025869917324522363,1.2643845931701776
simple_graph,1EW4,large,106,0.5959796360688827,0.6447670055369938,0.8043738434814903
simple_graph,1F8R,365_only,1932,0.7470050933305942,0.7269234987475105,0.6892962855468938
simple_graph,1FF4,small,65,0.5957543625789928,0.5944339427140549,0.8050657726230537
simple_graph,1FK5,medium,93,0.5580723694395238,0.5230132234506935,0.8317517375766625
simple_graph,1GCO,365_only,1044,0.6393535739607106,0.6325860843569535,0.7721414196892707
simple_graph,1GK7,small,39,0.6446235303498457,0.20922111469681284,0.7894580520572873
simple_graph,1GVD,small,52,0.7358796302382734,0.6270944058118809,0.6951232438222493
simple_graph,1GXU,medium,88,0.6759613392858715,0.6418932306558844,0.7571773940529442
simple_graph,1H6V,365_only,2927,0.4713152326259592,0.5473446796792776,0.9027389685365313
simple_graph,1HJE,small,13,0.5994098518678157,0.5934065934065934,0.834455007399353
simple_graph,1I71,medium,83,0.5594563887480595,0.5606813570042429,0.8292175705664182
simple_graph,1IDP,365_only,441,0.7213828307058895,0.8463830021827176,0.6966205899269983
simple_graph,1IFR,large,113,0.6551918007689147,0.7070068991964258,0.7781320769103832
simple_graph,1KMM,365_only,1499,0.7140714240898062,0.7328579860783181,0.7093576425995944
simple_graph,1KNG,365_only,144,0.5280552601926826,0.4768053822451136,0.8561602242488064
simple_graph,1KYC,small,15,0.7783009530004306,0.7428571428571428,0.6401498103554815
simple_graph,1LR7,medium,73,0.610616913431577,0.6805710892085797,0.8168200092494862
simple_graph,1MF7,365_only,194,0.6862986826502565,0.7596205800741311,0.7548851002920378
simple_graph,1N7E,medium,95,0.5462966915231282,0.6280931001161512,0.8378140291254301
simple_graph,1NKD,365_only,59,0.6768716634842594,0.7377111474404792,0.7873075145304743
simple_graph,1NNX,medium,93,0.7697726599278145,0.8103803286439432,0.6508921923177323
simple_graph,1NOA,medium,113,0.5866266506778759,0.5426867558986941,0.8112407901274166
simple_graph,1NOT,small,13,0.595145361572863,0.5439560439560439,0.826104977433576
simple_graph,1O06,small,20,0.9131265285806154,0.7127819548872181,0.42879651061284757
simple_graph,1O08,large,221,0.35245205045593386,0.6132749648072978,0.9639294236466296
simple_graph,1OPD,medium,85,0.39221571261369287,0.4188118957050948,0.9327326983814632
simple_graph,1P9I,small,29,0.6787822211348993,0.4418719211822659,0.7387966567930031
simple_graph,1PEF,small,18,0.8631977191418552,0.8988648090815273,0.5123531744128919
simple_graph,1PEN,small,16,0.5775718318782108,0.5253864557019448,0.8191483250772472
simple_graph,1PMY,large,123,0.6854141066111958,0.586946427547176,0.749300435939184
simple_graph,1Q9B,small,43,0.7373777657919648,0.708245243128964,0.723611500615433
simple_graph,1QAU,medium,112,0.6542124124863433,0.6264358857330263,0.7653311935208533
simple_graph,1QKI,365_only,3912,0.4715603054230209,0.5420363022475566,0.9729787931483489
simple_graph,1QTO,large,122,0.6047313911486331,0.5855131848554869,0.7972794460587197
simple_graph,1R29,365_only,122,0.5793143969204885,0.5546257086256371,0.8172790223251883
simple_graph,1R7J,medium,90,0.7207176267360882,0.5430307121896893,0.6983202320688793
simple_graph,1RJU,small,36,0.38655229955360537,0.1861003861003861,0.9286464778629524
simple_graph,1SAU,365_only,114,0.6211848148308722,0.6218469017070991,0.7993521830797299
simple_graph,1TGR,365_only,104,0.7019412053021271,0.6453108288174328,0.7282328057733229
simple_graph,1TZV,365_only,141,0.8107012102902424,0.7600253865722365,0.6142094032376695
simple_graph,1U06,small,55,0.5115350403171763,0.3098901495841353,0.8630637846634305
simple_graph,1UKU,large,102,0.7246556419923963,0.5356460277156596,0.6962197007745025
simple_graph,1ULR,medium,87,0.5752947466879493,0.6213633816745894,0.8355199002732968
simple_graph,1UOY,small,64,0.7010066153753367,0.6163074211418107,0.735520434497024
simple_graph,1USE,small,40,0.043966778333644596,-0.32251407129455917,1.1891366709623794
simple_graph,1USM,medium,77,0.8337819794070919,0.7189042464549195,0.5817009958309444
simple_graph,1UTG,365_only,70,0.5653900372110957,0.5052445564409626,0.8260283272007258
simple_graph,1V05,medium,96,0.6034943402474667,0.5698530908431345,0.8141804598752723
simple_graph,1V70,large,105,0.5593661783872731,0.6253187917328332,0.8319516791153767
simple_graph,1W2L,medium,97,0.56027662255366,0.40078898058001616,0.8290315197815606
simple_graph,1WBE,large,204,0.5510445871458062,0.5920491963868473,0.8371465402628032
simple_graph,1WHI,large,122,0.5256733295697539,0.6155101851997941,0.8579264411469106
simple_graph,1WLY,365_only,322,0.6672169430562386,0.7027661720439511,0.7493243919931839
simple_graph,1WPA,large,107,0.5849829482972314,0.37383635355613476,0.8150130275721847
simple_graph,1X3O,medium,80,0.5119910354238468,0.5778749289534824,0.8640973896559435
simple_graph,1XY2,small,8,0.6838079024413389,0.5091750772173156,0.8238760428663562
simple_graph,1YJO,small,6,0.38267873220399984,0.2571428571428572,1.0688429916461804
simple_graph,1YZM,small,46,0.8092599266208601,0.6550511915751926,0.7181291730436479
simple_graph,1Z21,medium,96,0.6271415665761729,0.6279770887847588,0.7804481568661894
simple_graph,1ZVA,medium,75,0.5503184147309848,0.5398884724798243,0.8354911743167059
simple_graph,2A50,365_only,457,0.5403805352711712,0.5994023720436825,0.8597533061973083
simple_graph,2AGK,large,233,0.674146615742033,0.7037800905750224,0.7451851230309615
simple_graph,2B0A,365_only,186,0.6311823415614102,0.6601556635795578,0.7790022073406905
simple_graph,2BCM,365_only,413,0.5668657025499549,0.5092566831552879,0.8263417751204217
simple_graph,2BRF,medium,100,0.7485384645538998,0.6858272729535982,0.7026991728084754
simple_graph,2C71,large,205,0.6294906998708151,0.6775360590620435,0.8069465065739421
simple_graph,2CE0,medium,99,0.5907644254144907,0.5950036025673933,0.8089237605157649
simple_graph,2CG7,large,90,0.4669784611870031,0.4809519107177662,0.8951960153829231
simple_graph,2COV,365_only,534,0.7863359054759732,0.731340138690247,0.6336560459068578
simple_graph,2CWS,large,227,0.6960970885070331,0.7201771365866522,0.7331871067295044
simple_graph,2D5W,365_only,1214,0.6941336385712983,0.6662018310646184,0.7276111004283026
simple_graph,2DPL,365_only,565,0.4519394302189201,0.5110533307901229,0.9112102121145982
simple_graph,2DSX,small,52,0.36445293544433716,0.18612990710321217,0.9330823211334851
simple_graph,2E10,365_only,439,0.7701379033568233,0.7962447245785353,0.644889924820037
simple_graph,2E3H,medium,81,0.6721166597526802,0.6669489711021245,0.7446025321037185
simple_graph,2EAQ,medium,89,0.6940826079960661,0.45621113654301665,0.7393285999746698
simple_graph,2EHS,medium,75,0.6806481638545279,0.6959416208616036,0.7607789023482348
simple_graph,2ERW,365_only,53,0.31103407852860004,0.14518697738475714,0.9978724876387748
simple_graph,2ETX,365_only,389,0.5138510963928415,0.5414353788906328,0.8762061355096937
simple_graph,2FN9,365_only,560,0.5744833780195442,0.56069278935547,0.8200484789317471
simple_graph,2FQ3,medium,85,0.6681054175964072,0.6855774868086769,0.7612531128883067
simple_graph,2G69,365_only,99,0.6060780402099509,0.6261263211395006,0.826713680428224
simple_graph,2G7O,365_only,68,0.7602817904287583,0.42759660720914167,0.6895784789093102
simple_graph,2GKG,365_only,122,0.6965385806337225,0.5403202089524283,0.7363529071543079
simple_graph,2GOM,365_only,121,0.5939930248386521,0.45311994582258736,0.8093097124112407
simple_graph,2GXG,365_only,140,0.7166353268942273,0.6852012818737047,0.7214722753356795
simple_graph,2HQK,large,213,0.7972802261130817,0.7358091780303841,0.6703714772673488
simple_graph,2I24,large,113,0.5113596843479978,0.4715251729420399,0.8608767993295201
simple_graph,2I49,365_only,398,0.666980638596432,0.6641185110878148,0.7537984177683843
simple_graph,2IBL,365_only,108,0.6542658479407784,0.6567713754714112,0.8732113788695244
simple_graph,2IGD,365_only,61,0.5591523788597359,0.5410772364989426,0.8294450723341947
simple_graph,2IMF,large,203,0.6326512727536417,0.6476739144440525,0.7765035894305669
simple_graph,2IP6,medium,87,0.6147578690495247,0.39921081895561966,0.7982925279791057
simple_graph,2IVY,365_only,88,0.5052004785984915,0.43760044032435946,0.8786218124483988
simple_graph,2J9W,365_only,200,0.6929256690329503,0.6808813679989459,0.7303616244607294
simple_graph,2JKU,small,35,0.38568082149870353,0.14314727957227472,1.0128424425934621
simple_graph,2JLI,365_only,100,0.6285374906419795,0.5390092202345143,0.7795911635822299
simple_graph,2JLJ,365_only,115,0.7333513751231427,0.6137384522189469,0.6844072149300472
simple_graph,2NLS,small,36,0.4844235193645042,0.42419562419562423,0.8768694517565759
simple_graph,2NUH,medium,104,0.7020748764394628,0.587617427005159,0.7248076769839613
simple_graph,2O6X,365_only,306,0.7835648808160702,0.7918814582829095,0.6298233154721707
simple_graph,2OHW,365_only,256,0.6004435721060972,0.6645311070399075,0.8091865308588891
simple_graph,2OKT,365_only,342,0.36402539001760614,0.36946850471853654,0.9761445365933129
simple_graph,2OL9,small,6,0.9215675227988533,0.8285714285714287,0.5275815688010848
simple_graph,2PMR,365_only,76,0.6445462413417137,0.7287864496436249,0.7762750380893587
simple_graph,2PPN,large,107,0.6289372847248148,0.730228628216203,0.797929994762683
simple_graph,2PSF,365_only,608,0.48608120212962586,0.4595654454485056,0.8813572294302685
simple_graph,2PTH,365_only,193,0.7310434793287096,0.7941903210772592,0.6980685388650939
simple_graph,2Q52,365_only,412,0.7442409974930473,0.7335748899544934,0.680981204832918
simple_graph,2QJL,medium,99,0.6003765058701063,0.6619541053489431,0.8157360247229228
simple_graph,2R6Q,365_only,138,0.5323934236053074,0.41268214053472035,0.856173133739489
simple_graph,2RB8,medium,93,0.6277689819640556,0.5364383419501151,0.7813591050082711
simple_graph,2V9V,large,135,0.5372328759912756,0.4465857460633723,0.8443778859524551
simple_graph,2VE8,365_only,515,0.7133837224421758,0.6224512180835915,0.7081250725825874
simple_graph,2VH7,365_only,94,0.7107448517706559,0.707554258467501,0.7197868903305544
simple_graph,2VIM,large,104,0.3639708758790056,0.3779566623138647,0.9438924287329049
simple_graph,2VPA,large,204,0.7566328897903947,0.7676956219028268,0.7569550061426695
simple_graph,2VQ4,365_only,106,0.6787370533718668,0.7617965586272245,0.7359119065333526
simple_graph,2VY8,365_only,149,0.7504351777830592,0.7441167801810514,0.6707180630991239
simple_graph,2W1V,365_only,548,0.6868132091078324,0.7485057992347673,0.7367434598361376
simple_graph,2W2A,365_only,350,0.6438492370750936,0.682746436417518,0.7654235770255844
simple_graph,2W6A,365_only,117,0.7911194361141229,0.5230442415327958,0.6314702947010551
simple_graph,2WJ5,365_only,96,0.5170762773728235,0.5292108807655171,0.9082105361715639
simple_graph,2WUJ,365_only,100,0.5052835855247247,0.256923233867415,0.8673366609494355
simple_graph,2WWE,365_only,111,0.5622329214569279,0.5054757498000169,0.8278385538477078
simple_graph,2X1Q,365_only,240,0.44499218453177497,0.39465595569353146,0.9136816280657746
simple_graph,2X3M,365_only,166,0.7170306373798256,0.5928131106105838,0.7366910930588781
simple_graph,2X5Y,365_only,171,0.7220195877781674,0.6989752541230307,0.7098027473136135
simple_graph,2XHF,365_only,310,0.5989595578768955,0.6374625058149336,0.8015010343447576
simple_graph,2Y0T,365_only,101,0.7766021574783981,0.7428165398042407,0.6499433086328769
simple_graph,2Y72,365_only,170,0.744962458293739,0.7187383403874706,0.691457006251309
simple_graph,2Y7L,365_only,319,0.7140338379522075,0.6681966722286157,0.7112991656772852
simple_graph,2Y9F,365_only,149,0.7701342512494063,0.8516643479049437,0.6399503380758492
simple_graph,2YLB,365_only,400,0.755059376156221,0.7998998928551203,0.6569799985049403
simple_graph,2YNY,365_only,315,0.7028675326097983,0.6466854199096549,0.7239234720850081
simple_graph,2ZU1,365_only,360,0.7057613577065542,0.7509216456763222,0.7113678402991165
simple_graph,3A7L,365_only,128,0.6892128823209968,0.5803879267773523,0.7400483107583168
simple_graph,3AMC,365_only,614,0.7000712335826177,0.7535645683082253,0.7295708898657227
simple_graph,3AUB,365_only,116,0.6045870661959226,0.651812212810444,0.7999110085374428
simple_graph,3BA1,365_only,312,0.640836454100811,0.5593738541695555,0.7686784341474915
simple_graph,3BZQ,medium,99,0.546063746341075,0.529619849236159,0.8419307775653625
simple_graph,3BZZ,365_only,100,0.4533893337640142,0.42193505423461025,0.9187187453301647
simple_graph,3DRF,365_only,547,0.5281745076254611,0.5289658088815388,0.8509192190463244
simple_graph,3E5T,365_only,228,0.5230342607836619,0.41610836785390554,0.8564151791417579
simple_graph,3E7R,365_only,40,0.6297472843254921,0.7322794086683653,0.8435799752191121
simple_graph,3FKE,365_only,250,0.509393652466774,0.5224442711856888,0.8691993014549663
simple_graph,3FOD,365_only,48,0.4044319272497916,0.4718558330785519,1.0360765977310964
simple_graph,3FSO,365_only,221,0.8148255883703234,0.5842433426461783,0.6069660032306297
simple_graph,3FTD,365_only,240,0.7052559192034756,0.6699228108959322,0.7239778986758101
simple_graph,3G1S,365_only,418,0.6279541800381749,0.6909624861825883,0.7836938742106825
simple_graph,3HFO,365_only,197,0.6472478537352124,0.6715681119743111,0.7723405208823898
simple_graph,3HHP,365_only,1234,0.7482929379436237,0.7939846910401198,0.6702260167956602
simple_graph,3HNY,365_only,156,0.7054873969733086,0.731332078444893,0.7150976239481883
simple_graph,3HYD,365_only,7,0.8053342611789752,0.5357142857142858,0.8492746542920616
simple_graph,3HZ8,365_only,192,0.47744917228486483,0.447720958042155,0.8946707481620848
simple_graph,3I2Z,365_only,138,0.5732991340664971,0.5891916760087442,0.8255964377533964
simple_graph,3I4O,365_only,135,0.7388794695406987,0.7129769299744421,0.6746410491979824
simple_graph,3K6Y,365_only,227,0.6227213105409949,0.6200826636050566,0.7854004985129597
simple_graph,3KBE,365_only,140,0.704497738218823,0.681481675876305,0.7101626323526883
simple_graph,3KGK,365_only,190,0.775402004379561,0.7580525865019803,0.6430461575792147
simple_graph,3KZD,365_only,85,0.6367119039739416,0.6483903596351954,0.7741298903681788
simple_graph,3LAA,365_only,169,0.6229029546572842,0.5211314091512359,0.8496567627102751
simple_graph,3M8J,365_only,178,0.7012640971541688,0.7277617422000919,0.7170309666870789
simple_graph,3M9J,365_only,210,0.4910031163603326,0.5088062001091552,0.8750295913898336
simple_graph,3M9Q,365_only,176,0.47057131160610993,0.5151622043795067,0.9325011980868777
simple_graph,3MAB,365_only,173,0.6486551238390179,0.575274982204887,0.76257528001582
simple_graph,3MD4,365_only,12,0.7883879039913104,0.8441343943477073,0.7184622552097476
simple_graph,3MRE,365_only,383,0.6687866124313265,0.7343151593558878,0.7566611304849585
simple_graph,3N11,365_only,325,0.5439877850862742,0.6094419978323931,0.8481452239833116
simple_graph,3NE0,365_only,208,0.6727449373958434,0.6932814852949634,0.7463772503293052
simple_graph,3NGG,365_only,94,0.7291568941564972,0.6096565376493873,0.7183779261903933
simple_graph,3NPV,365_only,495,0.602430088353788,0.5649104968465962,0.8038616564424653
simple_graph,3NVG,365_only,6,0.6549507336888468,0.5428571428571429,0.855348599327506
simple_graph,3O0P,365_only,194,0.7245330201820376,0.7247877113079515,0.6893566282932789
simple_graph,3O5P,365_only,128,0.7162816103468961,0.667185508449127,0.7030062621983771
simple_graph,3OBQ,365_only,150,0.6527344701737474,0.3991860928245204,0.7577813827224594
simple_graph,3P6J,365_only,125,0.8066241429177938,0.7778124256176085,0.6186044121952262
simple_graph,3PD7,365_only,188,0.687651943099739,0.7415003766005571,0.727698435331247
simple_graph,3PID,365_only,387,0.5249006669821156,0.4806357552020748,0.8666890983053089
simple_graph,3PIW,365_only,154,0.7456737813624225,0.7189463775104681,0.6911331388780882
simple_graph,3PKV,365_only,221,0.5638169652248521,0.6190832222102669,0.8272493538381229
simple_graph,3PSM,365_only,94,0.8121594468374017,0.8817596613955409,0.5979500311484717
simple_graph,3PTL,365_only,289,0.5221776111850883,0.6207359253038152,0.8900658624479746
simple_graph,3PVE,365_only,347,0.69005306769389,0.7246934600624543,0.7305925851965944
simple_graph,3PZ9,365_only,357,0.6969892920944368,0.6844392299498664,0.7252756506185265
simple_graph,3PZZ,365_only,12,0.8645477535794518,0.7482517482517484,0.6242272594164909
simple_graph,3Q2X,365_only,6,0.8965533334922642,0.7714285714285715,0.575017190662632
simple_graph,3Q6L,365_only,131,0.6227287231415831,0.5949985721158225,0.7910928811630477
simple_graph,3QDS,365_only,284,0.6991611136466294,0.7057474983428192,0.7406142633536247
simple_graph,3R87,365_only,132,0.41567151971765787,0.3421027229215954,0.9149860969808398
simple_graph,3RQ9,365_only,162,0.4900883848268511,0.572017901308489,0.9385139241481455
simple_graph,3RY0,365_only,128,0.6146713813466298,0.5847855165610613,0.7977054220309416
simple_graph,3RZY,365_only,139,0.7198200085625236,0.6445353303333964,0.7114779799573769
simple_graph,3S0A,365_only,119,0.5323270538226258,0.5456740184871207,0.8527031809926049
simple_graph,3SEB,large,238,0.6676126628017907,0.7578323752509787,0.7517883061638246
simple_graph,3SED,365_only,124,0.6808608283438674,0.6637933205061184,0.7690446141210824
simple_graph,3SO6,365_only,150,0.6803265230965955,0.6845597373193223,0.7405919540913782
simple_graph,3SR3,365_only,637,0.5739936529599857,0.5810227516505762,0.8208421193222973
simple_graph,3SUK,365_only,248,0.6437333239054162,0.6452593295486732,0.7764733283783611
simple_graph,3SZH,365_only,697,0.7848159212053204,0.7719843525949233,0.6254925140840613
simple_graph,3T0H,365_only,208,0.7667125748798603,0.797650580153216,0.6564938165446844
simple_graph,3T3K,365_only,122,0.7673326250628976,0.7891730596728971,0.657928791341334
simple_graph,3T47,365_only,141,0.49626687216029,0.49525338473430996,0.8814909522126458
simple_graph,3TDN,365_only,357,0.4821154700122134,0.5007869758488671,0.883339752201544
simple_graph,3TOW,365_only,152,0.5548075506987008,0.6940075112159086,0.8421781842773363
simple_graph,3TUA,365_only,210,0.6399487012107021,0.7804821160515328,0.7773360042099269
simple_graph,3UCI,365_only,72,0.5242275399120864,0.5023152614316034,0.8764347055275341
simple_graph,3UR8,365_only,637,0.6943718038938574,0.654200783473794,0.722666184868882
simple_graph,3US6,365_only,148,0.6134056054693265,0.48228293262098837,0.8053244831719215
simple_graph,3V1A,365_only,48,0.47768188764238584,0.5296384788568369,0.8811058521948093
simple_graph,3VN0,365_only,193,0.8299087978953615,0.6439695227404485,0.6467561733544698
simple_graph,3VOR,365_only,182,0.538982585044014,0.5389119940878156,0.8564797128670262
simple_graph,3VUB,large,101,0.566580292429916,0.6251754524011238,0.8379728106560258
simple_graph,3VVV,365_only,108,0.7217575380271938,0.5634933300071121,0.7218101336688888
simple_graph,3VZ9,365_only,163,0.7547060632747277,0.7348170747733258,0.6646395003110992
simple_graph,3ZBD,365_only,213,0.5401595620844039,0.45147430178186826,0.8537582036597022
simple_graph,3ZIT,365_only,152,0.41603750097965164,0.4334776818057105,0.9246237879240445
simple_graph,3ZRX,365_only,221,0.5881445751500907,0.5986334091118285,0.808802684878731
simple_graph,3ZSL,365_only,138,0.6902752948108917,0.5598387147309876,0.7343456779729742
simple_graph,3ZZP,365_only,74,0.5392168475456323,0.5223514777625986,0.8440966202752863
simple_graph,3ZZY,365_only,226,0.7163831800759118,0.6151199176658922,0.7015285120215489
simple_graph,4A02,365_only,166,0.5067970594798158,0.6364809772183504,0.8793559661833601
simple_graph,4ACJ,365_only,167,0.7596522905501496,0.801902100876494,0.6806325258666893
simple_graph,4AE7,365_only,186,0.7392210004349705,0.6952637865758979,0.6774621964567009
simple_graph,4AM1,365_only,345,0.5799991717215435,0.5854899563642381,0.8150244894568238
simple_graph,4ANN,365_only,176,0.5676107175017535,0.5674230171801679,0.8274052333086325
simple_graph,4AVR,365_only,188,0.6312047917067463,0.7570954103751264,0.8023581208106996
simple_graph,4AXY,365_only,54,0.5828760959116014,0.5575885795893364,0.8306320066165926
simple_graph,4B6G,365_only,558,0.7139808009973542,0.7384075878243499,0.7057027166093068
simple_graph,4B9G,365_only,292,0.7922176750804802,0.7887888756399842,0.6363377713262924
simple_graph,4DD5,365_only,387,0.6199719549493866,0.672353084046058,0.795170491407577
simple_graph,4DKN,365_only,423,0.7102154117304464,0.7031438320816307,0.7241207707650645
simple_graph,4DQ7,365_only,328,0.7200411653152954,0.7225424238067394,0.709354427903766
simple_graph,4DT4,365_only,160,0.7616508155798233,0.7314358792841944,0.7098564859311581
simple_graph,4EK3,365_only,287,0.6706839718159712,0.6906498978021918,0.7484989409603147
simple_graph,4ERY,365_only,318,0.7097796646788086,0.7516840672564099,0.7218655100635614
simple_graph,4ES1,365_only,95,0.7379684951606407,0.6981064067913707,0.7169736698095593
simple_graph,4EUG,365_only,225,0.5758043981361586,0.6228803113427045,0.8176271159279557
simple_graph,4F01,365_only,448,0.3264794230721786,0.5101936077810433,1.017800112204099
simple_graph,4F3J,365_only,143,0.6135091409513443,0.5688642290965165,0.7962538327942172
simple_graph,4G2E,365_only,151,0.7603365219255415,0.7768569115890733,0.6569957799547993
simple_graph,4G5X,365_only,550,0.7351357077610509,0.7376289305880783,0.6922261540613199
simple_graph,4G6C,365_only,658,0.5852279677734223,0.5593419817060795,0.8159032649658384
simple_graph,4G7X,365_only,194,0.633272721485558,0.5512704250800038,0.7853701794832357
simple_graph,4GA2,365_only,144,0.49613705412779846,0.5539408164212265,0.8728378752995972
simple_graph,4GMQ,365_only,92,0.6062815807261228,0.5835272721668233,0.7974550199563176
simple_graph,4GS3,365_only,90,0.4797505895196859,0.6537019431120572,0.9813442727050148
simple_graph,4HJP,365_only,281,0.6939794012201628,0.7740274406198309,0.7305150298206258
simple_graph,4IL7,365_only,85,0.4259331787026614,0.37127585770638705,0.9204197557383718
simple_graph,4J11,365_only,357,0.6292496431264696,0.5158791908171443,0.788893673428553
simple_graph,4J5O,365_only,220,0.7424496847074035,0.6274554552623539,0.6787383205750415
simple_graph,4J5Q,365_only,146,0.7037720196604307,0.7565751039921446,0.7252274332229045
simple_graph,4J78,365_only,305,0.6273769035478084,0.7487263394045065,0.7826817711293337
simple_graph,4JG2,365_only,185,0.7677556638545753,0.8093333517210672,0.6787669380193069
simple_graph,4JVU,365_only,207,0.6926917208156798,0.8047008286891922,0.7292914310953477
simple_graph,4JYP,365_only,534,0.6510056625785082,0.7115900622063615,0.7620429012361297
simple_graph,4KEF,365_only,133,0.4970581207074859,0.4479442971055393,0.8925708317516418
simple_graph,5CYT,medium,103,0.36275086721336824,0.3172169520020852,0.9355434053972171
simple_graph,6RXN,small,45,0.5248324393343846,0.5284584980237153,0.8663165674350604
psl,1ABA,medium,87,0.6100723234135622,0.6937986968894266,0.8233612085631391
psl,1AHO,large,64,0.5494023903797368,0.6697878868099856,0.8615558512914048
psl,1AIE,small,31,0.734653486438733,0.4415322580645162,0.7713508746382376
psl,1AKG,small,16,0.4621087810249291,0.5401031631445762,1.165867630840708
psl,1ATG,large,231,0.5481131960095351,0.5705617005133242,0.839587325068622
psl,1BGF,365_only,124,0.557746506242008,0.408177588133522,0.8427176476901288
psl,1BX7,small,51,0.5877611368354858,0.2981900452488688,0.9613813967563508
psl,1BYI,large,224,0.557817090488543,0.6257294425931749,0.8313133276742908
psl,1CYO,medium,88,0.6980749762670108,0.5419378133467916,0.787447183248443
psl,1DF4,365_only,57,0.9209029077794832,0.8028260305937258,0.5164269292619115
psl,1E5K,large,188,0.7271496961931078,0.7222652154787912,0.7102040241480161
psl,1ES5,365_only,260,0.6269777201414731,0.6574942955217202,0.7958144915410654
psl,1ETL,small,12,0.3383437638079337,0.5963787288508267,1.3307366566610843
psl,1ETM,small,12,0.08750561947136049,0.31466812393308613,1.348458382625712
psl,1ETN,small,12,0.08887269892260946,0.1810894212716566,1.3366789790138627
psl,1EW4,large,106,0.605004613185709,0.6307958949492644,0.824383619342905
psl,1F8R,365_only,1932,0.7071004512723555,0.6164018369657188,0.7538740813584723
psl,1FF4,small,65,0.6070756711719982,0.6145827642714373,0.8438621797563514
psl,1FK5,medium,93,0.49013103160227134,0.49076971859014085,0.8806275792896475
psl,1GCO,365_only,1044,0.5659042859438496,0.5914646206362809,0.8364354141922522
psl,1GK7,small,39,0.8322450407838683,0.6188572304094405,0.6132829304920706
psl,1GVD,small,52,0.672842494391808,0.5421869331665553,0.8565202852752538
psl,1GXU,medium,88,0.619613991293004,0.5596917997186093,0.8128653604749008
psl,1H6V,365_only,2927,0.4699617717598039,0.4640973388677333,0.9006985046600203
psl,1HJE,small,13,0.6755205372440173,0.6978021978021978,1.1595286527018465
psl,1I71,medium,83,0.6773880622146323,0.63959572043719,0.7598154053104256
psl,1IDP,365_only,441,0.6246324143202384,0.745732167420836,0.7919610799346445
psl,1IFR,large,113,0.686426553165746,0.7221194113086069,0.7557150527692529
psl,1KMM,365_only,1499,0.5979041624787174,0.583387152567629,0.8108205087446798
psl,1KNG,365_only,144,0.49907752442530984,0.4948144933043051,0.8676867525889631
psl,1KYC,small,15,0.688317460473269,0.7785714285714285,1.1978398536627772
psl,1LR7,medium,73,0.6290749491153333,0.7038805371718174,0.8608354917917916
psl,1MF7,365_only,194,0.6676906540829376,0.7447248342695942,0.7664715859272797
psl,1N7E,medium,95,0.7071664662838725,0.6898028745082807,0.7642152403165179
psl,1NKD,365_only,59,0.7017764371722499,0.7154129417796192,0.771137336178042
psl,1NNX,medium,93,0.7230269544456417,0.751063099709094,0.7612038157595629
psl,1NOA,medium,113,0.5189331437459753,0.4618503624647785,0.8769840931995809
psl,1NOT,small,13,0.66308920021982,0.5934065934065934,1.190379866853051
psl,1O06,small,20,0.8772110009811037,0.6601503759398496,0.6859082886322962
psl,1O08,large,221,0.3245652030664815,0.5318718948874932,0.9622272155016945
psl,1OPD,medium,85,0.4648648183007741,0.4376804655146311,0.9026889297521189
psl,1P9I,small,29,0.7202878167500621,0.39852216748768465,0.7265032657967067
psl,1PEF,small,18,0.853842459664837,0.87203302373581,0.7733884837039047
psl,1PEN,small,16,0.4633877393198387,0.4665196259314187,1.0997748537679581
psl,1PMY,large,123,0.6708993295923836,0.548709862581625,0.7592303194698439
psl,1Q9B,small,43,0.8468514202354068,0.791150709755361,0.611278262998399
psl,1QAU,medium,112,0.6858533035597978,0.6375620642870121,0.7751873375794432
psl,1QKI,365_only,3912,0.48958944212936095,0.5161935305129014,0.8764177656054981
psl,1QTO,large,122,0.5839020394440002,0.6061264952779112,0.8283480540624726
psl,1R29,365_only,122,0.5497796095084689,0.48806004922052004,0.8482827964635732
psl,1R7J,medium,90,0.7378077276112023,0.581883885066879,0.69175997814314
psl,1RJU,small,36,0.30963579346924125,0.18944658944658946,1.1240121610084692
psl,1SAU,365_only,114,0.5599258758387073,0.5750587283479707,0.8404799082726637
psl,1TGR,365_only,104,0.6395475412621991,0.620569352703261,0.8090983313226526
psl,1TZV,365_only,141,0.8349878443043638,0.7772265942533282,0.6014820092700018
psl,1U06,small,55,0.43069853017101994,0.31851223872856,0.9297626727701849
psl,1UKU,large,102,0.7022018955642328,0.5187220808677782,0.7483678315326237
psl,1ULR,medium,87,0.5282368605567517,0.5763729730021915,0.8564607538441991
psl,1UOY,small,64,0.6608114784448513,0.6625533717624071,0.7656513884458067
psl,1USE,small,40,0.011117967583652126,-0.2660412757973734,1.2732644954865793
psl,1USM,medium,77,0.7994595887328945,0.6709124488317839,0.6635170957172754
psl,1UTG,365_only,70,0.6357242617017614,0.578204690816376,0.8226301802007815
psl,1V05,medium,96,0.5935053127357718,0.5480405323419619,0.8207649201254072
psl,1V70,large,105,0.4676076371757801,0.5364562816057051,0.8949373534751072
psl,1W2L,medium,97,0.40769518620978373,0.22974456754499006,0.9339923867381875
psl,1WBE,large,204,0.55565985365722,0.6113890653957418,0.83572342407556
psl,1WHI,large,122,0.5665062869047158,0.6288172810508863,0.8421659357345984
psl,1WLY,365_only,322,0.5880524837173604,0.6481403936879707,0.8197547039047305
psl,1WPA,large,107,0.568093908069375,0.39871469265088855,0.8291869897167305
psl,1X3O,medium,80,0.6008895979690865,0.5545508353988533,0.8248903561584522
psl,1XY2,small,8,0.7586882033195115,0.30308040310554496,1.754734596709071
psl,1YJO,small,6,0.04416153652266851,-0.14285714285714288,1.2674807302169417
psl,1YZM,small,46,0.8297100673958359,0.6651042321765254,0.7191881158272805
psl,1Z21,medium,96,0.5954671783351303,0.6729042957242135,0.840726844054271
psl,1ZVA,medium,75,0.49532360810163334,0.4891316725797396,0.8814144159813332
psl,2A50,365_only,457,0.4557534211704138,0.5009945483261528,0.9066139709699523
psl,2AGK,large,233,0.6296210262703922,0.6639850449026419,0.7796274284795296
psl,2B0A,365_only,186,0.6318539758136931,0.6299516710053972,0.7923208772128357
psl,2BCM,365_only,413,0.5183994074543958,0.45001523967968676,0.8609366214543873
psl,2BRF,medium,100,0.7487583605012886,0.7126209169065404,0.6956670127695976
psl,2C71,large,205,0.5589438318442698,0.663605202827672,0.8402553375981627
psl,2CE0,medium,99,0.535027837692001,0.5540750728741076,0.8500060103541197
psl,2CG7,large,90,0.5180952557697244,0.5337169294197514,0.8902622589822431
psl,2COV,365_only,534,0.7733273790874735,0.7117900792528798,0.6574819656842953
psl,2CWS,large,227,0.631528859529483,0.6630560877170976,0.7879209899344163
psl,2D5W,365_only,1214,0.6418593203979367,0.5283468860170158,0.8040714539703839
psl,2DPL,365_only,565,0.38301104454128737,0.4601398559529764,0.931087208811661
psl,2DSX,small,52,0.3097210689222663,0.20871309996045972,1.0166772506717325
psl,2E10,365_only,439,0.7631885516726318,0.7479330287327194,0.6757583218282935
psl,2E3H,medium,81,0.7093469980710339,0.6934742599143908,0.7423113003008643
psl,2EAQ,medium,89,0.7035593626964439,0.4388462570104529,0.734120023085706
psl,2EHS,medium,75,0.6729736887335246,0.6016728545822756,0.8026671021661621
psl,2ERW,365_only,53,0.16172098907798346,0.0585021672272376,1.122640574121627
psl,2ETX,365_only,389,0.47634707931877823,0.49608883163193956,0.8830757828884553
psl,2FN9,365_only,560,0.6072488944411137,0.6154285313986859,0.8128587002290231
psl,2FQ3,medium,85,0.6670367233863409,0.6604455735782686,0.8237931059737521
psl,2G69,365_only,99,0.63497869413622,0.6600782936322492,0.8190350737121997
psl,2G7O,365_only,68,0.6845093973477154,0.35741212704183456,0.808228201354364
psl,2GKG,365_only,122,0.700062692153309,0.5020075013791788,0.7376862800696862
psl,2GOM,365_only,121,0.5534562789898407,0.4137550277467445,0.8329288147491943
psl,2GXG,365_only,140,0.6980458544772667,0.6911819534803407,0.7529412912518101
psl,2HQK,large,213,0.7225110381121822,0.6526269319833176,0.7242615323073134
psl,2I24,large,113,0.5830430377954733,0.46907568072226197,0.8162997831941765
psl,2I49,365_only,398,0.5719736928683012,0.5461743713781687,0.8383430361065191
psl,2IBL,365_only,108,0.6338686635175321,0.6219266761265358,0.9259748401311924
psl,2IGD,365_only,61,0.5347330505646166,0.5233348318813015,0.8961296712009724
psl,2IMF,large,203,0.5936075797686646,0.5837482969651258,0.814205191746727
psl,2IP6,medium,87,0.5642069982159014,0.3316747772435623,0.8363674634590995
psl,2IVY,365_only,88,0.5189689603805231,0.39150247664394844,0.9085328825137956
psl,2J9W,365_only,200,0.6786844295652262,0.6638505772709522,0.7511664191678675
psl,2JKU,small,35,0.615064075446944,0.23068842412479101,1.306876574425382
psl,2JLI,365_only,100,0.5143254574995597,0.4871689475500873,0.8771667213944999
psl,2JLJ,365_only,115,0.7131992671421212,0.5520868473025614,0.7171896329952804
psl,2NLS,small,36,0.4792153506713252,0.3678249678249679,0.9285726022652138
psl,2NUH,medium,104,0.5863021924945164,0.4837536075559342,0.8130794255629172
psl,2O6X,365_only,306,0.7536974002179815,0.7104309304167858,0.6877604641857911
psl,2OHW,365_only,256,0.5414289218345034,0.5721195739435421,0.8528122713518095
psl,2OKT,365_only,342,0.3398569437902601,0.32834326764166905,0.9597370425062015
psl,2OL9,small,6,0.7862521906014145,0.6571428571428573,1.157617839994429
psl,2PMR,365_only,76,0.6934514798478567,0.7168382343559017,0.7300629375765388
psl,2PPN,large,107,0.6198748698445111,0.7347105718619309,0.7923544508172397
psl,2PSF,365_only,608,0.4467200122561566,0.4166395558750043,0.8973038871984962
psl,2PTH,365_only,193,0.6798549208126324,0.7426854241052896,0.7507474970032793
psl,2Q52,365_only,412,0.7257829091525021,0.6976921283500506,0.7137329230359062
psl,2QJL,medium,99,0.559515468181315,0.6656276769710973,0.8453672628726978
psl,2R6Q,365_only,138,0.47891327456017657,0.33952911737701297,0.878814006048035
psl,2RB8,medium,93,0.57529369483436,0.47116751163620707,0.8331430680056684
psl,2V9V,large,135,0.5436698267244517,0.39869180632532664,0.8464523400991578
psl,2VE8,365_only,515,0.719714849790055,0.6231693382568854,0.7102398033710031
psl,2VH7,365_only,94,0.685517385756564,0.6736843627857597,0.7509182363522033
psl,2VIM,large,104,0.3807422301194538,0.3936561790064972,0.9291193480245676
psl,2VPA,large,204,0.7442867694023029,0.7272517171110622,0.749272181172088
psl,2VQ4,365_only,106,0.6830877542617705,0.7188601344460273,0.7602678456139104
psl,2VY8,365_only,149,0.7524082176997754,0.7330555014577523,0.7072646166632557
psl,2W1V,365_only,548,0.624257194314278,0.6689697532382588,0.8001614490088084
psl,2W2A,365_only,350,0.5711278998258192,0.5831173882051554,0.8213693104927204
psl,2W6A,365_only,117,0.8213600645585895,0.4435719090299402,0.6129609037558935
psl,2WJ5,365_only,96,0.6042050930094014,0.5122340805789605,0.9124437937694885
psl,2WUJ,365_only,100,0.5004000775687185,0.3651807091617451,0.8819714456507658
psl,2WWE,365_only,111,0.5066312106021399,0.44652368891452543,0.8907485753432529
psl,2X1Q,365_only,240,0.4452295663672704,0.3574036405450874,0.9125834439971604
psl,2X3M,365_only,166,0.6922569076733857,0.5181200412470602,0.7468497210522683
psl,2X5Y,365_only,171,0.6615074986234387,0.6323268675560423,0.7628797343347916
psl,2XHF,365_only,310,0.5431844527194013,0.5597142697760987,0.8455729867685179
psl,2Y0T,365_only,101,0.7867326123816847,0.7243944985823334,0.6333989901493232
psl,2Y72,365_only,170,0.6701747419012813,0.6085446348759916,0.7592210589680431
psl,2Y7L,365_only,319,0.6208017744654981,0.5732138434335737,0.7924301727890106
psl,2Y9F,365_only,149,0.7509925751211612,0.8354444156358902,0.6701783617597016
psl,2YLB,365_only,400,0.7440831398912615,0.8085808457124483,0.6923985147040222
psl,2YNY,365_only,315,0.7269424452951233,0.6600918042835656,0.7281103385523321
psl,2ZU1,365_only,360,0.717176458090598,0.7325721310443074,0.7116767647312883
psl,3A7L,365_only,128,0.6547667380189084,0.5673349566673753,0.7624455070468257
psl,3AMC,365_only,614,0.6193709226710259,0.6791634436868745,0.8125147415606963
psl,3AUB,365_only,116,0.6155237789001742,0.6930733036857771,0.818967244870742
psl,3BA1,365_only,312,0.6385477142568109,0.532703231089737,0.7756775848220778
psl,3BZQ,medium,99,0.607251268289046,0.5879690041485606,0.8371989644803064
psl,3BZZ,365_only,100,0.4899904722082282,0.516878542417618,0.887547507766147
psl,3DRF,365_only,547,0.5234841227923159,0.4851457573702878,0.8571065774516193
psl,3E5T,365_only,228,0.46253053746137507,0.3891789084070864,0.8923040013040218
psl,3E7R,365_only,40,0.6635583917725144,0.756391619818624,0.7704365724358254
psl,3FKE,365_only,250,0.4508520887200382,0.46845183500983417,0.8939264786639374
psl,3FOD,365_only,48,0.5173878323181305,0.5212506114176158,1.4648360310077635
psl,3FSO,365_only,221,0.8171427599333602,0.6140444158967802,0.6173028948994735
psl,3FTD,365_only,240,0.6601371184270604,0.6109541344648176,0.7669050867337204
psl,3G1S,365_only,418,0.6249897269041501,0.703469529815395,0.7992635381661418
psl,3HFO,365_only,197,0.6623145046431804,0.6848440804003453,0.7496012229961091
psl,3HHP,365_only,1234,0.6443467093300526,0.6679839760730863,0.8036822404368267
psl,3HNY,365_only,156,0.6878286798233194,0.6936461499737789,0.7316414677421036
psl,3HYD,365_only,7,0.8867390577724052,0.28571428571428575,0.7513614070285011
psl,3HZ8,365_only,192,0.46254096787124244,0.41402924278853737,0.8951103823831402
psl,3I2Z,365_only,138,0.5593856414982392,0.5578094302084196,0.8501703455695105
psl,3I4O,365_only,135,0.7371972401909651,0.6947880835038599,0.6875616196180035
psl,3K6Y,365_only,227,0.583733768238631,0.5617949517036886,0.8121864640118011
psl,3KBE,365_only,140,0.6950918739146585,0.678468379542139,0.7247710195372454
psl,3KGK,365_only,190,0.7701265826223165,0.7590743456861409,0.658172931925668
psl,3KZD,365_only,85,0.6883445017041125,0.6664582044518679,0.769920477449275
psl,3LAA,365_only,169,0.5557468375841543,0.4766664118612347,0.8919141517849039
psl,3M8J,365_only,178,0.6705507335971188,0.6141279658139666,0.7510009672856437
psl,3M9J,365_only,210,0.5394869155933093,0.5292084397556658,0.8482039470497194
psl,3M9Q,365_only,176,0.4570765577300575,0.516651322426571,0.9573320993608286
psl,3MAB,365_only,173,0.6819283829062001,0.5590104291380125,0.7445323386502507
psl,3MD4,365_only,12,0.6800596030638727,0.7705791151721809,1.490116106551132
psl,3MRE,365_only,383,0.6691732063999731,0.7012252151095373,0.7545610563851981
psl,3N11,365_only,325,0.4911612361636526,0.6019779181911896,0.8787764903194726
psl,3NE0,365_only,208,0.5966743214471033,0.5131433837381485,0.8090312501480623
psl,3NGG,365_only,94,0.7039116959603869,0.5660337827246139,0.747113141739739
psl,3NPV,365_only,495,0.5704045568437645,0.5282897210015751,0.8436530847852242
psl,3NVG,365_only,6,0.3534374348983541,0.3714285714285715,1.305686025660838
psl,3O0P,365_only,194,0.6942409372871545,0.6939245942770994,0.7243251455788731
psl,3O5P,365_only,128,0.6793469127011311,0.6371165377944289,0.7461740955148357
psl,3OBQ,365_only,150,0.6450375008670785,0.3775814618381374,0.7806248856791419
psl,3P6J,365_only,125,0.7333145824984191,0.7282083579965785,0.6970977967638912
psl,3PD7,365_only,188,0.625876905122257,0.7187019709615188,0.7866008432658581
psl,3PID,365_only,387,0.5428906937420623,0.4977438164536545,0.8415511074769733
psl,3PIW,365_only,154,0.7347927578570145,0.6980980185173765,0.7048863263787138
psl,3PKV,365_only,221,0.5048111848669917,0.5347648131095852,0.8670276408501171
psl,3PSM,365_only,94,0.7691696586957175,0.8278629898344968,0.6539038795278098
psl,3PTL,365_only,289,0.5395538931093332,0.620643205060921,0.8721767008141177
psl,3PVE,365_only,347,0.7256006286759394,0.7363093401631214,0.7138105024357212
psl,3PZ9,365_only,357,0.6903306990324843,0.6687566566378719,0.7552559482158139
psl,3PZZ,365_only,12,0.9362251141743934,0.7552447552447553,1.3037193627331685
psl,3Q2X,365_only,6,0.916345997812441,0.7714285714285715,0.9513589038834892
psl,3Q6L,365_only,131,0.6209976765210583,0.5536856772432295,0.8009286744910848
psl,3QDS,365_only,284,0.6751504540231187,0.6614227329581257,0.768016432355368
psl,3R87,365_only,132,0.3778609157751129,0.3172294503401337,0.9356179377417332
psl,3RQ9,365_only,162,0.5099145996866622,0.6073405941791638,0.9060108428633848
psl,3RY0,365_only,128,0.5870883095549975,0.6405533579933244,0.8337341778922969
psl,3RZY,365_only,139,0.6901635582052427,0.5945588461704796,0.7388935078720272
psl,3S0A,365_only,119,0.5194868085965763,0.535490211452202,0.854838113551669
psl,3SEB,large,238,0.6691103561781534,0.7231568237619758,0.7625309915299545
psl,3SED,365_only,124,0.6330212151133595,0.6126773418050039,0.7952649078181767
psl,3SO6,365_only,150,0.6440355437176168,0.6035920074254225,0.7674913304037205
psl,3SR3,365_only,637,0.48865823154250215,0.47810349014477893,0.8847541195684245
psl,3SUK,365_only,248,0.6078333144583348,0.5648825864276147,0.8137978084405063
psl,3SZH,365_only,697,0.7195583754751353,0.6965671604627068,0.7210496207346261
psl,3T0H,365_only,208,0.7097694113326354,0.776600082227939,0.7145524626251005
psl,3T3K,365_only,122,0.762785896883195,0.8200439172513851,0.6821545709418418
psl,3T47,365_only,141,0.5370169767736147,0.516804195459577,0.8685444333550746
psl,3TDN,365_only,357,0.41565004136699335,0.4244261531423286,0.9168600483341931
psl,3TOW,365_only,152,0.5588421006934919,0.6410128045277916,0.846538861521179
psl,3TUA,365_only,210,0.6031909179552044,0.729468993463528,0.8094029245996116
psl,3UCI,365_only,72,0.5078685288420531,0.445816451218728,0.8981069184461203
psl,3UR8,365_only,637,0.6463243340171612,0.57950070479956,0.7836625773141235
psl,3US6,365_only,148,0.5935919094718523,0.4625020823048633,0.808128067070454
psl,3V1A,365_only,48,0.4915464812350708,0.5167191432036723,0.9087743524877355
psl,3VN0,365_only,193,0.8077045027901854,0.6077483497376686,0.6353490140402984
psl,3VOR,365_only,182,0.5542304798618264,0.582924716183232,0.8345425295084418
psl,3VUB,large,101,0.564359932246673,0.6061071992368332,0.8572838390891754
psl,3VVV,365_only,108,0.6617896283504007,0.5716197903054521,0.8423189001134199
psl,3VZ9,365_only,163,0.700426818582975,0.6808473495237394,0.7321911293318264
psl,3ZBD,365_only,213,0.5114741975507046,0.41636599466597096,0.8854391659561037
psl,3ZIT,365_only,152,0.4646703786313127,0.4535059250118474,0.8971232212876797
psl,3ZRX,365_only,221,0.5687642212016794,0.5485580587218555,0.8228546390033746
psl,3ZSL,365_only,138,0.7098032211712982,0.5941917638944934,0.7105732208860823
psl,3ZZP,365_only,74,0.5730149251995359,0.5412634121308569,0.8610892875749963
psl,3ZZY,365_only,226,0.6574724118564474,0.5085340624399914,0.7580066873053862
psl,4A02,365_only,166,0.3620711325378883,0.5414233394950863,0.9371135518008997
psl,4ACJ,365_only,167,0.734472500659565,0.7834698651346942,0.7107507916972556
psl,4AE7,365_only,186,0.7043585674648729,0.615662988767038,0.7170735524263312
psl,4AM1,365_only,345,0.5160001953212142,0.4651578542800713,0.8592056170775166
psl,4ANN,365_only,176,0.5579510056948945,0.5524075344926933,0.8526450121826992
psl,4AVR,365_only,188,0.5422921752668243,0.659740871928691,0.8505567579972475
psl,4AXY,365_only,54,0.6148499881863903,0.24830372816697718,0.8058401805770603
psl,4B6G,365_only,558,0.7197065965106793,0.6657527493485306,0.7489392419655247
psl,4B9G,365_only,292,0.7518291878466681,0.7230146164003189,0.6890003867335688
psl,4DD5,365_only,387,0.6221167747270991,0.6464214514890775,0.8025606149756945
psl,4DKN,365_only,423,0.6626231411333242,0.6209679257441408,0.7798216874517706
psl,4DQ7,365_only,328,0.6886903667225921,0.6777804019644557,0.7329655255503116
psl,4DT4,365_only,160,0.7619579560892918,0.7453056836015385,0.7315200878378152
psl,4EK3,365_only,287,0.6588052567215539,0.6647826180263248,0.7614864633344308
psl,4ERY,365_only,318,0.686759591357802,0.664657211180478,0.7505757945669526
psl,4ES1,365_only,95,0.7055544986637637,0.5850927201120021,0.8229804714010439
psl,4EUG,365_only,225,0.5267119807736894,0.5481423225599559,0.8519679720077223
psl,4F01,365_only,448,0.2940712446432645,0.457623553690537,0.9914051430393561
psl,4F3J,365_only,143,0.6149705647201731,0.5307945328045023,0.8023492856726985
psl,4G2E,365_only,151,0.7028698839077628,0.754739275601356,0.7278590659431183
psl,4G5X,365_only,550,0.7018788074001424,0.7025891413159785,0.7610266718513107
psl,4G6C,365_only,658,0.5343244852105715,0.4743367932682107,0.8549518009045682
psl,4G7X,365_only,194,0.5975759467362604,0.559517905370609,0.8166389889882478
psl,4GA2,365_only,144,0.5475960553080927,0.5295395448139575,0.837176660065338
psl,4GMQ,365_only,92,0.5833315470551255,0.6306428494366784,0.8300162107716725
psl,4GS3,365_only,90,0.5292697634228223,0.6631764808071989,0.9377155227242365
psl,4HJP,365_only,281,0.6632890951268883,0.7198917562172374,0.754140553890695
psl,4IL7,365_only,85,0.3814320249700353,0.2949804082650914,0.9495319476421525
psl,4J11,365_only,357,0.6463900786397222,0.5419296406841635,0.7726075452853942
psl,4J5O,365_only,220,0.7677889960008639,0.6294744790533948,0.6740125543228261
psl,4J5Q,365_only,146,0.6801857022602054,0.7320966874534468,0.7505644749897464
psl,4J78,365_only,305,0.6034415516390573,0.6985566624971946,0.8049961751868018
psl,4JG2,365_only,185,0.7606514449763548,0.76812418951413,0.6906846053165552
psl,4JVU,365_only,207,0.7385596823326337,0.7703108405272312,0.7024114012255359
psl,4JYP,365_only,534,0.5287840972122242,0.5444273060602582,0.8558794224022692
psl,4KEF,365_only,133,0.49396297372027326,0.4779993879048997,0.9035824829285668
psl,5CYT,medium,103,0.321156055374905,0.28453206299615763,0.960976797835528
psl,6RXN,small,45,0.631620305780211,0.627931488801054,0.9303343305560793
classical_plus_psl,1ABA,medium,87,0.6149905101385815,0.7181938306217013,0.7950245917664617
classical_plus_psl,1AHO,large,64,0.5343920153798767,0.6433452764303871,0.85071339809088
classical_plus_psl,1AIE,small,31,0.755000116396535,0.525,0.6729196735509622
classical_plus_psl,1AKG,small,16,0.3878645688949806,0.5298014679347343,0.9588737232366076
classical_plus_psl,1ATG,large,231,0.5278560789022974,0.5405142548720525,0.8546483745938271
classical_plus_psl,1BGF,365_only,124,0.5972767695002034,0.40818702962225656,0.8056632611174736
classical_plus_psl,1BX7,small,51,0.6580045875678564,0.303710407239819,0.8047947317920954
classical_plus_psl,1BYI,large,224,0.56407570382992,0.6342102215057911,0.8269925361705667
classical_plus_psl,1CYO,medium,88,0.6670383788745163,0.5332904784312602,0.7631925583655035
classical_plus_psl,1DF4,365_only,57,0.90542352774431,0.890264454239046,0.505796337730919
classical_plus_psl,1E5K,large,188,0.7740486509647835,0.7709707976083834,0.6591333139121766
classical_plus_psl,1ES5,365_only,260,0.640874153328309,0.679964755719236,0.7844930719878509
classical_plus_psl,1ETL,small,12,0.4840041898556927,0.7583581366868536,0.9320284618707523
classical_plus_psl,1ETM,small,12,0.4864625877613766,0.4405353735063205,0.9333438605998003
classical_plus_psl,1ETN,small,12,-0.12309122454383117,0.05913123959890826,1.1392350689103752
classical_plus_psl,1EW4,large,106,0.5875092344462737,0.633410754810437,0.8112563213910226
classical_plus_psl,1F8R,365_only,1932,0.6972516972182862,0.5885831749607778,0.7431304366934922
classical_plus_psl,1FF4,small,65,0.5638331801393743,0.5695429364734275,0.8288991709074531
classical_plus_psl,1FK5,medium,93,0.4990787750590134,0.5252363989362198,0.8688201843215025
classical_plus_psl,1GCO,365_only,1044,0.5877830339111372,0.5787164933970812,0.8100775701869002
classical_plus_psl,1GK7,small,39,0.7722497162574122,0.6036742757870304,0.6709654945420893
classical_plus_psl,1GVD,small,52,0.712394067701291,0.6025058164485287,0.7285523287415844
classical_plus_psl,1GXU,medium,88,0.6698901805922766,0.552453494819794,0.7524035404580157
classical_plus_psl,1H6V,365_only,2927,0.47668694065486616,0.4903686638403062,0.8833479400365806
classical_plus_psl,1HJE,small,13,0.7862771429771419,0.6593406593406593,0.7668476281587755
classical_plus_psl,1I71,medium,83,0.7190556367120307,0.6776412806771731,0.7173084570191695
classical_plus_psl,1IDP,365_only,441,0.6628568703691747,0.7720154484418199,0.7534531093075897
classical_plus_psl,1IFR,large,113,0.7157772618513843,0.7567983432027948,0.7486835137876737
classical_plus_psl,1KMM,365_only,1499,0.6456609677965399,0.6433139694295686,0.76931565847652
classical_plus_psl,1KNG,365_only,144,0.5483575915970923,0.49238702107048415,0.8407084848208617
classical_plus_psl,1KYC,small,15,0.7113021530898079,0.807142857142857,0.8038434275123653
classical_plus_psl,1LR7,medium,73,0.6422863181295339,0.7289794596312404,0.7809792087802074
classical_plus_psl,1MF7,365_only,194,0.7016505798021802,0.7627663880262313,0.7396082125104562
classical_plus_psl,1N7E,medium,95,0.6263435531538956,0.7098758735960236,0.7857151199015624
classical_plus_psl,1NKD,365_only,59,0.7664261475037011,0.7066456263166336,0.7188127528186979
classical_plus_psl,1NNX,medium,93,0.7545559656210354,0.7766297131614558,0.6721789627726527
classical_plus_psl,1NOA,medium,113,0.4888993226431689,0.45401125341945847,0.8804610657231756
classical_plus_psl,1NOT,small,13,0.5871062304220602,0.6923076923076923,0.8884423821275886
classical_plus_psl,1O06,small,20,0.8762893568718452,0.675187969924812,0.5223426368047904
classical_plus_psl,1O08,large,221,0.42503939385819745,0.5874021110662524,0.9090648499848657
classical_plus_psl,1OPD,medium,85,0.5426208500915327,0.5078097899698577,0.8450229798356589
classical_plus_psl,1P9I,small,29,0.7142593925540947,0.4999999999999999,0.7083399689781938
classical_plus_psl,1PEF,small,18,0.795132261302033,0.7688338493292053,0.6449917591525913
classical_plus_psl,1PEN,small,16,0.45159621239156494,0.41059613764941905,0.9119359847360389
classical_plus_psl,1PMY,large,123,0.7274139206341917,0.5932310510180696,0.7176975460217112
classical_plus_psl,1Q9B,small,43,0.7798034990334305,0.7641196013289036,0.7213657500518146
classical_plus_psl,1QAU,medium,112,0.7178777313769843,0.6663705381244914,0.7319835214389397
classical_plus_psl,1QKI,365_only,3912,0.4656152583163541,0.4917207558718031,1.0363355544159627
classical_plus_psl,1QTO,large,122,0.5563205514599981,0.5863690436883512,0.832266825612236
classical_plus_psl,1R29,365_only,122,0.6677890507633543,0.5556401872514001,0.7536330310500013
classical_plus_psl,1R7J,medium,90,0.7423123458049797,0.5553369608022738,0.6874034916831271
classical_plus_psl,1RJU,small,36,0.30596797133917997,0.25817245817245815,0.9682504504796564
classical_plus_psl,1SAU,365_only,114,0.5126933507603828,0.5584325639055173,0.859041069969013
classical_plus_psl,1TGR,365_only,104,0.7270758525203284,0.6877788950841258,0.7197704402575762
classical_plus_psl,1TZV,365_only,141,0.8475039097193224,0.7630285342049606,0.5831118343230091
classical_plus_psl,1U06,small,55,0.4723107930780656,0.3028914663455646,0.8817947277886244
classical_plus_psl,1UKU,large,102,0.7491889733338011,0.566366977673742,0.6872466002509799
classical_plus_psl,1ULR,medium,87,0.5654568339581095,0.6048963635520407,0.8330201096584776
classical_plus_psl,1UOY,small,64,0.6161847768421677,0.5892237777833128,0.811424446393602
classical_plus_psl,1USE,small,40,0.06526750755064703,-0.2309568480300188,1.1565487931352476
classical_plus_psl,1USM,medium,77,0.8271399971732416,0.6630781263493438,0.6068170772086375
classical_plus_psl,1UTG,365_only,70,0.680215069382059,0.6125326964865346,0.7444360728725746
classical_plus_psl,1V05,medium,96,0.5994588156758311,0.5701243913220048,0.8109899954297024
classical_plus_psl,1V70,large,105,0.515189245940156,0.5909515023352447,0.8607064162764559
classical_plus_psl,1W2L,medium,97,0.4747668269464768,0.27575528453207876,0.8802232633009346
classical_plus_psl,1WBE,large,204,0.5665541322667568,0.6241934948225119,0.826000122536429
classical_plus_psl,1WHI,large,122,0.5515030765056204,0.6119644901791279,0.8377797989195678
classical_plus_psl,1WLY,365_only,322,0.6030370687851956,0.6547069027306903,0.8023760646253648
classical_plus_psl,1WPA,large,107,0.5906331199726401,0.3728713933667931,0.8092656349783589
classical_plus_psl,1X3O,medium,80,0.5752912332143438,0.5725303125409642,0.8185392898429368
classical_plus_psl,1XY2,small,8,0.5831176440424684,0.2667107547328796,0.9488005565199358
classical_plus_psl,1YJO,small,6,0.24845443514710674,-0.028571428571428574,1.1564256781094042
classical_plus_psl,1YZM,small,46,0.8623024030377587,0.6948933034062419,0.6165713939401828
classical_plus_psl,1Z21,medium,96,0.5973210297157203,0.657813257765233,0.804012363505878
classical_plus_psl,1ZVA,medium,75,0.42799286114868124,0.46790713629865033,0.9149276834079423
classical_plus_psl,2A50,365_only,457,0.46618060922177806,0.527337175991979,0.9155088243611619
classical_plus_psl,2AGK,large,233,0.615725557025185,0.639868948388791,0.7894568016278265
classical_plus_psl,2B0A,365_only,186,0.6193939043988193,0.6246786536552218,0.7945958334572951
classical_plus_psl,2BCM,365_only,413,0.5509445230463313,0.5020191455687064,0.8372008068867636
classical_plus_psl,2BRF,medium,100,0.7876896681256049,0.7172055404183092,0.6572163486494546
classical_plus_psl,2C71,large,205,0.6990674361383704,0.6984957224715614,0.7663795440548756
classical_plus_psl,2CE0,medium,99,0.5744321393119989,0.5466228398308303,0.8221960259684581
classical_plus_psl,2CG7,large,90,0.5283212111638885,0.5720435951103039,0.8507846518138829
classical_plus_psl,2COV,365_only,534,0.7855180166433376,0.6987251277803769,0.6373797247851306
classical_plus_psl,2CWS,large,227,0.6640868928520434,0.6965336236371168,0.7662007400051735
classical_plus_psl,2D5W,365_only,1214,0.6951126378878105,0.6306457806537091,0.7465529846956597
classical_plus_psl,2DPL,365_only,565,0.4040395583682692,0.4615850551972283,0.9290378148749656
classical_plus_psl,2DSX,small,52,0.4390913144349033,0.27326090260726177,0.9002667374258689
classical_plus_psl,2E10,365_only,439,0.7744500570077436,0.774300761524577,0.6491991137025206
classical_plus_psl,2E3H,medium,81,0.7034779883706053,0.7239743897917564,0.711382370226387
classical_plus_psl,2EAQ,medium,89,0.7552036737128667,0.45444911200221244,0.6858369938274131
classical_plus_psl,2EHS,medium,75,0.7165125352658035,0.7016316022274903,0.725918016200063
classical_plus_psl,2ERW,365_only,53,0.2512181648939272,0.04890636033538195,1.023122343373188
classical_plus_psl,2ETX,365_only,389,0.47219311365009464,0.4907017790382404,0.8962479587123021
classical_plus_psl,2FN9,365_only,560,0.6188329715345232,0.5986850355619681,0.787927711887383
classical_plus_psl,2FQ3,medium,85,0.7167960481378902,0.690951729529021,0.7341819208339234
classical_plus_psl,2G69,365_only,99,0.6356279031050542,0.6612780536802626,0.7804437228320615
classical_plus_psl,2G7O,365_only,68,0.7417160043161878,0.3773394039781056,0.6940261160180824
classical_plus_psl,2GKG,365_only,122,0.727516162067297,0.5435421245884399,0.7159751994386192
classical_plus_psl,2GOM,365_only,121,0.5658783670969137,0.4480257420034454,0.8311513968566322
classical_plus_psl,2GXG,365_only,140,0.6876800639100346,0.7030208405290894,0.7383118278030346
classical_plus_psl,2HQK,large,213,0.7546287917455189,0.6694895154029612,0.6999677350023192
classical_plus_psl,2I24,large,113,0.5979319852403431,0.4775095860222784,0.8054729649162672
classical_plus_psl,2I49,365_only,398,0.5949110492461308,0.5829016548863946,0.8132513124919454
classical_plus_psl,2IBL,365_only,108,0.6756749367952735,0.6698327788348627,0.8218646264847395
classical_plus_psl,2IGD,365_only,61,0.5512142124094064,0.5339115261392098,0.8388272026247591
classical_plus_psl,2IMF,large,203,0.6205279705313633,0.6158255083524196,0.7927836935545626
classical_plus_psl,2IP6,medium,87,0.6781384289875261,0.4226402027421126,0.7442751243894588
classical_plus_psl,2IVY,365_only,88,0.5344096395898676,0.45208585584571104,0.85693527021934
classical_plus_psl,2J9W,365_only,200,0.6840173729208663,0.6795275750159878,0.745981548365789
classical_plus_psl,2JKU,small,35,0.6153155854597021,0.32453253108508856,0.8738778024394737
classical_plus_psl,2JLI,365_only,100,0.5855779047329273,0.492257563273712,0.8128538555579448
classical_plus_psl,2JLJ,365_only,115,0.7422858085762266,0.5668270492715628,0.6799668452793305
classical_plus_psl,2NLS,small,36,0.38931044342771737,0.3238095238095239,0.9216582043700219
classical_plus_psl,2NUH,medium,104,0.6534647711382852,0.5515398198693033,0.773016960494131
classical_plus_psl,2O6X,365_only,306,0.7646430858897177,0.7403940850659603,0.6668663436764593
classical_plus_psl,2OHW,365_only,256,0.5753796536076954,0.6140494527469449,0.8278851243688856
classical_plus_psl,2OKT,365_only,342,0.36370613939676777,0.3405837768634304,0.9609641369636639
classical_plus_psl,2OL9,small,6,0.9077176203538634,0.7714285714285715,0.5132933971038732
classical_plus_psl,2PMR,365_only,76,0.7242484185718906,0.761486828325815,0.7159613025805313
classical_plus_psl,2PPN,large,107,0.5793953640741002,0.7155484259142942,0.8276589656672664
classical_plus_psl,2PSF,365_only,608,0.4573308378654254,0.43693807879786484,0.8956820002540832
classical_plus_psl,2PTH,365_only,193,0.6680292743279437,0.7407757951266496,0.7592587029101963
classical_plus_psl,2Q52,365_only,412,0.7436884722630704,0.7071596377838172,0.6921539233817738
classical_plus_psl,2QJL,medium,99,0.6538645159983466,0.7205890086311717,0.7808797630859936
classical_plus_psl,2R6Q,365_only,138,0.483759084222011,0.32123857840958503,0.8863452025734172
classical_plus_psl,2RB8,medium,93,0.5889673212091143,0.4691830515992314,0.8108011912851087
classical_plus_psl,2V9V,large,135,0.5726842873240426,0.43853025757397607,0.8207765819794853
classical_plus_psl,2VE8,365_only,515,0.72652021181815,0.6537537988182203,0.7028609145912569
classical_plus_psl,2VH7,365_only,94,0.6933927903220254,0.6677600209642947,0.7350825868783201
classical_plus_psl,2VIM,large,104,0.43346886896129705,0.42101697449290965,0.9058828483752628
classical_plus_psl,2VPA,large,204,0.7465129175376413,0.7459117194581922,0.737304686787236
classical_plus_psl,2VQ4,365_only,106,0.6913318799578819,0.7439055421677747,0.7270845466499117
classical_plus_psl,2VY8,365_only,149,0.7587764181120015,0.7597690881678253,0.6719874778409836
classical_plus_psl,2W1V,365_only,548,0.6684073911494696,0.7011032578815366,0.7532571639851661
classical_plus_psl,2W2A,365_only,350,0.5867315987270523,0.6208576072101682,0.8101513098370452
classical_plus_psl,2W6A,365_only,117,0.8427714579267422,0.5625705996275123,0.5829021869070663
classical_plus_psl,2WJ5,365_only,96,0.5835124416159196,0.5419756981650776,0.8486805650762526
classical_plus_psl,2WUJ,365_only,100,0.5881453760597704,0.4287514476611704,0.8107161450097271
classical_plus_psl,2WWE,365_only,111,0.4870377580872434,0.46143720893162765,0.8770187487506408
classical_plus_psl,2X1Q,365_only,240,0.4550232936132691,0.37809151015243586,0.9037544981485511
classical_plus_psl,2X3M,365_only,166,0.7285116642628076,0.5709385430733334,0.7377392107024147
classical_plus_psl,2X5Y,365_only,171,0.6874826382413997,0.6452725426421905,0.7409430353708492
classical_plus_psl,2XHF,365_only,310,0.5747398946662858,0.583268866730148,0.8214335488689147
classical_plus_psl,2Y0T,365_only,101,0.8134176535187392,0.7719143956198107,0.612585128054457
classical_plus_psl,2Y72,365_only,170,0.691145903949048,0.65144306665941,0.7419111847012085
classical_plus_psl,2Y7L,365_only,319,0.6407471300526464,0.5894906306992675,0.7724517390240103
classical_plus_psl,2Y9F,365_only,149,0.7577956763574657,0.8359976564480197,0.6580577367036017
classical_plus_psl,2YLB,365_only,400,0.7612780019823631,0.8049983448318804,0.6614541047775931
classical_plus_psl,2YNY,365_only,315,0.6987447528589514,0.6667461409237025,0.7383765524307849
classical_plus_psl,2ZU1,365_only,360,0.723108302741505,0.7349364874298138,0.6974146058262171
classical_plus_psl,3A7L,365_only,128,0.70608758087919,0.6009630929458847,0.723299159225683
classical_plus_psl,3AMC,365_only,614,0.6335337179304109,0.707520421616505,0.783405439426319
classical_plus_psl,3AUB,365_only,116,0.588815279233273,0.6628569453255686,0.8099225488790089
classical_plus_psl,3BA1,365_only,312,0.6484570387476992,0.5476956527938922,0.7635610372031081
classical_plus_psl,3BZQ,medium,99,0.6024826251856886,0.57018287065327,0.8042010251330906
classical_plus_psl,3BZZ,365_only,100,0.5379292204279016,0.5296480875353934,0.8470665538869442
classical_plus_psl,3DRF,365_only,547,0.5543502618265191,0.5109669640376704,0.8352556119931299
classical_plus_psl,3E5T,365_only,228,0.46532179401530493,0.38943557230293263,0.8943082943370086
classical_plus_psl,3E7R,365_only,40,0.7119139296889307,0.7088239503509929,0.7971977340556123
classical_plus_psl,3FKE,365_only,250,0.4905166440367377,0.515880405013416,0.8734169040643915
classical_plus_psl,3FOD,365_only,48,0.44372171419728756,0.48406882772282595,1.0891078670317178
classical_plus_psl,3FSO,365_only,221,0.8251728895985027,0.6483937521829432,0.5990351823653204
classical_plus_psl,3FTD,365_only,240,0.6902495556773012,0.6387064487493104,0.7406660732928085
classical_plus_psl,3G1S,365_only,418,0.6420704286680903,0.7122770385764692,0.77249049239195
classical_plus_psl,3HFO,365_only,197,0.6559288075683071,0.6828773283977656,0.7562235089734579
classical_plus_psl,3HHP,365_only,1234,0.6762091667785272,0.7084158402577816,0.7483378503276517
classical_plus_psl,3HNY,365_only,156,0.7160267025288332,0.7237092285448685,0.7183299733682184
classical_plus_psl,3HYD,365_only,7,0.9339604657693881,0.28571428571428575,0.4439489822195327
classical_plus_psl,3HZ8,365_only,192,0.49667216305051665,0.4263053600566761,0.8743934846244037
classical_plus_psl,3I2Z,365_only,138,0.5670716109786615,0.5790817753609567,0.8264688707970499
classical_plus_psl,3I4O,365_only,135,0.749044374041294,0.6954709578685372,0.6743920116323622
classical_plus_psl,3K6Y,365_only,227,0.5811955178023842,0.5883791343076522,0.820505123408306
classical_plus_psl,3KBE,365_only,140,0.6978037430076937,0.6718229458995185,0.7189386436702853
classical_plus_psl,3KGK,365_only,190,0.7488474578363441,0.7430411245155122,0.6691829934306253
classical_plus_psl,3KZD,365_only,85,0.6362038701106894,0.6259350284352425,0.7743061582472475
classical_plus_psl,3LAA,365_only,169,0.6684144532716104,0.5396687470580405,0.7884914792194715
classical_plus_psl,3M8J,365_only,178,0.6506500590398555,0.6169207477759501,0.7615437035189435
classical_plus_psl,3M9J,365_only,210,0.5202354013063425,0.5050432211359277,0.8614710994197939
classical_plus_psl,3M9Q,365_only,176,0.5115350988309295,0.5436766688017841,0.8994960551908998
classical_plus_psl,3MAB,365_only,173,0.6917308237762868,0.6126133434314418,0.7453253583748972
classical_plus_psl,3MD4,365_only,12,0.5639481458504032,0.6619975125797373,0.9035883759654411
classical_plus_psl,3MRE,365_only,383,0.6772255152408607,0.7099666744691016,0.7464597116100831
classical_plus_psl,3N11,365_only,325,0.4743608128033399,0.5436796528407085,0.8901935845234269
classical_plus_psl,3NE0,365_only,208,0.6259643951858476,0.6075647801494548,0.7932925885563824
classical_plus_psl,3NGG,365_only,94,0.7477585414208171,0.6185140231640894,0.6798251431174651
classical_plus_psl,3NPV,365_only,495,0.5927598304711617,0.551658031169438,0.81174729986169
classical_plus_psl,3NVG,365_only,6,0.6612859707637402,0.4285714285714286,0.8022442315185481
classical_plus_psl,3O0P,365_only,194,0.7154630834005865,0.7280329570517696,0.699616164063198
classical_plus_psl,3O5P,365_only,128,0.6887904633268467,0.6237401520478579,0.7349950687070419
classical_plus_psl,3OBQ,365_only,150,0.6579808002468643,0.376208949073038,0.7575737778680816
classical_plus_psl,3P6J,365_only,125,0.7705039416610993,0.75803347186162,0.6656494831654003
classical_plus_psl,3PD7,365_only,188,0.6508394227107427,0.7137281674102127,0.7646458932137506
classical_plus_psl,3PID,365_only,387,0.5466859855679979,0.4993943327705486,0.8464597793142162
classical_plus_psl,3PIW,365_only,154,0.7782365692152589,0.6995322673275395,0.6573116416367423
classical_plus_psl,3PKV,365_only,221,0.5190275303102106,0.5666120601694874,0.8567891180777807
classical_plus_psl,3PSM,365_only,94,0.7857519273575041,0.8272272114032136,0.6237564454179582
classical_plus_psl,3PTL,365_only,289,0.5914830150995579,0.6590405717073929,0.8336379551018794
classical_plus_psl,3PVE,365_only,347,0.7641066734570068,0.7710280236318421,0.6737047040904522
classical_plus_psl,3PZ9,365_only,357,0.7359068443540808,0.7022475744061254,0.7060230830143409
classical_plus_psl,3PZZ,365_only,12,0.8655807176594175,0.7202797202797203,0.6991857532823234
classical_plus_psl,3Q2X,365_only,6,0.9382138279901308,0.8285714285714287,0.4495905598686485
classical_plus_psl,3Q6L,365_only,131,0.6659812124758955,0.5730182329715012,0.7618574354692824
classical_plus_psl,3QDS,365_only,284,0.6825042768729254,0.6851380475512092,0.7509200950129702
classical_plus_psl,3R87,365_only,132,0.41973248941328223,0.34181052588686456,0.909842010041209
classical_plus_psl,3RQ9,365_only,162,0.4653228597142698,0.5699587751738272,0.9268318109664401
classical_plus_psl,3RY0,365_only,128,0.6326409511866571,0.644333016221841,0.7807184101779873
classical_plus_psl,3RZY,365_only,139,0.7493764271340508,0.630271655668873,0.6695147101235617
classical_plus_psl,3S0A,365_only,119,0.5555457237122063,0.5744023244863254,0.8369229256527132
classical_plus_psl,3SEB,large,238,0.710016467658066,0.7378308442034137,0.7215502770068017
classical_plus_psl,3SED,365_only,124,0.650107972683804,0.6104302780940941,0.7951307907646477
classical_plus_psl,3SO6,365_only,150,0.643207449604753,0.6359936779123648,0.7799720236000549
classical_plus_psl,3SR3,365_only,637,0.529094170069401,0.519146233463809,0.8508370061060302
classical_plus_psl,3SUK,365_only,248,0.6393230381804146,0.5979685721094466,0.7910611191632172
classical_plus_psl,3SZH,365_only,697,0.7404702748903402,0.7360447004462075,0.6769695172918109
classical_plus_psl,3T0H,365_only,208,0.6846196197493264,0.7600449267692363,0.7349303578685009
classical_plus_psl,3T3K,365_only,122,0.7908266613604229,0.8101898284803456,0.6435614934696556
classical_plus_psl,3T47,365_only,141,0.6024072770343821,0.5549312356501269,0.8017892508969987
classical_plus_psl,3TDN,365_only,357,0.4371365906039473,0.4607542321676715,0.9069541459524352
classical_plus_psl,3TOW,365_only,152,0.5772632280817003,0.6687659970972747,0.8211382016053862
classical_plus_psl,3TUA,365_only,210,0.5715947003653705,0.7384981399325693,0.8275212886323904
classical_plus_psl,3UCI,365_only,72,0.545199112837779,0.5288121422599525,0.839868673860313
classical_plus_psl,3UR8,365_only,637,0.6745005018813811,0.610894379912125,0.7459613043977315
classical_plus_psl,3US6,365_only,148,0.654918436924412,0.4565328447012792,0.7755200644372161
classical_plus_psl,3V1A,365_only,48,0.5377051992848025,0.5336554151523587,0.8439417082335345
classical_plus_psl,3VN0,365_only,193,0.7911753170167701,0.5742547400643757,0.6568039190578288
classical_plus_psl,3VOR,365_only,182,0.5670159074482883,0.576264084426956,0.8338626123084396
classical_plus_psl,3VUB,large,101,0.5692033791913842,0.5980815264022601,0.8243759395961728
classical_plus_psl,3VVV,365_only,108,0.6795661796179768,0.6104515044625844,0.7677316941551864
classical_plus_psl,3VZ9,365_only,163,0.7371219442183634,0.7018031704977336,0.6870625531714714
classical_plus_psl,3ZBD,365_only,213,0.5639905636035847,0.46044944643665564,0.8424771161896254
classical_plus_psl,3ZIT,365_only,152,0.46781205279206317,0.4389537541035836,0.8882382038280441
classical_plus_psl,3ZRX,365_only,221,0.5703852090940823,0.5818361925454356,0.8233594145195404
classical_plus_psl,3ZSL,365_only,138,0.7508573370398001,0.6051785293188446,0.6853019938686411
classical_plus_psl,3ZZP,365_only,74,0.582910435860258,0.5885802721986606,0.8142299595824194
classical_plus_psl,3ZZY,365_only,226,0.6909209975961694,0.5849606512063503,0.7258390238589055
classical_plus_psl,4A02,365_only,166,0.360081364112277,0.5472802447407067,0.9457840841566538
classical_plus_psl,4ACJ,365_only,167,0.7342753796102414,0.7861831026039211,0.7124619725860954
classical_plus_psl,4AE7,365_only,186,0.7250593700959825,0.6526002877655077,0.6905508169893351
classical_plus_psl,4AM1,365_only,345,0.528599187459076,0.5020310542633749,0.8491324657171586
classical_plus_psl,4ANN,365_only,176,0.5913291377319588,0.5886733975752245,0.8165540788405402
classical_plus_psl,4AVR,365_only,188,0.59181913918539,0.7035721316484925,0.831289148838703
classical_plus_psl,4AXY,365_only,54,0.585591056840657,0.3678051386372679,0.8334144255818321
classical_plus_psl,4B6G,365_only,558,0.7312192212609988,0.7016879618520135,0.7060305288438872
classical_plus_psl,4B9G,365_only,292,0.7525483165878606,0.7522792177332432,0.6781360156134584
classical_plus_psl,4DD5,365_only,387,0.6211603993233682,0.6671504842056747,0.7917236482566433
classical_plus_psl,4DKN,365_only,423,0.6852431151900742,0.64810127405803,0.7476816540534105
classical_plus_psl,4DQ7,365_only,328,0.6896359717556606,0.6918602031476178,0.7319430861837093
classical_plus_psl,4DT4,365_only,160,0.7590888976179182,0.733455995481239,0.6980818497398071
classical_plus_psl,4EK3,365_only,287,0.6554700892333484,0.6746378955263703,0.7653146828113405
classical_plus_psl,4ERY,365_only,318,0.6902910457187568,0.693603035367562,0.7384621982090642
classical_plus_psl,4ES1,365_only,95,0.7270995885498914,0.6196960313737099,0.7245500286126512
classical_plus_psl,4EUG,365_only,225,0.5335972660034607,0.598070893687964,0.8458660139226666
classical_plus_psl,4F01,365_only,448,0.29282468801646844,0.4708620746836959,1.0283926319889602
classical_plus_psl,4F3J,365_only,143,0.6274176993733187,0.5537147347978078,0.7797019877528409
classical_plus_psl,4G2E,365_only,151,0.7160791189913739,0.7601018133000563,0.7037050366310159
classical_plus_psl,4G5X,365_only,550,0.7000276874829654,0.7025517436719686,0.7321445709232395
classical_plus_psl,4G6C,365_only,658,0.5545608816696469,0.5213415901011895,0.8333720116587835
classical_plus_psl,4G7X,365_only,194,0.6233192646496591,0.554378433296332,0.792653434517642
classical_plus_psl,4GA2,365_only,144,0.5573461455786269,0.5421149510330375,0.8346905419997903
classical_plus_psl,4GMQ,365_only,92,0.6124036708063618,0.6551947351386341,0.7985054162916392
classical_plus_psl,4GS3,365_only,90,0.5297475065334838,0.6513724086483518,0.8777242661731768
classical_plus_psl,4HJP,365_only,281,0.6657748544669436,0.7530263397392227,0.7551750967311203
classical_plus_psl,4IL7,365_only,85,0.4324145596719978,0.3026119074983972,0.9062290117256249
classical_plus_psl,4J11,365_only,357,0.6452829705315194,0.551303999458395,0.7697974190503367
classical_plus_psl,4J5O,365_only,220,0.7826034115748931,0.6367447679040811,0.646415810259372
classical_plus_psl,4J5Q,365_only,146,0.7342235834067092,0.7755451055929832,0.7013872970930997
classical_plus_psl,4J78,365_only,305,0.6309520937978563,0.7250997262998238,0.7816900070892855
classical_plus_psl,4JG2,365_only,185,0.7869900523718508,0.7807650775140917,0.638985520764023
classical_plus_psl,4JVU,365_only,207,0.7415918225835963,0.7874364958630733,0.6854580293533156
classical_plus_psl,4JYP,365_only,534,0.5753257763419051,0.5993571892881152,0.8187320656375093
classical_plus_psl,4KEF,365_only,133,0.45300172952146783,0.4449933687234228,0.9176044295443855
classical_plus_psl,5CYT,medium,103,0.32432482142100116,0.2698205680958081,0.9483702993764477
classical_plus_psl,6RXN,small,45,0.5402963346117946,0.5907773386034255,0.8581142124937231
