protein_id,included,reason,source_path,source_sha256,annotation_status,annotation_columns,model_id,explicit_model_records,excluded_other_model_ca,excluded_nonprotein_ca,excluded_unrecognized_or_nonpolymer_ca,excluded_residue_counts_json,modified_input_record_counts_json,n_modified_residues_retained,discarded_altloc_ca,bfactor_mean,bfactor_std
1ABA,True,included,C:\Users\ryana\Documents\Codex\2026-09-13\https-github-com-ryan-charette-psl-2\work\psl-protein-flexibility\data\raw\MDG_bfactor-main\datasets\365\1ABA_CA_A2.pdb,3dc1c0dbc1b9823274fe71da25d2562d6aecbe546986ddd626e3cd76eb9792fb,excluded_no_verified_chain_residue_identity,"res_id,sec_type,phi,psi,area,resolution,Rvalue,heavy_atom_counts,occupancy_values,packing_density1,packing_density2,packing_density3,B-factor",1,False,0,0,0,{},{},0,0,14.4,4.07972672062021
1AHO,True,included,C:\Users\ryana\Documents\Codex\2026-09-13\https-github-com-ryan-charette-psl-2\work\psl-protein-flexibility\data\raw\MDG_bfactor-main\datasets\365\1AHO_CA_A2.pdb,16bd29dbe28d8ad847a505d1c8312800ad3d4ca86925327a300b3518c72dc772,excluded_no_verified_chain_residue_identity,"res_id,sec_type,phi,psi,area,resolution,Rvalue,heavy_atom_counts,occupancy_values,packing_density1,packing_density2,packing_density3,B-factor",1,False,0,0,0,{},{},0,0,6.983125,1.6392498999161174
1AIE,True,included,C:\Users\ryana\Documents\Codex\2026-09-13\https-github-com-ryan-charette-psl-2\work\psl-protein-flexibility\data\raw\MDG_bfactor-main\datasets\365\1AIE_CA_A2.pdb,d6955326d4f8ead0eba25e973c016e818a018cec1e9edee7842c028365ac02d7,excluded_no_verified_chain_residue_identity,"res_id,sec_type,phi,psi,area,resolution,Rvalue,heavy_atom_counts,occupancy_values,packing_density1,packing_density2,packing_density3,B-factor",1,False,0,0,0,{},{},0,0,27.53935483870967,18.96858148240755
1AKG,True,included,C:\Users\ryana\Documents\Codex\2026-09-13\https-github-com-ryan-charette-psl-2\work\psl-protein-flexibility\data\raw\MDG_bfactor-main\datasets\365\1AKG_CA_A2.pdb,6f8e01b53b94b6b19ea75afb8c1dcedcce3033601155e79dc0cf3d04718b439f,excluded_no_verified_chain_residue_identity,"res_id,sec_type,phi,psi,area,resolution,Rvalue,heavy_atom_counts,occupancy_values,packing_density1,packing_density2,packing_density3,B-factor",1,False,0,0,0,{},{},0,0,6.390625,0.889237515726254
1ATG,True,included,C:\Users\ryana\Documents\Codex\2026-09-13\https-github-com-ryan-charette-psl-2\work\psl-protein-flexibility\data\raw\MDG_bfactor-main\datasets\365\1ATG_CA_A2.pdb,2567ce17f6ee17a33640940113d80944ef3290dc0195dca7f06104dab6aa01d2,excluded_no_verified_chain_residue_identity,"res_id,sec_type,phi,psi,area,resolution,Rvalue,heavy_atom_counts,occupancy_values,packing_density1,packing_density2,packing_density3,B-factor",1,False,0,0,0,{},{},0,0,8.873722943722944,4.802315818638037
1BGF,True,included,C:\Users\ryana\Documents\Codex\2026-09-13\https-github-com-ryan-charette-psl-2\work\psl-protein-flexibility\data\raw\MDG_bfactor-main\datasets\365\1BGF_CA_A2.pdb,2d00945ec6562964b17a612b8ffdd50a6a0e294e8790c1871de2b9971be4eaa2,excluded_no_verified_chain_residue_identity,"res_id,sec_type,phi,psi,area,resolution,Rvalue,heavy_atom_counts,occupancy_values,packing_density1,packing_density2,packing_density3,B-factor",1,False,0,0,0,{},{},0,0,7.091451612903227,5.587001142275498
1BX7,True,included,C:\Users\ryana\Documents\Codex\2026-09-13\https-github-com-ryan-charette-psl-2\work\psl-protein-flexibility\data\raw\MDG_bfactor-main\datasets\365\1BX7_CA_A2.pdb,47c432c6a870705d349d0e6432e11ece0887de6f154b52521f12ec9ec3a49b25,excluded_no_verified_chain_residue_identity,"res_id,sec_type,phi,psi,area,resolution,Rvalue,heavy_atom_counts,occupancy_values,packing_density1,packing_density2,packing_density3,B-factor",1,False,0,0,0,{},{},0,0,16.160196078431373,10.106347159222748
1BYI,True,included,C:\Users\ryana\Documents\Codex\2026-09-13\https-github-com-ryan-charette-psl-2\work\psl-protein-flexibility\data\raw\MDG_bfactor-main\datasets\365\1BYI_CA_A2.pdb,a0e515cbafa928cd7c35e4da4ce3dc3aad0ebe7920fe14d30ca93c08b52bf910,excluded_no_verified_chain_residue_identity,"res_id,sec_type,phi,psi,area,resolution,Rvalue,heavy_atom_counts,occupancy_values,packing_density1,packing_density2,packing_density3,B-factor",1,False,0,0,0,{},{},0,0,9.840357142857142,4.025430861715175
1CCR,True,included,C:\Users\ryana\Documents\Codex\2026-09-13\https-github-com-ryan-charette-psl-2\work\psl-protein-flexibility\data\raw\MDG_bfactor-main\datasets\365\1CCR_CA_A2.pdb,f4a9c0bd2d431ef244be5535544e7ea8e8c2b5bc9a0744b655b6282715bc4f40,excluded_no_verified_chain_residue_identity,"res_id,sec_type,phi,psi,area,resolution,Rvalue,heavy_atom_counts,occupancy_values,packing_density1,packing_density2,packing_density3,B-factor",1,False,0,0,0,{},"{""M3L"": 2}",2,0,9.901801801801803,2.517726773274181
1CYO,True,included,C:\Users\ryana\Documents\Codex\2026-09-13\https-github-com-ryan-charette-psl-2\work\psl-protein-flexibility\data\raw\MDG_bfactor-main\datasets\365\1CYO_CA_A2.pdb,91c988e271d58d2e18a022217f8a6714c02976b89252744b1b45005914feafdb,excluded_no_verified_chain_residue_identity,"res_id,sec_type,phi,psi,area,resolution,Rvalue,heavy_atom_counts,occupancy_values,packing_density1,packing_density2,packing_density3,B-factor",1,False,0,0,0,{},{},0,0,13.250113636363636,7.8049821638486705
1DF4,True,included,C:\Users\ryana\Documents\Codex\2026-09-13\https-github-com-ryan-charette-psl-2\work\psl-protein-flexibility\data\raw\MDG_bfactor-main\datasets\365\1DF4_CA_A2.pdb,cd53fe2cac5d1dd7aff8c097478fdebfd17cb48414ee0700c152d1994afda881,excluded_no_verified_chain_residue_identity,"res_id,sec_type,phi,psi,area,resolution,Rvalue,heavy_atom_counts,occupancy_values,packing_density1,packing_density2,packing_density3,B-factor",1,False,0,0,0,{},{},0,0,17.31736842105263,6.304955312755585
1E5K,True,included,C:\Users\ryana\Documents\Codex\2026-09-13\https-github-com-ryan-charette-psl-2\work\psl-protein-flexibility\data\raw\MDG_bfactor-main\datasets\365\1E5K_CA_A2.pdb,70746742e33c84b58a848f3771c1e2d09c1b6b6c1c11d65b38fc35e76c8a6ba6,excluded_no_verified_chain_residue_identity,"res_id,sec_type,phi,psi,area,resolution,Rvalue,heavy_atom_counts,occupancy_values,packing_density1,packing_density2,packing_density3,B-factor",1,False,0,0,0,{},{},0,0,19.231223404255317,5.536242685951377
1ES5,True,included,C:\Users\ryana\Documents\Codex\2026-09-13\https-github-com-ryan-charette-psl-2\work\psl-protein-flexibility\data\raw\MDG_bfactor-main\datasets\365\1ES5_CA_A2.pdb,448f7c4e94021c26b5b1510ec2d0d79586b639255a356cdcf3ffad423f6479f0,excluded_no_verified_chain_residue_identity,"res_id,sec_type,phi,psi,area,resolution,Rvalue,heavy_atom_counts,occupancy_values,packing_density1,packing_density2,packing_density3,B-factor",1,False,0,0,0,{},{},0,0,9.562538461538463,3.525177859460201
1ETL,True,included,C:\Users\ryana\Documents\Codex\2026-09-13\https-github-com-ryan-charette-psl-2\work\psl-protein-flexibility\data\raw\MDG_bfactor-main\datasets\365\1ETL_CA_A2.pdb,ad25d964b5f007b6dffbadb30486e758a8129267b4593aaa0d49b3b240083f7d,excluded_no_verified_chain_residue_identity,"res_id,sec_type,phi,psi,area,resolution,Rvalue,heavy_atom_counts,occupancy_values,packing_density1,packing_density2,packing_density3,B-factor",1,False,0,0,0,{},{},0,0,0.06916666666666667,0.02564447092238186
1ETM,True,included,C:\Users\ryana\Documents\Codex\2026-09-13\https-github-com-ryan-charette-psl-2\work\psl-protein-flexibility\data\raw\MDG_bfactor-main\datasets\365\1ETM_CA_A2.pdb,44c89362c005ad140bf21708d452f8e283b96d23abe04ad43fa2a4d0cdcbed11,excluded_no_verified_chain_residue_identity,"res_id,sec_type,phi,psi,area,resolution,Rvalue,heavy_atom_counts,occupancy_values,packing_density1,packing_density2,packing_density3,B-factor",1,False,0,0,0,{},{},0,0,0.04666666666666667,0.009428090415820633
1ETN,True,included,C:\Users\ryana\Documents\Codex\2026-09-13\https-github-com-ryan-charette-psl-2\work\psl-protein-flexibility\data\raw\MDG_bfactor-main\datasets\365\1ETN_CA_A2.pdb,80f41feb52f4f5a7547a4c54f57f43e833bc4041f3a56fd227806c08268bde54,excluded_no_verified_chain_residue_identity,"res_id,sec_type,phi,psi,area,resolution,Rvalue,heavy_atom_counts,occupancy_values,packing_density1,packing_density2,packing_density3,B-factor",1,False,0,0,0,{},{},0,0,0.06250000000000001,0.014215601757693319
1EW4,True,included,C:\Users\ryana\Documents\Codex\2026-09-13\https-github-com-ryan-charette-psl-2\work\psl-protein-flexibility\data\raw\MDG_bfactor-main\datasets\365\1EW4_CA_A2.pdb,ada6916fe1fd13df290c1be7fa60eb9c3787553981e4c511c33b164793c92943,excluded_no_verified_chain_residue_identity,"res_id,sec_type,phi,psi,area,resolution,Rvalue,heavy_atom_counts,occupancy_values,packing_density1,packing_density2,packing_density3,B-factor",1,False,0,0,0,{},{},0,0,16.62698113207547,7.616210637275082
1F8R,True,included,C:\Users\ryana\Documents\Codex\2026-09-13\https-github-com-ryan-charette-psl-2\work\psl-protein-flexibility\data\raw\MDG_bfactor-main\datasets\365\1F8R_CA_A2.pdb,9d199ec6d9cc887cf9228701dd75f0e81b0a5ce984097b7ed34d10848cc6fd02,excluded_no_verified_chain_residue_identity,"res_id,sec_type,phi,psi,area,resolution,Rvalue,heavy_atom_counts,occupancy_values,packing_density1,packing_density2,packing_density3,B-factor",1,False,0,0,0,{},{},0,0,22.103633540372673,6.606459881033351
1FF4,True,included,C:\Users\ryana\Documents\Codex\2026-09-13\https-github-com-ryan-charette-psl-2\work\psl-protein-flexibility\data\raw\MDG_bfactor-main\datasets\365\1FF4_CA_A2.pdb,864c3116820da13e8765eace7fbb25a0cbfff600646b3dfe940bfd2d1be949d1,excluded_no_verified_chain_residue_identity,"res_id,sec_type,phi,psi,area,resolution,Rvalue,heavy_atom_counts,occupancy_values,packing_density1,packing_density2,packing_density3,B-factor",1,False,0,0,0,{},{},0,0,22.312923076923077,10.243404290352954
1FK5,True,included,C:\Users\ryana\Documents\Codex\2026-09-13\https-github-com-ryan-charette-psl-2\work\psl-protein-flexibility\data\raw\MDG_bfactor-main\datasets\365\1FK5_CA_A2.pdb,04bc8b2d4a0875f08279a7440b534cdc64cda4bb27010cc8824713395abef937,excluded_no_verified_chain_residue_identity,"res_id,sec_type,phi,psi,area,resolution,Rvalue,heavy_atom_counts,occupancy_values,packing_density1,packing_density2,packing_density3,B-factor",1,False,0,0,0,{},{},0,0,18.84731182795699,3.6342886599792323
1GCO,True,included,C:\Users\ryana\Documents\Codex\2026-09-13\https-github-com-ryan-charette-psl-2\work\psl-protein-flexibility\data\raw\MDG_bfactor-main\datasets\365\1GCO_CA_A2.pdb,ba06e2fc1f8f40488e921c79508f59d5e68d51722e7d2c807c80aac05c748744,excluded_no_verified_chain_residue_identity,"res_id,sec_type,phi,psi,area,resolution,Rvalue,heavy_atom_counts,occupancy_values,packing_density1,packing_density2,packing_density3,B-factor",1,False,0,0,0,{},{},0,0,18.518754789272034,7.162164944135128
1GK7,True,included,C:\Users\ryana\Documents\Codex\2026-09-13\https-github-com-ryan-charette-psl-2\work\psl-protein-flexibility\data\raw\MDG_bfactor-main\datasets\365\1GK7_CA_A2.pdb,f41fcbbe721f9db9f071d4c55e330733a5bb0f5c13898685af28747c9d8d3495,excluded_no_verified_chain_residue_identity,"res_id,sec_type,phi,psi,area,resolution,Rvalue,heavy_atom_counts,occupancy_values,packing_density1,packing_density2,packing_density3,B-factor",1,False,0,0,0,{},{},0,0,22.964358974358976,6.865333500731454
1GVD,True,included,C:\Users\ryana\Documents\Codex\2026-09-13\https-github-com-ryan-charette-psl-2\work\psl-protein-flexibility\data\raw\MDG_bfactor-main\datasets\365\1GVD_CA_A2.pdb,dbe4948249c26a742aa4a1a12c1779d5adec09228e657bde1e2c96ea32167ce1,excluded_no_verified_chain_residue_identity,"res_id,sec_type,phi,psi,area,resolution,Rvalue,heavy_atom_counts,occupancy_values,packing_density1,packing_density2,packing_density3,B-factor",1,False,0,0,0,{},{},0,0,10.790769230769229,4.6246055325142
1GXU,True,included,C:\Users\ryana\Documents\Codex\2026-09-13\https-github-com-ryan-charette-psl-2\work\psl-protein-flexibility\data\raw\MDG_bfactor-main\datasets\365\1GXU_CA_A2.pdb,c956d3ce2d4eb48c275a1d9048f8db8e9044f01ae53a6d9571603bd408ccf357,excluded_no_verified_chain_residue_identity,"res_id,sec_type,phi,psi,area,resolution,Rvalue,heavy_atom_counts,occupancy_values,packing_density1,packing_density2,packing_density3,B-factor",1,False,0,0,0,{},{},0,0,16.795795454545456,4.773922944114513
1H6V,True,included,C:\Users\ryana\Documents\Codex\2026-09-13\https-github-com-ryan-charette-psl-2\work\psl-protein-flexibility\data\raw\MDG_bfactor-main\datasets\365\1H6V_CA_A2.pdb,80bcb580a03f9c5ec58af24da79d110b23695e318c089eb1a3b368fd597bfad6,excluded_no_verified_chain_residue_identity,"res_id,sec_type,phi,psi,area,resolution,Rvalue,heavy_atom_counts,occupancy_values,packing_density1,packing_density2,packing_density3,B-factor",1,False,0,0,0,{},{},0,0,13.058021865391186,3.964308351534648
1HJE,True,included,C:\Users\ryana\Documents\Codex\2026-09-13\https-github-com-ryan-charette-psl-2\work\psl-protein-flexibility\data\raw\MDG_bfactor-main\datasets\365\1HJE_CA_A2.pdb,033438892ada494eb7a5e63cce3b7363ded34f6dca27ffddfa5c7beb6d24ed4c,excluded_no_verified_chain_residue_identity,"res_id,sec_type,phi,psi,area,resolution,Rvalue,heavy_atom_counts,occupancy_values,packing_density1,packing_density2,packing_density3,B-factor",1,False,0,0,0,{},{},0,0,5.773846153846154,1.1422551140450763
1I71,True,included,C:\Users\ryana\Documents\Codex\2026-09-13\https-github-com-ryan-charette-psl-2\work\psl-protein-flexibility\data\raw\MDG_bfactor-main\datasets\365\1I71_CA_A2.pdb,bc992f4851dea668b7abb46d369779ca2ba21ecf7c520a4e8bb785948415f829,excluded_no_verified_chain_residue_identity,"res_id,sec_type,phi,psi,area,resolution,Rvalue,heavy_atom_counts,occupancy_values,packing_density1,packing_density2,packing_density3,B-factor",1,False,0,0,0,{},{},0,0,15.017590361445786,3.5883128869100767
1IDP,True,included,C:\Users\ryana\Documents\Codex\2026-09-13\https-github-com-ryan-charette-psl-2\work\psl-protein-flexibility\data\raw\MDG_bfactor-main\datasets\365\1IDP_CA_A2.pdb,64e97ec8463779029201f121d013d9b559018688d532b2074d81bedcf17b4db2,excluded_no_verified_chain_residue_identity,"res_id,sec_type,phi,psi,area,resolution,Rvalue,heavy_atom_counts,occupancy_values,packing_density1,packing_density2,packing_density3,B-factor",1,False,0,0,0,{},{},0,0,17.34609977324263,8.07899012172132
1IFR,True,included,C:\Users\ryana\Documents\Codex\2026-09-13\https-github-com-ryan-charette-psl-2\work\psl-protein-flexibility\data\raw\MDG_bfactor-main\datasets\365\1IFR_CA_A2.pdb,fceaa3a17cf9f25061712ce805ff5724c3f659acaf0de2294dbab45bd713914f,excluded_no_verified_chain_residue_identity,"res_id,sec_type,phi,psi,area,resolution,Rvalue,heavy_atom_counts,occupancy_values,packing_density1,packing_density2,packing_density3,B-factor",1,False,0,0,0,{},{},0,0,13.363628318584071,4.399976681745714
1K8U,True,included,C:\Users\ryana\Documents\Codex\2026-09-13\https-github-com-ryan-charette-psl-2\work\psl-protein-flexibility\data\raw\MDG_bfactor-main\datasets\365\1K8U_CA_A2.pdb,b994d1bb417d017d7329295f300ce3ab54f2fa6a016220dd9616060bec5a6f60,excluded_no_verified_chain_residue_identity,"res_id,sec_type,phi,psi,area,resolution,Rvalue,heavy_atom_counts,occupancy_values,packing_density1,packing_density2,packing_density3,B-factor",1,False,0,0,0,{},"{""MSE"": 2}",2,0,11.85011235955056,3.373948939751384
1KMM,True,included,C:\Users\ryana\Documents\Codex\2026-09-13\https-github-com-ryan-charette-psl-2\work\psl-protein-flexibility\data\raw\MDG_bfactor-main\datasets\365\1KMM_CA_A2.pdb,9ae3ae9480e9cc1fbebb0bfde233c209c20d8019beb8c550b75bd604c1991530,excluded_no_verified_chain_residue_identity,"res_id,sec_type,phi,psi,area,resolution,Rvalue,heavy_atom_counts,occupancy_values,packing_density1,packing_density2,packing_density3,B-factor",1,False,0,0,0,{},{},0,0,45.85168779186124,15.52484446353658
1KNG,True,included,C:\Users\ryana\Documents\Codex\2026-09-13\https-github-com-ryan-charette-psl-2\work\psl-protein-flexibility\data\raw\MDG_bfactor-main\datasets\365\1KNG_CA_A2.pdb,15689efd755db1cf499944363574ed55e345671cafb5e1feabfc9ec4b1dc0693,excluded_no_verified_chain_residue_identity,"res_id,sec_type,phi,psi,area,resolution,Rvalue,heavy_atom_counts,occupancy_values,packing_density1,packing_density2,packing_density3,B-factor",1,False,0,0,0,{},{},0,0,16.351180555555555,5.288702515809811
1KR4,True,included,C:\Users\ryana\Documents\Codex\2026-09-13\https-github-com-ryan-charette-psl-2\work\psl-protein-flexibility\data\raw\MDG_bfactor-main\datasets\365\1KR4_CA_A2.pdb,9b83c882b5dc73a4141a241bc5bba38d0be6b3b82335d54c8c605f0465c3da11,excluded_no_verified_chain_residue_identity,"res_id,sec_type,phi,psi,area,resolution,Rvalue,heavy_atom_counts,occupancy_values,packing_density1,packing_density2,packing_density3,B-factor",1,False,0,0,0,{},"{""MSE"": 3}",3,0,13.114818181818178,2.4201396397797086
1KYC,True,included,C:\Users\ryana\Documents\Codex\2026-09-13\https-github-com-ryan-charette-psl-2\work\psl-protein-flexibility\data\raw\MDG_bfactor-main\datasets\365\1KYC_CA_A2.pdb,c2ef78623c32759ed005b8d82d698445fb3d331cdb0c32f52112a44de43583c6,excluded_no_verified_chain_residue_identity,"res_id,sec_type,phi,psi,area,resolution,Rvalue,heavy_atom_counts,occupancy_values,packing_density1,packing_density2,packing_density3,B-factor",1,False,0,0,0,{},{},0,0,14.418,3.4560115740546937
1LR7,True,included,C:\Users\ryana\Documents\Codex\2026-09-13\https-github-com-ryan-charette-psl-2\work\psl-protein-flexibility\data\raw\MDG_bfactor-main\datasets\365\1LR7_CA_A2.pdb,c4e9644e4c7b00f2192f44a0f9e9dbd0483833ff359848e1e839ac9b95bddf54,excluded_no_verified_chain_residue_identity,"res_id,sec_type,phi,psi,area,resolution,Rvalue,heavy_atom_counts,occupancy_values,packing_density1,packing_density2,packing_density3,B-factor",1,False,0,0,0,{},{},0,0,16.5013698630137,5.929005163858804
1MF7,True,included,C:\Users\ryana\Documents\Codex\2026-09-13\https-github-com-ryan-charette-psl-2\work\psl-protein-flexibility\data\raw\MDG_bfactor-main\datasets\365\1MF7_CA_A2.pdb,310860716f315af265d985b63ff94084eba62c743df93e1ded8ec7e2ccd3ea34,excluded_no_verified_chain_residue_identity,"res_id,sec_type,phi,psi,area,resolution,Rvalue,heavy_atom_counts,occupancy_values,packing_density1,packing_density2,packing_density3,B-factor",1,False,0,0,0,{},{},0,0,28.971649484536083,6.059436566711867
1N7E,True,included,C:\Users\ryana\Documents\Codex\2026-09-13\https-github-com-ryan-charette-psl-2\work\psl-protein-flexibility\data\raw\MDG_bfactor-main\datasets\365\1N7E_CA_A2.pdb,58036c0123d343b011658391d18fe92ed17d3d0435766c926b4eeeca870a5f91,excluded_no_verified_chain_residue_identity,"res_id,sec_type,phi,psi,area,resolution,Rvalue,heavy_atom_counts,occupancy_values,packing_density1,packing_density2,packing_density3,B-factor",1,False,0,0,0,{},{},0,0,22.960315789473686,7.713604175348981
1NKD,True,included,C:\Users\ryana\Documents\Codex\2026-09-13\https-github-com-ryan-charette-psl-2\work\psl-protein-flexibility\data\raw\MDG_bfactor-main\datasets\365\1NKD_CA_A2.pdb,388244d9d41d4b3b051ab5cd9a388df2ec3adb061f9b5a8831cbb28bec191599,excluded_no_verified_chain_residue_identity,"res_id,sec_type,phi,psi,area,resolution,Rvalue,heavy_atom_counts,occupancy_values,packing_density1,packing_density2,packing_density3,B-factor",1,False,0,0,0,{},{},0,0,13.324745762711864,3.4566410441705915
1NKO,True,included,C:\Users\ryana\Documents\Codex\2026-09-13\https-github-com-ryan-charette-psl-2\work\psl-protein-flexibility\data\raw\MDG_bfactor-main\datasets\365\1NKO_CA_A2.pdb,b1ba84150c27ea161cbd9f742d00bd75d38309c68881c9c6a704e93641dc8a54,absent,,1,False,0,0,0,{},{},0,0,19.71377049180328,9.732209269163985
1NLS,True,included,C:\Users\ryana\Documents\Codex\2026-09-13\https-github-com-ryan-charette-psl-2\work\psl-protein-flexibility\data\raw\MDG_bfactor-main\datasets\365\1NLS_CA_A2.pdb,175a9bd82e3d3969abd0aa3a3885911d69b98510f5abbfcd2f1e9339ae1f0aea,excluded_no_verified_chain_residue_identity,"res_id,sec_type,phi,psi,area,resolution,Rvalue,heavy_atom_counts,occupancy_values,packing_density1,packing_density2,packing_density3,B-factor",1,False,0,1,1,"{""CA"": 1}",{},0,0,10.628185654008439,8.782831814559138
1NNX,True,included,C:\Users\ryana\Documents\Codex\2026-09-13\https-github-com-ryan-charette-psl-2\work\psl-protein-flexibility\data\raw\MDG_bfactor-main\datasets\365\1NNX_CA_A2.pdb,8af5e739e7e5f0daaa1667285e5d32927973ec87d870c53ebca35c04bc5b8854,excluded_no_verified_chain_residue_identity,"res_id,sec_type,phi,psi,area,resolution,Rvalue,heavy_atom_counts,occupancy_values,packing_density1,packing_density2,packing_density3,B-factor",1,False,0,0,0,{},{},0,0,18.86752688172043,7.1283573724892975
1NOA,True,included,C:\Users\ryana\Documents\Codex\2026-09-13\https-github-com-ryan-charette-psl-2\work\psl-protein-flexibility\data\raw\MDG_bfactor-main\datasets\365\1NOA_CA_A2.pdb,b3f5d9bea5f3aea5e8cd3a304d783cd055cb65ad715849d92f836644397fe497,excluded_no_verified_chain_residue_identity,"res_id,sec_type,phi,psi,area,resolution,Rvalue,heavy_atom_counts,occupancy_values,packing_density1,packing_density2,packing_density3,B-factor",1,False,0,0,0,{},{},0,0,12.353362831858407,4.3642401665335635
1NOT,True,included,C:\Users\ryana\Documents\Codex\2026-09-13\https-github-com-ryan-charette-psl-2\work\psl-protein-flexibility\data\raw\MDG_bfactor-main\datasets\365\1NOT_CA_A2.pdb,70f0cd0e574da874d9811f6cbe49c9ffc681e2e44bf6121654c3a5f84f01b761,excluded_no_verified_chain_residue_identity,"res_id,sec_type,phi,psi,area,resolution,Rvalue,heavy_atom_counts,occupancy_values,packing_density1,packing_density2,packing_density3,B-factor",1,False,0,0,0,{},{},0,0,9.026153846153846,4.784290862108453
1O06,True,included,C:\Users\ryana\Documents\Codex\2026-09-13\https-github-com-ryan-charette-psl-2\work\psl-protein-flexibility\data\raw\MDG_bfactor-main\datasets\365\1O06_CA_A2.pdb,2139105c0e60b508fac017dc19cbeec417d82ca93f2fe4dffc3117250a3e5c03,excluded_no_verified_chain_residue_identity,"res_id,sec_type,phi,psi,area,resolution,Rvalue,heavy_atom_counts,occupancy_values,packing_density1,packing_density2,packing_density3,B-factor",1,False,0,0,0,{},{},0,0,12.9435,3.9547557130624384
1O08,True,included,C:\Users\ryana\Documents\Codex\2026-09-13\https-github-com-ryan-charette-psl-2\work\psl-protein-flexibility\data\raw\MDG_bfactor-main\datasets\365\1O08_CA_A2.pdb,b86c4af22f1f90aab259a17f0f76fc67126e4b3e561f8b6df350354f1803965b,excluded_no_verified_chain_residue_identity,"res_id,sec_type,phi,psi,area,resolution,Rvalue,heavy_atom_counts,occupancy_values,packing_density1,packing_density2,packing_density3,B-factor",1,False,0,0,0,{},{},0,0,11.132805429864256,7.147407168591675
1OB4,True,included,C:\Users\ryana\Documents\Codex\2026-09-13\https-github-com-ryan-charette-psl-2\work\psl-protein-flexibility\data\raw\MDG_bfactor-main\datasets\365\1OB4_CA_A2.pdb,75f35d31cbce516c89953be3cad01a5bbb30cf505b8aaac84bf506bf96f96a04,absent,,1,False,0,0,0,{},"{""AIB"": 6, ""DIV"": 2, ""HYP"": 2, ""PHL"": 1}",11,0,7.631875,2.518459893342556
1OB7,True,included,C:\Users\ryana\Documents\Codex\2026-09-13\https-github-com-ryan-charette-psl-2\work\psl-protein-flexibility\data\raw\MDG_bfactor-main\datasets\365\1OB7_CA_A2.pdb,9888d2aae036d074f9b94d1899cd9742d45eb65e6c84e5bbf002fef9984ac485,absent,,1,False,0,0,0,{},"{""AIB"": 7, ""DIV"": 1, ""HYP"": 2, ""PHL"": 1}",11,0,3.199375,0.6182785451356048
1OPD,True,included,C:\Users\ryana\Documents\Codex\2026-09-13\https-github-com-ryan-charette-psl-2\work\psl-protein-flexibility\data\raw\MDG_bfactor-main\datasets\365\1OPD_CA_A2.pdb,272bb225279240e5a8e1de2d57fd16486586e06c8761119b8b8891e8bae7407b,excluded_no_verified_chain_residue_identity,"res_id,sec_type,phi,psi,area,resolution,Rvalue,heavy_atom_counts,occupancy_values,packing_density1,packing_density2,packing_density3,B-factor",1,False,0,0,0,{},{},0,0,11.962000000000002,4.3791035343670375
1P9I,True,included,C:\Users\ryana\Documents\Codex\2026-09-13\https-github-com-ryan-charette-psl-2\work\psl-protein-flexibility\data\raw\MDG_bfactor-main\datasets\365\1P9I_CA_A2.pdb,5b496b2b21944c82fe7ce6267e63d56a320be3c62cc1b5ecc0cfcbd3a0809ea8,excluded_no_verified_chain_residue_identity,"res_id,sec_type,phi,psi,area,resolution,Rvalue,heavy_atom_counts,occupancy_values,packing_density1,packing_density2,packing_density3,B-factor",1,False,0,0,0,{},{},0,0,12.448275862068966,2.420434655986424
1PEF,True,included,C:\Users\ryana\Documents\Codex\2026-09-13\https-github-com-ryan-charette-psl-2\work\psl-protein-flexibility\data\raw\MDG_bfactor-main\datasets\365\1PEF_CA_A2.pdb,4d653b5e4be2404e2082a7b89e9c41c2e46d2be7f037d89627d5f9a2ce2143b6,excluded_no_verified_chain_residue_identity,"res_id,sec_type,phi,psi,area,resolution,Rvalue,heavy_atom_counts,occupancy_values,packing_density1,packing_density2,packing_density3,B-factor",1,False,0,0,0,{},{},0,0,8.942222222222222,3.112631176272925
1PEN,True,included,C:\Users\ryana\Documents\Codex\2026-09-13\https-github-com-ryan-charette-psl-2\work\psl-protein-flexibility\data\raw\MDG_bfactor-main\datasets\365\1PEN_CA_A2.pdb,242e1264e8438dfc6ead2d958938a7b813b1e51f7838994aa2fe569f453dfbe6,excluded_no_verified_chain_residue_identity,"res_id,sec_type,phi,psi,area,resolution,Rvalue,heavy_atom_counts,occupancy_values,packing_density1,packing_density2,packing_density3,B-factor",1,False,0,0,0,{},{},0,0,6.764375,1.4361057096798269
1PMY,True,included,C:\Users\ryana\Documents\Codex\2026-09-13\https-github-com-ryan-charette-psl-2\work\psl-protein-flexibility\data\raw\MDG_bfactor-main\datasets\365\1PMY_CA_A2.pdb,551ab10044ebf8b5800a8baf8130239d24e7c6540c65c3bf2edf52dc27ae9d63,excluded_no_verified_chain_residue_identity,"res_id,sec_type,phi,psi,area,resolution,Rvalue,heavy_atom_counts,occupancy_values,packing_density1,packing_density2,packing_density3,B-factor",1,False,0,0,0,{},{},0,0,12.853983739837398,4.026155490322739
1PZ4,True,included,C:\Users\ryana\Documents\Codex\2026-09-13\https-github-com-ryan-charette-psl-2\work\psl-protein-flexibility\data\raw\MDG_bfactor-main\datasets\365\1PZ4_CA_A2.pdb,99d5c54355cc2c2c738a9d7d83f8478aef0819e850e716a26e872a56593c7826,excluded_no_verified_chain_residue_identity,"res_id,sec_type,phi,psi,area,resolution,Rvalue,heavy_atom_counts,occupancy_values,packing_density1,packing_density2,packing_density3,B-factor",1,False,0,1,1,"{""PLM"": 1}",{},0,0,15.439292035398228,10.409325100903914
1Q9B,True,included,C:\Users\ryana\Documents\Codex\2026-09-13\https-github-com-ryan-charette-psl-2\work\psl-protein-flexibility\data\raw\MDG_bfactor-main\datasets\365\1Q9B_CA_A2.pdb,16fc97c9b2dbed04e0030a724b1fb4da014e943ec91a6a15802abd0005153f8d,excluded_no_verified_chain_residue_identity,"res_id,sec_type,phi,psi,area,resolution,Rvalue,heavy_atom_counts,occupancy_values,packing_density1,packing_density2,packing_density3,B-factor",1,False,0,0,0,{},{},0,0,14.735581395348834,6.584359304645907
1QAU,True,included,C:\Users\ryana\Documents\Codex\2026-09-13\https-github-com-ryan-charette-psl-2\work\psl-protein-flexibility\data\raw\MDG_bfactor-main\datasets\365\1QAU_CA_A2.pdb,557bcc3b5dcfc75ac94613779744aa7373030a4c17f40ff0e2d0272273e4fcc0,excluded_no_verified_chain_residue_identity,"res_id,sec_type,phi,psi,area,resolution,Rvalue,heavy_atom_counts,occupancy_values,packing_density1,packing_density2,packing_density3,B-factor",1,False,0,0,0,{},{},0,0,14.419374999999999,3.2845733255331004
1QKI,True,included,C:\Users\ryana\Documents\Codex\2026-09-13\https-github-com-ryan-charette-psl-2\work\psl-protein-flexibility\data\raw\MDG_bfactor-main\datasets\365\1QKI_CA_A2.pdb,436a6b6866e64319de930ce8c0d1a126e3ac2e785c9787352fb4097517de4155,excluded_no_verified_chain_residue_identity,"res_id,sec_type,phi,psi,area,resolution,Rvalue,heavy_atom_counts,occupancy_values,packing_density1,packing_density2,packing_density3,B-factor",1,False,0,0,0,{},{},0,0,47.35753834355828,14.127137721166442
1QTO,True,included,C:\Users\ryana\Documents\Codex\2026-09-13\https-github-com-ryan-charette-psl-2\work\psl-protein-flexibility\data\raw\MDG_bfactor-main\datasets\365\1QTO_CA_A2.pdb,adb0bef3944b236c6460fce00e36cef8e5001a70273aa5a2917d910a53a0f264,excluded_no_verified_chain_residue_identity,"res_id,sec_type,phi,psi,area,resolution,Rvalue,heavy_atom_counts,occupancy_values,packing_density1,packing_density2,packing_density3,B-factor",1,False,0,0,0,{},{},0,0,14.866147540983606,9.426835990824483
1R29,True,included,C:\Users\ryana\Documents\Codex\2026-09-13\https-github-com-ryan-charette-psl-2\work\psl-protein-flexibility\data\raw\MDG_bfactor-main\datasets\365\1R29_CA_A2.pdb,9c033c51f0353f22d128ab0f1fe07c4909964ac4e98e89524722187f53504f06,excluded_no_verified_chain_residue_identity,"res_id,sec_type,phi,psi,area,resolution,Rvalue,heavy_atom_counts,occupancy_values,packing_density1,packing_density2,packing_density3,B-factor",1,False,0,0,0,{},{},0,0,13.235819672131147,5.914915550325453
1R7J,True,included,C:\Users\ryana\Documents\Codex\2026-09-13\https-github-com-ryan-charette-psl-2\work\psl-protein-flexibility\data\raw\MDG_bfactor-main\datasets\365\1R7J_CA_A2.pdb,ed4f1f5a25eddff3e43242cd40214ad1213db0730ae0ed522eba4d7496177502,excluded_no_verified_chain_residue_identity,"res_id,sec_type,phi,psi,area,resolution,Rvalue,heavy_atom_counts,occupancy_values,packing_density1,packing_density2,packing_density3,B-factor",1,False,0,0,0,{},{},0,0,15.156888888888888,4.982731210991383
1RJU,True,included,C:\Users\ryana\Documents\Codex\2026-09-13\https-github-com-ryan-charette-psl-2\work\psl-protein-flexibility\data\raw\MDG_bfactor-main\datasets\365\1RJU_CA_A2.pdb,71be310acd7419dafe33ee5c1aca6bdb98c63b3b2e3e865c5975b8547236dcac,excluded_no_verified_chain_residue_identity,"res_id,sec_type,phi,psi,area,resolution,Rvalue,heavy_atom_counts,occupancy_values,packing_density1,packing_density2,packing_density3,B-factor",1,False,0,0,0,{},{},0,0,12.541944444444445,3.8156511163047946
1RRO,True,included,C:\Users\ryana\Documents\Codex\2026-09-13\https-github-com-ryan-charette-psl-2\work\psl-protein-flexibility\data\raw\MDG_bfactor-main\datasets\365\1RRO_CA_A2.pdb,33e629eabbbee28bd99fc019e83db2dc122f2df2b3269799642d4864edf8f09f,excluded_no_verified_chain_residue_identity,"res_id,sec_type,phi,psi,area,resolution,Rvalue,heavy_atom_counts,occupancy_values,packing_density1,packing_density2,packing_density3,B-factor",1,False,0,4,4,"{""CA"": 4}",{},0,0,8.920740740740738,3.836556785689699
1SAU,True,included,C:\Users\ryana\Documents\Codex\2026-09-13\https-github-com-ryan-charette-psl-2\work\psl-protein-flexibility\data\raw\MDG_bfactor-main\datasets\365\1SAU_CA_A2.pdb,1a5464a593aaef01efb8deba2d330d103d7af7c1b96475ba4a3da33558337de5,excluded_no_verified_chain_residue_identity,"res_id,sec_type,phi,psi,area,resolution,Rvalue,heavy_atom_counts,occupancy_values,packing_density1,packing_density2,packing_density3,B-factor",1,False,0,0,0,{},{},0,0,9.575350877192982,2.410796687064025
1TGR,True,included,C:\Users\ryana\Documents\Codex\2026-09-13\https-github-com-ryan-charette-psl-2\work\psl-protein-flexibility\data\raw\MDG_bfactor-main\datasets\365\1TGR_CA_A2.pdb,d2b70809f4204e8d0ed7c94d6cbf3f176cc3dc978d429fa3aa66f31213f371a5,excluded_no_verified_chain_residue_identity,"res_id,sec_type,phi,psi,area,resolution,Rvalue,heavy_atom_counts,occupancy_values,packing_density1,packing_density2,packing_density3,B-factor",1,False,0,0,0,{},{},0,0,17.598846153846157,4.17141193300217
1TZV,True,included,C:\Users\ryana\Documents\Codex\2026-09-13\https-github-com-ryan-charette-psl-2\work\psl-protein-flexibility\data\raw\MDG_bfactor-main\datasets\365\1TZV_CA_A2.pdb,b264e9f980fbaac08214dc3cd97a3b58959067d0e3a2028b9a55570ee3b821fd,excluded_no_verified_chain_residue_identity,"res_id,sec_type,phi,psi,area,resolution,Rvalue,heavy_atom_counts,occupancy_values,packing_density1,packing_density2,packing_density3,B-factor",1,False,0,0,0,{},{},0,0,19.588297872340426,5.809160161642343
1U06,True,included,C:\Users\ryana\Documents\Codex\2026-09-13\https-github-com-ryan-charette-psl-2\work\psl-protein-flexibility\data\raw\MDG_bfactor-main\datasets\365\1U06_CA_A2.pdb,f745859b58fb212165b5fc4cd54529772baf906221be03ca8ea66d1ba6b207fb,excluded_no_verified_chain_residue_identity,"res_id,sec_type,phi,psi,area,resolution,Rvalue,heavy_atom_counts,occupancy_values,packing_density1,packing_density2,packing_density3,B-factor",1,False,0,0,0,{},{},0,0,13.636909090909091,3.878020522580266
1U7I,True,included,C:\Users\ryana\Documents\Codex\2026-09-13\https-github-com-ryan-charette-psl-2\work\psl-protein-flexibility\data\raw\MDG_bfactor-main\datasets\365\1U7I_CA_A2.pdb,bc4bb1f393813a503d7f16130c3774d323edcbd62e728e7dd428cc3f40991bae,excluded_no_verified_chain_residue_identity,"res_id,sec_type,phi,psi,area,resolution,Rvalue,heavy_atom_counts,occupancy_values,packing_density1,packing_density2,packing_density3,B-factor",1,False,0,0,0,{},"{""MSE"": 8}",8,0,16.94191011235955,4.957985925893539
1U9C,True,included,C:\Users\ryana\Documents\Codex\2026-09-13\https-github-com-ryan-charette-psl-2\work\psl-protein-flexibility\data\raw\MDG_bfactor-main\datasets\365\1U9C_CA_A2.pdb,aea2636e1dc769f94f06b494a17243e3b16e1fdd1e2fed7723a7bddc49e10082,excluded_no_verified_chain_residue_identity,"res_id,sec_type,phi,psi,area,resolution,Rvalue,heavy_atom_counts,occupancy_values,packing_density1,packing_density2,packing_density3,B-factor",1,False,0,0,0,{},"{""CSW"": 1}",1,0,22.859230769230766,3.7934678133362305
1UHA,True,included,C:\Users\ryana\Documents\Codex\2026-09-13\https-github-com-ryan-charette-psl-2\work\psl-protein-flexibility\data\raw\MDG_bfactor-main\datasets\365\1UHA_CA_A2.pdb,9c3030f5d50e98b2a6fb4339f2fcc34704c56ef6ac6e02f3b855791c4310dcf0,excluded_no_verified_chain_residue_identity,"res_id,sec_type,phi,psi,area,resolution,Rvalue,heavy_atom_counts,occupancy_values,packing_density1,packing_density2,packing_density3,B-factor",1,False,0,1,1,"{""CA"": 1}",{},0,0,14.933414634146342,4.389474722591946
1UKU,True,included,C:\Users\ryana\Documents\Codex\2026-09-13\https-github-com-ryan-charette-psl-2\work\psl-protein-flexibility\data\raw\MDG_bfactor-main\datasets\365\1UKU_CA_A2.pdb,20197aca8123e8213a456b8ce8de0d474d8efdecd142a095f1a97f4a8764c322,excluded_no_verified_chain_residue_identity,"res_id,sec_type,phi,psi,area,resolution,Rvalue,heavy_atom_counts,occupancy_values,packing_density1,packing_density2,packing_density3,B-factor",1,False,0,0,0,{},{},0,0,9.637254901960784,2.790937770876904
1ULR,True,included,C:\Users\ryana\Documents\Codex\2026-09-13\https-github-com-ryan-charette-psl-2\work\psl-protein-flexibility\data\raw\MDG_bfactor-main\datasets\365\1ULR_CA_A2.pdb,f2ce48dd100119dcda91322e8a8c8a6b41ed0e67475e9f8d21fa63d4c1f3c5e3,excluded_no_verified_chain_residue_identity,"res_id,sec_type,phi,psi,area,resolution,Rvalue,heavy_atom_counts,occupancy_values,packing_density1,packing_density2,packing_density3,B-factor",1,False,0,0,0,{},{},0,0,5.124712643678162,2.2454991197363423
1UOY,True,included,C:\Users\ryana\Documents\Codex\2026-09-13\https-github-com-ryan-charette-psl-2\work\psl-protein-flexibility\data\raw\MDG_bfactor-main\datasets\365\1UOY_CA_A2.pdb,39b45aa995115be83c48265552da2102d09552d94fd9e5fbe477d006244306b9,excluded_no_verified_chain_residue_identity,"res_id,sec_type,phi,psi,area,resolution,Rvalue,heavy_atom_counts,occupancy_values,packing_density1,packing_density2,packing_density3,B-factor",1,False,0,0,0,{},{},0,0,9.4278125,2.3028334915585518
1USE,True,included,C:\Users\ryana\Documents\Codex\2026-09-13\https-github-com-ryan-charette-psl-2\work\psl-protein-flexibility\data\raw\MDG_bfactor-main\datasets\365\1USE_CA_A2.pdb,e6be0c750b70bdbbdf9e6f9fafe45b4663df17eb85a71fc82a18fb546a0fbf49,excluded_no_verified_chain_residue_identity,"res_id,sec_type,phi,psi,area,resolution,Rvalue,heavy_atom_counts,occupancy_values,packing_density1,packing_density2,packing_density3,B-factor",1,False,0,0,0,{},{},0,0,20.367250000000002,3.9213894141617716
1USM,True,included,C:\Users\ryana\Documents\Codex\2026-09-13\https-github-com-ryan-charette-psl-2\work\psl-protein-flexibility\data\raw\MDG_bfactor-main\datasets\365\1USM_CA_A2.pdb,2a5ef11342c7567e4e0553ee145627ea39576c5f41d9bde5110fed26f065811a,excluded_no_verified_chain_residue_identity,"res_id,sec_type,phi,psi,area,resolution,Rvalue,heavy_atom_counts,occupancy_values,packing_density1,packing_density2,packing_density3,B-factor",1,False,0,0,0,{},{},0,0,12.428831168831167,5.521144943847839
1UTG,True,included,C:\Users\ryana\Documents\Codex\2026-09-13\https-github-com-ryan-charette-psl-2\work\psl-protein-flexibility\data\raw\MDG_bfactor-main\datasets\365\1UTG_CA_A2.pdb,f6959b40243ead41795136dfef9e1badb80de94117adf01968043f6dd583f0a0,excluded_no_verified_chain_residue_identity,"res_id,sec_type,phi,psi,area,resolution,Rvalue,heavy_atom_counts,occupancy_values,packing_density1,packing_density2,packing_density3,B-factor",1,False,0,0,0,{},{},0,0,10.683714285714284,3.692955135477963
1V05,True,included,C:\Users\ryana\Documents\Codex\2026-09-13\https-github-com-ryan-charette-psl-2\work\psl-protein-flexibility\data\raw\MDG_bfactor-main\datasets\365\1V05_CA_A2.pdb,49e0b3d048152a756c4db17c4f71765e750cb03e2c182d14b5dd85e59234e2f4,excluded_no_verified_chain_residue_identity,"res_id,sec_type,phi,psi,area,resolution,Rvalue,heavy_atom_counts,occupancy_values,packing_density1,packing_density2,packing_density3,B-factor",1,False,0,0,0,{},{},0,0,11.676458333333334,3.2376824205899535
1V70,True,included,C:\Users\ryana\Documents\Codex\2026-09-13\https-github-com-ryan-charette-psl-2\work\psl-protein-flexibility\data\raw\MDG_bfactor-main\datasets\365\1V70_CA_A2.pdb,7d078cb7a45ddb59404429945ec1d1484c6ab2be9263f2b99ce13a1a91a92499,excluded_no_verified_chain_residue_identity,"res_id,sec_type,phi,psi,area,resolution,Rvalue,heavy_atom_counts,occupancy_values,packing_density1,packing_density2,packing_density3,B-factor",1,False,0,0,0,{},{},0,0,14.196761904761905,3.691559870385958
1VRZ,True,included,C:\Users\ryana\Documents\Codex\2026-09-13\https-github-com-ryan-charette-psl-2\work\psl-protein-flexibility\data\raw\MDG_bfactor-main\datasets\365\1VRZ_CA_A2.pdb,f08defb1f0cd28d1d7618f038e2858ebe3dde74223b74a894f7f44188f9033e0,excluded_no_verified_chain_residue_identity,"res_id,sec_type,phi,psi,area,resolution,Rvalue,heavy_atom_counts,occupancy_values,packing_density1,packing_density2,packing_density3,B-factor",1,False,0,0,0,{},"{""23F"": 8}",8,0,8.700476190476191,2.737931920595189
1W2L,True,included,C:\Users\ryana\Documents\Codex\2026-09-13\https-github-com-ryan-charette-psl-2\work\psl-protein-flexibility\data\raw\MDG_bfactor-main\datasets\365\1W2L_CA_A2.pdb,6fc905bcbd3db235d968897ba0e29bf4afc0050458fe7149f8c6060aa4b53b58,excluded_no_verified_chain_residue_identity,"res_id,sec_type,phi,psi,area,resolution,Rvalue,heavy_atom_counts,occupancy_values,packing_density1,packing_density2,packing_density3,B-factor",1,False,0,0,0,{},{},0,0,16.837525773195875,6.695347520053325
1WBE,True,included,C:\Users\ryana\Documents\Codex\2026-09-13\https-github-com-ryan-charette-psl-2\work\psl-protein-flexibility\data\raw\MDG_bfactor-main\datasets\365\1WBE_CA_A2.pdb,3535d6b4db75730b21196028badc60c5e6171398610ebe38b03c1d1e8998dc27,excluded_no_verified_chain_residue_identity,"res_id,sec_type,phi,psi,area,resolution,Rvalue,heavy_atom_counts,occupancy_values,packing_density1,packing_density2,packing_density3,B-factor",1,False,0,0,0,{},{},0,0,16.937549019607843,7.330887038892963
1WHI,True,included,C:\Users\ryana\Documents\Codex\2026-09-13\https-github-com-ryan-charette-psl-2\work\psl-protein-flexibility\data\raw\MDG_bfactor-main\datasets\365\1WHI_CA_A2.pdb,837d57e6db5d07ac8c7905b69f4df8f60cf0bdd2bb7e477e2a3efc81e7d0554f,excluded_no_verified_chain_residue_identity,"res_id,sec_type,phi,psi,area,resolution,Rvalue,heavy_atom_counts,occupancy_values,packing_density1,packing_density2,packing_density3,B-factor",1,False,0,0,0,{},{},0,0,12.912786885245902,3.804645620664873
1WLY,True,included,C:\Users\ryana\Documents\Codex\2026-09-13\https-github-com-ryan-charette-psl-2\work\psl-protein-flexibility\data\raw\MDG_bfactor-main\datasets\365\1WLY_CA_A2.pdb,dc7f4ec12a1e8f86fe7fcd3c34b1fe49771a08f249842a440231254594ceb881,excluded_no_verified_chain_residue_identity,"res_id,sec_type,phi,psi,area,resolution,Rvalue,heavy_atom_counts,occupancy_values,packing_density1,packing_density2,packing_density3,B-factor",1,False,0,0,0,{},{},0,0,17.015093167701863,4.706838241702789
1WPA,True,included,C:\Users\ryana\Documents\Codex\2026-09-13\https-github-com-ryan-charette-psl-2\work\psl-protein-flexibility\data\raw\MDG_bfactor-main\datasets\365\1WPA_CA_A2.pdb,5c4635c018f29156206a81417b96e87220548b4fa4fc6ea25f62d5723cd0fce7,excluded_no_verified_chain_residue_identity,"res_id,sec_type,phi,psi,area,resolution,Rvalue,heavy_atom_counts,occupancy_values,packing_density1,packing_density2,packing_density3,B-factor",1,False,0,0,0,{},{},0,0,22.101401869158877,4.492179174487305
1X3O,True,included,C:\Users\ryana\Documents\Codex\2026-09-13\https-github-com-ryan-charette-psl-2\work\psl-protein-flexibility\data\raw\MDG_bfactor-main\datasets\365\1X3O_CA_A2.pdb,c59899af74a17cb92a789636190806ccb5576641045c2d93fb86ff01aaf579c2,excluded_no_verified_chain_residue_identity,"res_id,sec_type,phi,psi,area,resolution,Rvalue,heavy_atom_counts,occupancy_values,packing_density1,packing_density2,packing_density3,B-factor",1,False,0,0,0,{},{},0,0,22.467875,6.744287896759375
1XY1,True,included,C:\Users\ryana\Documents\Codex\2026-09-13\https-github-com-ryan-charette-psl-2\work\psl-protein-flexibility\data\raw\MDG_bfactor-main\datasets\365\1XY1_CA_A2.pdb,e4604e4cabd33df909036ef00ffd8078d6c8fa4a3d3d98a4bec28d162a8111aa,excluded_no_verified_chain_residue_identity,"res_id,sec_type,phi,psi,area,resolution,Rvalue,heavy_atom_counts,occupancy_values,packing_density1,packing_density2,packing_density3,B-factor",1,False,0,2,2,"{""MPT"": 2}",{},0,0,0.060000000000000005,0.015811388300841896
1XY2,True,included,C:\Users\ryana\Documents\Codex\2026-09-13\https-github-com-ryan-charette-psl-2\work\psl-protein-flexibility\data\raw\MDG_bfactor-main\datasets\365\1XY2_CA_A2.pdb,29c95963b5da62475b587d7b2eada7db5cc68147862aa52a951aada3f037f89a,excluded_no_verified_chain_residue_identity,"res_id,sec_type,phi,psi,area,resolution,Rvalue,heavy_atom_counts,occupancy_values,packing_density1,packing_density2,packing_density3,B-factor",1,False,0,0,0,{},{},0,0,0.08875,0.018328597873268973
1Y6X,True,included,C:\Users\ryana\Documents\Codex\2026-09-13\https-github-com-ryan-charette-psl-2\work\psl-protein-flexibility\data\raw\MDG_bfactor-main\datasets\365\1Y6X_CA_A2.pdb,82956483e714f572cf343b0686532b6bd8b3b1f9d8f4fb72f87dbab6a7434dcb,excluded_no_verified_chain_residue_identity,"res_id,sec_type,phi,psi,area,resolution,Rvalue,heavy_atom_counts,occupancy_values,packing_density1,packing_density2,packing_density3,B-factor",1,False,0,0,0,{},"{""MSE"": 1}",1,0,11.21942528735632,3.210233763938487
1YJO,True,included,C:\Users\ryana\Documents\Codex\2026-09-13\https-github-com-ryan-charette-psl-2\work\psl-protein-flexibility\data\raw\MDG_bfactor-main\datasets\365\1YJO_CA_A2.pdb,ba80130ffc28fe48e0f9152b630915ad076d56a47385f94c8790d6835d363042,excluded_no_verified_chain_residue_identity,"res_id,sec_type,phi,psi,area,resolution,Rvalue,heavy_atom_counts,occupancy_values,packing_density1,packing_density2,packing_density3,B-factor",1,False,0,0,0,{},{},0,0,4.989999999999999,0.5695027070465366
1YZM,True,included,C:\Users\ryana\Documents\Codex\2026-09-13\https-github-com-ryan-charette-psl-2\work\psl-protein-flexibility\data\raw\MDG_bfactor-main\datasets\365\1YZM_CA_A2.pdb,b99da53beb01bc2bf74136992f2a9a2cd49c0d44f020d3c1b1fe96a1e33630ca,excluded_no_verified_chain_residue_identity,"res_id,sec_type,phi,psi,area,resolution,Rvalue,heavy_atom_counts,occupancy_values,packing_density1,packing_density2,packing_density3,B-factor",1,False,0,0,0,{},{},0,0,15.648260869565213,5.058551650572749
1Z21,True,included,C:\Users\ryana\Documents\Codex\2026-09-13\https-github-com-ryan-charette-psl-2\work\psl-protein-flexibility\data\raw\MDG_bfactor-main\datasets\365\1Z21_CA_A2.pdb,8d6b00c9eb9a1d3ae100cf4acdc9851fde9edf46194a151af62ac646e7f8aa5c,excluded_no_verified_chain_residue_identity,"res_id,sec_type,phi,psi,area,resolution,Rvalue,heavy_atom_counts,occupancy_values,packing_density1,packing_density2,packing_density3,B-factor",1,False,0,0,0,{},{},0,0,20.761979166666666,5.650511337442477
1ZCE,True,included,C:\Users\ryana\Documents\Codex\2026-09-13\https-github-com-ryan-charette-psl-2\work\psl-protein-flexibility\data\raw\MDG_bfactor-main\datasets\365\1ZCE_CA_A2.pdb,1221230e689d970421f6c5c1c71603bcd0e68d5fb40585f85ee082fc975815d2,excluded_no_verified_chain_residue_identity,"res_id,sec_type,phi,psi,area,resolution,Rvalue,heavy_atom_counts,occupancy_values,packing_density1,packing_density2,packing_density3,B-factor",1,False,0,0,0,{},"{""MSE"": 7}",7,0,8.117260273972603,4.258747407419541
1ZVA,True,included,C:\Users\ryana\Documents\Codex\2026-09-13\https-github-com-ryan-charette-psl-2\work\psl-protein-flexibility\data\raw\MDG_bfactor-main\datasets\365\1ZVA_CA_A2.pdb,35cd261459b2fcc6a0c6fa0d1e42aa081cc4576857e862ff3263ad2f1e003d0f,excluded_no_verified_chain_residue_identity,"res_id,sec_type,phi,psi,area,resolution,Rvalue,heavy_atom_counts,occupancy_values,packing_density1,packing_density2,packing_density3,B-factor",1,False,0,0,0,{},{},0,0,8.411733333333332,4.865550841945396
2A50,True,included,C:\Users\ryana\Documents\Codex\2026-09-13\https-github-com-ryan-charette-psl-2\work\psl-protein-flexibility\data\raw\MDG_bfactor-main\datasets\365\2A50_CA_A2.pdb,4b4f8df3f16f5466c656bb3c11916668d50948210b937dcc196b220f5824b22a,excluded_no_verified_chain_residue_identity,"res_id,sec_type,phi,psi,area,resolution,Rvalue,heavy_atom_counts,occupancy_values,packing_density1,packing_density2,packing_density3,B-factor",1,False,0,0,0,{},{},0,0,16.936849015317286,5.708838642751786
2AGK,True,included,C:\Users\ryana\Documents\Codex\2026-09-13\https-github-com-ryan-charette-psl-2\work\psl-protein-flexibility\data\raw\MDG_bfactor-main\datasets\365\2AGK_CA_A2.pdb,0a5320cd7fc90b4aaafdb5c1f61ba3d032b59e8a457206f2c23c768a26955bc9,excluded_no_verified_chain_residue_identity,"res_id,sec_type,phi,psi,area,resolution,Rvalue,heavy_atom_counts,occupancy_values,packing_density1,packing_density2,packing_density3,B-factor",1,False,0,0,0,{},{},0,0,18.633648068669526,4.921041359812529
2AH1,True,included,C:\Users\ryana\Documents\Codex\2026-09-13\https-github-com-ryan-charette-psl-2\work\psl-protein-flexibility\data\raw\MDG_bfactor-main\datasets\365\2AH1_CA_A2.pdb,63d08e9653e18a53bf2d6bceb8cef7591998407c2847894eef8fc50714060bfd,excluded_no_verified_chain_residue_identity,"res_id,sec_type,phi,psi,area,resolution,Rvalue,heavy_atom_counts,occupancy_values,packing_density1,packing_density2,packing_density3,B-factor",1,False,0,0,0,{},"{""TRQ"": 2}",2,0,15.2775505857295,4.882137200953291
2B0A,True,included,C:\Users\ryana\Documents\Codex\2026-09-13\https-github-com-ryan-charette-psl-2\work\psl-protein-flexibility\data\raw\MDG_bfactor-main\datasets\365\2B0A_CA_A2.pdb,cf5871bbdeae9ee6743e93b05524e1c34061855f1da4a9769ae6b1379bb71892,excluded_no_verified_chain_residue_identity,"res_id,sec_type,phi,psi,area,resolution,Rvalue,heavy_atom_counts,occupancy_values,packing_density1,packing_density2,packing_density3,B-factor",1,False,0,0,0,{},{},0,0,28.76182795698924,8.566713205961602
2BCM,True,included,C:\Users\ryana\Documents\Codex\2026-09-13\https-github-com-ryan-charette-psl-2\work\psl-protein-flexibility\data\raw\MDG_bfactor-main\datasets\365\2BCM_CA_A2.pdb,4cb2764270bdfb6c59dd84613823f53343666804c11977cd56bb7989dda313d5,excluded_no_verified_chain_residue_identity,"res_id,sec_type,phi,psi,area,resolution,Rvalue,heavy_atom_counts,occupancy_values,packing_density1,packing_density2,packing_density3,B-factor",1,False,0,0,0,{},{},0,0,21.410460048426152,4.519959612354327
2BF9,True,included,C:\Users\ryana\Documents\Codex\2026-09-13\https-github-com-ryan-charette-psl-2\work\psl-protein-flexibility\data\raw\MDG_bfactor-main\datasets\365\2BF9_CA_A2.pdb,d47c65eb3e473d91dbed6a0fb9f05ac1b3b029419aa2a72b5a3790f1b6757176,excluded_no_verified_chain_residue_identity,"res_id,sec_type,phi,psi,area,resolution,Rvalue,heavy_atom_counts,occupancy_values,packing_density1,packing_density2,packing_density3,B-factor",1,False,0,0,0,{},"{""TYC"": 1}",1,0,10.768888888888888,10.796479821831275
2BRF,True,included,C:\Users\ryana\Documents\Codex\2026-09-13\https-github-com-ryan-charette-psl-2\work\psl-protein-flexibility\data\raw\MDG_bfactor-main\datasets\365\2BRF_CA_A2.pdb,b3e89bf01c167ebf57cbdcd35746080018201077eb2abba953fccae5fb27f671,excluded_no_verified_chain_residue_identity,"res_id,sec_type,phi,psi,area,resolution,Rvalue,heavy_atom_counts,occupancy_values,packing_density1,packing_density2,packing_density3,B-factor",1,False,0,0,0,{},{},0,0,7.664699999999999,3.1393918057483683
2C71,True,included,C:\Users\ryana\Documents\Codex\2026-09-13\https-github-com-ryan-charette-psl-2\work\psl-protein-flexibility\data\raw\MDG_bfactor-main\datasets\365\2C71_CA_A2.pdb,4b576bdd0f617ad6fa739206ad5512c1574212d663681e396ae28c159c9321d6,excluded_no_verified_chain_residue_identity,"res_id,sec_type,phi,psi,area,resolution,Rvalue,heavy_atom_counts,occupancy_values,packing_density1,packing_density2,packing_density3,B-factor",1,False,0,0,0,{},{},0,0,7.408878048780489,2.2622253688070604
2CE0,True,included,C:\Users\ryana\Documents\Codex\2026-09-13\https-github-com-ryan-charette-psl-2\work\psl-protein-flexibility\data\raw\MDG_bfactor-main\datasets\365\2CE0_CA_A2.pdb,41efa10301b651d032cec4941c8400059c9ca7ec6bf8e561d35f5937c3b46d9f,excluded_no_verified_chain_residue_identity,"res_id,sec_type,phi,psi,area,resolution,Rvalue,heavy_atom_counts,occupancy_values,packing_density1,packing_density2,packing_density3,B-factor",1,False,0,0,0,{},{},0,0,15.993737373737373,4.441752904014402
2CG7,True,included,C:\Users\ryana\Documents\Codex\2026-09-13\https-github-com-ryan-charette-psl-2\work\psl-protein-flexibility\data\raw\MDG_bfactor-main\datasets\365\2CG7_CA_A2.pdb,596db9b4b0311846715327ff600cdf452592c5784c8c0f1bae83be529bf970f5,excluded_no_verified_chain_residue_identity,"res_id,sec_type,phi,psi,area,resolution,Rvalue,heavy_atom_counts,occupancy_values,packing_density1,packing_density2,packing_density3,B-factor",1,False,0,0,0,{},{},0,0,10.152222222222223,3.1210357176131907
2COV,True,included,C:\Users\ryana\Documents\Codex\2026-09-13\https-github-com-ryan-charette-psl-2\work\psl-protein-flexibility\data\raw\MDG_bfactor-main\datasets\365\2COV_CA_A2.pdb,618d6af1acbf954c7f6601319d60b008c0191b287b2fec13ff0b024ef4d18411,excluded_no_verified_chain_residue_identity,"res_id,sec_type,phi,psi,area,resolution,Rvalue,heavy_atom_counts,occupancy_values,packing_density1,packing_density2,packing_density3,B-factor",1,False,0,0,0,{},{},0,0,17.138951310861426,5.025002583101444
2CWS,True,included,C:\Users\ryana\Documents\Codex\2026-09-13\https-github-com-ryan-charette-psl-2\work\psl-protein-flexibility\data\raw\MDG_bfactor-main\datasets\365\2CWS_CA_A2.pdb,008335756edb3c1f3833d7c9b74bd525271dc65dda3c1366932c548d86bf4d69,excluded_no_verified_chain_residue_identity,"res_id,sec_type,phi,psi,area,resolution,Rvalue,heavy_atom_counts,occupancy_values,packing_density1,packing_density2,packing_density3,B-factor",1,False,0,0,0,{},{},0,0,6.052246696035243,3.1003593327233054
2D5W,True,included,C:\Users\ryana\Documents\Codex\2026-09-13\https-github-com-ryan-charette-psl-2\work\psl-protein-flexibility\data\raw\MDG_bfactor-main\datasets\365\2D5W_CA_A2.pdb,21a3970270d71a65f949b5d7ffa21b5752c17f1cd267c5f3bf9739ea3946c24b,excluded_no_verified_chain_residue_identity,"res_id,sec_type,phi,psi,area,resolution,Rvalue,heavy_atom_counts,occupancy_values,packing_density1,packing_density2,packing_density3,B-factor",1,False,0,0,0,{},{},0,0,12.200939044481053,3.4430478061777547
2DKO,True,included,C:\Users\ryana\Documents\Codex\2026-09-13\https-github-com-ryan-charette-psl-2\work\psl-protein-flexibility\data\raw\MDG_bfactor-main\datasets\365\2DKO_CA_A2.pdb,4581e17379a1b6acf3e0f69911686803f20bb5703a90a4f3bcca37cd04fd1d28,absent,,1,False,0,0,0,{},"{""AKZ"": 1}",1,0,13.985533596837945,4.697885679070356
2DPL,True,included,C:\Users\ryana\Documents\Codex\2026-09-13\https-github-com-ryan-charette-psl-2\work\psl-protein-flexibility\data\raw\MDG_bfactor-main\datasets\365\2DPL_CA_A2.pdb,a0e4d6744ead389b47803cfe03148709e3229cf8ca59a63c431d4927da4e7f0e,excluded_no_verified_chain_residue_identity,"res_id,sec_type,phi,psi,area,resolution,Rvalue,heavy_atom_counts,occupancy_values,packing_density1,packing_density2,packing_density3,B-factor",1,False,0,0,0,{},{},0,0,23.627716814159292,8.468901189259094
2DSX,True,included,C:\Users\ryana\Documents\Codex\2026-09-13\https-github-com-ryan-charette-psl-2\work\psl-protein-flexibility\data\raw\MDG_bfactor-main\datasets\365\2DSX_CA_A2.pdb,3db86fcb982c4163680af0d565173ca64117e4c52fc1d01fd1b9195f16b83496,excluded_no_verified_chain_residue_identity,"res_id,sec_type,phi,psi,area,resolution,Rvalue,heavy_atom_counts,occupancy_values,packing_density1,packing_density2,packing_density3,B-factor",1,False,0,0,0,{},{},0,0,6.181538461538464,1.572722265832015
2E10,True,included,C:\Users\ryana\Documents\Codex\2026-09-13\https-github-com-ryan-charette-psl-2\work\psl-protein-flexibility\data\raw\MDG_bfactor-main\datasets\365\2E10_CA_A2.pdb,200cf46b0943f671c0663e8395bc19bc04b2b1b172765ac2388da3430738816a,excluded_no_verified_chain_residue_identity,"res_id,sec_type,phi,psi,area,resolution,Rvalue,heavy_atom_counts,occupancy_values,packing_density1,packing_density2,packing_density3,B-factor",1,False,0,0,0,{},{},0,0,15.831981776765375,6.06028611754818
2E3H,True,included,C:\Users\ryana\Documents\Codex\2026-09-13\https-github-com-ryan-charette-psl-2\work\psl-protein-flexibility\data\raw\MDG_bfactor-main\datasets\365\2E3H_CA_A2.pdb,c9750ac2c5f00c328057f205621ad5f4b6104bca970e50ae701734e2f95883eb,excluded_no_verified_chain_residue_identity,"res_id,sec_type,phi,psi,area,resolution,Rvalue,heavy_atom_counts,occupancy_values,packing_density1,packing_density2,packing_density3,B-factor",1,False,0,0,0,{},{},0,0,18.59703703703704,5.344372474554557
2EAQ,True,included,C:\Users\ryana\Documents\Codex\2026-09-13\https-github-com-ryan-charette-psl-2\work\psl-protein-flexibility\data\raw\MDG_bfactor-main\datasets\365\2EAQ_CA_A2.pdb,b06793e1cb85fe87561d376ed1a973d08d3fbcc7a268f07911ced4e4aced3be0,excluded_no_verified_chain_residue_identity,"res_id,sec_type,phi,psi,area,resolution,Rvalue,heavy_atom_counts,occupancy_values,packing_density1,packing_density2,packing_density3,B-factor",1,False,0,0,0,{},{},0,0,9.482808988764045,5.263821610985573
2EHP,True,included,C:\Users\ryana\Documents\Codex\2026-09-13\https-github-com-ryan-charette-psl-2\work\psl-protein-flexibility\data\raw\MDG_bfactor-main\datasets\365\2EHP_CA_A2.pdb,7d15d2e192767ce1f1b26ca07db2f02f2cc496e60110cc97f9845dd4ffa2998e,excluded_no_verified_chain_residue_identity,"res_id,sec_type,phi,psi,area,resolution,Rvalue,heavy_atom_counts,occupancy_values,packing_density1,packing_density2,packing_density3,B-factor",1,False,0,0,0,{},"{""MSE"": 2}",2,0,13.591612903225807,4.543564819556438
2EHS,True,included,C:\Users\ryana\Documents\Codex\2026-09-13\https-github-com-ryan-charette-psl-2\work\psl-protein-flexibility\data\raw\MDG_bfactor-main\datasets\365\2EHS_CA_A2.pdb,1d9623f3db999be457bf85f734a563fb6eb1a8974bfe1f8daf3fe33d40f655c4,excluded_no_verified_chain_residue_identity,"res_id,sec_type,phi,psi,area,resolution,Rvalue,heavy_atom_counts,occupancy_values,packing_density1,packing_density2,packing_density3,B-factor",1,False,0,0,0,{},{},0,0,12.504000000000001,3.4895363588878103
2ERW,True,included,C:\Users\ryana\Documents\Codex\2026-09-13\https-github-com-ryan-charette-psl-2\work\psl-protein-flexibility\data\raw\MDG_bfactor-main\datasets\365\2ERW_CA_A2.pdb,442a2f7df7ca7295926edb0f842799c1e1a35ca76c63721d796f835370a83bc7,excluded_no_verified_chain_residue_identity,"res_id,sec_type,phi,psi,area,resolution,Rvalue,heavy_atom_counts,occupancy_values,packing_density1,packing_density2,packing_density3,B-factor",1,False,0,0,0,{},{},0,0,21.90830188679245,2.1954908643124567
2ETX,True,included,C:\Users\ryana\Documents\Codex\2026-09-13\https-github-com-ryan-charette-psl-2\work\psl-protein-flexibility\data\raw\MDG_bfactor-main\datasets\365\2ETX_CA_A2.pdb,005afa284a26cf09dc3b1db136731ec429d597f9f16c36fb0f07516d41912e22,excluded_no_verified_chain_residue_identity,"res_id,sec_type,phi,psi,area,resolution,Rvalue,heavy_atom_counts,occupancy_values,packing_density1,packing_density2,packing_density3,B-factor",1,False,0,0,0,{},{},0,0,12.369511568123393,5.434725868221841
2FB6,True,included,C:\Users\ryana\Documents\Codex\2026-09-13\https-github-com-ryan-charette-psl-2\work\psl-protein-flexibility\data\raw\MDG_bfactor-main\datasets\365\2FB6_CA_A2.pdb,cbfe3dcea5de6d99eff620ac3093fb09cdb81ba3f1c4b499ec2abc22fe8e9c0c,excluded_no_verified_chain_residue_identity,"res_id,sec_type,phi,psi,area,resolution,Rvalue,heavy_atom_counts,occupancy_values,packing_density1,packing_density2,packing_density3,B-factor",1,False,0,0,0,{},"{""MSE"": 5}",5,0,14.17043103448276,2.4622573019702525
2FG1,True,included,C:\Users\ryana\Documents\Codex\2026-09-13\https-github-com-ryan-charette-psl-2\work\psl-protein-flexibility\data\raw\MDG_bfactor-main\datasets\365\2FG1_CA_A2.pdb,085ab88a19d46789eda00811ec140fca6fb506fdfbab91e57a0e27b880c0e4a7,excluded_no_verified_chain_residue_identity,"res_id,sec_type,phi,psi,area,resolution,Rvalue,heavy_atom_counts,occupancy_values,packing_density1,packing_density2,packing_density3,B-factor",1,False,0,0,0,{},"{""MSE"": 5}",5,0,19.705732484076435,2.628392791667321
2FN9,True,included,C:\Users\ryana\Documents\Codex\2026-09-13\https-github-com-ryan-charette-psl-2\work\psl-protein-flexibility\data\raw\MDG_bfactor-main\datasets\365\2FN9_CA_A2.pdb,592055912a24044b1b7ebfbe99f3ba55050affd75e2489f073ede76427e2c56a,excluded_no_verified_chain_residue_identity,"res_id,sec_type,phi,psi,area,resolution,Rvalue,heavy_atom_counts,occupancy_values,packing_density1,packing_density2,packing_density3,B-factor",1,False,0,0,0,{},{},0,0,15.317857142857143,3.5255556878545073
2FQ3,True,included,C:\Users\ryana\Documents\Codex\2026-09-13\https-github-com-ryan-charette-psl-2\work\psl-protein-flexibility\data\raw\MDG_bfactor-main\datasets\365\2FQ3_CA_A2.pdb,d3a477d1633708f60007291497770c76d3d186ead3f9d612eadc37e1c779d884,excluded_no_verified_chain_residue_identity,"res_id,sec_type,phi,psi,area,resolution,Rvalue,heavy_atom_counts,occupancy_values,packing_density1,packing_density2,packing_density3,B-factor",1,False,0,0,0,{},{},0,0,20.307294117647054,5.1987119192524185
2G69,True,included,C:\Users\ryana\Documents\Codex\2026-09-13\https-github-com-ryan-charette-psl-2\work\psl-protein-flexibility\data\raw\MDG_bfactor-main\datasets\365\2G69_CA_A2.pdb,26eb56fa534fbc43a5893a71241d9b9ceffbb2b2213f55bd3fee3d3dfa55d841,excluded_no_verified_chain_residue_identity,"res_id,sec_type,phi,psi,area,resolution,Rvalue,heavy_atom_counts,occupancy_values,packing_density1,packing_density2,packing_density3,B-factor",1,False,0,0,0,{},{},0,0,26.43737373737374,8.548186125257075
2G7O,True,included,C:\Users\ryana\Documents\Codex\2026-09-13\https-github-com-ryan-charette-psl-2\work\psl-protein-flexibility\data\raw\MDG_bfactor-main\datasets\365\2G7O_CA_A2.pdb,4f051a5fb9b1bcbef33648ff6778b87ff9a1f558b5dbadcf632182acc4a32a43,excluded_no_verified_chain_residue_identity,"res_id,sec_type,phi,psi,area,resolution,Rvalue,heavy_atom_counts,occupancy_values,packing_density1,packing_density2,packing_density3,B-factor",1,False,0,0,0,{},{},0,0,15.661176470588233,2.9337987467624957
2G7S,True,included,C:\Users\ryana\Documents\Codex\2026-09-13\https-github-com-ryan-charette-psl-2\work\psl-protein-flexibility\data\raw\MDG_bfactor-main\datasets\365\2G7S_CA_A2.pdb,2aa77203491bead44d983c734359514ea1e16f445e96fa9b41fa14ea84184d8e,excluded_no_verified_chain_residue_identity,"res_id,sec_type,phi,psi,area,resolution,Rvalue,heavy_atom_counts,occupancy_values,packing_density1,packing_density2,packing_density3,B-factor",1,False,0,0,0,{},"{""MSE"": 3}",3,0,11.89226315789474,5.085183393081731
2GKG,True,included,C:\Users\ryana\Documents\Codex\2026-09-13\https-github-com-ryan-charette-psl-2\work\psl-protein-flexibility\data\raw\MDG_bfactor-main\datasets\365\2GKG_CA_A2.pdb,39c5fa5deebb950900491df4b3d1805417bcb6c2d4c66c6cf6dade4429ac96dd,excluded_no_verified_chain_residue_identity,"res_id,sec_type,phi,psi,area,resolution,Rvalue,heavy_atom_counts,occupancy_values,packing_density1,packing_density2,packing_density3,B-factor",1,False,0,0,0,{},{},0,0,8.675409836065572,3.995603967054617
2GOM,True,included,C:\Users\ryana\Documents\Codex\2026-09-13\https-github-com-ryan-charette-psl-2\work\psl-protein-flexibility\data\raw\MDG_bfactor-main\datasets\365\2GOM_CA_A2.pdb,709f54cf48d2410c75266f5d7b159364e055de70bae712c3dab2af537df20940,excluded_no_verified_chain_residue_identity,"res_id,sec_type,phi,psi,area,resolution,Rvalue,heavy_atom_counts,occupancy_values,packing_density1,packing_density2,packing_density3,B-factor",1,False,0,0,0,{},{},0,0,15.626611570247933,4.214156495056254
2GXG,True,included,C:\Users\ryana\Documents\Codex\2026-09-13\https-github-com-ryan-charette-psl-2\work\psl-protein-flexibility\data\raw\MDG_bfactor-main\datasets\365\2GXG_CA_A2.pdb,7a860080237c29a6823c3c4dfa647f265fd0c6761969c2c9d22aacdc1674f4c7,excluded_no_verified_chain_residue_identity,"res_id,sec_type,phi,psi,area,resolution,Rvalue,heavy_atom_counts,occupancy_values,packing_density1,packing_density2,packing_density3,B-factor",1,False,0,0,0,{},{},0,0,19.96235714285714,5.777564441219932
2GZQ,True,included,C:\Users\ryana\Documents\Codex\2026-09-13\https-github-com-ryan-charette-psl-2\work\psl-protein-flexibility\data\raw\MDG_bfactor-main\datasets\365\2GZQ_CA_A2.pdb,660227c8983b885fb6138e2033f92fae2830914c3d0b6c5307b5371eb8c36463,excluded_no_verified_chain_residue_identity,"res_id,sec_type,phi,psi,area,resolution,Rvalue,heavy_atom_counts,occupancy_values,packing_density1,packing_density2,packing_density3,B-factor",1,False,0,0,0,{},"{""MSE"": 5}",5,0,5.121727748691099,3.8183096571547344
2HQK,True,included,C:\Users\ryana\Documents\Codex\2026-09-13\https-github-com-ryan-charette-psl-2\work\psl-protein-flexibility\data\raw\MDG_bfactor-main\datasets\365\2HQK_CA_A2.pdb,fbf9c2141678e982ab1029c47a87fb86139445559ab7fde1b8cc60018d8f9d01,excluded_no_verified_chain_residue_identity,"res_id,sec_type,phi,psi,area,resolution,Rvalue,heavy_atom_counts,occupancy_values,packing_density1,packing_density2,packing_density3,B-factor",1,False,0,0,0,{},{},0,0,18.68474178403756,4.535685376515104
2HYK,True,included,C:\Users\ryana\Documents\Codex\2026-09-13\https-github-com-ryan-charette-psl-2\work\psl-protein-flexibility\data\raw\MDG_bfactor-main\datasets\365\2HYK_CA_A2.pdb,989d05bfb729ceecba351d1e2247de1b1a7c4959fc07eff75facff9ae12a2d15,excluded_no_verified_chain_residue_identity,"res_id,sec_type,phi,psi,area,resolution,Rvalue,heavy_atom_counts,occupancy_values,packing_density1,packing_density2,packing_density3,B-factor",1,False,0,1,1,"{""CA"": 1}",{},0,0,6.161308016877636,1.576703946689216
2I24,True,included,C:\Users\ryana\Documents\Codex\2026-09-13\https-github-com-ryan-charette-psl-2\work\psl-protein-flexibility\data\raw\MDG_bfactor-main\datasets\365\2I24_CA_A2.pdb,ed5378bdac505b60f719186cdbf50192fc609d5ccd8b6398ea14de6e320477fe,excluded_no_verified_chain_residue_identity,"res_id,sec_type,phi,psi,area,resolution,Rvalue,heavy_atom_counts,occupancy_values,packing_density1,packing_density2,packing_density3,B-factor",1,False,0,0,0,{},{},0,0,21.57725663716814,2.8737830045336086
2I49,True,included,C:\Users\ryana\Documents\Codex\2026-09-13\https-github-com-ryan-charette-psl-2\work\psl-protein-flexibility\data\raw\MDG_bfactor-main\datasets\365\2I49_CA_A2.pdb,ab5baed3064b036bc5c9a76e0ca450cab570525e6708be5cb05d93fa0391725a,excluded_no_verified_chain_residue_identity,"res_id,sec_type,phi,psi,area,resolution,Rvalue,heavy_atom_counts,occupancy_values,packing_density1,packing_density2,packing_density3,B-factor",1,False,0,0,0,{},{},0,0,8.385527638190954,2.5910762200057618
2IBL,True,included,C:\Users\ryana\Documents\Codex\2026-09-13\https-github-com-ryan-charette-psl-2\work\psl-protein-flexibility\data\raw\MDG_bfactor-main\datasets\365\2IBL_CA_A2.pdb,4bf500c6fcda5afa4c1abe6c6d9f1cb63aee9b69ab07d0ade243c2b35898567e,excluded_no_verified_chain_residue_identity,"res_id,sec_type,phi,psi,area,resolution,Rvalue,heavy_atom_counts,occupancy_values,packing_density1,packing_density2,packing_density3,B-factor",1,False,0,0,0,{},{},0,0,16.023055555555555,4.486903670959422
2IGD,True,included,C:\Users\ryana\Documents\Codex\2026-09-13\https-github-com-ryan-charette-psl-2\work\psl-protein-flexibility\data\raw\MDG_bfactor-main\datasets\365\2IGD_CA_A2.pdb,ec6fea00595094c8971bc97512f76c0e7fb110d89a870d4516be333425ac5927,excluded_no_verified_chain_residue_identity,"res_id,sec_type,phi,psi,area,resolution,Rvalue,heavy_atom_counts,occupancy_values,packing_density1,packing_density2,packing_density3,B-factor",1,False,0,0,0,{},{},0,0,9.614590163934425,2.841797845725277
2IMF,True,included,C:\Users\ryana\Documents\Codex\2026-09-13\https-github-com-ryan-charette-psl-2\work\psl-protein-flexibility\data\raw\MDG_bfactor-main\datasets\365\2IMF_CA_A2.pdb,96e4917c82445ef2eff4eb46ffc68c8534fd3702eea57b4040c34eb078c0cdc4,excluded_no_verified_chain_residue_identity,"res_id,sec_type,phi,psi,area,resolution,Rvalue,heavy_atom_counts,occupancy_values,packing_density1,packing_density2,packing_density3,B-factor",1,False,0,0,0,{},{},0,0,17.92014778325123,5.9844947832438145
2IP6,True,included,C:\Users\ryana\Documents\Codex\2026-09-13\https-github-com-ryan-charette-psl-2\work\psl-protein-flexibility\data\raw\MDG_bfactor-main\datasets\365\2IP6_CA_A2.pdb,e27efda1f7a3216149433b13c1812329497cc189ee5f727fccee4d9fc70ad311,excluded_no_verified_chain_residue_identity,"res_id,sec_type,phi,psi,area,resolution,Rvalue,heavy_atom_counts,occupancy_values,packing_density1,packing_density2,packing_density3,B-factor",1,False,0,0,0,{},{},0,0,11.830689655172414,4.571550654476521
2IVY,True,included,C:\Users\ryana\Documents\Codex\2026-09-13\https-github-com-ryan-charette-psl-2\work\psl-protein-flexibility\data\raw\MDG_bfactor-main\datasets\365\2IVY_CA_A2.pdb,8afbbb953680202588b2f2283e7e4b0882d37e3b98a2a062e2202e6b9204378d,excluded_no_verified_chain_residue_identity,"res_id,sec_type,phi,psi,area,resolution,Rvalue,heavy_atom_counts,occupancy_values,packing_density1,packing_density2,packing_density3,B-factor",1,False,0,0,0,{},{},0,0,9.291931818181817,3.1981954634799865
2J32,True,included,C:\Users\ryana\Documents\Codex\2026-09-13\https-github-com-ryan-charette-psl-2\work\psl-protein-flexibility\data\raw\MDG_bfactor-main\datasets\365\2J32_CA_A2.pdb,32fe9d8b5061cd8c99d611da19b95bc479a3a0c1d7ff87f1c40ec01d5a18327a,absent,,1,False,0,0,0,{},{},0,0,15.110081967213116,4.579534480583714
2J9W,True,included,C:\Users\ryana\Documents\Codex\2026-09-13\https-github-com-ryan-charette-psl-2\work\psl-protein-flexibility\data\raw\MDG_bfactor-main\datasets\365\2J9W_CA_A2.pdb,f5d07b22fa127120d176906f0cbe886e2596b6309b2b3f302b959cd45aabc671,excluded_no_verified_chain_residue_identity,"res_id,sec_type,phi,psi,area,resolution,Rvalue,heavy_atom_counts,occupancy_values,packing_density1,packing_density2,packing_density3,B-factor",1,False,0,0,0,{},{},0,0,13.87085,4.066380181131617
2JKU,True,included,C:\Users\ryana\Documents\Codex\2026-09-13\https-github-com-ryan-charette-psl-2\work\psl-protein-flexibility\data\raw\MDG_bfactor-main\datasets\365\2JKU_CA_A2.pdb,913231c75bb2abbc353452d87a7e96e1571941a46c4e3986e54032fd2ab3ac22,excluded_no_verified_chain_residue_identity,"res_id,sec_type,phi,psi,area,resolution,Rvalue,heavy_atom_counts,occupancy_values,packing_density1,packing_density2,packing_density3,B-factor",1,False,0,0,0,{},{},0,0,12.343714285714286,6.310238884187365
2JLI,True,included,C:\Users\ryana\Documents\Codex\2026-09-13\https-github-com-ryan-charette-psl-2\work\psl-protein-flexibility\data\raw\MDG_bfactor-main\datasets\365\2JLI_CA_A2.pdb,cc142d694e7e7305e232c6e038e3d2f6c5aa0631271cc5fe71d2d16157ab9f54,excluded_no_verified_chain_residue_identity,"res_id,sec_type,phi,psi,area,resolution,Rvalue,heavy_atom_counts,occupancy_values,packing_density1,packing_density2,packing_density3,B-factor",1,False,0,0,0,{},{},0,0,14.899599999999998,6.742084680571729
2JLJ,True,included,C:\Users\ryana\Documents\Codex\2026-09-13\https-github-com-ryan-charette-psl-2\work\psl-protein-flexibility\data\raw\MDG_bfactor-main\datasets\365\2JLJ_CA_A2.pdb,e19be04276ca0d6ede1ca0dbd1347666f9f055b2198cdf9381f3777defb2d6ca,excluded_no_verified_chain_residue_identity,"res_id,sec_type,phi,psi,area,resolution,Rvalue,heavy_atom_counts,occupancy_values,packing_density1,packing_density2,packing_density3,B-factor",1,False,0,0,0,{},{},0,0,21.701565217391305,3.3055388540012514
2MCM,True,included,C:\Users\ryana\Documents\Codex\2026-09-13\https-github-com-ryan-charette-psl-2\work\psl-protein-flexibility\data\raw\MDG_bfactor-main\datasets\365\2MCM_CA_A2.pdb,b7b139bd5ae6d1fb6e5b57f873ffb875ad1385d65d0ad8fa5e1005523ff7be28,excluded_no_verified_chain_residue_identity,"res_id,sec_type,phi,psi,area,resolution,Rvalue,heavy_atom_counts,occupancy_values,packing_density1,packing_density2,packing_density3,B-factor",1,False,0,1,1,"{""CA"": 1}",{},0,0,13.820000000000002,5.646197519443632
2NLS,True,included,C:\Users\ryana\Documents\Codex\2026-09-13\https-github-com-ryan-charette-psl-2\work\psl-protein-flexibility\data\raw\MDG_bfactor-main\datasets\365\2NLS_CA_A2.pdb,f80de34d659ca3453c92815fcede19051663bcb1e5d8b5a68f761b4b63250ce0,excluded_no_verified_chain_residue_identity,"res_id,sec_type,phi,psi,area,resolution,Rvalue,heavy_atom_counts,occupancy_values,packing_density1,packing_density2,packing_density3,B-factor",1,False,0,0,0,{},{},0,0,5.633333333333334,1.5541753797789717
2NR7,True,included,C:\Users\ryana\Documents\Codex\2026-09-13\https-github-com-ryan-charette-psl-2\work\psl-protein-flexibility\data\raw\MDG_bfactor-main\datasets\365\2NR7_CA_A2.pdb,4ed9a1bd3cb2bf64b4fed919a31d921f28a681c708ef8978e3ba31382732a63a,excluded_no_verified_chain_residue_identity,"res_id,sec_type,phi,psi,area,resolution,Rvalue,heavy_atom_counts,occupancy_values,packing_density1,packing_density2,packing_density3,B-factor",1,False,0,0,0,{},"{""MSE"": 1}",1,0,14.86463917525773,4.165475075158207
2NUH,True,included,C:\Users\ryana\Documents\Codex\2026-09-13\https-github-com-ryan-charette-psl-2\work\psl-protein-flexibility\data\raw\MDG_bfactor-main\datasets\365\2NUH_CA_A2.pdb,e51d7672c2d9c4eb329340d59fa5b55fca2dac9aefb86e54b4a2da8f6c0dcc7c,excluded_no_verified_chain_residue_identity,"res_id,sec_type,phi,psi,area,resolution,Rvalue,heavy_atom_counts,occupancy_values,packing_density1,packing_density2,packing_density3,B-factor",1,False,0,0,0,{},{},0,0,15.352788461538463,5.208047296977934
2O6X,True,included,C:\Users\ryana\Documents\Codex\2026-09-13\https-github-com-ryan-charette-psl-2\work\psl-protein-flexibility\data\raw\MDG_bfactor-main\datasets\365\2O6X_CA_A2.pdb,5707b49748bf741f4e15860f729ef8804fda73fe8e06d9b490d50113ab5a0f67,excluded_no_verified_chain_residue_identity,"res_id,sec_type,phi,psi,area,resolution,Rvalue,heavy_atom_counts,occupancy_values,packing_density1,packing_density2,packing_density3,B-factor",1,False,0,0,0,{},{},0,0,13.442875816993466,6.7806595080171626
2OA2,True,included,C:\Users\ryana\Documents\Codex\2026-09-13\https-github-com-ryan-charette-psl-2\work\psl-protein-flexibility\data\raw\MDG_bfactor-main\datasets\365\2OA2_CA_A2.pdb,57ad6b790680130b768e9e43e80ebab983e4644b7f4eebfe47f90be17c88ee5c,excluded_no_verified_chain_residue_identity,"res_id,sec_type,phi,psi,area,resolution,Rvalue,heavy_atom_counts,occupancy_values,packing_density1,packing_density2,packing_density3,B-factor",1,False,0,0,0,{},"{""MSE"": 3}",3,0,19.051742424242423,5.105826216969899
2OCT,True,included,C:\Users\ryana\Documents\Codex\2026-09-13\https-github-com-ryan-charette-psl-2\work\psl-protein-flexibility\data\raw\MDG_bfactor-main\datasets\365\2OCT_CA_A2.pdb,afb85d17fec5d0c7bdde5bb1357594e1e8fe9ab3d216eb36b5f880f1a2467cc8,absent,,1,False,0,0,0,{},{},0,0,27.478124999999995,11.99346543543782
2OHW,True,included,C:\Users\ryana\Documents\Codex\2026-09-13\https-github-com-ryan-charette-psl-2\work\psl-protein-flexibility\data\raw\MDG_bfactor-main\datasets\365\2OHW_CA_A2.pdb,f729f7b8782ff44d18b45ca59465d705a80a47f58e80656f827b1ddbcdc08ce3,excluded_no_verified_chain_residue_identity,"res_id,sec_type,phi,psi,area,resolution,Rvalue,heavy_atom_counts,occupancy_values,packing_density1,packing_density2,packing_density3,B-factor",1,False,0,0,0,{},{},0,0,18.8880859375,4.01611760699805
2OKT,True,included,C:\Users\ryana\Documents\Codex\2026-09-13\https-github-com-ryan-charette-psl-2\work\psl-protein-flexibility\data\raw\MDG_bfactor-main\datasets\365\2OKT_CA_A2.pdb,3ec4f7fda985c75a5ece93dd4456ccb66e4fea7c8cdaa7ce5da050fc88911165,excluded_no_verified_chain_residue_identity,"res_id,sec_type,phi,psi,area,resolution,Rvalue,heavy_atom_counts,occupancy_values,packing_density1,packing_density2,packing_density3,B-factor",1,False,0,0,0,{},{},0,0,16.695,5.126942350514298
2OL9,True,included,C:\Users\ryana\Documents\Codex\2026-09-13\https-github-com-ryan-charette-psl-2\work\psl-protein-flexibility\data\raw\MDG_bfactor-main\datasets\365\2OL9_CA_A2.pdb,2874cfc887b6fc910f06bbaaeb5683525e672043c0bb2825c7ce669046a87f3b,excluded_no_verified_chain_residue_identity,"res_id,sec_type,phi,psi,area,resolution,Rvalue,heavy_atom_counts,occupancy_values,packing_density1,packing_density2,packing_density3,B-factor",1,False,0,0,0,{},{},0,0,1.2950000000000002,0.1995620204347511
2OLX,True,included,C:\Users\ryana\Documents\Codex\2026-09-13\https-github-com-ryan-charette-psl-2\work\psl-protein-flexibility\data\raw\MDG_bfactor-main\datasets\365\2OLX_CA_A2.pdb,6f0fdbbc0517ffcc52b0cac0964c9b901cb23c7f9ca1342cd6a628d14086c6aa,absent,,1,False,0,0,0,{},{},0,0,9.697500000000002,2.3857847241526215
2PKT,True,included,C:\Users\ryana\Documents\Codex\2026-09-13\https-github-com-ryan-charette-psl-2\work\psl-protein-flexibility\data\raw\MDG_bfactor-main\datasets\365\2PKT_CA_A2.pdb,dc9b2a193c6464d26e2b1135eb957f125e4e8c40e56005a8e7bd21e03eda8d2f,excluded_no_verified_chain_residue_identity,"res_id,sec_type,phi,psi,area,resolution,Rvalue,heavy_atom_counts,occupancy_values,packing_density1,packing_density2,packing_density3,B-factor",1,False,0,2,2,"{""CA"": 2}",{},0,0,7.106483516483517,2.4355545766584945
2PLT,True,included,C:\Users\ryana\Documents\Codex\2026-09-13\https-github-com-ryan-charette-psl-2\work\psl-protein-flexibility\data\raw\MDG_bfactor-main\datasets\365\2PLT_CA_A2.pdb,5233f0eff4f9dd8d2941763b59d174ba70f49ee1b6f99c91cd27050524d18d7b,excluded_no_verified_chain_residue_identity,"res_id,sec_type,phi,psi,area,resolution,Rvalue,heavy_atom_counts,occupancy_values,packing_density1,packing_density2,packing_density3,B-factor",1,False,0,1,1,"{""CA"": 1}",{},0,0,13.701020408163263,3.2335023943515773
2PMR,True,included,C:\Users\ryana\Documents\Codex\2026-09-13\https-github-com-ryan-charette-psl-2\work\psl-protein-flexibility\data\raw\MDG_bfactor-main\datasets\365\2PMR_CA_A2.pdb,1d3f99c32b69d58e31525027afeb4f20ea69c03c7d53c961e517dda4564281cb,excluded_no_verified_chain_residue_identity,"res_id,sec_type,phi,psi,area,resolution,Rvalue,heavy_atom_counts,occupancy_values,packing_density1,packing_density2,packing_density3,B-factor",1,False,0,0,0,{},{},0,0,14.479473684210523,4.729775752650448
2POF,True,included,C:\Users\ryana\Documents\Codex\2026-09-13\https-github-com-ryan-charette-psl-2\work\psl-protein-flexibility\data\raw\MDG_bfactor-main\datasets\365\2POF_CA_A2.pdb,0de8cba5775b64b00db6a1f81b06efe5066f754ef7d60f04f3a325ec9fad2f46,excluded_no_verified_chain_residue_identity,"res_id,sec_type,phi,psi,area,resolution,Rvalue,heavy_atom_counts,occupancy_values,packing_density1,packing_density2,packing_density3,B-factor",1,False,0,0,0,{},"{""MSE"": 12}",12,0,12.435954545454544,3.356966839510073
2PPN,True,included,C:\Users\ryana\Documents\Codex\2026-09-13\https-github-com-ryan-charette-psl-2\work\psl-protein-flexibility\data\raw\MDG_bfactor-main\datasets\365\2PPN_CA_A2.pdb,7c73dbbf74d81b6c66943e53f970ec19e09492c7805e74d8c302d27b96754838,excluded_no_verified_chain_residue_identity,"res_id,sec_type,phi,psi,area,resolution,Rvalue,heavy_atom_counts,occupancy_values,packing_density1,packing_density2,packing_density3,B-factor",1,False,0,0,0,{},{},0,0,8.210467289719627,2.836297897426984
2PSF,True,included,C:\Users\ryana\Documents\Codex\2026-09-13\https-github-com-ryan-charette-psl-2\work\psl-protein-flexibility\data\raw\MDG_bfactor-main\datasets\365\2PSF_CA_A2.pdb,9444b10f575b88b5e101403c80e76ee2aafe8ad50e54f18ed0046be42834a6af,excluded_no_verified_chain_residue_identity,"res_id,sec_type,phi,psi,area,resolution,Rvalue,heavy_atom_counts,occupancy_values,packing_density1,packing_density2,packing_density3,B-factor",1,False,0,0,0,{},{},0,0,18.798684210526314,3.6414446750334735
2PTH,True,included,C:\Users\ryana\Documents\Codex\2026-09-13\https-github-com-ryan-charette-psl-2\work\psl-protein-flexibility\data\raw\MDG_bfactor-main\datasets\365\2PTH_CA_A2.pdb,06a29e49f527ef77885f0993ce2e79f68aaf81b3dbf0983e85dccb7aa49b063b,excluded_no_verified_chain_residue_identity,"res_id,sec_type,phi,psi,area,resolution,Rvalue,heavy_atom_counts,occupancy_values,packing_density1,packing_density2,packing_density3,B-factor",1,False,0,0,0,{},{},0,0,15.172227979274611,5.343691521556903
2Q4N,True,included,C:\Users\ryana\Documents\Codex\2026-09-13\https-github-com-ryan-charette-psl-2\work\psl-protein-flexibility\data\raw\MDG_bfactor-main\datasets\365\2Q4N_CA_A2.pdb,2ca0b0cf07b67598ff0d6467fef42a3100804f4f979e59b813d8397188ad90c6,excluded_no_verified_chain_residue_identity,"res_id,sec_type,phi,psi,area,resolution,Rvalue,heavy_atom_counts,occupancy_values,packing_density1,packing_density2,packing_density3,B-factor",1,False,0,0,0,{},"{""MSE"": 2}",2,0,9.601045751633988,5.107113731953636
2Q52,True,included,C:\Users\ryana\Documents\Codex\2026-09-13\https-github-com-ryan-charette-psl-2\work\psl-protein-flexibility\data\raw\MDG_bfactor-main\datasets\365\2Q52_CA_A2.pdb,efa259ee52ba764e2ab11a1c88e06f7f8e2f05f446f40d6d210467200c853e4e,excluded_no_verified_chain_residue_identity,"res_id,sec_type,phi,psi,area,resolution,Rvalue,heavy_atom_counts,occupancy_values,packing_density1,packing_density2,packing_density3,B-factor",1,False,0,0,0,{},{},0,0,15.56339805825243,4.768854262553214
2QJL,True,included,C:\Users\ryana\Documents\Codex\2026-09-13\https-github-com-ryan-charette-psl-2\work\psl-protein-flexibility\data\raw\MDG_bfactor-main\datasets\365\2QJL_CA_A2.pdb,8c53906bee62dc714d8ded95d4138592005bd9f2cd27f6e6d27ccf96be5a3b72,excluded_no_verified_chain_residue_identity,"res_id,sec_type,phi,psi,area,resolution,Rvalue,heavy_atom_counts,occupancy_values,packing_density1,packing_density2,packing_density3,B-factor",1,False,0,0,0,{},{},0,0,8.73969696969697,2.596897704175198
2R16,True,included,C:\Users\ryana\Documents\Codex\2026-09-13\https-github-com-ryan-charette-psl-2\work\psl-protein-flexibility\data\raw\MDG_bfactor-main\datasets\365\2R16_CA_A2.pdb,e72f5c5ed26f5b0fdcafcd34160e4ba38b8ddf631d2ba0de6e06536bda561495,excluded_no_verified_chain_residue_identity,"res_id,sec_type,phi,psi,area,resolution,Rvalue,heavy_atom_counts,occupancy_values,packing_density1,packing_density2,packing_density3,B-factor",1,False,0,1,1,"{""CA"": 1}",{},0,0,12.80457142857143,2.61864015185324
2R6Q,True,included,C:\Users\ryana\Documents\Codex\2026-09-13\https-github-com-ryan-charette-psl-2\work\psl-protein-flexibility\data\raw\MDG_bfactor-main\datasets\365\2R6Q_CA_A2.pdb,4d35fd85626fef6ca5bad73044b1de15a2eb7bc61af1202749ed30a87fd62e99,excluded_no_verified_chain_residue_identity,"res_id,sec_type,phi,psi,area,resolution,Rvalue,heavy_atom_counts,occupancy_values,packing_density1,packing_density2,packing_density3,B-factor",1,False,0,0,0,{},{},0,0,19.035289855072463,5.252325115497191
2RB8,True,included,C:\Users\ryana\Documents\Codex\2026-09-13\https-github-com-ryan-charette-psl-2\work\psl-protein-flexibility\data\raw\MDG_bfactor-main\datasets\365\2RB8_CA_A2.pdb,452209cc81011d0da8290552bf14d2120cbd399b22d798c39a5067aa4fafb919,excluded_no_verified_chain_residue_identity,"res_id,sec_type,phi,psi,area,resolution,Rvalue,heavy_atom_counts,occupancy_values,packing_density1,packing_density2,packing_density3,B-factor",1,False,0,0,0,{},{},0,0,13.96827956989247,4.545227113493727
2RE2,True,included,C:\Users\ryana\Documents\Codex\2026-09-13\https-github-com-ryan-charette-psl-2\work\psl-protein-flexibility\data\raw\MDG_bfactor-main\datasets\365\2RE2_CA_A2.pdb,56a905bab250710bde7852b33cb5edc6b292bff670cae0c903d95b8527355ae4,excluded_no_verified_chain_residue_identity,"res_id,sec_type,phi,psi,area,resolution,Rvalue,heavy_atom_counts,occupancy_values,packing_density1,packing_density2,packing_density3,B-factor",1,False,0,0,0,{},"{""MSE"": 8}",8,0,14.147563025210083,3.5831599514429247
2RFR,True,included,C:\Users\ryana\Documents\Codex\2026-09-13\https-github-com-ryan-charette-psl-2\work\psl-protein-flexibility\data\raw\MDG_bfactor-main\datasets\365\2RFR_CA_A2.pdb,110066def8cba8f2e99399098d8effce4f5bab9c828b26577e25ffe652c6e562,excluded_no_verified_chain_residue_identity,"res_id,sec_type,phi,psi,area,resolution,Rvalue,heavy_atom_counts,occupancy_values,packing_density1,packing_density2,packing_density3,B-factor",1,False,0,0,0,{},"{""MSE"": 2}",2,0,10.064675324675324,3.3476904558355494
2V9V,True,included,C:\Users\ryana\Documents\Codex\2026-09-13\https-github-com-ryan-charette-psl-2\work\psl-protein-flexibility\data\raw\MDG_bfactor-main\datasets\365\2V9V_CA_A2.pdb,fc29d7a6f6be07f8e576387261cd5332e22c8280fbf5ad98f7bd50cf5c0f18ca,excluded_no_verified_chain_residue_identity,"res_id,sec_type,phi,psi,area,resolution,Rvalue,heavy_atom_counts,occupancy_values,packing_density1,packing_density2,packing_density3,B-factor",1,False,0,0,0,{},{},0,0,7.050444444444444,1.94477185814864
2VE8,True,included,C:\Users\ryana\Documents\Codex\2026-09-13\https-github-com-ryan-charette-psl-2\work\psl-protein-flexibility\data\raw\MDG_bfactor-main\datasets\365\2VE8_CA_A2.pdb,07527ad5f2a315d51d9afb5fe0d28a90423af449ebf18d067a57955f78019614,excluded_no_verified_chain_residue_identity,"res_id,sec_type,phi,psi,area,resolution,Rvalue,heavy_atom_counts,occupancy_values,packing_density1,packing_density2,packing_density3,B-factor",1,False,0,0,0,{},{},0,0,13.643650485436892,4.52710931089487
2VH7,True,included,C:\Users\ryana\Documents\Codex\2026-09-13\https-github-com-ryan-charette-psl-2\work\psl-protein-flexibility\data\raw\MDG_bfactor-main\datasets\365\2VH7_CA_A2.pdb,454e378057277c24762e4f9c1b2b47691a3f00fad9ab2d9e0e7c8b701bf045f1,excluded_no_verified_chain_residue_identity,"res_id,sec_type,phi,psi,area,resolution,Rvalue,heavy_atom_counts,occupancy_values,packing_density1,packing_density2,packing_density3,B-factor",1,False,0,0,0,{},{},0,0,18.115531914893616,2.5542657757635086
2VIM,True,included,C:\Users\ryana\Documents\Codex\2026-09-13\https-github-com-ryan-charette-psl-2\work\psl-protein-flexibility\data\raw\MDG_bfactor-main\datasets\365\2VIM_CA_A2.pdb,a6283a06e06db148f3421c409eee9bae512028a608765dabd88076917e40d916,excluded_no_verified_chain_residue_identity,"res_id,sec_type,phi,psi,area,resolution,Rvalue,heavy_atom_counts,occupancy_values,packing_density1,packing_density2,packing_density3,B-factor",1,False,0,0,0,{},{},0,0,21.191634615384615,8.195207336582216
2VPA,True,included,C:\Users\ryana\Documents\Codex\2026-09-13\https-github-com-ryan-charette-psl-2\work\psl-protein-flexibility\data\raw\MDG_bfactor-main\datasets\365\2VPA_CA_A2.pdb,3866815004ed53728c85059fbf408084ec313b915c1c7d01adb22fe7264bcdd0,excluded_no_verified_chain_residue_identity,"res_id,sec_type,phi,psi,area,resolution,Rvalue,heavy_atom_counts,occupancy_values,packing_density1,packing_density2,packing_density3,B-factor",1,False,0,0,0,{},{},0,0,9.187598039215686,3.651485544482517
2VQ4,True,included,C:\Users\ryana\Documents\Codex\2026-09-13\https-github-com-ryan-charette-psl-2\work\psl-protein-flexibility\data\raw\MDG_bfactor-main\datasets\365\2VQ4_CA_A2.pdb,6b8bd46b1a0b0d12b3b76ec0955a8f211f2765e670dbd1352c64c46166b96e4d,excluded_no_verified_chain_residue_identity,"res_id,sec_type,phi,psi,area,resolution,Rvalue,heavy_atom_counts,occupancy_values,packing_density1,packing_density2,packing_density3,B-factor",1,False,0,0,0,{},{},0,0,8.57566037735849,3.1660090402819487
2VY8,True,included,C:\Users\ryana\Documents\Codex\2026-09-13\https-github-com-ryan-charette-psl-2\work\psl-protein-flexibility\data\raw\MDG_bfactor-main\datasets\365\2VY8_CA_A2.pdb,73b45c2402dce4cd574403baee3b06b27ca6f144df2d5ac5423c164368b0668a,excluded_no_verified_chain_residue_identity,"res_id,sec_type,phi,psi,area,resolution,Rvalue,heavy_atom_counts,occupancy_values,packing_density1,packing_density2,packing_density3,B-factor",1,False,0,0,0,{},{},0,0,11.18288590604027,4.237933568768073
2VYO,True,included,C:\Users\ryana\Documents\Codex\2026-09-13\https-github-com-ryan-charette-psl-2\work\psl-protein-flexibility\data\raw\MDG_bfactor-main\datasets\365\2VYO_CA_A2.pdb,67276f952ede3e8ac09166e5e1cca3998dca87743bbc08f671f822baaefcdab0,excluded_no_verified_chain_residue_identity,"res_id,sec_type,phi,psi,area,resolution,Rvalue,heavy_atom_counts,occupancy_values,packing_density1,packing_density2,packing_density3,B-factor",1,False,0,4,4,"{""CA"": 4}",{},0,0,21.38587378640777,5.723158029334007
2W1V,True,included,C:\Users\ryana\Documents\Codex\2026-09-13\https-github-com-ryan-charette-psl-2\work\psl-protein-flexibility\data\raw\MDG_bfactor-main\datasets\365\2W1V_CA_A2.pdb,f16df9de2679f28c27e4fbb3f5c36f2ce771563ae0598d33ef22b03cd759f56f,excluded_no_verified_chain_residue_identity,"res_id,sec_type,phi,psi,area,resolution,Rvalue,heavy_atom_counts,occupancy_values,packing_density1,packing_density2,packing_density3,B-factor",1,False,0,0,0,{},{},0,0,10.716952554744527,2.959737735831037
2W2A,True,included,C:\Users\ryana\Documents\Codex\2026-09-13\https-github-com-ryan-charette-psl-2\work\psl-protein-flexibility\data\raw\MDG_bfactor-main\datasets\365\2W2A_CA_A2.pdb,122c125cdc5f01daa3d38407cc459fe774f68d0134766a3a8b458f9b84ef7d4d,excluded_no_verified_chain_residue_identity,"res_id,sec_type,phi,psi,area,resolution,Rvalue,heavy_atom_counts,occupancy_values,packing_density1,packing_density2,packing_density3,B-factor",1,False,0,0,0,{},{},0,0,10.452057142857143,3.0603758494001743
2W6A,True,included,C:\Users\ryana\Documents\Codex\2026-09-13\https-github-com-ryan-charette-psl-2\work\psl-protein-flexibility\data\raw\MDG_bfactor-main\datasets\365\2W6A_CA_A2.pdb,5a01ad4337cc7c8068102a336b4f82d1a10607ba27d94c26f8cc949ddeb9ec48,excluded_no_verified_chain_residue_identity,"res_id,sec_type,phi,psi,area,resolution,Rvalue,heavy_atom_counts,occupancy_values,packing_density1,packing_density2,packing_density3,B-factor",1,False,0,0,0,{},{},0,0,12.695042735042737,4.947465486667235
2WJ5,True,included,C:\Users\ryana\Documents\Codex\2026-09-13\https-github-com-ryan-charette-psl-2\work\psl-protein-flexibility\data\raw\MDG_bfactor-main\datasets\365\2WJ5_CA_A2.pdb,4fd1a4cc3478bd5c15b97e704f0ddda7f0ae5eedc296fa36b9295ba1024355d1,excluded_no_verified_chain_residue_identity,"res_id,sec_type,phi,psi,area,resolution,Rvalue,heavy_atom_counts,occupancy_values,packing_density1,packing_density2,packing_density3,B-factor",1,False,0,0,0,{},{},0,0,12.937916666666666,3.968751881014427
2WUJ,True,included,C:\Users\ryana\Documents\Codex\2026-09-13\https-github-com-ryan-charette-psl-2\work\psl-protein-flexibility\data\raw\MDG_bfactor-main\datasets\365\2WUJ_CA_A2.pdb,e8ea4673b375334e48c431a3aca0066157c340f637393e2fc4b54d443966bc7c,excluded_no_verified_chain_residue_identity,"res_id,sec_type,phi,psi,area,resolution,Rvalue,heavy_atom_counts,occupancy_values,packing_density1,packing_density2,packing_density3,B-factor",1,False,0,0,0,{},{},0,0,18.7578,9.997030016960036
2WW7,True,included,C:\Users\ryana\Documents\Codex\2026-09-13\https-github-com-ryan-charette-psl-2\work\psl-protein-flexibility\data\raw\MDG_bfactor-main\datasets\365\2WW7_CA_A2.pdb,ded8ea3ead350ed7f2779afc730914b46e61ca2adcb2bdd0668b3879d283899e,excluded_no_verified_chain_residue_identity,"res_id,sec_type,phi,psi,area,resolution,Rvalue,heavy_atom_counts,occupancy_values,packing_density1,packing_density2,packing_density3,B-factor",1,False,0,0,0,{},"{""DAL"": 6, ""PRS"": 6, ""TH6"": 6}",18,0,5.468933333333333,1.754853515887358
2WWE,True,included,C:\Users\ryana\Documents\Codex\2026-09-13\https-github-com-ryan-charette-psl-2\work\psl-protein-flexibility\data\raw\MDG_bfactor-main\datasets\365\2WWE_CA_A2.pdb,727f67b1f06209b678670f880cfca34d5aab591a2d420eea04febe1ab5931596,excluded_no_verified_chain_residue_identity,"res_id,sec_type,phi,psi,area,resolution,Rvalue,heavy_atom_counts,occupancy_values,packing_density1,packing_density2,packing_density3,B-factor",1,False,0,0,0,{},{},0,0,10.162972972972977,5.293153591689503
2X1Q,True,included,C:\Users\ryana\Documents\Codex\2026-09-13\https-github-com-ryan-charette-psl-2\work\psl-protein-flexibility\data\raw\MDG_bfactor-main\datasets\365\2X1Q_CA_A2.pdb,f724e5b8d0b5f0c5bb30532e9aa90451f34eecaddfb7efaae1142dacbe5a619c,excluded_no_verified_chain_residue_identity,"res_id,sec_type,phi,psi,area,resolution,Rvalue,heavy_atom_counts,occupancy_values,packing_density1,packing_density2,packing_density3,B-factor",1,False,0,0,0,{},{},0,0,10.207083333333333,1.3244010569771614
2X25,True,included,C:\Users\ryana\Documents\Codex\2026-09-13\https-github-com-ryan-charette-psl-2\work\psl-protein-flexibility\data\raw\MDG_bfactor-main\datasets\365\2X25_CA_A2.pdb,c7503a61980ebe4cbe67b77743ee3d4f6902ee2e35df47de7b5c0066df5b4765,excluded_no_verified_chain_residue_identity,"res_id,sec_type,phi,psi,area,resolution,Rvalue,heavy_atom_counts,occupancy_values,packing_density1,packing_density2,packing_density3,B-factor",1,False,0,0,0,{},"{""ALY"": 1}",1,0,6.30327380952381,2.4069402373097524
2X3M,True,included,C:\Users\ryana\Documents\Codex\2026-09-13\https-github-com-ryan-charette-psl-2\work\psl-protein-flexibility\data\raw\MDG_bfactor-main\datasets\365\2X3M_CA_A2.pdb,3b1e3761e7aead0c266d3a6aed54aa33201f9cbcd79b00735f43191728445598,excluded_no_verified_chain_residue_identity,"res_id,sec_type,phi,psi,area,resolution,Rvalue,heavy_atom_counts,occupancy_values,packing_density1,packing_density2,packing_density3,B-factor",1,False,0,0,0,{},{},0,0,18.874036144578316,6.4546083265598675
2X5Y,True,included,C:\Users\ryana\Documents\Codex\2026-09-13\https-github-com-ryan-charette-psl-2\work\psl-protein-flexibility\data\raw\MDG_bfactor-main\datasets\365\2X5Y_CA_A2.pdb,b84f1fd6fa9a4eff7a04b4a0994067c96630c5c7a7638a808e7016a8b557e50f,excluded_no_verified_chain_residue_identity,"res_id,sec_type,phi,psi,area,resolution,Rvalue,heavy_atom_counts,occupancy_values,packing_density1,packing_density2,packing_density3,B-factor",1,False,0,0,0,{},{},0,0,9.5853216374269,2.841078842643516
2X9Z,True,included,C:\Users\ryana\Documents\Codex\2026-09-13\https-github-com-ryan-charette-psl-2\work\psl-protein-flexibility\data\raw\MDG_bfactor-main\datasets\365\2X9Z_CA_A2.pdb,8a60419c3e1118916248acf8b6422bf0b3f27388f955c699485111eb0848fd06,excluded_no_verified_chain_residue_identity,"res_id,sec_type,phi,psi,area,resolution,Rvalue,heavy_atom_counts,occupancy_values,packing_density1,packing_density2,packing_density3,B-factor",1,False,0,0,0,{},"{""MSE"": 1}",1,0,14.397175572519085,4.677120905165987
2XHF,True,included,C:\Users\ryana\Documents\Codex\2026-09-13\https-github-com-ryan-charette-psl-2\work\psl-protein-flexibility\data\raw\MDG_bfactor-main\datasets\365\2XHF_CA_A2.pdb,df1fef48803c17d6bb9b652d2a3c68dd4010aa92c0c00b001ca107f20d86482e,excluded_no_verified_chain_residue_identity,"res_id,sec_type,phi,psi,area,resolution,Rvalue,heavy_atom_counts,occupancy_values,packing_density1,packing_density2,packing_density3,B-factor",1,False,0,0,0,{},{},0,0,18.588967741935484,8.968688412341521
2Y0T,True,included,C:\Users\ryana\Documents\Codex\2026-09-13\https-github-com-ryan-charette-psl-2\work\psl-protein-flexibility\data\raw\MDG_bfactor-main\datasets\365\2Y0T_CA_A2.pdb,08fd2aef22b0e7e6c3d15240d57b80ea3669bfc41f238ea712e53520f8fcf347,excluded_no_verified_chain_residue_identity,"res_id,sec_type,phi,psi,area,resolution,Rvalue,heavy_atom_counts,occupancy_values,packing_density1,packing_density2,packing_density3,B-factor",1,False,0,0,0,{},{},0,0,19.413861386138613,7.646857112798595
2Y72,True,included,C:\Users\ryana\Documents\Codex\2026-09-13\https-github-com-ryan-charette-psl-2\work\psl-protein-flexibility\data\raw\MDG_bfactor-main\datasets\365\2Y72_CA_A2.pdb,094913913f80bfa916de5446675a328e8519a8fb0886f51d251a3d879dab66cd,excluded_no_verified_chain_residue_identity,"res_id,sec_type,phi,psi,area,resolution,Rvalue,heavy_atom_counts,occupancy_values,packing_density1,packing_density2,packing_density3,B-factor",1,False,0,0,0,{},{},0,0,12.489529411764707,4.554700198278013
2Y7L,True,included,C:\Users\ryana\Documents\Codex\2026-09-13\https-github-com-ryan-charette-psl-2\work\psl-protein-flexibility\data\raw\MDG_bfactor-main\datasets\365\2Y7L_CA_A2.pdb,bf26050c1d6e08ae8cc467b3d2a2bebc09f6c76bef1372954b65bd4044975228,excluded_no_verified_chain_residue_identity,"res_id,sec_type,phi,psi,area,resolution,Rvalue,heavy_atom_counts,occupancy_values,packing_density1,packing_density2,packing_density3,B-factor",1,False,0,0,0,{},{},0,0,10.610219435736676,4.809445214859191
2Y9F,True,included,C:\Users\ryana\Documents\Codex\2026-09-13\https-github-com-ryan-charette-psl-2\work\psl-protein-flexibility\data\raw\MDG_bfactor-main\datasets\365\2Y9F_CA_A2.pdb,f6eadd2cefb06f6912bfa5235d95b48e794d8b3036036b707a1d8563762c383d,excluded_no_verified_chain_residue_identity,"res_id,sec_type,phi,psi,area,resolution,Rvalue,heavy_atom_counts,occupancy_values,packing_density1,packing_density2,packing_density3,B-factor",1,False,0,0,0,{},{},0,0,10.31248322147651,5.15332171575716
2YLB,True,included,C:\Users\ryana\Documents\Codex\2026-09-13\https-github-com-ryan-charette-psl-2\work\psl-protein-flexibility\data\raw\MDG_bfactor-main\datasets\365\2YLB_CA_A2.pdb,ea1cc46a9be9b72eeba502c896e69e31982da9fccf4142df90cd7b696b571740,excluded_no_verified_chain_residue_identity,"res_id,sec_type,phi,psi,area,resolution,Rvalue,heavy_atom_counts,occupancy_values,packing_density1,packing_density2,packing_density3,B-factor",1,False,0,0,0,{},{},0,0,11.442025,6.449386145159475
2YNY,True,included,C:\Users\ryana\Documents\Codex\2026-09-13\https-github-com-ryan-charette-psl-2\work\psl-protein-flexibility\data\raw\MDG_bfactor-main\datasets\365\2YNY_CA_A2.pdb,f31b508b48d500d56863de1df71bfabfd83c639011e769143e3c18d9244dcd4c,excluded_no_verified_chain_residue_identity,"res_id,sec_type,phi,psi,area,resolution,Rvalue,heavy_atom_counts,occupancy_values,packing_density1,packing_density2,packing_density3,B-factor",1,False,0,0,0,{},{},0,0,15.503587301587302,6.920159748213269
2ZCM,True,included,C:\Users\ryana\Documents\Codex\2026-09-13\https-github-com-ryan-charette-psl-2\work\psl-protein-flexibility\data\raw\MDG_bfactor-main\datasets\365\2ZCM_CA_A2.pdb,5f31be666353a399cf76d4f736f6ba600482a1e4c0c1d8dfc71855beca71bd42,excluded_no_verified_chain_residue_identity,"res_id,sec_type,phi,psi,area,resolution,Rvalue,heavy_atom_counts,occupancy_values,packing_density1,packing_density2,packing_density3,B-factor",1,False,0,0,0,{},"{""MSE"": 9}",9,0,15.85464985994398,5.450989343355896
2ZU1,True,included,C:\Users\ryana\Documents\Codex\2026-09-13\https-github-com-ryan-charette-psl-2\work\psl-protein-flexibility\data\raw\MDG_bfactor-main\datasets\365\2ZU1_CA_A2.pdb,292285f590ba50c3ed71bd3313e3dee76c5671c8ea7814335082e152b6ed0334,excluded_no_verified_chain_residue_identity,"res_id,sec_type,phi,psi,area,resolution,Rvalue,heavy_atom_counts,occupancy_values,packing_density1,packing_density2,packing_density3,B-factor",1,False,0,0,0,{},{},0,0,12.81075,3.3524379592817724
3A0M,True,included,C:\Users\ryana\Documents\Codex\2026-09-13\https-github-com-ryan-charette-psl-2\work\psl-protein-flexibility\data\raw\MDG_bfactor-main\datasets\365\3A0M_CA_A2.pdb,a2156ac54474fb211a4712b017ce52b41032981beaa2a67e6d7628ff66a8481d,absent,,1,False,0,0,0,{},"{""HYP"": 6}",6,0,9.989391891891891,6.721515597504913
3A7L,True,included,C:\Users\ryana\Documents\Codex\2026-09-13\https-github-com-ryan-charette-psl-2\work\psl-protein-flexibility\data\raw\MDG_bfactor-main\datasets\365\3A7L_CA_A2.pdb,2fd7563970ec54f0028f3da830a315b1962e38982b15e95d642d31e4f062e6f0,excluded_no_verified_chain_residue_identity,"res_id,sec_type,phi,psi,area,resolution,Rvalue,heavy_atom_counts,occupancy_values,packing_density1,packing_density2,packing_density3,B-factor",1,False,0,0,0,{},{},0,0,15.57671875,5.519042618144785
3AMC,True,included,C:\Users\ryana\Documents\Codex\2026-09-13\https-github-com-ryan-charette-psl-2\work\psl-protein-flexibility\data\raw\MDG_bfactor-main\datasets\365\3AMC_CA_A2.pdb,93a73ebf17c56744c17e666036a45cc81dcc816c214b9cbc895d9931aa4a215c,excluded_no_verified_chain_residue_identity,"res_id,sec_type,phi,psi,area,resolution,Rvalue,heavy_atom_counts,occupancy_values,packing_density1,packing_density2,packing_density3,B-factor",1,False,0,0,0,{},{},0,0,13.014951140065147,3.0595580327751413
3AUB,True,included,C:\Users\ryana\Documents\Codex\2026-09-13\https-github-com-ryan-charette-psl-2\work\psl-protein-flexibility\data\raw\MDG_bfactor-main\datasets\365\3AUB_CA_A2.pdb,4dd0070814e5ddc6a1e62bc80e248e44b1d6200c9699884f357a0bfd70b2e5a6,excluded_no_verified_chain_residue_identity,"res_id,sec_type,phi,psi,area,resolution,Rvalue,heavy_atom_counts,occupancy_values,packing_density1,packing_density2,packing_density3,B-factor",1,False,0,0,0,{},{},0,0,7.7430172413793095,1.579593040031681
3B5O,True,included,C:\Users\ryana\Documents\Codex\2026-09-13\https-github-com-ryan-charette-psl-2\work\psl-protein-flexibility\data\raw\MDG_bfactor-main\datasets\365\3B5O_CA_A2.pdb,95328a74a8f312e092dcbdf556aa166e0549906da4ce9813014aeabf590d9823,excluded_no_verified_chain_residue_identity,"res_id,sec_type,phi,psi,area,resolution,Rvalue,heavy_atom_counts,occupancy_values,packing_density1,packing_density2,packing_density3,B-factor",1,False,0,0,0,{},"{""MSE"": 7}",7,0,20.371217391304345,7.676098210376787
3BA1,True,included,C:\Users\ryana\Documents\Codex\2026-09-13\https-github-com-ryan-charette-psl-2\work\psl-protein-flexibility\data\raw\MDG_bfactor-main\datasets\365\3BA1_CA_A2.pdb,18421197fc85fa74b7db13de18def80f919476b95a0b16f57ecd9bf0ab6c6019,excluded_no_verified_chain_residue_identity,"res_id,sec_type,phi,psi,area,resolution,Rvalue,heavy_atom_counts,occupancy_values,packing_density1,packing_density2,packing_density3,B-factor",1,False,0,0,0,{},{},0,0,20.581474358974358,7.079760453763663
3BED,True,included,C:\Users\ryana\Documents\Codex\2026-09-13\https-github-com-ryan-charette-psl-2\work\psl-protein-flexibility\data\raw\MDG_bfactor-main\datasets\365\3BED_CA_A2.pdb,8abe0082cf462e60fd9999f7457758e479a41ad7646681d1ffdc12f113e6aa18,excluded_no_verified_chain_residue_identity,"res_id,sec_type,phi,psi,area,resolution,Rvalue,heavy_atom_counts,occupancy_values,packing_density1,packing_density2,packing_density3,B-factor",1,False,0,0,0,{},"{""MLY"": 4, ""MSE"": 18}",22,0,20.735095785440617,4.017316407888896
3BQX,True,included,C:\Users\ryana\Documents\Codex\2026-09-13\https-github-com-ryan-charette-psl-2\work\psl-protein-flexibility\data\raw\MDG_bfactor-main\datasets\365\3BQX_CA_A2.pdb,f08b2a75d8c6866d2738992338e17584979c7bcaa14212ce5f24f9b4eeabd951,excluded_no_verified_chain_residue_identity,"res_id,sec_type,phi,psi,area,resolution,Rvalue,heavy_atom_counts,occupancy_values,packing_density1,packing_density2,packing_density3,B-factor",1,False,0,0,0,{},"{""MSE"": 3}",3,0,16.864748201438847,5.063419570048771
3BZQ,True,included,C:\Users\ryana\Documents\Codex\2026-09-13\https-github-com-ryan-charette-psl-2\work\psl-protein-flexibility\data\raw\MDG_bfactor-main\datasets\365\3BZQ_CA_A2.pdb,1485407a9a4afeb89210508b3c609f4d1bc0eac36561d5c959fe80e14cc3619a,excluded_no_verified_chain_residue_identity,"res_id,sec_type,phi,psi,area,resolution,Rvalue,heavy_atom_counts,occupancy_values,packing_density1,packing_density2,packing_density3,B-factor",1,False,0,0,0,{},{},0,0,13.385555555555554,3.5982869724081863
3BZZ,True,included,C:\Users\ryana\Documents\Codex\2026-09-13\https-github-com-ryan-charette-psl-2\work\psl-protein-flexibility\data\raw\MDG_bfactor-main\datasets\365\3BZZ_CA_A2.pdb,d66b5682eae0a867052dd5d311ec334a044606f8ef5992f8d620b96328b4087c,excluded_no_verified_chain_residue_identity,"res_id,sec_type,phi,psi,area,resolution,Rvalue,heavy_atom_counts,occupancy_values,packing_density1,packing_density2,packing_density3,B-factor",1,False,0,0,0,{},{},0,0,7.361600000000001,3.554863069092817
3DRF,True,included,C:\Users\ryana\Documents\Codex\2026-09-13\https-github-com-ryan-charette-psl-2\work\psl-protein-flexibility\data\raw\MDG_bfactor-main\datasets\365\3DRF_CA_A2.pdb,53344555da0617d443e1d96f0aa4b34473a26d61cedd1ca1e969ed3a8e2639ed,excluded_no_verified_chain_residue_identity,"res_id,sec_type,phi,psi,area,resolution,Rvalue,heavy_atom_counts,occupancy_values,packing_density1,packing_density2,packing_density3,B-factor",1,False,0,0,0,{},{},0,0,9.112778793418649,3.0218228745061295
3DWV,True,included,C:\Users\ryana\Documents\Codex\2026-09-13\https-github-com-ryan-charette-psl-2\work\psl-protein-flexibility\data\raw\MDG_bfactor-main\datasets\365\3DWV_CA_A2.pdb,b116fd1042c532d74a53c7248bd9d8607c44b626394c7ac683aa4850033897be,absent,,1,False,0,0,0,{},{},0,0,14.823969230769231,4.481113865544629
3E5T,True,included,C:\Users\ryana\Documents\Codex\2026-09-13\https-github-com-ryan-charette-psl-2\work\psl-protein-flexibility\data\raw\MDG_bfactor-main\datasets\365\3E5T_CA_A2.pdb,86e2faf7a82f05f16acd19b13bd325177157bd04ee8be039b4d36e01f68aee63,excluded_no_verified_chain_residue_identity,"res_id,sec_type,phi,psi,area,resolution,Rvalue,heavy_atom_counts,occupancy_values,packing_density1,packing_density2,packing_density3,B-factor",1,False,0,0,0,{},{},0,0,14.323947368421052,5.345170326733407
3E7R,True,included,C:\Users\ryana\Documents\Codex\2026-09-13\https-github-com-ryan-charette-psl-2\work\psl-protein-flexibility\data\raw\MDG_bfactor-main\datasets\365\3E7R_CA_A2.pdb,e152c29c58b73beb2924ac349254523346cefbad192e73fc4b6ede9a4584b7e5,excluded_no_verified_chain_residue_identity,"res_id,sec_type,phi,psi,area,resolution,Rvalue,heavy_atom_counts,occupancy_values,packing_density1,packing_density2,packing_density3,B-factor",1,False,0,0,0,{},{},0,0,9.787,1.5681074580525403
3EUR,True,included,C:\Users\ryana\Documents\Codex\2026-09-13\https-github-com-ryan-charette-psl-2\work\psl-protein-flexibility\data\raw\MDG_bfactor-main\datasets\365\3EUR_CA_A2.pdb,d5be9f892a7ac034832e0aa0c3fc04a01a00b8cc5df01e50f7127a635e805ef5,excluded_no_verified_chain_residue_identity,"res_id,sec_type,phi,psi,area,resolution,Rvalue,heavy_atom_counts,occupancy_values,packing_density1,packing_density2,packing_density3,B-factor",1,False,0,0,0,{},"{""MSE"": 1}",1,0,13.599571428571428,6.551351754892003
3F2Z,True,included,C:\Users\ryana\Documents\Codex\2026-09-13\https-github-com-ryan-charette-psl-2\work\psl-protein-flexibility\data\raw\MDG_bfactor-main\datasets\365\3F2Z_CA_A2.pdb,f9c928a60f3f9a37b15600fbf8c42a8756c05d8aef72933bdf5d87af9819e70c,excluded_no_verified_chain_residue_identity,"res_id,sec_type,phi,psi,area,resolution,Rvalue,heavy_atom_counts,occupancy_values,packing_density1,packing_density2,packing_density3,B-factor",1,False,0,0,0,{},"{""MSE"": 1}",1,0,7.672416107382551,2.193871773157216
3F7E,True,included,C:\Users\ryana\Documents\Codex\2026-09-13\https-github-com-ryan-charette-psl-2\work\psl-protein-flexibility\data\raw\MDG_bfactor-main\datasets\365\3F7E_CA_A2.pdb,6dd68b1b8b9439a07134d1fc71289918b718945546c6bce9ea4d395236a4a7d2,excluded_no_verified_chain_residue_identity,"res_id,sec_type,phi,psi,area,resolution,Rvalue,heavy_atom_counts,occupancy_values,packing_density1,packing_density2,packing_density3,B-factor",1,False,0,0,0,{},"{""MSE"": 4}",4,0,11.473740157480314,4.081899331555631
3FCN,True,included,C:\Users\ryana\Documents\Codex\2026-09-13\https-github-com-ryan-charette-psl-2\work\psl-protein-flexibility\data\raw\MDG_bfactor-main\datasets\365\3FCN_CA_A2.pdb,0ca57f95f30c715ec873d4af2edc182c9a3b3f709e6bd0b5e74e1d5751244e03,excluded_no_verified_chain_residue_identity,"res_id,sec_type,phi,psi,area,resolution,Rvalue,heavy_atom_counts,occupancy_values,packing_density1,packing_density2,packing_density3,B-factor",1,False,0,0,0,{},"{""MSE"": 4}",4,0,12.471139240506329,5.052544662137146
3FE7,True,included,C:\Users\ryana\Documents\Codex\2026-09-13\https-github-com-ryan-charette-psl-2\work\psl-protein-flexibility\data\raw\MDG_bfactor-main\datasets\365\3FE7_CA_A2.pdb,738403e39b0d3f5e57ad82beb2bca65d1317b1ee7a6718ae76a22461b1c2a935,excluded_no_verified_chain_residue_identity,"res_id,sec_type,phi,psi,area,resolution,Rvalue,heavy_atom_counts,occupancy_values,packing_density1,packing_density2,packing_density3,B-factor",1,False,0,0,0,{},"{""1AC"": 1, ""AIB"": 1, ""PM3"": 1}",3,0,13.886703296703297,3.778684303539171
3FKE,True,included,C:\Users\ryana\Documents\Codex\2026-09-13\https-github-com-ryan-charette-psl-2\work\psl-protein-flexibility\data\raw\MDG_bfactor-main\datasets\365\3FKE_CA_A2.pdb,af0e0d7b882782a00784baa6465cfe0ebb160a38fa4155896d397956a5a9f097,excluded_no_verified_chain_residue_identity,"res_id,sec_type,phi,psi,area,resolution,Rvalue,heavy_atom_counts,occupancy_values,packing_density1,packing_density2,packing_density3,B-factor",1,False,0,0,0,{},{},0,0,15.82316,4.699627901696048
3FMY,True,included,C:\Users\ryana\Documents\Codex\2026-09-13\https-github-com-ryan-charette-psl-2\work\psl-protein-flexibility\data\raw\MDG_bfactor-main\datasets\365\3FMY_CA_A2.pdb,05d9d467c4341279ce6a4fa69bc58d5c7c6be649d2939eba0db9c7ba4dd36c42,excluded_no_verified_chain_residue_identity,"res_id,sec_type,phi,psi,area,resolution,Rvalue,heavy_atom_counts,occupancy_values,packing_density1,packing_density2,packing_density3,B-factor",1,False,0,0,0,{},"{""MEQ"": 1}",1,0,13.086818181818181,4.259197590915137
3FOD,True,included,C:\Users\ryana\Documents\Codex\2026-09-13\https-github-com-ryan-charette-psl-2\work\psl-protein-flexibility\data\raw\MDG_bfactor-main\datasets\365\3FOD_CA_A2.pdb,217c12d9acd6ab09af8efd0d1800cb0a5a464952444c14f4e0e789e89b4b33d3,excluded_no_verified_chain_residue_identity,"res_id,sec_type,phi,psi,area,resolution,Rvalue,heavy_atom_counts,occupancy_values,packing_density1,packing_density2,packing_density3,B-factor",1,False,0,0,0,{},{},0,0,11.260208333333333,1.206098202164272
3FSO,True,included,C:\Users\ryana\Documents\Codex\2026-09-13\https-github-com-ryan-charette-psl-2\work\psl-protein-flexibility\data\raw\MDG_bfactor-main\datasets\365\3FSO_CA_A2.pdb,f80d41a7e6253061502372e67c4a15e3f75ff2f8779439e0bce36581be4dac95,excluded_no_verified_chain_residue_identity,"res_id,sec_type,phi,psi,area,resolution,Rvalue,heavy_atom_counts,occupancy_values,packing_density1,packing_density2,packing_density3,B-factor",1,False,0,0,0,{},{},0,0,13.386018099547513,7.173947680387653
3FTD,True,included,C:\Users\ryana\Documents\Codex\2026-09-13\https-github-com-ryan-charette-psl-2\work\psl-protein-flexibility\data\raw\MDG_bfactor-main\datasets\365\3FTD_CA_A2.pdb,3bde00853d523558516caf304daa51cf4f06b2625eb35c4b025d159ff733989b,excluded_no_verified_chain_residue_identity,"res_id,sec_type,phi,psi,area,resolution,Rvalue,heavy_atom_counts,occupancy_values,packing_density1,packing_density2,packing_density3,B-factor",1,False,0,0,0,{},{},0,0,17.236958333333337,6.1778011458984246
3FVA,True,included,C:\Users\ryana\Documents\Codex\2026-09-13\https-github-com-ryan-charette-psl-2\work\psl-protein-flexibility\data\raw\MDG_bfactor-main\datasets\365\3FVA_CA_A2.pdb,973d9c47e4e55caa80a671870ddf34847d1fc0a66520c16cbeaa3d671b83f472,absent,,1,False,0,0,0,{},{},0,0,0.21166666666666667,0.3563900796723849
3G1S,True,included,C:\Users\ryana\Documents\Codex\2026-09-13\https-github-com-ryan-charette-psl-2\work\psl-protein-flexibility\data\raw\MDG_bfactor-main\datasets\365\3G1S_CA_A2.pdb,c5cf5fb25acb7d2feb97efa4cee1330b4aa317b062ddbcd1df2a441ec34f4b43,excluded_no_verified_chain_residue_identity,"res_id,sec_type,phi,psi,area,resolution,Rvalue,heavy_atom_counts,occupancy_values,packing_density1,packing_density2,packing_density3,B-factor",1,False,0,0,0,{},{},0,0,20.18265550239234,8.1328413251506
3GBW,True,included,C:\Users\ryana\Documents\Codex\2026-09-13\https-github-com-ryan-charette-psl-2\work\psl-protein-flexibility\data\raw\MDG_bfactor-main\datasets\365\3GBW_CA_A2.pdb,b26ceb92d2cffd070d2471041eff133d41cd622505c1a9e38f7d9e55aa3e3e81,excluded_no_verified_chain_residue_identity,"res_id,sec_type,phi,psi,area,resolution,Rvalue,heavy_atom_counts,occupancy_values,packing_density1,packing_density2,packing_density3,B-factor",1,False,0,0,0,{},"{""MSE"": 2}",2,0,11.714596273291924,2.6935146389609006
3GHJ,True,included,C:\Users\ryana\Documents\Codex\2026-09-13\https-github-com-ryan-charette-psl-2\work\psl-protein-flexibility\data\raw\MDG_bfactor-main\datasets\365\3GHJ_CA_A2.pdb,52fc7bb950555dc41041160d5b3b74ad0c09495d4252c972e719c0f4498377fe,excluded_no_verified_chain_residue_identity,"res_id,sec_type,phi,psi,area,resolution,Rvalue,heavy_atom_counts,occupancy_values,packing_density1,packing_density2,packing_density3,B-factor",1,False,0,0,0,{},"{""MSE"": 2}",2,0,14.642155172413789,7.491467307824108
3HFO,True,included,C:\Users\ryana\Documents\Codex\2026-09-13\https-github-com-ryan-charette-psl-2\work\psl-protein-flexibility\data\raw\MDG_bfactor-main\datasets\365\3HFO_CA_A2.pdb,cb4d34d3613a7a33cb2c8358575cf948e35245f31c92078e076db593901d7f48,excluded_no_verified_chain_residue_identity,"res_id,sec_type,phi,psi,area,resolution,Rvalue,heavy_atom_counts,occupancy_values,packing_density1,packing_density2,packing_density3,B-factor",1,False,0,0,0,{},{},0,0,12.24238578680203,7.198686350367371
3HHP,True,included,C:\Users\ryana\Documents\Codex\2026-09-13\https-github-com-ryan-charette-psl-2\work\psl-protein-flexibility\data\raw\MDG_bfactor-main\datasets\365\3HHP_CA_A2.pdb,1c1d79444a932ab0441b6b716e0099651aa651cac8edb4a3ebf27e4a91f1cfec,excluded_no_verified_chain_residue_identity,"res_id,sec_type,phi,psi,area,resolution,Rvalue,heavy_atom_counts,occupancy_values,packing_density1,packing_density2,packing_density3,B-factor",1,False,0,0,0,{},{},0,0,15.56760940032415,5.178860569390604
3HNY,True,included,C:\Users\ryana\Documents\Codex\2026-09-13\https-github-com-ryan-charette-psl-2\work\psl-protein-flexibility\data\raw\MDG_bfactor-main\datasets\365\3HNY_CA_A2.pdb,2fa61d398bc75a2eff8fbd52481fb16486b8111643fb382810cbbcdabf68dc6f,excluded_no_verified_chain_residue_identity,"res_id,sec_type,phi,psi,area,resolution,Rvalue,heavy_atom_counts,occupancy_values,packing_density1,packing_density2,packing_density3,B-factor",1,False,0,0,0,{},{},0,0,8.220320512820512,2.88048794385733
3HP4,True,included,C:\Users\ryana\Documents\Codex\2026-09-13\https-github-com-ryan-charette-psl-2\work\psl-protein-flexibility\data\raw\MDG_bfactor-main\datasets\365\3HP4_CA_A2.pdb,41196e1fd247627ae4e4873037ef8ea93c5b1c57b89274a751c181d37cdd1a17,excluded_no_verified_chain_residue_identity,"res_id,sec_type,phi,psi,area,resolution,Rvalue,heavy_atom_counts,occupancy_values,packing_density1,packing_density2,packing_density3,B-factor",1,False,0,0,0,{},"{""MIR"": 1}",1,0,8.626065573770493,4.488661713010033
3HWU,True,included,C:\Users\ryana\Documents\Codex\2026-09-13\https-github-com-ryan-charette-psl-2\work\psl-protein-flexibility\data\raw\MDG_bfactor-main\datasets\365\3HWU_CA_A2.pdb,aaf1fa965e11d94a4535fe133aea12a3bdd8c976d21f6751f769091286d945b0,excluded_no_verified_chain_residue_identity,"res_id,sec_type,phi,psi,area,resolution,Rvalue,heavy_atom_counts,occupancy_values,packing_density1,packing_density2,packing_density3,B-factor",1,False,0,0,0,{},"{""MSE"": 5}",5,0,12.195069444444446,3.930999836860807
3HYD,True,included,C:\Users\ryana\Documents\Codex\2026-09-13\https-github-com-ryan-charette-psl-2\work\psl-protein-flexibility\data\raw\MDG_bfactor-main\datasets\365\3HYD_CA_A2.pdb,21dd67926a4f0a0efbe50eb720577445931c471f94cd80e6cdd7a30c498a9ce2,excluded_no_verified_chain_residue_identity,"res_id,sec_type,phi,psi,area,resolution,Rvalue,heavy_atom_counts,occupancy_values,packing_density1,packing_density2,packing_density3,B-factor",1,False,0,0,0,{},{},0,0,3.8771428571428572,1.1058379406678034
3HZ8,True,included,C:\Users\ryana\Documents\Codex\2026-09-13\https-github-com-ryan-charette-psl-2\work\psl-protein-flexibility\data\raw\MDG_bfactor-main\datasets\365\3HZ8_CA_A2.pdb,7bc1e13bf9966d0975cbfac588558a5737c5d71af84646d6963de044cfe26c91,excluded_no_verified_chain_residue_identity,"res_id,sec_type,phi,psi,area,resolution,Rvalue,heavy_atom_counts,occupancy_values,packing_density1,packing_density2,packing_density3,B-factor",1,False,0,0,0,{},{},0,0,14.207447916666666,6.311892317895165
3I2V,True,included,C:\Users\ryana\Documents\Codex\2026-09-13\https-github-com-ryan-charette-psl-2\work\psl-protein-flexibility\data\raw\MDG_bfactor-main\datasets\365\3I2V_CA_A2.pdb,3978bf15991a380abd18b7d180e831c898403d3e2b3406b634d7e2aaad025a6b,excluded_no_verified_chain_residue_identity,"res_id,sec_type,phi,psi,area,resolution,Rvalue,heavy_atom_counts,occupancy_values,packing_density1,packing_density2,packing_density3,B-factor",1,False,0,0,0,{},"{""MSE"": 1}",1,0,14.636854838709677,5.220637299950829
3I2Z,True,included,C:\Users\ryana\Documents\Codex\2026-09-13\https-github-com-ryan-charette-psl-2\work\psl-protein-flexibility\data\raw\MDG_bfactor-main\datasets\365\3I2Z_CA_A2.pdb,f04f87b291600bcbb43159a9fb694a399a6b67153e1ed60c0381ca2dbd2b2952,excluded_no_verified_chain_residue_identity,"res_id,sec_type,phi,psi,area,resolution,Rvalue,heavy_atom_counts,occupancy_values,packing_density1,packing_density2,packing_density3,B-factor",1,False,0,0,0,{},{},0,0,17.12405797101449,5.248734649125369
3I4O,True,included,C:\Users\ryana\Documents\Codex\2026-09-13\https-github-com-ryan-charette-psl-2\work\psl-protein-flexibility\data\raw\MDG_bfactor-main\datasets\365\3I4O_CA_A2.pdb,011badbd4a0f2a55da17f09a30a7b30c0bd7a3531325b3ed3cd94b91264439cb,excluded_no_verified_chain_residue_identity,"res_id,sec_type,phi,psi,area,resolution,Rvalue,heavy_atom_counts,occupancy_values,packing_density1,packing_density2,packing_density3,B-factor",1,False,0,0,0,{},{},0,0,16.66785185185185,3.8803912336516113
3I7M,True,included,C:\Users\ryana\Documents\Codex\2026-09-13\https-github-com-ryan-charette-psl-2\work\psl-protein-flexibility\data\raw\MDG_bfactor-main\datasets\365\3I7M_CA_A2.pdb,709871c1e5f2361c1d99c3dfc56a223a46d0725bfff763281d3c4a37c7bffe8e,excluded_no_verified_chain_residue_identity,"res_id,sec_type,phi,psi,area,resolution,Rvalue,heavy_atom_counts,occupancy_values,packing_density1,packing_density2,packing_density3,B-factor",1,False,0,0,0,{},"{""MSE"": 4}",4,0,12.74134328358209,4.416040941677771
3IHS,True,included,C:\Users\ryana\Documents\Codex\2026-09-13\https-github-com-ryan-charette-psl-2\work\psl-protein-flexibility\data\raw\MDG_bfactor-main\datasets\365\3IHS_CA_A2.pdb,f79c5ddd65abb9e346b48c77bbeea7e83fdac50d5bdc2fcf22cab041cb517377,excluded_no_verified_chain_residue_identity,"res_id,sec_type,phi,psi,area,resolution,Rvalue,heavy_atom_counts,occupancy_values,packing_density1,packing_density2,packing_density3,B-factor",1,False,0,0,0,{},"{""MSE"": 8}",8,0,12.9794674556213,3.934599407495199
3IVV,True,included,C:\Users\ryana\Documents\Codex\2026-09-13\https-github-com-ryan-charette-psl-2\work\psl-protein-flexibility\data\raw\MDG_bfactor-main\datasets\365\3IVV_CA_A2.pdb,3099564ed5c0b26cd6ea6e885bc33c45daa8e432e3e44e4c416c3db8dc9f9bfc,absent,,1,False,0,0,0,{},{},0,0,11.478389261744967,3.2972085136829734
3K6Y,True,included,C:\Users\ryana\Documents\Codex\2026-09-13\https-github-com-ryan-charette-psl-2\work\psl-protein-flexibility\data\raw\MDG_bfactor-main\datasets\365\3K6Y_CA_A2.pdb,449707c03dc6092d15a63a013c4c2178ac8a748d00818532e2d5384843ce2313,excluded_no_verified_chain_residue_identity,"res_id,sec_type,phi,psi,area,resolution,Rvalue,heavy_atom_counts,occupancy_values,packing_density1,packing_density2,packing_density3,B-factor",1,False,0,0,0,{},{},0,0,15.537753303964758,5.15337439350001
3KBE,True,included,C:\Users\ryana\Documents\Codex\2026-09-13\https-github-com-ryan-charette-psl-2\work\psl-protein-flexibility\data\raw\MDG_bfactor-main\datasets\365\3KBE_CA_A2.pdb,1d265149834d8201cdef6cdfa83c8d76ac74c45b23361541cb7e29cd3fc821c8,excluded_no_verified_chain_residue_identity,"res_id,sec_type,phi,psi,area,resolution,Rvalue,heavy_atom_counts,occupancy_values,packing_density1,packing_density2,packing_density3,B-factor",1,False,0,0,0,{},{},0,0,13.869285714285715,4.677560512375952
3KGK,True,included,C:\Users\ryana\Documents\Codex\2026-09-13\https-github-com-ryan-charette-psl-2\work\psl-protein-flexibility\data\raw\MDG_bfactor-main\datasets\365\3KGK_CA_A2.pdb,54abe283223169c67e449bd8b7d00193ba72831d7975f29f617aefd20396b336,excluded_no_verified_chain_residue_identity,"res_id,sec_type,phi,psi,area,resolution,Rvalue,heavy_atom_counts,occupancy_values,packing_density1,packing_density2,packing_density3,B-factor",1,False,0,0,0,{},{},0,0,12.939842105263157,4.240961965889565
3KZD,True,included,C:\Users\ryana\Documents\Codex\2026-09-13\https-github-com-ryan-charette-psl-2\work\psl-protein-flexibility\data\raw\MDG_bfactor-main\datasets\365\3KZD_CA_A2.pdb,1885f24b94c4dc06884410d09724449da7f56859d38282df21c2ab813a4f8ca6,excluded_no_verified_chain_residue_identity,"res_id,sec_type,phi,psi,area,resolution,Rvalue,heavy_atom_counts,occupancy_values,packing_density1,packing_density2,packing_density3,B-factor",1,False,0,0,0,{},{},0,0,14.125058823529411,3.7579974715983773
3L41,True,included,C:\Users\ryana\Documents\Codex\2026-09-13\https-github-com-ryan-charette-psl-2\work\psl-protein-flexibility\data\raw\MDG_bfactor-main\datasets\365\3L41_CA_A2.pdb,a83ae96bf2a164d6cbe8a654e9ca4cbf8da20c627a9d30fc3eac8017cf97d0de,excluded_no_verified_chain_residue_identity,"res_id,sec_type,phi,psi,area,resolution,Rvalue,heavy_atom_counts,occupancy_values,packing_density1,packing_density2,packing_density3,B-factor",1,False,0,0,0,{},"{""SEP"": 1}",1,0,9.547272727272725,4.052815723574931
3LAA,True,included,C:\Users\ryana\Documents\Codex\2026-09-13\https-github-com-ryan-charette-psl-2\work\psl-protein-flexibility\data\raw\MDG_bfactor-main\datasets\365\3LAA_CA_A2.pdb,c0f0baea52eb5e223f4da18e31c7d584331c49d0376a2537db7d6c5fb40ae5aa,excluded_no_verified_chain_residue_identity,"res_id,sec_type,phi,psi,area,resolution,Rvalue,heavy_atom_counts,occupancy_values,packing_density1,packing_density2,packing_density3,B-factor",1,False,0,0,0,{},{},0,0,13.831242603550296,4.615049371833104
3LAX,True,included,C:\Users\ryana\Documents\Codex\2026-09-13\https-github-com-ryan-charette-psl-2\work\psl-protein-flexibility\data\raw\MDG_bfactor-main\datasets\365\3LAX_CA_A2.pdb,489b036e07221d65da11a4bd556248f1e121d7b1da5880b9eb8df6071068843e,excluded_no_verified_chain_residue_identity,"res_id,sec_type,phi,psi,area,resolution,Rvalue,heavy_atom_counts,occupancy_values,packing_density1,packing_density2,packing_density3,B-factor",1,False,0,0,0,{},"{""MSE"": 2}",2,0,23.134150943396225,10.157395936145798
3LG3,True,included,C:\Users\ryana\Documents\Codex\2026-09-13\https-github-com-ryan-charette-psl-2\work\psl-protein-flexibility\data\raw\MDG_bfactor-main\datasets\365\3LG3_CA_A2.pdb,d56e202a8f8033e6187e3406a2b5b563ea448cf8b1f5aa8d89398afcbe880ab9,excluded_no_verified_chain_residue_identity,"res_id,sec_type,phi,psi,area,resolution,Rvalue,heavy_atom_counts,occupancy_values,packing_density1,packing_density2,packing_density3,B-factor",1,False,0,0,0,{},"{""MSE"": 18}",18,0,14.710252100840336,8.13196740856997
3LJI,True,included,C:\Users\ryana\Documents\Codex\2026-09-13\https-github-com-ryan-charette-psl-2\work\psl-protein-flexibility\data\raw\MDG_bfactor-main\datasets\365\3LJI_CA_A2.pdb,42945dcd5ee5622c742de71c7ef5d19d1098393dc8b52f2eb3babe0ab3306cff,excluded_no_verified_chain_residue_identity,"res_id,sec_type,phi,psi,area,resolution,Rvalue,heavy_atom_counts,occupancy_values,packing_density1,packing_density2,packing_density3,B-factor",1,False,0,0,0,{},"{""MSE"": 7}",7,0,17.11669117647059,6.854378705181076
3M3P,True,included,C:\Users\ryana\Documents\Codex\2026-09-13\https-github-com-ryan-charette-psl-2\work\psl-protein-flexibility\data\raw\MDG_bfactor-main\datasets\365\3M3P_CA_A2.pdb,d0f9162683c2c5c8ed40a804a188eee99209c7b59574b9ebe85a2824f6afa1f1,excluded_no_verified_chain_residue_identity,"res_id,sec_type,phi,psi,area,resolution,Rvalue,heavy_atom_counts,occupancy_values,packing_density1,packing_density2,packing_density3,B-factor",1,False,0,0,0,{},"{""MSE"": 10}",10,0,7.510401606425703,2.337698521380567
3M8J,True,included,C:\Users\ryana\Documents\Codex\2026-09-13\https-github-com-ryan-charette-psl-2\work\psl-protein-flexibility\data\raw\MDG_bfactor-main\datasets\365\3M8J_CA_A2.pdb,b9b37d220546567d53e24abc24c9944345ab1d5fbaf6423883a581e7d0df9a91,excluded_no_verified_chain_residue_identity,"res_id,sec_type,phi,psi,area,resolution,Rvalue,heavy_atom_counts,occupancy_values,packing_density1,packing_density2,packing_density3,B-factor",1,False,0,0,0,{},{},0,0,17.164213483146064,4.691958899433744
3M9J,True,included,C:\Users\ryana\Documents\Codex\2026-09-13\https-github-com-ryan-charette-psl-2\work\psl-protein-flexibility\data\raw\MDG_bfactor-main\datasets\365\3M9J_CA_A2.pdb,92b3aa78aa13067f2ae7c1d9c7eb542ff8455012e2159f13bf9b15bd4a24fc34,excluded_no_verified_chain_residue_identity,"res_id,sec_type,phi,psi,area,resolution,Rvalue,heavy_atom_counts,occupancy_values,packing_density1,packing_density2,packing_density3,B-factor",1,False,0,0,0,{},{},0,0,11.709380952380954,4.664853909580923
3M9Q,True,included,C:\Users\ryana\Documents\Codex\2026-09-13\https-github-com-ryan-charette-psl-2\work\psl-protein-flexibility\data\raw\MDG_bfactor-main\datasets\365\3M9Q_CA_A2.pdb,1b3bb9d7008d49a9e542c9bb2a5d9d4ff5b32f319f4903a668d218930a6772bb,excluded_no_verified_chain_residue_identity,"res_id,sec_type,phi,psi,area,resolution,Rvalue,heavy_atom_counts,occupancy_values,packing_density1,packing_density2,packing_density3,B-factor",1,False,0,0,0,{},{},0,0,14.193636363636363,5.896896079105396
3MAB,True,included,C:\Users\ryana\Documents\Codex\2026-09-13\https-github-com-ryan-charette-psl-2\work\psl-protein-flexibility\data\raw\MDG_bfactor-main\datasets\365\3MAB_CA_A2.pdb,64fb10799e96a3f47bb78431f36e25bbabaf902bdaffe24c8e93bc0c57d5ced2,excluded_no_verified_chain_residue_identity,"res_id,sec_type,phi,psi,area,resolution,Rvalue,heavy_atom_counts,occupancy_values,packing_density1,packing_density2,packing_density3,B-factor",1,False,0,0,0,{},{},0,0,14.208728323699424,5.117685825588454
3MD4,True,included,C:\Users\ryana\Documents\Codex\2026-09-13\https-github-com-ryan-charette-psl-2\work\psl-protein-flexibility\data\raw\MDG_bfactor-main\datasets\365\3MD4_CA_A2.pdb,9724b1636bf78b61140e343bbafe51a6f0f9ec9afcf582d34f95970e42bdfce2,excluded_no_verified_chain_residue_identity,"res_id,sec_type,phi,psi,area,resolution,Rvalue,heavy_atom_counts,occupancy_values,packing_density1,packing_density2,packing_density3,B-factor",1,False,0,0,0,{},{},0,0,3.738333333333333,1.809810456619391
3MD5,True,included,C:\Users\ryana\Documents\Codex\2026-09-13\https-github-com-ryan-charette-psl-2\work\psl-protein-flexibility\data\raw\MDG_bfactor-main\datasets\365\3MD5_CA_A2.pdb,9eec4ee6c01edcfe2a5538676a40cdd3369d3848aed5f4951016a0b8b21ffe7d,absent,,1,False,0,0,0,{},{},0,0,8.885833333333332,4.436018218953669
3MEA,True,included,C:\Users\ryana\Documents\Codex\2026-09-13\https-github-com-ryan-charette-psl-2\work\psl-protein-flexibility\data\raw\MDG_bfactor-main\datasets\365\3MEA_CA_A2.pdb,8db7572f454704d6d12fa12abfa643679eb671279e5e1b3174afb1b4d2fd6768,absent,,1,False,0,0,0,{},"{""M3L"": 1}",1,0,12.226987951807228,5.809951005525075
3MGN,True,included,C:\Users\ryana\Documents\Codex\2026-09-13\https-github-com-ryan-charette-psl-2\work\psl-protein-flexibility\data\raw\MDG_bfactor-main\datasets\365\3MGN_CA_A2.pdb,a1149c2f2e3c26766d35e98211d683f138bd8da0f537174204d5e41f26305192,absent,,1,False,0,0,0,{},"{""DAR"": 6, ""DAS"": 6, ""DCY"": 12, ""DGL"": 6, ""DLE"": 12, ""DLY"": 1, ""DPN"": 4, ""DPR"": 12, ""DTR"": 12, ""DVA"": 5}",76,0,29.086695402298847,11.550769579241786
3MRE,True,included,C:\Users\ryana\Documents\Codex\2026-09-13\https-github-com-ryan-charette-psl-2\work\psl-protein-flexibility\data\raw\MDG_bfactor-main\datasets\365\3MRE_CA_A2.pdb,da541944444aead966465b3a2aa04e89145131aa470f6a28ebcd0d0cf5086f65,excluded_no_verified_chain_residue_identity,"res_id,sec_type,phi,psi,area,resolution,Rvalue,heavy_atom_counts,occupancy_values,packing_density1,packing_density2,packing_density3,B-factor",1,False,0,0,0,{},{},0,0,8.89107049608355,4.085634088320501
3N11,True,included,C:\Users\ryana\Documents\Codex\2026-09-13\https-github-com-ryan-charette-psl-2\work\psl-protein-flexibility\data\raw\MDG_bfactor-main\datasets\365\3N11_CA_A2.pdb,7a5e8596ff97bbd0daa0d0bc247e2578704c2c4bb5016c0c02ec3e3c7b4e02e4,excluded_no_verified_chain_residue_identity,"res_id,sec_type,phi,psi,area,resolution,Rvalue,heavy_atom_counts,occupancy_values,packing_density1,packing_density2,packing_density3,B-factor",1,False,0,0,0,{},{},0,0,11.80793846153846,2.4554874927358616
3NE0,True,included,C:\Users\ryana\Documents\Codex\2026-09-13\https-github-com-ryan-charette-psl-2\work\psl-protein-flexibility\data\raw\MDG_bfactor-main\datasets\365\3NE0_CA_A2.pdb,6fd9ffa45c5a0e4796d2084f90dea8c41dd914c11ae40bfbb4393497d78c67a2,excluded_no_verified_chain_residue_identity,"res_id,sec_type,phi,psi,area,resolution,Rvalue,heavy_atom_counts,occupancy_values,packing_density1,packing_density2,packing_density3,B-factor",1,False,0,0,0,{},{},0,0,9.944903846153846,5.055583926403386
3NGG,True,included,C:\Users\ryana\Documents\Codex\2026-09-13\https-github-com-ryan-charette-psl-2\work\psl-protein-flexibility\data\raw\MDG_bfactor-main\datasets\365\3NGG_CA_A2.pdb,118b5adaf834b6c4e16c14bb02e01eda9ddfafc614b09ad0080a97d4b1a79177,excluded_no_verified_chain_residue_identity,"res_id,sec_type,phi,psi,area,resolution,Rvalue,heavy_atom_counts,occupancy_values,packing_density1,packing_density2,packing_density3,B-factor",1,False,0,0,0,{},{},0,0,13.13691489361702,4.941874703844846
3NPV,True,included,C:\Users\ryana\Documents\Codex\2026-09-13\https-github-com-ryan-charette-psl-2\work\psl-protein-flexibility\data\raw\MDG_bfactor-main\datasets\365\3NPV_CA_A2.pdb,d21544b6e407dbc7845407358261ed2f1702473d44756a28b3db3902b66e2c5b,excluded_no_verified_chain_residue_identity,"res_id,sec_type,phi,psi,area,resolution,Rvalue,heavy_atom_counts,occupancy_values,packing_density1,packing_density2,packing_density3,B-factor",1,False,0,0,0,{},{},0,0,14.702848484848486,6.232808871735809
3NVG,True,included,C:\Users\ryana\Documents\Codex\2026-09-13\https-github-com-ryan-charette-psl-2\work\psl-protein-flexibility\data\raw\MDG_bfactor-main\datasets\365\3NVG_CA_A2.pdb,ba4e97653491522b5d699de134d26803e79a56f46f859e5fd3168fec8ab68d31,excluded_no_verified_chain_residue_identity,"res_id,sec_type,phi,psi,area,resolution,Rvalue,heavy_atom_counts,occupancy_values,packing_density1,packing_density2,packing_density3,B-factor",1,False,0,0,0,{},{},0,0,4.819999999999999,0.7705841939723393
3NZL,True,included,C:\Users\ryana\Documents\Codex\2026-09-13\https-github-com-ryan-charette-psl-2\work\psl-protein-flexibility\data\raw\MDG_bfactor-main\datasets\365\3NZL_CA_A2.pdb,02bb0ad48b54e19625b089969cfb01ae9e5377fcc099eddcb29fb954befb7ad7,excluded_no_verified_chain_residue_identity,"res_id,sec_type,phi,psi,area,resolution,Rvalue,heavy_atom_counts,occupancy_values,packing_density1,packing_density2,packing_density3,B-factor",1,False,0,0,0,{},"{""MSE"": 3}",3,0,7.813835616438356,3.2481137329676613
3O0P,True,included,C:\Users\ryana\Documents\Codex\2026-09-13\https-github-com-ryan-charette-psl-2\work\psl-protein-flexibility\data\raw\MDG_bfactor-main\datasets\365\3O0P_CA_A2.pdb,f9928205218fd640bfba9122ce0a86acf8ea468381feceecd9419d05651ce6d4,excluded_no_verified_chain_residue_identity,"res_id,sec_type,phi,psi,area,resolution,Rvalue,heavy_atom_counts,occupancy_values,packing_density1,packing_density2,packing_density3,B-factor",1,False,0,0,0,{},{},0,0,14.71623711340206,5.61052433052071
3O5P,True,included,C:\Users\ryana\Documents\Codex\2026-09-13\https-github-com-ryan-charette-psl-2\work\psl-protein-flexibility\data\raw\MDG_bfactor-main\datasets\365\3O5P_CA_A2.pdb,6c4ccb9210bc7b41631639277b822955498954d4c3ae7f04346ed2975355c15f,excluded_no_verified_chain_residue_identity,"res_id,sec_type,phi,psi,area,resolution,Rvalue,heavy_atom_counts,occupancy_values,packing_density1,packing_density2,packing_density3,B-factor",1,False,0,0,0,{},{},0,0,8.228203125,2.9867440030893566
3OBQ,True,included,C:\Users\ryana\Documents\Codex\2026-09-13\https-github-com-ryan-charette-psl-2\work\psl-protein-flexibility\data\raw\MDG_bfactor-main\datasets\365\3OBQ_CA_A2.pdb,15977fe5a62314907f17d220da5452357c3f71b898e7c1030763f9830f15905b,excluded_no_verified_chain_residue_identity,"res_id,sec_type,phi,psi,area,resolution,Rvalue,heavy_atom_counts,occupancy_values,packing_density1,packing_density2,packing_density3,B-factor",1,False,0,0,0,{},{},0,0,12.052200000000001,9.386416630429315
3OQY,True,included,C:\Users\ryana\Documents\Codex\2026-09-13\https-github-com-ryan-charette-psl-2\work\psl-protein-flexibility\data\raw\MDG_bfactor-main\datasets\365\3OQY_CA_A2.pdb,128dee6e067af374c5880af3de252d34fd1ee73b378221a21b15118e5110f5e2,excluded_no_verified_chain_residue_identity,"res_id,sec_type,phi,psi,area,resolution,Rvalue,heavy_atom_counts,occupancy_values,packing_density1,packing_density2,packing_density3,B-factor",1,False,0,0,0,{},"{""4CF"": 2}",2,0,26.684230769230773,6.915288374115205
3P6J,True,included,C:\Users\ryana\Documents\Codex\2026-09-13\https-github-com-ryan-charette-psl-2\work\psl-protein-flexibility\data\raw\MDG_bfactor-main\datasets\365\3P6J_CA_A2.pdb,1edbadfa233089754f4b822bb3b29d98870e9c8ad0fe541df87ecfe30a8d5aad,excluded_no_verified_chain_residue_identity,"res_id,sec_type,phi,psi,area,resolution,Rvalue,heavy_atom_counts,occupancy_values,packing_density1,packing_density2,packing_density3,B-factor",1,False,0,0,0,{},{},0,0,13.944799999999999,6.719422665675974
3PD7,True,included,C:\Users\ryana\Documents\Codex\2026-09-13\https-github-com-ryan-charette-psl-2\work\psl-protein-flexibility\data\raw\MDG_bfactor-main\datasets\365\3PD7_CA_A2.pdb,8821020948281bd702d54e44f4886693e949a1cc70255002626af539b2dd5666,excluded_no_verified_chain_residue_identity,"res_id,sec_type,phi,psi,area,resolution,Rvalue,heavy_atom_counts,occupancy_values,packing_density1,packing_density2,packing_density3,B-factor",1,False,0,0,0,{},{},0,0,11.457180851063828,6.348189307033242
3PES,True,included,C:\Users\ryana\Documents\Codex\2026-09-13\https-github-com-ryan-charette-psl-2\work\psl-protein-flexibility\data\raw\MDG_bfactor-main\datasets\365\3PES_CA_A2.pdb,7d2695e73e4a5b513383949b6516481d4d67854ca5f21a569057e49ab37fbc3d,excluded_no_verified_chain_residue_identity,"res_id,sec_type,phi,psi,area,resolution,Rvalue,heavy_atom_counts,occupancy_values,packing_density1,packing_density2,packing_density3,B-factor",1,False,0,0,0,{},"{""MSE"": 4}",4,0,13.100606060606063,2.8736689033400973
3PID,True,included,C:\Users\ryana\Documents\Codex\2026-09-13\https-github-com-ryan-charette-psl-2\work\psl-protein-flexibility\data\raw\MDG_bfactor-main\datasets\365\3PID_CA_A2.pdb,cb1e687cb9c1b3b173523fa16e258acba31310e1f46f77926114b54cdee2980e,excluded_no_verified_chain_residue_identity,"res_id,sec_type,phi,psi,area,resolution,Rvalue,heavy_atom_counts,occupancy_values,packing_density1,packing_density2,packing_density3,B-factor",1,False,0,0,0,{},{},0,0,17.760878552971572,7.271228370697922
3PIW,True,included,C:\Users\ryana\Documents\Codex\2026-09-13\https-github-com-ryan-charette-psl-2\work\psl-protein-flexibility\data\raw\MDG_bfactor-main\datasets\365\3PIW_CA_A2.pdb,5b69b67bf7b72571e4485f3a81aa1f0fef9226cd5b492a82eedea867824d3456,excluded_no_verified_chain_residue_identity,"res_id,sec_type,phi,psi,area,resolution,Rvalue,heavy_atom_counts,occupancy_values,packing_density1,packing_density2,packing_density3,B-factor",1,False,0,0,0,{},{},0,0,15.925129870129872,6.341874875081162
3PKV,True,included,C:\Users\ryana\Documents\Codex\2026-09-13\https-github-com-ryan-charette-psl-2\work\psl-protein-flexibility\data\raw\MDG_bfactor-main\datasets\365\3PKV_CA_A2.pdb,cd79925899933e3c81690f6142f50348c97c102e1136958d11f293a3e2cd6ca3,excluded_no_verified_chain_residue_identity,"res_id,sec_type,phi,psi,area,resolution,Rvalue,heavy_atom_counts,occupancy_values,packing_density1,packing_density2,packing_density3,B-factor",1,False,0,0,0,{},{},0,0,14.578235294117647,5.422380223947134
3PSM,True,included,C:\Users\ryana\Documents\Codex\2026-09-13\https-github-com-ryan-charette-psl-2\work\psl-protein-flexibility\data\raw\MDG_bfactor-main\datasets\365\3PSM_CA_A2.pdb,a903c64a50bc6f775f4e006c45d5b3a80644ac230a4674b32f21d36fa6e5db05,excluded_no_verified_chain_residue_identity,"res_id,sec_type,phi,psi,area,resolution,Rvalue,heavy_atom_counts,occupancy_values,packing_density1,packing_density2,packing_density3,B-factor",1,False,0,0,0,{},{},0,0,12.305531914893612,4.318429732595451
3PTL,True,included,C:\Users\ryana\Documents\Codex\2026-09-13\https-github-com-ryan-charette-psl-2\work\psl-protein-flexibility\data\raw\MDG_bfactor-main\datasets\365\3PTL_CA_A2.pdb,0ecb3512f65bbb39ba701e1fb628bbe385c65d8e72fa55412c6d695cc34a4c6d,excluded_no_verified_chain_residue_identity,"res_id,sec_type,phi,psi,area,resolution,Rvalue,heavy_atom_counts,occupancy_values,packing_density1,packing_density2,packing_density3,B-factor",1,False,0,0,0,{},{},0,0,10.83705882352941,4.9980684158255935
3PVE,True,included,C:\Users\ryana\Documents\Codex\2026-09-13\https-github-com-ryan-charette-psl-2\work\psl-protein-flexibility\data\raw\MDG_bfactor-main\datasets\365\3PVE_CA_A2.pdb,f2968f3e211614e520892263dab5f2884351abbd016a235f13d3f8e0971b3322,excluded_no_verified_chain_residue_identity,"res_id,sec_type,phi,psi,area,resolution,Rvalue,heavy_atom_counts,occupancy_values,packing_density1,packing_density2,packing_density3,B-factor",1,False,0,0,0,{},{},0,0,14.995561959654179,5.090052163215912
3PZ9,True,included,C:\Users\ryana\Documents\Codex\2026-09-13\https-github-com-ryan-charette-psl-2\work\psl-protein-flexibility\data\raw\MDG_bfactor-main\datasets\365\3PZ9_CA_A2.pdb,49833e765470b66a273d682a766945874142b371c84017891a96cddb44e3527b,excluded_no_verified_chain_residue_identity,"res_id,sec_type,phi,psi,area,resolution,Rvalue,heavy_atom_counts,occupancy_values,packing_density1,packing_density2,packing_density3,B-factor",1,False,0,0,0,{},{},0,0,14.542212885154061,4.565601856625622
3PZZ,True,included,C:\Users\ryana\Documents\Codex\2026-09-13\https-github-com-ryan-charette-psl-2\work\psl-protein-flexibility\data\raw\MDG_bfactor-main\datasets\365\3PZZ_CA_A2.pdb,87cbdfe94d363c9be038adf6e4a05ae074a33d1ec995a3f2fa46cbeee5e0b13e,excluded_no_verified_chain_residue_identity,"res_id,sec_type,phi,psi,area,resolution,Rvalue,heavy_atom_counts,occupancy_values,packing_density1,packing_density2,packing_density3,B-factor",1,False,0,0,0,{},{},0,0,6.3675,2.7808845265490616
3Q2X,True,included,C:\Users\ryana\Documents\Codex\2026-09-13\https-github-com-ryan-charette-psl-2\work\psl-protein-flexibility\data\raw\MDG_bfactor-main\datasets\365\3Q2X_CA_A2.pdb,259ab35919fbf68eaa100d6c5d3113822f32b36ace2a1af3cf972e72713fbbcc,excluded_no_verified_chain_residue_identity,"res_id,sec_type,phi,psi,area,resolution,Rvalue,heavy_atom_counts,occupancy_values,packing_density1,packing_density2,packing_density3,B-factor",1,False,0,0,0,{},{},0,0,2.876666666666667,1.517955496346612
3Q6L,True,included,C:\Users\ryana\Documents\Codex\2026-09-13\https-github-com-ryan-charette-psl-2\work\psl-protein-flexibility\data\raw\MDG_bfactor-main\datasets\365\3Q6L_CA_A2.pdb,335029b779ba25d3dd20dd4312cd308032ccb1ec7977d5bee1000a7875724a1a,excluded_no_verified_chain_residue_identity,"res_id,sec_type,phi,psi,area,resolution,Rvalue,heavy_atom_counts,occupancy_values,packing_density1,packing_density2,packing_density3,B-factor",1,False,0,0,0,{},{},0,0,12.649770992366413,3.0734413826016476
3QDS,True,included,C:\Users\ryana\Documents\Codex\2026-09-13\https-github-com-ryan-charette-psl-2\work\psl-protein-flexibility\data\raw\MDG_bfactor-main\datasets\365\3QDS_CA_A2.pdb,bfe0445db9808bf2b2976cad60ed7609311def57f2fc44e22fe872604f28dadc,excluded_no_verified_chain_residue_identity,"res_id,sec_type,phi,psi,area,resolution,Rvalue,heavy_atom_counts,occupancy_values,packing_density1,packing_density2,packing_density3,B-factor",1,False,0,0,0,{},{},0,0,6.589225352112677,1.921493907494991
3QPA,True,included,C:\Users\ryana\Documents\Codex\2026-09-13\https-github-com-ryan-charette-psl-2\work\psl-protein-flexibility\data\raw\MDG_bfactor-main\datasets\365\3QPA_CA_A2.pdb,0568c094abb65e950a53713b4b13492047545d267f05ea37746327529649ecbc,excluded_no_verified_chain_residue_identity,"res_id,sec_type,phi,psi,area,resolution,Rvalue,heavy_atom_counts,occupancy_values,packing_density1,packing_density2,packing_density3,B-factor",1,False,0,0,0,{},"{""MIR"": 1}",1,0,4.465583756345178,3.534585651136265
3R6D,True,included,C:\Users\ryana\Documents\Codex\2026-09-13\https-github-com-ryan-charette-psl-2\work\psl-protein-flexibility\data\raw\MDG_bfactor-main\datasets\365\3R6D_CA_A2.pdb,01ec0872c30405086a47edc5cf3c33917205233ecf9bb14236670669f62de4ca,excluded_no_verified_chain_residue_identity,"res_id,sec_type,phi,psi,area,resolution,Rvalue,heavy_atom_counts,occupancy_values,packing_density1,packing_density2,packing_density3,B-factor",1,False,0,0,0,{},"{""MLZ"": 6, ""MSE"": 5}",11,0,13.643438914027149,4.0272311690294655
3R87,True,included,C:\Users\ryana\Documents\Codex\2026-09-13\https-github-com-ryan-charette-psl-2\work\psl-protein-flexibility\data\raw\MDG_bfactor-main\datasets\365\3R87_CA_A2.pdb,8a55ec2b94f92f7d7f0f13275ffc0ef81c3624a9ce908f8d82e078f351295055,excluded_no_verified_chain_residue_identity,"res_id,sec_type,phi,psi,area,resolution,Rvalue,heavy_atom_counts,occupancy_values,packing_density1,packing_density2,packing_density3,B-factor",1,False,0,0,0,{},{},0,0,14.298257575757575,7.824200559047562
3RQ9,True,included,C:\Users\ryana\Documents\Codex\2026-09-13\https-github-com-ryan-charette-psl-2\work\psl-protein-flexibility\data\raw\MDG_bfactor-main\datasets\365\3RQ9_CA_A2.pdb,14f021874abf0be3dcf9f3a5b74432f4c98917e9ad4f3788dd155aaf0ac8f02f,excluded_no_verified_chain_residue_identity,"res_id,sec_type,phi,psi,area,resolution,Rvalue,heavy_atom_counts,occupancy_values,packing_density1,packing_density2,packing_density3,B-factor",1,False,0,0,0,{},{},0,0,12.261604938271606,3.40547016633574
3RY0,True,included,C:\Users\ryana\Documents\Codex\2026-09-13\https-github-com-ryan-charette-psl-2\work\psl-protein-flexibility\data\raw\MDG_bfactor-main\datasets\365\3RY0_CA_A2.pdb,484261adbca83c7305b6065aad0de72bbe54904cea135bfe761bd86326b013c1,excluded_no_verified_chain_residue_identity,"res_id,sec_type,phi,psi,area,resolution,Rvalue,heavy_atom_counts,occupancy_values,packing_density1,packing_density2,packing_density3,B-factor",1,False,0,0,0,{},{},0,0,16.376093750000003,5.786983539911872
3RZY,True,included,C:\Users\ryana\Documents\Codex\2026-09-13\https-github-com-ryan-charette-psl-2\work\psl-protein-flexibility\data\raw\MDG_bfactor-main\datasets\365\3RZY_CA_A2.pdb,7f31da938f745a5655c06d66ed1967d43c052519cd136f74a4adc44855a51981,excluded_no_verified_chain_residue_identity,"res_id,sec_type,phi,psi,area,resolution,Rvalue,heavy_atom_counts,occupancy_values,packing_density1,packing_density2,packing_density3,B-factor",1,False,0,0,0,{},{},0,0,15.227985611510793,6.369032789682588
3S0A,True,included,C:\Users\ryana\Documents\Codex\2026-09-13\https-github-com-ryan-charette-psl-2\work\psl-protein-flexibility\data\raw\MDG_bfactor-main\datasets\365\3S0A_CA_A2.pdb,29ab7c568cb3f2457aba6dd3ddd05e6095865ad69f36dcc23d3f0eba25c2420c,excluded_no_verified_chain_residue_identity,"res_id,sec_type,phi,psi,area,resolution,Rvalue,heavy_atom_counts,occupancy_values,packing_density1,packing_density2,packing_density3,B-factor",1,False,0,0,0,{},{},0,0,8.704453781512605,3.453454170833707
3SD2,True,included,C:\Users\ryana\Documents\Codex\2026-09-13\https-github-com-ryan-charette-psl-2\work\psl-protein-flexibility\data\raw\MDG_bfactor-main\datasets\365\3SD2_CA_A2.pdb,4f0bd69495726c9d7be52bfdba5f3445d2e65b9df3b3ee26c8212ef469bfc660,excluded_no_verified_chain_residue_identity,"res_id,sec_type,phi,psi,area,resolution,Rvalue,heavy_atom_counts,occupancy_values,packing_density1,packing_density2,packing_density3,B-factor",1,False,0,0,0,{},"{""MSE"": 3}",3,0,18.624302325581393,6.775875733446628
3SEB,True,included,C:\Users\ryana\Documents\Codex\2026-09-13\https-github-com-ryan-charette-psl-2\work\psl-protein-flexibility\data\raw\MDG_bfactor-main\datasets\365\3SEB_CA_A2.pdb,a3221697c49d95a7634c8c8958f08146605fdfbb08ec4ba3efe7639c9a5bae44,excluded_no_verified_chain_residue_identity,"res_id,sec_type,phi,psi,area,resolution,Rvalue,heavy_atom_counts,occupancy_values,packing_density1,packing_density2,packing_density3,B-factor",1,False,0,0,0,{},{},0,0,22.9668487394958,21.475168710908747
3SED,True,included,C:\Users\ryana\Documents\Codex\2026-09-13\https-github-com-ryan-charette-psl-2\work\psl-protein-flexibility\data\raw\MDG_bfactor-main\datasets\365\3SED_CA_A2.pdb,1a885c2d94433696d02007736c160e1585b13856a2cf391f75d340814dff2cdf,excluded_no_verified_chain_residue_identity,"res_id,sec_type,phi,psi,area,resolution,Rvalue,heavy_atom_counts,occupancy_values,packing_density1,packing_density2,packing_density3,B-factor",1,False,0,0,0,{},{},0,0,30.70282258064516,7.652579847565204
3SO6,True,included,C:\Users\ryana\Documents\Codex\2026-09-13\https-github-com-ryan-charette-psl-2\work\psl-protein-flexibility\data\raw\MDG_bfactor-main\datasets\365\3SO6_CA_A2.pdb,51f763bb0f113a567021388841434ef67e01729d36093986b3033dfadb59a373,excluded_no_verified_chain_residue_identity,"res_id,sec_type,phi,psi,area,resolution,Rvalue,heavy_atom_counts,occupancy_values,packing_density1,packing_density2,packing_density3,B-factor",1,False,0,0,0,{},{},0,0,14.932533333333334,4.846504745575814
3SR3,True,included,C:\Users\ryana\Documents\Codex\2026-09-13\https-github-com-ryan-charette-psl-2\work\psl-protein-flexibility\data\raw\MDG_bfactor-main\datasets\365\3SR3_CA_A2.pdb,19f29fa20c7d242167ebca1389cdeaf41b162eb672c1a3aefabf903c79e5745d,excluded_no_verified_chain_residue_identity,"res_id,sec_type,phi,psi,area,resolution,Rvalue,heavy_atom_counts,occupancy_values,packing_density1,packing_density2,packing_density3,B-factor",1,False,0,0,0,{},{},0,0,13.545682888540032,6.955215251603908
3SUK,True,included,C:\Users\ryana\Documents\Codex\2026-09-13\https-github-com-ryan-charette-psl-2\work\psl-protein-flexibility\data\raw\MDG_bfactor-main\datasets\365\3SUK_CA_A2.pdb,21f1b39eecfa61eb3b30059d9328b46d1cdde49472a4a733b6b563702e6de464,excluded_no_verified_chain_residue_identity,"res_id,sec_type,phi,psi,area,resolution,Rvalue,heavy_atom_counts,occupancy_values,packing_density1,packing_density2,packing_density3,B-factor",1,False,0,0,0,{},{},0,0,10.747419354838708,2.832874230315684
3SZH,True,included,C:\Users\ryana\Documents\Codex\2026-09-13\https-github-com-ryan-charette-psl-2\work\psl-protein-flexibility\data\raw\MDG_bfactor-main\datasets\365\3SZH_CA_A2.pdb,cd602aee65631051551f1bb96157ba3b4b1980fe9ae5ae7fd1405ca6948954b1,excluded_no_verified_chain_residue_identity,"res_id,sec_type,phi,psi,area,resolution,Rvalue,heavy_atom_counts,occupancy_values,packing_density1,packing_density2,packing_density3,B-factor",1,False,0,0,0,{},{},0,0,13.162496413199424,3.689233016882584
3T0H,True,included,C:\Users\ryana\Documents\Codex\2026-09-13\https-github-com-ryan-charette-psl-2\work\psl-protein-flexibility\data\raw\MDG_bfactor-main\datasets\365\3T0H_CA_A2.pdb,f4495f35ba80df21ea226e9926b2c4f31914b411ef45a8964acad489f1a3cca9,excluded_no_verified_chain_residue_identity,"res_id,sec_type,phi,psi,area,resolution,Rvalue,heavy_atom_counts,occupancy_values,packing_density1,packing_density2,packing_density3,B-factor",1,False,0,0,0,{},{},0,0,13.694951923076925,4.841124312912572
3T3K,True,included,C:\Users\ryana\Documents\Codex\2026-09-13\https-github-com-ryan-charette-psl-2\work\psl-protein-flexibility\data\raw\MDG_bfactor-main\datasets\365\3T3K_CA_A2.pdb,7b2f44c56f8dc93f5976830615aa4e42c5d169fd5cb821ff9cbf297759316421,excluded_no_verified_chain_residue_identity,"res_id,sec_type,phi,psi,area,resolution,Rvalue,heavy_atom_counts,occupancy_values,packing_density1,packing_density2,packing_density3,B-factor",1,False,0,0,0,{},{},0,0,8.838032786885249,3.0239672778133158
3T47,True,included,C:\Users\ryana\Documents\Codex\2026-09-13\https-github-com-ryan-charette-psl-2\work\psl-protein-flexibility\data\raw\MDG_bfactor-main\datasets\365\3T47_CA_A2.pdb,da25090cfed5f00a8584741be2539a2b3d064e54f52a93bd098806e0d299b103,excluded_no_verified_chain_residue_identity,"res_id,sec_type,phi,psi,area,resolution,Rvalue,heavy_atom_counts,occupancy_values,packing_density1,packing_density2,packing_density3,B-factor",1,False,0,0,0,{},{},0,0,13.96978723404255,7.691846882600364
3TDN,True,included,C:\Users\ryana\Documents\Codex\2026-09-13\https-github-com-ryan-charette-psl-2\work\psl-protein-flexibility\data\raw\MDG_bfactor-main\datasets\365\3TDN_CA_A2.pdb,b893f42dd024ff4d9a663e773a0cdaf23cd9e5daf34aed50d0ea896016cca372,excluded_no_verified_chain_residue_identity,"res_id,sec_type,phi,psi,area,resolution,Rvalue,heavy_atom_counts,occupancy_values,packing_density1,packing_density2,packing_density3,B-factor",1,False,0,0,0,{},{},0,0,24.696526610644256,6.710243996322953
3TOW,True,included,C:\Users\ryana\Documents\Codex\2026-09-13\https-github-com-ryan-charette-psl-2\work\psl-protein-flexibility\data\raw\MDG_bfactor-main\datasets\365\3TOW_CA_A2.pdb,6029f2e4400e7338513480abf94693f055241d11e94dfa93f2728c4b312089f1,excluded_no_verified_chain_residue_identity,"res_id,sec_type,phi,psi,area,resolution,Rvalue,heavy_atom_counts,occupancy_values,packing_density1,packing_density2,packing_density3,B-factor",1,False,0,0,0,{},{},0,0,12.5375,5.178102330970295
3TUA,True,included,C:\Users\ryana\Documents\Codex\2026-09-13\https-github-com-ryan-charette-psl-2\work\psl-protein-flexibility\data\raw\MDG_bfactor-main\datasets\365\3TUA_CA_A2.pdb,2ea008d9dc9114b988223fb72e6e9781481265128c6a24ba1876c37d1df29026,excluded_no_verified_chain_residue_identity,"res_id,sec_type,phi,psi,area,resolution,Rvalue,heavy_atom_counts,occupancy_values,packing_density1,packing_density2,packing_density3,B-factor",1,False,0,0,0,{},{},0,0,9.826142857142855,3.294450005195813
3TYS,True,included,C:\Users\ryana\Documents\Codex\2026-09-13\https-github-com-ryan-charette-psl-2\work\psl-protein-flexibility\data\raw\MDG_bfactor-main\datasets\365\3TYS_CA_A2.pdb,97ea99bfca4b42c7c403ffb6e86f2c39322ec88f2c77dd794c8285c2163c3442,excluded_no_verified_chain_residue_identity,"res_id,sec_type,phi,psi,area,resolution,Rvalue,heavy_atom_counts,occupancy_values,packing_density1,packing_density2,packing_density3,B-factor",1,False,0,0,0,{},"{""MSE"": 2}",2,0,8.083333333333334,3.80938536891306
3U6G,True,included,C:\Users\ryana\Documents\Codex\2026-09-13\https-github-com-ryan-charette-psl-2\work\psl-protein-flexibility\data\raw\MDG_bfactor-main\datasets\365\3U6G_CA_A2.pdb,aeea433af0248f7e293743f23915b077025a6274114b8972c6ff778f1049e463,excluded_no_verified_chain_residue_identity,"res_id,sec_type,phi,psi,area,resolution,Rvalue,heavy_atom_counts,occupancy_values,packing_density1,packing_density2,packing_density3,B-factor",1,False,0,0,0,{},"{""MSE"": 4}",4,0,19.448508064516126,5.873224284831541
3U97,True,included,C:\Users\ryana\Documents\Codex\2026-09-13\https-github-com-ryan-charette-psl-2\work\psl-protein-flexibility\data\raw\MDG_bfactor-main\datasets\365\3U97_CA_A2.pdb,0b4c45b805a898921bad886347551e59fc462b29c4763b1ea217160dee2b9822,excluded_no_verified_chain_residue_identity,"res_id,sec_type,phi,psi,area,resolution,Rvalue,heavy_atom_counts,occupancy_values,packing_density1,packing_density2,packing_density3,B-factor",1,False,0,0,0,{},"{""MSE"": 3}",3,0,13.676623376623375,6.094581926445392
3UCI,True,included,C:\Users\ryana\Documents\Codex\2026-09-13\https-github-com-ryan-charette-psl-2\work\psl-protein-flexibility\data\raw\MDG_bfactor-main\datasets\365\3UCI_CA_A2.pdb,276bbfee56280780aa37839cb8e06c57849f2a33982b2089d30f2795f69a5a07,excluded_no_verified_chain_residue_identity,"res_id,sec_type,phi,psi,area,resolution,Rvalue,heavy_atom_counts,occupancy_values,packing_density1,packing_density2,packing_density3,B-factor",1,False,0,0,0,{},{},0,0,14.74138888888889,4.155891836883696
3UR8,True,included,C:\Users\ryana\Documents\Codex\2026-09-13\https-github-com-ryan-charette-psl-2\work\psl-protein-flexibility\data\raw\MDG_bfactor-main\datasets\365\3UR8_CA_A2.pdb,a5ab31560f83d664b2f3c0fb1f15c67dec6ac816242452dc18a5d23076a182f2,excluded_no_verified_chain_residue_identity,"res_id,sec_type,phi,psi,area,resolution,Rvalue,heavy_atom_counts,occupancy_values,packing_density1,packing_density2,packing_density3,B-factor",1,False,0,0,0,{},{},0,0,9.084631083202511,4.880050189911073
3US6,True,included,C:\Users\ryana\Documents\Codex\2026-09-13\https-github-com-ryan-charette-psl-2\work\psl-protein-flexibility\data\raw\MDG_bfactor-main\datasets\365\3US6_CA_A2.pdb,7c3a44db80bab622ea228a7a99c3e06853552c765e3ca3cdec9590aec878e9b0,excluded_no_verified_chain_residue_identity,"res_id,sec_type,phi,psi,area,resolution,Rvalue,heavy_atom_counts,occupancy_values,packing_density1,packing_density2,packing_density3,B-factor",1,False,0,0,0,{},{},0,0,15.87743243243243,6.71498164872637
3V1A,True,included,C:\Users\ryana\Documents\Codex\2026-09-13\https-github-com-ryan-charette-psl-2\work\psl-protein-flexibility\data\raw\MDG_bfactor-main\datasets\365\3V1A_CA_A2.pdb,48176f17682221b20da68ad31c6e5cfaa505d4d66f53412423e77434cbbf6951,excluded_no_verified_chain_residue_identity,"res_id,sec_type,phi,psi,area,resolution,Rvalue,heavy_atom_counts,occupancy_values,packing_density1,packing_density2,packing_density3,B-factor",1,False,0,0,0,{},{},0,0,4.9575000000000005,3.597753060360499
3V75,True,included,C:\Users\ryana\Documents\Codex\2026-09-13\https-github-com-ryan-charette-psl-2\work\psl-protein-flexibility\data\raw\MDG_bfactor-main\datasets\365\3V75_CA_A2.pdb,3f3a4353fd0e9f07fa48eb21f5a5584860d5213e5c0bcc71489cb2c923be4729,excluded_no_verified_chain_residue_identity,"res_id,sec_type,phi,psi,area,resolution,Rvalue,heavy_atom_counts,occupancy_values,packing_density1,packing_density2,packing_density3,B-factor",1,False,0,0,0,{},"{""MSE"": 5}",5,0,10.239192982456139,5.454542003828525
3VN0,True,included,C:\Users\ryana\Documents\Codex\2026-09-13\https-github-com-ryan-charette-psl-2\work\psl-protein-flexibility\data\raw\MDG_bfactor-main\datasets\365\3VN0_CA_A2.pdb,871f60b015d23bf77cd7768b5d3d526ce99925a3e4793ffe02ea7079346a619c,excluded_no_verified_chain_residue_identity,"res_id,sec_type,phi,psi,area,resolution,Rvalue,heavy_atom_counts,occupancy_values,packing_density1,packing_density2,packing_density3,B-factor",1,False,0,0,0,{},{},0,0,17.285958549222794,6.395643452324895
3VOR,True,included,C:\Users\ryana\Documents\Codex\2026-09-13\https-github-com-ryan-charette-psl-2\work\psl-protein-flexibility\data\raw\MDG_bfactor-main\datasets\365\3VOR_CA_A2.pdb,9379ef85790a24433ffb77fa5d7659a5b4696b4b94da5eb3a9125a2b5f594196,excluded_no_verified_chain_residue_identity,"res_id,sec_type,phi,psi,area,resolution,Rvalue,heavy_atom_counts,occupancy_values,packing_density1,packing_density2,packing_density3,B-factor",1,False,0,0,0,{},{},0,0,3.7929120879120877,2.335579976673096
3VUB,True,included,C:\Users\ryana\Documents\Codex\2026-09-13\https-github-com-ryan-charette-psl-2\work\psl-protein-flexibility\data\raw\MDG_bfactor-main\datasets\365\3VUB_CA_A2.pdb,700386fc460cd6c4037a248736943776c660b57467a82417341e311c5881590c,excluded_no_verified_chain_residue_identity,"res_id,sec_type,phi,psi,area,resolution,Rvalue,heavy_atom_counts,occupancy_values,packing_density1,packing_density2,packing_density3,B-factor",1,False,0,0,0,{},{},0,0,17.332376237623762,15.561740666497322
3VVV,True,included,C:\Users\ryana\Documents\Codex\2026-09-13\https-github-com-ryan-charette-psl-2\work\psl-protein-flexibility\data\raw\MDG_bfactor-main\datasets\365\3VVV_CA_A2.pdb,0f9264d5414072de78be7fcb66fea62c96a1cfaddc5feaecb324dc6e049eed60,excluded_no_verified_chain_residue_identity,"res_id,sec_type,phi,psi,area,resolution,Rvalue,heavy_atom_counts,occupancy_values,packing_density1,packing_density2,packing_density3,B-factor",1,False,0,0,0,{},{},0,0,14.062314814814815,7.916064843379906
3VZ9,True,included,C:\Users\ryana\Documents\Codex\2026-09-13\https-github-com-ryan-charette-psl-2\work\psl-protein-flexibility\data\raw\MDG_bfactor-main\datasets\365\3VZ9_CA_A2.pdb,36e7c45368804882c2af6e18a3b2a9f5a37197dc00919ea36afd7615f47ae105,excluded_no_verified_chain_residue_identity,"res_id,sec_type,phi,psi,area,resolution,Rvalue,heavy_atom_counts,occupancy_values,packing_density1,packing_density2,packing_density3,B-factor",1,False,0,0,0,{},{},0,0,12.556319018404906,6.368664272034105
3W4Q,True,included,C:\Users\ryana\Documents\Codex\2026-09-13\https-github-com-ryan-charette-psl-2\work\psl-protein-flexibility\data\raw\MDG_bfactor-main\datasets\365\3W4Q_CA_A2.pdb,d50ae256a3f52d6bbeefae3712d67ec9d42ae6f8995c8df9f15438a419c05920,absent,,1,False,0,0,0,{},{},0,0,15.227089262613196,5.275047433106896
3ZBD,True,included,C:\Users\ryana\Documents\Codex\2026-09-13\https-github-com-ryan-charette-psl-2\work\psl-protein-flexibility\data\raw\MDG_bfactor-main\datasets\365\3ZBD_CA_A2.pdb,e8465abfe8126eea681c7d749cdff2fb88745e656afed2bf46f9e5fcca2152ca,excluded_no_verified_chain_residue_identity,"res_id,sec_type,phi,psi,area,resolution,Rvalue,heavy_atom_counts,occupancy_values,packing_density1,packing_density2,packing_density3,B-factor",1,False,0,0,0,{},{},0,0,17.470422535211267,8.352424590206068
3ZIT,True,included,C:\Users\ryana\Documents\Codex\2026-09-13\https-github-com-ryan-charette-psl-2\work\psl-protein-flexibility\data\raw\MDG_bfactor-main\datasets\365\3ZIT_CA_A2.pdb,fe75c73655f942fa8b26968f3fcf73eb375d8cce886c43248b15883c8321712a,excluded_no_verified_chain_residue_identity,"res_id,sec_type,phi,psi,area,resolution,Rvalue,heavy_atom_counts,occupancy_values,packing_density1,packing_density2,packing_density3,B-factor",1,False,0,0,0,{},{},0,0,17.00355263157895,8.612728448417336
3ZRX,True,included,C:\Users\ryana\Documents\Codex\2026-09-13\https-github-com-ryan-charette-psl-2\work\psl-protein-flexibility\data\raw\MDG_bfactor-main\datasets\365\3ZRX_CA_A2.pdb,da95aa3618082cee5137dd13b6c86dcbe83b3a3da80d187b5c55980e20ff8c66,excluded_no_verified_chain_residue_identity,"res_id,sec_type,phi,psi,area,resolution,Rvalue,heavy_atom_counts,occupancy_values,packing_density1,packing_density2,packing_density3,B-factor",1,False,0,0,0,{},{},0,0,12.219728506787332,4.1513587067142
3ZSL,True,included,C:\Users\ryana\Documents\Codex\2026-09-13\https-github-com-ryan-charette-psl-2\work\psl-protein-flexibility\data\raw\MDG_bfactor-main\datasets\365\3ZSL_CA_A2.pdb,5852632a0fd8a4f6b2a608b592d29da212c7341ed7784bf499b67b37699024d0,excluded_no_verified_chain_residue_identity,"res_id,sec_type,phi,psi,area,resolution,Rvalue,heavy_atom_counts,occupancy_values,packing_density1,packing_density2,packing_density3,B-factor",1,False,0,0,0,{},{},0,0,10.32268115942029,3.2610506753248005
3ZZP,True,included,C:\Users\ryana\Documents\Codex\2026-09-13\https-github-com-ryan-charette-psl-2\work\psl-protein-flexibility\data\raw\MDG_bfactor-main\datasets\365\3ZZP_CA_A2.pdb,f3839d8b6e1d1b6d85d3e0f47829f8037c7c644f01180c76372bcd074fa72c7b,excluded_no_verified_chain_residue_identity,"res_id,sec_type,phi,psi,area,resolution,Rvalue,heavy_atom_counts,occupancy_values,packing_density1,packing_density2,packing_density3,B-factor",1,False,0,0,0,{},{},0,0,9.532702702702705,4.723536037271029
3ZZY,True,included,C:\Users\ryana\Documents\Codex\2026-09-13\https-github-com-ryan-charette-psl-2\work\psl-protein-flexibility\data\raw\MDG_bfactor-main\datasets\365\3ZZY_CA_A2.pdb,f4c4737ed53aca6a075dbc8ac44be4000b4690a7100ad89303bcba0b421cea1b,excluded_no_verified_chain_residue_identity,"res_id,sec_type,phi,psi,area,resolution,Rvalue,heavy_atom_counts,occupancy_values,packing_density1,packing_density2,packing_density3,B-factor",1,False,0,0,0,{},{},0,0,19.706238938053097,6.746181516825118
4A02,True,included,C:\Users\ryana\Documents\Codex\2026-09-13\https-github-com-ryan-charette-psl-2\work\psl-protein-flexibility\data\raw\MDG_bfactor-main\datasets\365\4A02_CA_A2.pdb,f93e925011387132da0462d9a3d7e55d791a3adda6e0e76dae7e7001738a37f2,excluded_no_verified_chain_residue_identity,"res_id,sec_type,phi,psi,area,resolution,Rvalue,heavy_atom_counts,occupancy_values,packing_density1,packing_density2,packing_density3,B-factor",1,False,0,0,0,{},{},0,0,8.289277108433735,3.0418155180915365
4ACJ,True,included,C:\Users\ryana\Documents\Codex\2026-09-13\https-github-com-ryan-charette-psl-2\work\psl-protein-flexibility\data\raw\MDG_bfactor-main\datasets\365\4ACJ_CA_A2.pdb,8bc955b69fe020a14876beadbeb81c5c30ea355184f64559cb9e18ac90919061,excluded_no_verified_chain_residue_identity,"res_id,sec_type,phi,psi,area,resolution,Rvalue,heavy_atom_counts,occupancy_values,packing_density1,packing_density2,packing_density3,B-factor",1,False,0,0,0,{},{},0,0,7.425688622754492,2.4514755373508907
4AE7,True,included,C:\Users\ryana\Documents\Codex\2026-09-13\https-github-com-ryan-charette-psl-2\work\psl-protein-flexibility\data\raw\MDG_bfactor-main\datasets\365\4AE7_CA_A2.pdb,c014dd2dba9a9d8da62a9f279306e98a0125f10619f7d63204927973d424909e,excluded_no_verified_chain_residue_identity,"res_id,sec_type,phi,psi,area,resolution,Rvalue,heavy_atom_counts,occupancy_values,packing_density1,packing_density2,packing_density3,B-factor",1,False,0,0,0,{},{},0,0,21.277204301075272,10.026603147561548
4AM1,True,included,C:\Users\ryana\Documents\Codex\2026-09-13\https-github-com-ryan-charette-psl-2\work\psl-protein-flexibility\data\raw\MDG_bfactor-main\datasets\365\4AM1_CA_A2.pdb,9777bba4effecf72e40a52a59acf436f04e3df0c98828914f9aadd1846046bf2,excluded_no_verified_chain_residue_identity,"res_id,sec_type,phi,psi,area,resolution,Rvalue,heavy_atom_counts,occupancy_values,packing_density1,packing_density2,packing_density3,B-factor",1,False,0,0,0,{},{},0,0,12.458753623188407,6.282178004126463
4ANN,True,included,C:\Users\ryana\Documents\Codex\2026-09-13\https-github-com-ryan-charette-psl-2\work\psl-protein-flexibility\data\raw\MDG_bfactor-main\datasets\365\4ANN_CA_A2.pdb,29ba41dd1cd3ca4203655ca0c705d64d241bf9f2f0d8aa6a29ecbd7df12992b2,excluded_no_verified_chain_residue_identity,"res_id,sec_type,phi,psi,area,resolution,Rvalue,heavy_atom_counts,occupancy_values,packing_density1,packing_density2,packing_density3,B-factor",1,False,0,0,0,{},{},0,0,11.51659090909091,5.332114727667463
4AVR,True,included,C:\Users\ryana\Documents\Codex\2026-09-13\https-github-com-ryan-charette-psl-2\work\psl-protein-flexibility\data\raw\MDG_bfactor-main\datasets\365\4AVR_CA_A2.pdb,4c5a7eed77a22a5b20bc7ab0cc15cf640853bdb48b8d2517a1e6e2dbb567dda4,excluded_no_verified_chain_residue_identity,"res_id,sec_type,phi,psi,area,resolution,Rvalue,heavy_atom_counts,occupancy_values,packing_density1,packing_density2,packing_density3,B-factor",1,False,0,0,0,{},{},0,0,12.11409574468085,5.069983185521551
4AXY,True,included,C:\Users\ryana\Documents\Codex\2026-09-13\https-github-com-ryan-charette-psl-2\work\psl-protein-flexibility\data\raw\MDG_bfactor-main\datasets\365\4AXY_CA_A2.pdb,f83c3e6bbf3668c0838f9c5444580dafcba90cb8d52f78cc4ea7628c87cdf69a,excluded_no_verified_chain_residue_identity,"res_id,sec_type,phi,psi,area,resolution,Rvalue,heavy_atom_counts,occupancy_values,packing_density1,packing_density2,packing_density3,B-factor",1,False,0,0,0,{},{},0,0,10.075370370370369,6.719406585616455
4B6G,True,included,C:\Users\ryana\Documents\Codex\2026-09-13\https-github-com-ryan-charette-psl-2\work\psl-protein-flexibility\data\raw\MDG_bfactor-main\datasets\365\4B6G_CA_A2.pdb,5ba0318b2d989cc165a0d888c01bd12d4e21be0c6ba2ea46340420a89d938964,excluded_no_verified_chain_residue_identity,"res_id,sec_type,phi,psi,area,resolution,Rvalue,heavy_atom_counts,occupancy_values,packing_density1,packing_density2,packing_density3,B-factor",1,False,0,0,0,{},{},0,0,15.931720430107527,3.9729528549670077
4B9G,True,included,C:\Users\ryana\Documents\Codex\2026-09-13\https-github-com-ryan-charette-psl-2\work\psl-protein-flexibility\data\raw\MDG_bfactor-main\datasets\365\4B9G_CA_A2.pdb,5db29603d263b02c007f8ae385122538b82a83a1c556756f66dc9bd0be15dd5c,excluded_no_verified_chain_residue_identity,"res_id,sec_type,phi,psi,area,resolution,Rvalue,heavy_atom_counts,occupancy_values,packing_density1,packing_density2,packing_density3,B-factor",1,False,0,0,0,{},{},0,0,10.58431506849315,4.85782590014034
4DD5,True,included,C:\Users\ryana\Documents\Codex\2026-09-13\https-github-com-ryan-charette-psl-2\work\psl-protein-flexibility\data\raw\MDG_bfactor-main\datasets\365\4DD5_CA_A2.pdb,8e44e558a7947a61f4eb59074d0238aacf04bb25d6089e20ca0641ba901e4bd7,excluded_no_verified_chain_residue_identity,"res_id,sec_type,phi,psi,area,resolution,Rvalue,heavy_atom_counts,occupancy_values,packing_density1,packing_density2,packing_density3,B-factor",1,False,0,0,0,{},{},0,0,11.821472868217054,4.145061773622319
4DKN,True,included,C:\Users\ryana\Documents\Codex\2026-09-13\https-github-com-ryan-charette-psl-2\work\psl-protein-flexibility\data\raw\MDG_bfactor-main\datasets\365\4DKN_CA_A2.pdb,7e8964e5c01ada7f1627b61fb225d9e7056c280ade45dba5f7273f21cc5c445d,excluded_no_verified_chain_residue_identity,"res_id,sec_type,phi,psi,area,resolution,Rvalue,heavy_atom_counts,occupancy_values,packing_density1,packing_density2,packing_density3,B-factor",1,False,0,0,0,{},{},0,0,12.155437352245864,3.8485177196565235
4DND,True,included,C:\Users\ryana\Documents\Codex\2026-09-13\https-github-com-ryan-charette-psl-2\work\psl-protein-flexibility\data\raw\MDG_bfactor-main\datasets\365\4DND_CA_A2.pdb,1c628f89ebfe73acd388e607a3e4286e62d8db1bdfd478193c6b9bc42b63d44a,excluded_no_verified_chain_residue_identity,"res_id,sec_type,phi,psi,area,resolution,Rvalue,heavy_atom_counts,occupancy_values,packing_density1,packing_density2,packing_density3,B-factor",1,False,0,0,0,{},"{""MSE"": 3}",3,0,17.98894736842105,4.753638489827215
4DPZ,True,included,C:\Users\ryana\Documents\Codex\2026-09-13\https-github-com-ryan-charette-psl-2\work\psl-protein-flexibility\data\raw\MDG_bfactor-main\datasets\365\4DPZ_CA_A2.pdb,75ed46d9afefad81dce688b55e25cbf9976dfad64cdb5ea789b63366dbcdcce6,absent,,1,False,0,0,0,{},"{""CSX"": 1}",1,0,22.62302752293578,12.705092925553474
4DQ7,True,included,C:\Users\ryana\Documents\Codex\2026-09-13\https-github-com-ryan-charette-psl-2\work\psl-protein-flexibility\data\raw\MDG_bfactor-main\datasets\365\4DQ7_CA_A2.pdb,53ad8418d563e56b6c156fbecee47d2449c4b40cbcb7fa85c32c54dd119b074d,excluded_no_verified_chain_residue_identity,"res_id,sec_type,phi,psi,area,resolution,Rvalue,heavy_atom_counts,occupancy_values,packing_density1,packing_density2,packing_density3,B-factor",1,False,0,0,0,{},{},0,0,24.877591463414635,9.169726403154437
4DT4,True,included,C:\Users\ryana\Documents\Codex\2026-09-13\https-github-com-ryan-charette-psl-2\work\psl-protein-flexibility\data\raw\MDG_bfactor-main\datasets\365\4DT4_CA_A2.pdb,47eb1b0d8feb772e30efb5cee53d278400ba8403ed1c7bd50bfc942396b0c79e,excluded_no_verified_chain_residue_identity,"res_id,sec_type,phi,psi,area,resolution,Rvalue,heavy_atom_counts,occupancy_values,packing_density1,packing_density2,packing_density3,B-factor",1,False,0,0,0,{},{},0,0,12.7205,4.9829098928236695
4EK3,True,included,C:\Users\ryana\Documents\Codex\2026-09-13\https-github-com-ryan-charette-psl-2\work\psl-protein-flexibility\data\raw\MDG_bfactor-main\datasets\365\4EK3_CA_A2.pdb,830281911cebc11959560733e1530486eaebd082041faaba8001553115f889d9,excluded_no_verified_chain_residue_identity,"res_id,sec_type,phi,psi,area,resolution,Rvalue,heavy_atom_counts,occupancy_values,packing_density1,packing_density2,packing_density3,B-factor",1,False,0,0,0,{},{},0,0,17.155017421602786,7.663374038551736
4ERY,True,included,C:\Users\ryana\Documents\Codex\2026-09-13\https-github-com-ryan-charette-psl-2\work\psl-protein-flexibility\data\raw\MDG_bfactor-main\datasets\365\4ERY_CA_A2.pdb,d8889aff44bc7c1690ce3f24c3dc09c4387a91f5bf319d910dbfa95ff997b677,excluded_no_verified_chain_residue_identity,"res_id,sec_type,phi,psi,area,resolution,Rvalue,heavy_atom_counts,occupancy_values,packing_density1,packing_density2,packing_density3,B-factor",1,False,0,0,0,{},{},0,0,11.885817610062892,4.574224867291203
4ES1,True,included,C:\Users\ryana\Documents\Codex\2026-09-13\https-github-com-ryan-charette-psl-2\work\psl-protein-flexibility\data\raw\MDG_bfactor-main\datasets\365\4ES1_CA_A2.pdb,17abb1cdff1079d68eb64e8a360e361d0fea37f2c032ba9123d5ca7a2fdd4f3d,excluded_no_verified_chain_residue_identity,"res_id,sec_type,phi,psi,area,resolution,Rvalue,heavy_atom_counts,occupancy_values,packing_density1,packing_density2,packing_density3,B-factor",1,False,0,0,0,{},{},0,0,9.93736842105263,3.1954820773040162
4EUG,True,included,C:\Users\ryana\Documents\Codex\2026-09-13\https-github-com-ryan-charette-psl-2\work\psl-protein-flexibility\data\raw\MDG_bfactor-main\datasets\365\4EUG_CA_A2.pdb,d723a8665b0060952fe897a3c0f3b4cc2e89c579e702c1d175d055c81e9eb442,excluded_no_verified_chain_residue_identity,"res_id,sec_type,phi,psi,area,resolution,Rvalue,heavy_atom_counts,occupancy_values,packing_density1,packing_density2,packing_density3,B-factor",1,False,0,0,0,{},{},0,0,13.507155555555554,4.190073231688627
4F01,True,included,C:\Users\ryana\Documents\Codex\2026-09-13\https-github-com-ryan-charette-psl-2\work\psl-protein-flexibility\data\raw\MDG_bfactor-main\datasets\365\4F01_CA_A2.pdb,e446abd42bc5404919c942d670770309643b3bfa3324dd4a0195fb204d56c392,excluded_no_verified_chain_residue_identity,"res_id,sec_type,phi,psi,area,resolution,Rvalue,heavy_atom_counts,occupancy_values,packing_density1,packing_density2,packing_density3,B-factor",1,False,0,0,0,{},{},0,0,27.045290178571427,21.350325679301125
4F3J,True,included,C:\Users\ryana\Documents\Codex\2026-09-13\https-github-com-ryan-charette-psl-2\work\psl-protein-flexibility\data\raw\MDG_bfactor-main\datasets\365\4F3J_CA_A2.pdb,e85de4509aed30d9dbb0ae93fa47a12f16572f5cd698ee9fe8b962f5237c2678,excluded_no_verified_chain_residue_identity,"res_id,sec_type,phi,psi,area,resolution,Rvalue,heavy_atom_counts,occupancy_values,packing_density1,packing_density2,packing_density3,B-factor",1,False,0,0,0,{},{},0,0,23.532937062937066,10.229451504697014
4FR9,True,included,C:\Users\ryana\Documents\Codex\2026-09-13\https-github-com-ryan-charette-psl-2\work\psl-protein-flexibility\data\raw\MDG_bfactor-main\datasets\365\4FR9_CA_A2.pdb,a8be8ca699bd57624d5a0eb432082f84cfcaaad9c429e0c4a3cf1cee9e31ec3a,excluded_no_verified_chain_residue_identity,"res_id,sec_type,phi,psi,area,resolution,Rvalue,heavy_atom_counts,occupancy_values,packing_density1,packing_density2,packing_density3,B-factor",1,False,0,0,0,{},"{""MLY"": 8, ""MSE"": 2}",10,0,22.04021276595745,7.0190768894679145
4G14,True,included,C:\Users\ryana\Documents\Codex\2026-09-13\https-github-com-ryan-charette-psl-2\work\psl-protein-flexibility\data\raw\MDG_bfactor-main\datasets\365\4G14_CA_A2.pdb,ab8cbb8e8387bb2c580f91b687c4bef1c193b84e6dad2814ea39e6aca2786ab7,excluded_no_verified_chain_residue_identity,"res_id,sec_type,phi,psi,area,resolution,Rvalue,heavy_atom_counts,occupancy_values,packing_density1,packing_density2,packing_density3,B-factor",1,False,0,0,0,{},"{""AIB"": 6, ""DIV"": 1, ""HYP"": 2, ""PHL"": 1}",10,0,8.124666666666664,1.3894884750231726
4G2E,True,included,C:\Users\ryana\Documents\Codex\2026-09-13\https-github-com-ryan-charette-psl-2\work\psl-protein-flexibility\data\raw\MDG_bfactor-main\datasets\365\4G2E_CA_A2.pdb,328f8f3a05f1b27009884f2776cafc1853fedaacdbbecbb9bb053c3d2212c66e,excluded_no_verified_chain_residue_identity,"res_id,sec_type,phi,psi,area,resolution,Rvalue,heavy_atom_counts,occupancy_values,packing_density1,packing_density2,packing_density3,B-factor",1,False,0,0,0,{},{},0,0,14.533576158940399,5.597575556591396
4G5X,True,included,C:\Users\ryana\Documents\Codex\2026-09-13\https-github-com-ryan-charette-psl-2\work\psl-protein-flexibility\data\raw\MDG_bfactor-main\datasets\365\4G5X_CA_A2.pdb,65f9fb2226c763e6552e566059c5e0c139104d7bdfafae996f23ccc011c1e9d7,excluded_no_verified_chain_residue_identity,"res_id,sec_type,phi,psi,area,resolution,Rvalue,heavy_atom_counts,occupancy_values,packing_density1,packing_density2,packing_density3,B-factor",1,False,0,0,0,{},{},0,0,15.576818181818181,7.392424369437353
4G6C,True,included,C:\Users\ryana\Documents\Codex\2026-09-13\https-github-com-ryan-charette-psl-2\work\psl-protein-flexibility\data\raw\MDG_bfactor-main\datasets\365\4G6C_CA_A2.pdb,8d8cdf628225dff02d8ad93da6829d9f13c92d20801e3fdb4da73d5f82c3c3b9,excluded_no_verified_chain_residue_identity,"res_id,sec_type,phi,psi,area,resolution,Rvalue,heavy_atom_counts,occupancy_values,packing_density1,packing_density2,packing_density3,B-factor",1,False,0,0,0,{},{},0,0,14.261960486322186,6.230297085981831
4G7X,True,included,C:\Users\ryana\Documents\Codex\2026-09-13\https-github-com-ryan-charette-psl-2\work\psl-protein-flexibility\data\raw\MDG_bfactor-main\datasets\365\4G7X_CA_A2.pdb,7a05cb6d98e7212b114f788cae4bf84f427e00b9857d7ab22fddaa65ad13c78c,excluded_no_verified_chain_residue_identity,"res_id,sec_type,phi,psi,area,resolution,Rvalue,heavy_atom_counts,occupancy_values,packing_density1,packing_density2,packing_density3,B-factor",1,False,0,0,0,{},{},0,0,13.615670103092782,5.848490845467619
4GA2,True,included,C:\Users\ryana\Documents\Codex\2026-09-13\https-github-com-ryan-charette-psl-2\work\psl-protein-flexibility\data\raw\MDG_bfactor-main\datasets\365\4GA2_CA_A2.pdb,0bf76c5030d67e0c60245e4779e8d9dc5ba29c3c15c2121e1138d3e9a220d31d,excluded_no_verified_chain_residue_identity,"res_id,sec_type,phi,psi,area,resolution,Rvalue,heavy_atom_counts,occupancy_values,packing_density1,packing_density2,packing_density3,B-factor",1,False,0,0,0,{},{},0,0,16.50423611111111,4.973201179525048
4GMQ,True,included,C:\Users\ryana\Documents\Codex\2026-09-13\https-github-com-ryan-charette-psl-2\work\psl-protein-flexibility\data\raw\MDG_bfactor-main\datasets\365\4GMQ_CA_A2.pdb,92f41889b427750f6e9b9e55f93cb33b4efc72ce9c152f8ea84d9008bb9645fa,excluded_no_verified_chain_residue_identity,"res_id,sec_type,phi,psi,area,resolution,Rvalue,heavy_atom_counts,occupancy_values,packing_density1,packing_density2,packing_density3,B-factor",1,False,0,0,0,{},{},0,0,12.110652173913042,6.4874393361238125
4GS3,True,included,C:\Users\ryana\Documents\Codex\2026-09-13\https-github-com-ryan-charette-psl-2\work\psl-protein-flexibility\data\raw\MDG_bfactor-main\datasets\365\4GS3_CA_A2.pdb,7fe55273286828de5f9577c526eb5f02d6bcc6e9ec594fd1d3df224cdd9ee271,excluded_no_verified_chain_residue_identity,"res_id,sec_type,phi,psi,area,resolution,Rvalue,heavy_atom_counts,occupancy_values,packing_density1,packing_density2,packing_density3,B-factor",1,False,0,0,0,{},{},0,0,16.89966666666667,8.94428948174942
4H4J,True,included,C:\Users\ryana\Documents\Codex\2026-09-13\https-github-com-ryan-charette-psl-2\work\psl-protein-flexibility\data\raw\MDG_bfactor-main\datasets\365\4H4J_CA_A2.pdb,5f3b919e782f0d40d0f1e4a33af87399d81e1912108e7c73e40e2acedfaeb64c,excluded_no_verified_chain_residue_identity,"res_id,sec_type,phi,psi,area,resolution,Rvalue,heavy_atom_counts,occupancy_values,packing_density1,packing_density2,packing_density3,B-factor",1,False,0,0,0,{},"{""MSE"": 7}",7,0,13.832796610169492,5.370981491214763
4H89,True,included,C:\Users\ryana\Documents\Codex\2026-09-13\https-github-com-ryan-charette-psl-2\work\psl-protein-flexibility\data\raw\MDG_bfactor-main\datasets\365\4H89_CA_A2.pdb,98a93d1bd48e0e929f1139b8f85f6605aaebf4c938f9703616aa90767667b962,excluded_no_verified_chain_residue_identity,"res_id,sec_type,phi,psi,area,resolution,Rvalue,heavy_atom_counts,occupancy_values,packing_density1,packing_density2,packing_density3,B-factor",1,False,0,0,0,{},"{""MSE"": 5}",5,0,17.05029761904762,5.187923296050994
4HDE,True,included,C:\Users\ryana\Documents\Codex\2026-09-13\https-github-com-ryan-charette-psl-2\work\psl-protein-flexibility\data\raw\MDG_bfactor-main\datasets\365\4HDE_CA_A2.pdb,4d240bd9d6dd9df30e27371dcef316b19bbc330a69d27cfca2ed60039732885b,excluded_no_verified_chain_residue_identity,"res_id,sec_type,phi,psi,area,resolution,Rvalue,heavy_atom_counts,occupancy_values,packing_density1,packing_density2,packing_density3,B-factor",1,False,0,0,0,{},"{""MSE"": 6}",6,0,15.71375,3.8555162534162846
4HJP,True,included,C:\Users\ryana\Documents\Codex\2026-09-13\https-github-com-ryan-charette-psl-2\work\psl-protein-flexibility\data\raw\MDG_bfactor-main\datasets\365\4HJP_CA_A2.pdb,1400cd4da1bcecc154cda11c2b72b0d0bf2fa8da053fdd4ad9b84d6153c2f9ef,excluded_no_verified_chain_residue_identity,"res_id,sec_type,phi,psi,area,resolution,Rvalue,heavy_atom_counts,occupancy_values,packing_density1,packing_density2,packing_density3,B-factor",1,False,0,0,0,{},{},0,0,21.01320284697509,8.827186716556973
4HWM,True,included,C:\Users\ryana\Documents\Codex\2026-09-13\https-github-com-ryan-charette-psl-2\work\psl-protein-flexibility\data\raw\MDG_bfactor-main\datasets\365\4HWM_CA_A2.pdb,652488ea141c2eb221a24e0ba006c19cac663426fb885798dc7d288026734996,excluded_no_verified_chain_residue_identity,"res_id,sec_type,phi,psi,area,resolution,Rvalue,heavy_atom_counts,occupancy_values,packing_density1,packing_density2,packing_density3,B-factor",1,False,0,0,0,{},"{""MSE"": 4}",4,0,17.14196581196581,6.682377799755131
4IL7,True,included,C:\Users\ryana\Documents\Codex\2026-09-13\https-github-com-ryan-charette-psl-2\work\psl-protein-flexibility\data\raw\MDG_bfactor-main\datasets\365\4IL7_CA_A2.pdb,43614990ad1a3ec84a8d44947f0c74bb7cb000822edc55565a06a021891e0a1d,excluded_no_verified_chain_residue_identity,"res_id,sec_type,phi,psi,area,resolution,Rvalue,heavy_atom_counts,occupancy_values,packing_density1,packing_density2,packing_density3,B-factor",1,False,0,0,0,{},{},0,0,19.141058823529413,6.990761302231331
4J11,True,included,C:\Users\ryana\Documents\Codex\2026-09-13\https-github-com-ryan-charette-psl-2\work\psl-protein-flexibility\data\raw\MDG_bfactor-main\datasets\365\4J11_CA_A2.pdb,455423c1d4d7ee8f1ef7f199e480f6b30456d0de66081e7114d72c0e97a22a48,excluded_no_verified_chain_residue_identity,"res_id,sec_type,phi,psi,area,resolution,Rvalue,heavy_atom_counts,occupancy_values,packing_density1,packing_density2,packing_density3,B-factor",1,False,0,0,0,{},{},0,0,12.90607843137255,6.92005207753188
4J5O,True,included,C:\Users\ryana\Documents\Codex\2026-09-13\https-github-com-ryan-charette-psl-2\work\psl-protein-flexibility\data\raw\MDG_bfactor-main\datasets\365\4J5O_CA_A2.pdb,550f3a293674c3599bd7a335c221e54f52c851e731552674f211155a7244b6d8,excluded_no_verified_chain_residue_identity,"res_id,sec_type,phi,psi,area,resolution,Rvalue,heavy_atom_counts,occupancy_values,packing_density1,packing_density2,packing_density3,B-factor",1,False,0,0,0,{},{},0,0,14.230318181818182,6.45226530964382
4J5Q,True,included,C:\Users\ryana\Documents\Codex\2026-09-13\https-github-com-ryan-charette-psl-2\work\psl-protein-flexibility\data\raw\MDG_bfactor-main\datasets\365\4J5Q_CA_A2.pdb,65adae841db3ba62e2efe67c66fe4041a753342ab553ae8ccfcf2a8be59e74b6,excluded_no_verified_chain_residue_identity,"res_id,sec_type,phi,psi,area,resolution,Rvalue,heavy_atom_counts,occupancy_values,packing_density1,packing_density2,packing_density3,B-factor",1,False,0,0,0,{},{},0,0,16.234246575342464,6.128909133938707
4J78,True,included,C:\Users\ryana\Documents\Codex\2026-09-13\https-github-com-ryan-charette-psl-2\work\psl-protein-flexibility\data\raw\MDG_bfactor-main\datasets\365\4J78_CA_A2.pdb,3324c50d6d92f4f073648742f1b22cbd8460157ec19ae620170a5285add699e9,excluded_no_verified_chain_residue_identity,"res_id,sec_type,phi,psi,area,resolution,Rvalue,heavy_atom_counts,occupancy_values,packing_density1,packing_density2,packing_density3,B-factor",1,False,0,0,0,{},{},0,0,14.536098360655739,5.418439451418262
4JG2,True,included,C:\Users\ryana\Documents\Codex\2026-09-13\https-github-com-ryan-charette-psl-2\work\psl-protein-flexibility\data\raw\MDG_bfactor-main\datasets\365\4JG2_CA_A2.pdb,be60be755d4412069873e1d6155a846f7ecfb2454d8cf185ef593c5e6c829aca,excluded_no_verified_chain_residue_identity,"res_id,sec_type,phi,psi,area,resolution,Rvalue,heavy_atom_counts,occupancy_values,packing_density1,packing_density2,packing_density3,B-factor",1,False,0,0,0,{},{},0,0,12.157027027027029,5.611180665308238
4JVU,True,included,C:\Users\ryana\Documents\Codex\2026-09-13\https-github-com-ryan-charette-psl-2\work\psl-protein-flexibility\data\raw\MDG_bfactor-main\datasets\365\4JVU_CA_A2.pdb,0b4fb315c74426a8551a8bf5994ba4fbdbc4491b58e1aed3dbf726d0e22f6d81,excluded_no_verified_chain_residue_identity,"res_id,sec_type,phi,psi,area,resolution,Rvalue,heavy_atom_counts,occupancy_values,packing_density1,packing_density2,packing_density3,B-factor",1,False,0,0,0,{},{},0,0,16.010676328502417,5.966640071721966
4JYP,True,included,C:\Users\ryana\Documents\Codex\2026-09-13\https-github-com-ryan-charette-psl-2\work\psl-protein-flexibility\data\raw\MDG_bfactor-main\datasets\365\4JYP_CA_A2.pdb,123371795e169f13cccf06f48bb19a75a70322cae00b4fa862532c78faeac0b4,excluded_no_verified_chain_residue_identity,"res_id,sec_type,phi,psi,area,resolution,Rvalue,heavy_atom_counts,occupancy_values,packing_density1,packing_density2,packing_density3,B-factor",1,False,0,0,0,{},{},0,0,9.966760299625468,4.704900962017577
4KEF,True,included,C:\Users\ryana\Documents\Codex\2026-09-13\https-github-com-ryan-charette-psl-2\work\psl-protein-flexibility\data\raw\MDG_bfactor-main\datasets\365\4KEF_CA_A2.pdb,e744b59e4c0ebe17b4a0f4c32bcba3cff794d2e6174f6d60455fc8c0994d34a1,excluded_no_verified_chain_residue_identity,"res_id,sec_type,phi,psi,area,resolution,Rvalue,heavy_atom_counts,occupancy_values,packing_density1,packing_density2,packing_density3,B-factor",1,False,0,0,0,{},{},0,0,12.980827067669171,4.953802829529432
5CYT,True,included,C:\Users\ryana\Documents\Codex\2026-09-13\https-github-com-ryan-charette-psl-2\work\psl-protein-flexibility\data\raw\MDG_bfactor-main\datasets\365\5CYT_CA_A2.pdb,4c0122fe3316200fce825d8531f7d3fed66021728dfca1e2a54074efd6102f50,excluded_no_verified_chain_residue_identity,"res_id,sec_type,phi,psi,area,resolution,Rvalue,heavy_atom_counts,occupancy_values,packing_density1,packing_density2,packing_density3,B-factor",1,False,0,0,0,{},{},0,0,15.172135922330098,3.5328045600054105
6RXN,True,included,C:\Users\ryana\Documents\Codex\2026-09-13\https-github-com-ryan-charette-psl-2\work\psl-protein-flexibility\data\raw\MDG_bfactor-main\datasets\365\6RXN_CA_A2.pdb,247a4289ec3dea3cbd3e7feebf7fd54d7a3b19e691c01971d054868b60aba442,excluded_no_verified_chain_residue_identity,"res_id,sec_type,phi,psi,area,resolution,Rvalue,heavy_atom_counts,occupancy_values,packing_density1,packing_density2,packing_density3,B-factor",1,False,0,0,0,{},{},0,0,5.965555555555556,1.6043351763346374
