protein_a,protein_b,chain_a,chain_b,length_a,length_b,identity,coverage_shorter,aligned_pairs,score
1ABA,1QKI,A,A,87,488,0.3116883116883117,0.8850574712643678,77,37.5
1ABA,3MGN,A,H,87,1,1.0,1.0,1,6.0
1AHO,1H6V,A,A,64,490,0.41509433962264153,0.828125,53,37.5
1AHO,1HJE,A,A,64,13,0.36363636363636365,0.8461538461538461,11,22.0
1AHO,1NOT,A,A,64,13,0.45454545454545453,0.8461538461538461,11,30.0
1AHO,1RJU,A,V,64,36,0.4,0.8333333333333334,30,33.0
1AHO,2D5W,A,C,64,5,0.5,0.8,4,8.0
1AHO,2DKO,A,I,64,3,0.6666666666666666,1.0,3,12.0
1AHO,2J32,A,B,64,4,0.5,1.0,4,13.0
1AHO,2NLS,A,A,64,36,0.41935483870967744,0.8611111111111112,31,31.0
1AHO,3MGN,A,H,64,1,1.0,1.0,1,6.0
1AIE,1OB4,A,A,31,5,0.75,0.8,4,13.0
1AIE,1OB7,A,A,31,5,0.75,0.8,4,13.0
1AIE,1X3O,A,A,31,80,0.35714285714285715,0.9032258064516129,28,32.0
1AIE,1YZM,A,A,31,46,0.36,0.8064516129032258,25,28.0
1AIE,2D5W,A,D,31,5,0.4,1.0,5,7.0
1AIE,2FN9,A,A,31,280,0.3333333333333333,0.8709677419354839,27,22.0
1AIE,2IVY,A,A,31,88,0.38461538461538464,0.8387096774193549,26,34.0
1AIE,2NR7,A,A,31,194,0.3333333333333333,0.8709677419354839,27,21.5
1AIE,2OCT,A,A,31,97,0.39285714285714285,0.9032258064516129,28,24.0
1AIE,3HYD,A,A,31,7,0.7142857142857143,1.0,7,16.0
1AIE,3MGN,A,H,31,1,1.0,1.0,1,6.0
1AIE,3UR8,A,A,31,321,0.32142857142857145,0.9032258064516129,28,25.0
1AIE,3VZ9,A,B,31,103,0.34615384615384615,0.8387096774193549,26,29.5
1AIE,4H89,A,A,31,168,0.5,0.8387096774193549,26,30.5
1AKG,1NKO,A,A,16,122,0.38461538461538464,0.8125,13,24.0
1AKG,1PEN,A,A,16,16,0.875,1.0,16,94.0
1AKG,1Q9B,A,A,16,43,0.4,0.9375,15,29.0
1AKG,1TGR,A,A,16,52,0.35714285714285715,0.875,14,20.0
1AKG,1UHA,A,A,16,82,0.3333333333333333,0.9375,15,25.0
1AKG,2BCM,A,A,16,138,0.35714285714285715,0.875,14,26.0
1AKG,2G7O,A,A,16,68,0.3333333333333333,0.9375,15,17.0
1AKG,2NUH,A,A,16,104,0.46153846153846156,0.8125,13,20.5
1AKG,2R16,A,A,16,175,0.3125,1.0,16,26.0
1AKG,3LJI,A,A,16,272,0.46153846153846156,0.8125,13,18.0
1AKG,3M3P,A,A,16,249,0.38461538461538464,0.8125,13,22.5
1AKG,3MGN,A,H,16,1,1.0,1.0,1,6.0
1AKG,3UCI,A,A,16,72,0.3333333333333333,0.9375,15,28.0
1ATG,1VRZ,A,A,231,13,0.6363636363636364,0.8461538461538461,11,20.0
1ATG,1Z21,A,A,231,96,0.3125,0.8333333333333334,80,25.5
1ATG,2D5W,A,C,231,5,0.5,0.8,4,14.0
1ATG,3DRF,A,B,231,8,0.5,1.0,8,17.0
1ATG,3L41,A,B,231,5,0.5,0.8,4,14.0
1ATG,3MEA,A,B,231,3,0.6666666666666666,1.0,3,7.0
1ATG,3MGN,A,H,231,1,1.0,1.0,1,6.0
1ATG,3NVG,A,A,231,6,0.4,0.8333333333333334,5,15.0
1ATG,3Q2X,A,A,231,6,0.3333333333333333,1.0,6,17.0
1ATG,4G14,A,A,231,5,0.75,0.8,4,14.0
1ATG,4J78,A,B,231,5,0.5,0.8,4,11.0
1BGF,2D5W,A,C,124,5,0.75,0.8,4,13.0
1BGF,2J32,A,B,124,4,0.5,1.0,4,14.0
1BGF,2Y7L,A,B,124,7,0.5,0.8571428571428571,6,13.0
1BGF,3FOD,A,A,124,6,0.4,0.8333333333333334,5,10.0
1BGF,3IVV,A,D,124,9,0.375,0.8888888888888888,8,14.0
1BGF,3L41,A,B,124,5,0.5,0.8,4,14.0
1BGF,3MGN,A,H,124,1,1.0,1.0,1,6.0
1BGF,4J78,A,B,124,5,0.6,1.0,5,11.0
1BX7,1HJE,A,A,51,13,0.46153846153846156,1.0,13,19.5
1BX7,1LR7,A,A,51,73,0.4146341463414634,0.803921568627451,41,39.0
1BX7,1OB4,A,A,51,5,0.5,0.8,4,14.0
1BX7,1OB7,A,A,51,5,0.5,0.8,4,14.0
1BX7,3L41,A,B,51,5,0.5,0.8,4,9.0
1BX7,3MD4,A,A,51,6,0.4,0.8333333333333334,5,8.0
1BX7,3MD5,A,A,51,6,0.4,0.8333333333333334,5,9.0
1BX7,3MGN,A,H,51,1,1.0,1.0,1,6.0
1BX7,3Q2X,A,A,51,6,0.4,0.8333333333333334,5,12.0
1BYI,1OB4,A,A,224,5,0.5,0.8,4,13.0
1BYI,1OB7,A,A,224,5,0.5,0.8,4,13.0
1BYI,1W2L,A,A,224,97,0.3,0.8247422680412371,80,35.5
1BYI,1Z21,A,A,224,96,0.3176470588235294,0.8854166666666666,85,28.5
1BYI,2D5W,A,D,224,5,0.5,0.8,4,11.0
1BYI,2R6Q,A,A,224,138,0.3076923076923077,0.8478260869565217,117,44.0
1BYI,2VE8,A,G,224,60,0.3469387755102041,0.8166666666666667,49,26.5
1BYI,3FVA,A,A,224,6,0.6,0.8333333333333334,5,14.0
1BYI,3HYD,A,A,224,7,0.3333333333333333,0.8571428571428571,6,14.0
1BYI,3IVV,A,D,224,9,0.5,0.8888888888888888,8,17.0
1BYI,3MD4,A,A,224,6,0.6,0.8333333333333334,5,14.0
1BYI,3MD5,A,A,224,6,0.4,0.8333333333333334,5,13.0
1BYI,3MGN,A,H,224,1,1.0,1.0,1,6.0
1BYI,3MRE,A,P,224,9,0.375,0.8888888888888888,8,16.0
1BYI,3OBQ,A,B,224,9,0.5,0.8888888888888888,8,19.0
1BYI,3Q2X,A,A,224,6,0.4,0.8333333333333334,5,11.0
1BYI,4G14,A,A,224,5,0.5,0.8,4,12.0
1CCR,1OB4,A,A,109,5,0.75,0.8,4,18.0
1CCR,1OB7,A,A,109,5,0.75,0.8,4,18.0
1CCR,1W2L,A,A,109,97,0.34146341463414637,0.845360824742268,82,100.5
1CCR,1YJO,A,A,109,6,0.3333333333333333,1.0,6,11.0
1CCR,2BF9,A,A,109,35,0.35714285714285715,0.8,28,21.5
1CCR,3L41,A,B,109,5,1.0,0.8,4,22.0
1CCR,3MD5,A,A,109,6,0.4,0.8333333333333334,5,14.0
1CCR,3MGN,A,H,109,1,1.0,1.0,1,6.0
1CCR,4B6G,A,A,109,283,0.33707865168539325,0.8165137614678899,89,47.0
1CCR,4G14,A,A,109,5,0.6,1.0,5,15.0
1CCR,5CYT,A,R,109,103,0.5841584158415841,0.9805825242718447,101,315.0
1CYO,1GCO,A,A,88,261,0.325,0.9090909090909091,80,52.5
1CYO,1YJO,A,A,88,6,0.4,0.8333333333333334,5,14.0
1CYO,2DKO,A,I,88,3,0.6666666666666666,1.0,3,11.0
1CYO,2OLX,A,A,88,4,0.5,1.0,4,13.0
1CYO,2WUJ,A,A,88,50,0.3181818181818182,0.88,44,23.5
1CYO,3FVA,A,A,88,6,0.3333333333333333,1.0,6,15.0
1CYO,3MGN,A,H,88,1,1.0,1.0,1,6.0
1CYO,3Q2X,A,A,88,6,0.5,1.0,6,10.0
1CYO,4J78,A,B,88,5,0.75,0.8,4,14.0
1DF4,2DPL,A,A,57,287,0.32608695652173914,0.8070175438596491,46,27.5
1DF4,3FOD,A,A,57,6,0.4,0.8333333333333334,5,9.0
1DF4,3MGN,A,H,57,1,1.0,1.0,1,6.0
1DF4,3Q2X,A,A,57,6,0.3333333333333333,1.0,6,9.0
1DF4,4J78,A,B,57,5,0.5,0.8,4,11.0
1E5K,1KYC,A,A,188,15,0.5833333333333334,0.8,12,21.5
1E5K,2D5W,A,D,188,5,0.6,1.0,5,10.0
1E5K,2OLX,A,A,188,4,0.5,1.0,4,13.0
1E5K,3HYD,A,A,188,7,0.5,0.8571428571428571,6,14.0
1E5K,3L41,A,B,188,5,0.75,0.8,4,18.0
1E5K,3MGN,A,H,188,1,1.0,1.0,1,6.0
1E5K,3OBQ,A,B,188,9,0.5,0.8888888888888888,8,17.0
1E5K,3PZZ,A,A,188,6,0.3333333333333333,1.0,6,14.0
1E5K,3Q2X,A,A,188,6,0.4,0.8333333333333334,5,13.0
1E5K,3ZZY,A,C,188,8,0.42857142857142855,0.875,7,14.0
1ES5,1Y6X,A,A,260,87,0.3013698630136986,0.8390804597701149,73,32.0
1ES5,1YJO,A,A,260,6,0.6,0.8333333333333334,5,16.0
1ES5,2DKO,A,I,260,3,0.6666666666666666,1.0,3,11.0
1ES5,2Y7L,A,B,260,7,0.8333333333333334,0.8571428571428571,6,13.5
1ES5,3FOD,A,A,260,6,0.6,0.8333333333333334,5,17.0
1ES5,3L41,A,B,260,5,0.5,0.8,4,14.0
1ES5,3MD4,A,A,260,6,0.6666666666666666,1.0,6,16.0
1ES5,3MD5,A,A,260,6,0.3333333333333333,1.0,6,16.0
1ES5,3MEA,A,B,260,3,0.6666666666666666,1.0,3,11.0
1ES5,3MGN,A,H,260,1,1.0,1.0,1,6.0
1ES5,3OQY,A,a,260,13,0.5,0.9230769230769231,12,19.0
1ES5,3W4Q,A,A,260,258,0.32857142857142857,0.813953488372093,210,81.5
1ETL,1ETM,A,A,12,12,0.9166666666666666,1.0,12,73.0
1ETL,1ETN,A,A,12,12,0.9166666666666666,1.0,12,77.0
1ETL,1RJU,A,V,12,36,0.5,1.0,12,24.0
1ETL,1SAU,A,A,12,114,0.3333333333333333,1.0,12,22.0
1ETL,2BRF,A,A,12,100,0.4,0.8333333333333334,10,20.0
1ETL,2FB6,A,A,12,116,0.6,0.8333333333333334,10,26.0
1ETL,2OHW,A,A,12,128,0.3,0.8333333333333334,10,11.0
1ETL,3HP4,A,A,12,182,0.5,0.8333333333333334,10,21.0
1ETL,3MGN,A,H,12,1,1.0,1.0,1,6.0
1ETL,3O5P,A,A,12,128,0.6363636363636364,0.9166666666666666,11,31.5
1ETL,3PZ9,A,A,12,357,0.4,0.8333333333333334,10,17.0
1ETL,3ZIT,A,A,12,74,0.36363636363636365,0.9166666666666666,11,25.0
1ETL,4EUG,A,A,12,225,0.4,0.8333333333333334,10,19.0
1ETM,1ETN,A,A,12,12,0.9166666666666666,1.0,12,76.0
1ETM,1K8U,A,A,12,89,0.4,0.8333333333333334,10,12.0
1ETM,1SAU,A,A,12,114,0.3333333333333333,1.0,12,22.0
1ETM,1ULR,A,A,12,87,0.4,0.8333333333333334,10,11.0
1ETM,2BRF,A,A,12,100,0.4,0.8333333333333334,10,18.0
1ETM,3BA1,A,A,12,312,0.45454545454545453,0.9166666666666666,11,14.5
1ETM,3MGN,A,H,12,1,1.0,1.0,1,6.0
1ETM,3ZIT,A,A,12,74,0.36363636363636365,0.9166666666666666,11,22.0
1ETM,4HDE,A,A,12,168,0.4,0.8333333333333334,10,28.0
1ETN,1RJU,A,V,12,36,0.5,1.0,12,25.0
1ETN,1SAU,A,A,12,114,0.3333333333333333,1.0,12,23.0
1ETN,2BRF,A,A,12,100,0.4,0.8333333333333334,10,21.0
1ETN,3HP4,A,A,12,182,0.4,0.8333333333333334,10,15.0
1ETN,3MGN,A,H,12,1,1.0,1.0,1,6.0
1ETN,3O5P,A,A,12,128,0.5,0.8333333333333334,10,29.0
1ETN,3PZ9,A,A,12,357,0.4,0.8333333333333334,10,16.0
1ETN,3US6,A,A,12,148,0.4166666666666667,1.0,12,20.0
1ETN,3ZIT,A,A,12,74,0.36363636363636365,0.9166666666666666,11,24.0
1ETN,4HDE,A,A,12,168,0.4,0.8333333333333334,10,25.0
1EW4,1OB4,A,A,106,5,0.5,0.8,4,10.0
1EW4,1OB7,A,A,106,5,0.5,0.8,4,10.0
1EW4,2J32,A,B,106,4,0.5,1.0,4,11.0
1EW4,2OL9,A,A,106,6,0.4,0.8333333333333334,5,13.0
1EW4,2OLX,A,A,106,4,0.5,1.0,4,13.0
1EW4,3FOD,A,A,106,6,0.4,0.8333333333333334,5,11.0
1EW4,3FVA,A,A,106,6,0.4,0.8333333333333334,5,12.0
1EW4,3HYD,A,A,106,7,0.42857142857142855,1.0,7,15.0
1EW4,3MEA,A,B,106,3,0.6666666666666666,1.0,3,8.0
1EW4,3MGN,A,H,106,1,1.0,1.0,1,6.0
1EW4,3Q2X,A,A,106,6,0.4,0.8333333333333334,5,12.0
1F8R,1KYC,A,A,483,15,0.5,0.8,12,29.0
1F8R,1R7J,A,A,483,90,0.35,0.8888888888888888,80,45.5
1F8R,2D5W,A,C,483,5,0.75,0.8,4,16.0
1F8R,2DKO,A,I,483,3,0.6666666666666666,1.0,3,14.0
1F8R,2OL9,A,A,483,6,0.4,0.8333333333333334,5,13.0
1F8R,2OLX,A,A,483,4,0.5,1.0,4,13.0
1F8R,2WW7,A,A,483,22,0.38095238095238093,0.9545454545454546,21,25.0
1F8R,2Y7L,A,B,483,7,0.5,0.8571428571428571,6,18.0
1F8R,3BZZ,A,A,483,19,0.375,0.8421052631578947,16,21.0
1F8R,3FVA,A,A,483,6,0.3333333333333333,1.0,6,14.0
1F8R,3HP4,A,A,483,182,0.3509933774834437,0.8296703296703297,151,44.0
1F8R,3HYD,A,A,483,7,0.5,0.8571428571428571,6,14.0
1F8R,3L41,A,B,483,5,0.75,0.8,4,17.0
1F8R,3MGN,A,H,483,1,1.0,1.0,1,6.0
1F8R,3RQ9,A,A,483,78,0.328125,0.8205128205128205,64,33.0
1F8R,3TDN,A,B,483,236,0.3005181347150259,0.8177966101694916,193,46.5
1FF4,1PEN,A,A,65,16,0.4375,1.0,16,27.0
1FF4,2B0A,A,A,65,186,0.3684210526315789,0.8769230769230769,57,34.5
1FF4,2D5W,A,C,65,5,0.6,1.0,5,14.0
1FF4,2DKO,A,I,65,3,0.3333333333333333,1.0,3,8.0
1FF4,2Y7L,A,B,65,7,0.5,0.8571428571428571,6,13.0
1FF4,3MEA,A,B,65,3,0.6666666666666666,1.0,3,8.0
1FF4,3MGN,A,H,65,1,1.0,1.0,1,6.0
1FK5,2D5W,A,C,93,5,0.75,0.8,4,12.0
1FK5,2Y7L,A,B,93,7,0.42857142857142855,1.0,7,11.0
1FK5,3FOD,A,A,93,6,0.6,0.8333333333333334,5,12.0
1FK5,3LG3,A,B,93,414,0.30666666666666664,0.8064516129032258,75,37.5
1FK5,3MEA,A,B,93,3,1.0,1.0,3,14.0
1FK5,3MGN,A,H,93,1,1.0,1.0,1,6.0
1FK5,3MRE,A,P,93,9,0.4444444444444444,1.0,9,17.0
1FK5,3NVG,A,A,93,6,0.4,0.8333333333333334,5,13.0
1FK5,3PSM,A,A,93,47,0.3023255813953488,0.9148936170212766,43,22.0
1GCO,1P9I,A,A,261,29,0.3076923076923077,0.896551724137931,26,21.5
1GCO,1VRZ,A,A,261,13,0.3333333333333333,0.9230769230769231,12,23.0
1GCO,2J32,A,B,261,4,0.5,1.0,4,12.0
1GCO,3I2Z,A,B,261,67,0.34545454545454546,0.8208955223880597,55,43.0
1GCO,3L41,A,B,261,5,0.4,1.0,5,17.0
1GCO,3MD4,A,A,261,6,0.6666666666666666,1.0,6,18.0
1GCO,3MD5,A,A,261,6,0.6666666666666666,1.0,6,17.0
1GCO,3MGN,A,H,261,1,1.0,1.0,1,6.0
1GCO,3PTL,A,B,261,10,0.5555555555555556,0.9,9,19.0
1GCO,3PZZ,A,A,261,6,0.6,0.8333333333333334,5,18.0
1GCO,3Q2X,A,A,261,6,0.6,0.8333333333333334,5,18.0
1GCO,3S0A,A,A,261,119,0.30612244897959184,0.8235294117647058,98,59.0
1GCO,4DQ7,A,A,261,168,0.3237410071942446,0.8273809523809523,139,43.0
1GCO,4GMQ,A,A,261,92,0.35555555555555557,0.9782608695652174,90,43.5
1GCO,4J78,A,B,261,5,0.4,1.0,5,12.0
1GK7,1O08,A,A,39,221,0.36363636363636365,0.8461538461538461,33,27.0
1GK7,1V70,A,A,39,105,0.375,0.8205128205128205,32,27.0
1GK7,2D5W,A,C,39,5,0.5,0.8,4,8.0
1GK7,2DKO,A,I,39,3,0.6666666666666666,1.0,3,11.0
1GK7,2OKT,A,A,39,342,0.34375,0.8205128205128205,32,31.5
1GK7,2V9V,A,A,39,135,0.32432432432432434,0.9487179487179487,37,24.0
1GK7,2W6A,A,A,39,61,0.36363636363636365,0.8461538461538461,33,32.0
1GK7,2ZU1,A,A,39,180,0.36363636363636365,0.8461538461538461,33,28.5
1GK7,3FE7,A,A,39,83,0.30303030303030304,0.8461538461538461,33,23.0
1GK7,3MGN,A,H,39,1,1.0,1.0,1,6.0
1GK7,3PID,A,A,39,387,0.358974358974359,1.0,39,33.0
1GK7,3US6,A,A,39,148,0.34210526315789475,0.9743589743589743,38,28.5
1GK7,3VN0,A,A,39,48,0.34375,0.8205128205128205,32,38.5
1GK7,3ZRX,A,A,39,111,0.3235294117647059,0.8717948717948718,34,30.0
1GK7,4G14,A,A,39,5,0.75,0.8,4,11.0
1GK7,4J78,A,B,39,5,0.4,1.0,5,12.0
1GK7,4KEF,A,A,39,133,0.38235294117647056,0.8717948717948718,34,22.0
1GVD,1SAU,A,A,52,114,0.3333333333333333,0.8076923076923077,42,44.0
1GVD,2OHW,A,A,52,128,0.32558139534883723,0.8269230769230769,43,34.0
1GVD,3MGN,A,H,52,1,1.0,1.0,1,6.0
1GVD,4G14,A,A,52,5,0.5,0.8,4,12.0
1GXU,1OB4,A,A,88,5,0.5,0.8,4,14.0
1GXU,1OB7,A,A,88,5,0.5,0.8,4,14.0
1GXU,2D5W,A,D,88,5,0.4,1.0,5,7.0
1GXU,2DKO,A,I,88,3,0.6666666666666666,1.0,3,10.0
1GXU,2J32,A,B,88,4,0.5,1.0,4,12.0
1GXU,2JKU,A,A,88,35,0.3,0.8571428571428571,30,22.5
1GXU,2OL9,A,A,88,6,0.4,0.8333333333333334,5,9.0
1GXU,3FE7,A,L,88,5,0.6,1.0,5,24.0
1GXU,3FOD,A,A,88,6,0.4,0.8333333333333334,5,7.0
1GXU,3HYD,A,A,88,7,0.42857142857142855,1.0,7,11.0
1GXU,3MD5,A,A,88,6,0.6,0.8333333333333334,5,12.0
1GXU,3MGN,A,H,88,1,1.0,1.0,1,6.0
1GXU,3PZZ,A,A,88,6,0.3333333333333333,1.0,6,12.0
1H6V,1OB4,A,A,490,5,0.5,0.8,4,15.0
1H6V,1OB7,A,A,490,5,0.5,0.8,4,15.0
1H6V,1TGR,A,A,490,52,0.3953488372093023,0.8269230769230769,43,37.5
1H6V,1UTG,A,A,490,70,0.3392857142857143,0.8,56,53.0
1H6V,1XY1,A,A,490,8,0.375,1.0,8,19.0
1H6V,1XY2,A,A,490,8,0.375,1.0,8,19.0
1H6V,1YJO,A,A,490,6,0.4,0.8333333333333334,5,15.0
1H6V,2D5W,A,D,490,5,0.75,0.8,4,12.0
1H6V,2OL9,A,A,490,6,0.6,0.8333333333333334,5,16.0
1H6V,2VH7,C,A,482,94,0.3125,0.851063829787234,80,40.5
1H6V,2Y72,A,A,490,85,0.35135135135135137,0.8705882352941177,74,42.5
1H6V,2Y7L,A,B,490,7,0.3333333333333333,0.8571428571428571,6,17.0
1H6V,3FE7,A,L,490,5,0.6,1.0,5,20.0
1H6V,3FVA,A,A,490,6,0.4,0.8333333333333334,5,14.0
1H6V,3HYD,A,A,490,7,0.5,0.8571428571428571,6,16.0
1H6V,3L41,A,B,490,5,0.5,0.8,4,13.0
1H6V,3MD4,A,A,490,6,0.4,0.8333333333333334,5,16.0
1H6V,3MGN,A,H,490,1,1.0,1.0,1,6.0
1H6V,3MRE,A,P,490,9,0.3333333333333333,1.0,9,16.0
1H6V,3PTL,A,B,490,10,0.3,1.0,10,14.0
1H6V,3PZZ,A,A,490,6,0.6,0.8333333333333334,5,15.0
1H6V,3ZBD,A,B,490,103,0.39325842696629215,0.8640776699029126,89,45.5
1HJE,1LR7,A,A,13,73,0.5,0.9230769230769231,12,34.0
1HJE,1NOT,A,A,13,13,0.8333333333333334,0.9230769230769231,12,67.0
1HJE,1Q9B,A,A,13,43,0.38461538461538464,1.0,13,31.0
1HJE,2D5W,A,C,13,5,0.6,1.0,5,13.0
1HJE,2FN9,A,A,13,280,0.4166666666666667,0.9230769230769231,12,15.5
1HJE,3MGN,A,H,13,1,1.0,1.0,1,6.0
1HJE,3PID,A,A,13,387,0.3333333333333333,0.9230769230769231,12,28.0
1HJE,3UCI,A,A,13,72,0.5,0.9230769230769231,12,27.0
1I71,2D5W,A,D,83,5,0.5,0.8,4,9.0
1I71,2OL9,A,A,83,6,0.3333333333333333,1.0,6,10.0
1I71,3MGN,A,H,83,1,1.0,1.0,1,6.0
1IDP,1OB4,A,A,147,5,0.75,0.8,4,18.0
1IDP,1OB7,A,A,147,5,0.75,0.8,4,18.0
1IDP,2BRF,A,A,147,100,0.3333333333333333,0.9,90,33.5
1IDP,2DKO,A,I,147,3,1.0,1.0,3,15.0
1IDP,2Y7L,A,B,147,7,0.6666666666666666,0.8571428571428571,6,13.0
1IDP,3HYD,A,A,147,7,0.3333333333333333,0.8571428571428571,6,12.0
1IDP,3MGN,A,H,147,1,1.0,1.0,1,6.0
1IDP,3PTL,A,B,147,10,0.4444444444444444,0.9,9,19.0
1IDP,4G14,A,A,147,5,0.75,0.8,4,18.0
1IFR,1OB4,A,A,113,5,0.5,0.8,4,9.0
1IFR,1OB7,A,A,113,5,0.5,0.8,4,9.0
1IFR,2D5W,A,D,113,5,0.5,0.8,4,9.0
1IFR,2DKO,A,I,113,3,0.6666666666666666,1.0,3,11.0
1IFR,2J32,A,B,113,4,0.75,1.0,4,17.0
1IFR,2OLX,A,A,113,4,0.5,1.0,4,11.0
1IFR,3DRF,A,B,113,8,0.375,1.0,8,13.0
1IFR,3FOD,A,A,113,6,0.5,1.0,6,18.0
1IFR,3L41,A,B,113,5,0.5,0.8,4,12.0
1IFR,3MGN,A,H,113,1,1.0,1.0,1,6.0
1IFR,3OBQ,A,B,113,9,0.5,0.8888888888888888,8,16.0
1IFR,3VN0,A,D,113,47,0.3333333333333333,0.8297872340425532,39,25.0
1IFR,4G14,A,A,113,5,0.6,1.0,5,13.0
1IFR,4J78,A,B,113,5,0.4,1.0,5,12.0
1K8U,1O06,A,A,89,20,0.5,0.8,16,23.5
1K8U,1YJO,A,A,89,6,0.6,0.8333333333333334,5,15.0
1K8U,2OLX,A,A,89,4,0.5,1.0,4,11.0
1K8U,3L41,A,B,89,5,0.6,1.0,5,15.0
1K8U,3MGN,A,H,89,1,1.0,1.0,1,6.0
1K8U,3OQY,A,b,89,14,0.3333333333333333,0.8571428571428571,12,20.0
1K8U,3PKV,A,A,89,221,0.3157894736842105,0.8539325842696629,76,31.0
1KMM,1OB4,A,A,386,5,1.0,0.8,4,21.0
1KMM,1OB7,A,A,386,5,1.0,0.8,4,21.0
1KMM,1P9I,B,A,364,29,0.3076923076923077,0.896551724137931,26,26.5
1KMM,1Y6X,A,A,386,87,0.352112676056338,0.8160919540229885,71,40.5
1KMM,2DKO,A,I,386,3,0.6666666666666666,1.0,3,12.0
1KMM,3FVA,A,A,386,6,0.4,0.8333333333333334,5,13.0
1KMM,3L41,A,B,386,5,0.5,0.8,4,15.0
1KMM,3MD4,A,A,386,6,0.4,0.8333333333333334,5,16.0
1KMM,3MGN,A,H,386,1,1.0,1.0,1,6.0
1KMM,3OBQ,A,B,386,9,0.5,0.8888888888888888,8,15.0
1KMM,3PTL,A,B,386,10,0.4444444444444444,0.9,9,19.0
1KMM,3PZZ,A,A,386,6,0.5,1.0,6,14.0
1KMM,3Q2X,A,A,386,6,0.3333333333333333,1.0,6,12.0
1KMM,3R87,C,A,387,132,0.3090909090909091,0.8333333333333334,110,36.5
1KMM,4G14,A,A,386,5,0.75,0.8,4,16.0
1KNG,1OB4,A,A,144,5,0.75,0.8,4,17.0
1KNG,1OB7,A,A,144,5,0.75,0.8,4,17.0
1KNG,2D5W,A,C,144,5,0.6,1.0,5,10.0
1KNG,2OL9,A,A,144,6,0.4,0.8333333333333334,5,11.0
1KNG,2OLX,A,A,144,4,0.5,1.0,4,10.0
1KNG,2VE8,A,G,144,60,0.3877551020408163,0.8166666666666667,49,33.0
1KNG,2VQ4,A,A,144,106,0.3,0.8490566037735849,90,46.0
1KNG,3FVA,A,A,144,6,0.3333333333333333,1.0,6,11.0
1KNG,3MGN,A,H,144,1,1.0,1.0,1,6.0
1KNG,3OBQ,A,B,144,9,0.375,0.8888888888888888,8,21.0
1KNG,3Q2X,A,A,144,6,0.4,0.8333333333333334,5,14.0
1KNG,4HWM,A,A,144,117,0.32653061224489793,0.8376068376068376,98,35.0
1KNG,4J78,A,B,144,5,0.4,1.0,5,10.0
1KR4,1UKU,A,A,110,102,0.47959183673469385,0.9607843137254902,98,256.0
1KR4,2DPL,A,A,110,287,0.34408602150537637,0.8454545454545455,93,57.0
1KR4,2NUH,A,A,110,104,0.3163265306122449,0.9423076923076923,98,127.0
1KR4,3FOD,A,A,110,6,0.5,1.0,6,14.0
1KR4,3L41,A,B,110,5,0.6,1.0,5,14.0
1KR4,3MGN,A,H,110,1,1.0,1.0,1,6.0
1KR4,3Q2X,A,A,110,6,0.6,0.8333333333333334,5,17.0
1KR4,4ES1,A,A,110,95,0.3333333333333333,0.8210526315789474,78,59.0
1KYC,1NKD,A,A,15,59,0.4166666666666667,0.8,12,20.0
1KYC,1QTO,A,A,15,122,0.3076923076923077,0.8666666666666667,13,20.0
1KYC,1R7J,A,A,15,90,0.3076923076923077,0.8666666666666667,13,30.0
1KYC,1YZM,A,A,15,46,0.3076923076923077,0.8666666666666667,13,20.0
1KYC,2BF9,A,A,15,35,0.3333333333333333,0.8,12,18.0
1KYC,2DKO,A,I,15,3,0.3333333333333333,1.0,3,8.0
1KYC,2G7O,A,A,15,68,0.4166666666666667,0.8,12,26.0
1KYC,2G7S,A,A,15,190,0.42857142857142855,0.9333333333333333,14,26.0
1KYC,2RFR,A,A,15,154,0.5,0.8,12,20.0
1KYC,2VH7,A,A,15,94,0.4166666666666667,0.8,12,18.0
1KYC,2W1V,A,A,15,274,0.3333333333333333,0.8,12,22.0
1KYC,2WUJ,A,A,15,50,0.35714285714285715,0.9333333333333333,14,22.0
1KYC,2X3M,A,A,15,166,0.35714285714285715,0.9333333333333333,14,18.0
1KYC,2Y0T,A,A,15,52,0.38461538461538464,0.8666666666666667,13,25.0
1KYC,2YNY,A,A,15,106,0.35714285714285715,0.9333333333333333,14,24.0
1KYC,3FCN,A,A,15,158,0.3333333333333333,0.8,12,22.0
1KYC,3FSO,A,A,15,109,0.42857142857142855,0.9333333333333333,14,22.0
1KYC,3MGN,A,A,15,45,0.3076923076923077,0.8666666666666667,13,27.0
1KYC,3SR3,A,A,15,333,0.38461538461538464,0.8666666666666667,13,23.0
1KYC,3V1A,A,A,15,48,0.3333333333333333,0.8,12,17.0
1KYC,4AM1,A,A,15,345,0.4166666666666667,0.8,12,27.0
1KYC,4ANN,A,A,15,176,0.5,0.8,12,23.0
1KYC,4ES1,A,A,15,95,0.35714285714285715,0.9333333333333333,14,18.0
1KYC,4GS3,A,A,15,90,0.3076923076923077,0.8666666666666667,13,15.0
1LR7,1Q9B,A,A,73,43,0.45714285714285713,0.813953488372093,35,37.0
1LR7,1RJU,A,V,73,36,0.41379310344827586,0.8055555555555556,29,42.0
1LR7,1XY1,A,A,73,8,0.42857142857142855,0.875,7,16.0
1LR7,1XY2,A,A,73,8,0.42857142857142855,0.875,7,16.0
1LR7,2D5W,A,C,73,5,0.5,0.8,4,15.0
1LR7,2J32,A,B,73,4,0.5,1.0,4,12.0
1LR7,3FOD,A,A,73,6,0.4,0.8333333333333334,5,11.0
1LR7,3MD4,A,A,73,6,0.4,0.8333333333333334,5,9.0
1LR7,3MD5,A,A,73,6,0.6,0.8333333333333334,5,12.0
1LR7,3MGN,A,H,73,1,1.0,1.0,1,6.0
1LR7,3PZZ,A,A,73,6,0.5,1.0,6,17.0
1MF7,1R7J,A,A,194,90,0.30666666666666664,0.8333333333333334,75,40.5
1MF7,2D5W,A,C,194,5,1.0,0.8,4,20.0
1MF7,2DKO,A,I,194,3,0.6666666666666666,1.0,3,10.0
1MF7,2VE8,A,C,194,62,0.3137254901960784,0.8225806451612904,51,24.5
1MF7,3BZZ,A,A,194,19,0.375,0.8421052631578947,16,20.0
1MF7,3FOD,A,A,194,6,0.4,0.8333333333333334,5,10.0
1MF7,3MGN,A,H,194,1,1.0,1.0,1,6.0
1MF7,4J78,A,B,194,5,0.6,1.0,5,14.0
1N7E,2D5W,A,D,95,5,0.6,1.0,5,13.0
1N7E,2DKO,A,I,95,3,0.3333333333333333,1.0,3,9.0
1N7E,2W6A,A,A,95,61,0.36363636363636365,0.9016393442622951,55,35.0
1N7E,3HYD,A,A,95,7,0.5714285714285714,1.0,7,19.0
1N7E,3IVV,A,D,95,9,0.3333333333333333,1.0,9,16.0
1N7E,3MD4,A,A,95,6,0.6,0.8333333333333334,5,11.0
1N7E,3MD5,A,A,95,6,0.6,0.8333333333333334,5,11.0
1N7E,3MGN,A,H,95,1,1.0,1.0,1,6.0
1N7E,3NVG,A,A,95,6,0.6,0.8333333333333334,5,19.0
1N7E,3OQY,A,a,95,13,0.3076923076923077,1.0,13,20.0
1N7E,3V75,A,A,95,285,0.3253012048192771,0.8736842105263158,83,49.0
1NKD,2DKO,A,I,59,3,0.6666666666666666,1.0,3,12.0
1NKD,2J32,A,B,59,4,0.5,1.0,4,12.0
1NKD,2OL9,A,A,59,6,0.4,0.8333333333333334,5,10.0
1NKD,3FOD,A,A,59,6,0.6,0.8333333333333334,5,11.0
1NKD,3FVA,A,A,59,6,0.4,0.8333333333333334,5,9.0
1NKD,3L41,A,B,59,5,0.6,1.0,5,11.0
1NKD,3MGN,A,H,59,1,1.0,1.0,1,6.0
1NKD,3NPV,A,B,59,246,0.3333333333333333,0.864406779661017,51,23.5
1NKD,3NVG,A,A,59,6,0.4,0.8333333333333334,5,13.0
1NKD,3PTL,A,B,59,10,0.4444444444444444,0.9,9,17.0
1NKD,3S0A,A,A,59,119,0.3,0.847457627118644,50,32.5
1NKD,4G14,A,A,59,5,0.4,1.0,5,10.0
1NKD,4J78,A,B,59,5,0.75,0.8,4,13.0
1NKO,1YJO,A,A,122,6,0.3333333333333333,1.0,6,17.0
1NKO,2DKO,A,I,122,3,0.6666666666666666,1.0,3,9.0
1NKO,2OL9,A,A,122,6,0.3333333333333333,1.0,6,15.0
1NKO,3FOD,A,A,122,6,0.3333333333333333,1.0,6,10.0
1NKO,3MGN,A,H,122,1,1.0,1.0,1,6.0
1NKO,4AM1,A,A,122,345,0.35,0.819672131147541,100,31.0
1NKO,4G14,A,A,122,5,0.5,0.8,4,8.0
1NKO,4J78,A,A,122,300,0.30973451327433627,0.9262295081967213,113,51.5
1NLS,1OB4,A,A,237,5,0.75,0.8,4,14.0
1NLS,1OB7,A,A,237,5,0.75,0.8,4,14.0
1NLS,1VRZ,A,A,237,13,0.45454545454545453,0.8461538461538461,11,18.0
1NLS,1XY1,A,A,237,8,0.42857142857142855,0.875,7,15.0
1NLS,1XY2,A,A,237,8,0.42857142857142855,0.875,7,15.0
1NLS,2D5W,A,C,237,5,0.75,0.8,4,11.0
1NLS,2DKO,A,I,237,3,0.6666666666666666,1.0,3,10.0
1NLS,2W6A,A,B,237,56,0.3111111111111111,0.8035714285714286,45,20.5
1NLS,3FOD,A,A,237,6,0.4,0.8333333333333334,5,13.0
1NLS,3I2Z,A,A,237,71,0.3114754098360656,0.8591549295774648,61,32.0
1NLS,3IVV,A,D,237,9,0.375,0.8888888888888888,8,16.0
1NLS,3MD4,A,A,237,6,0.6,0.8333333333333334,5,16.0
1NLS,3MD5,A,A,237,6,0.6,0.8333333333333334,5,15.0
1NLS,3MEA,A,B,237,3,0.6666666666666666,1.0,3,8.0
1NLS,3MGN,A,H,237,1,1.0,1.0,1,6.0
1NLS,3PZZ,A,A,237,6,0.5,1.0,6,19.0
1NLS,3ZZY,A,C,237,8,0.5714285714285714,0.875,7,17.0
1NNX,2D5W,A,D,93,5,0.75,0.8,4,11.0
1NNX,2DKO,A,I,93,3,0.3333333333333333,1.0,3,9.0
1NNX,2Y7L,A,B,93,7,0.5,0.8571428571428571,6,12.0
1NNX,3MEA,A,B,93,3,0.3333333333333333,1.0,3,7.0
1NNX,3MGN,A,H,93,1,1.0,1.0,1,6.0
1NNX,3Q2X,A,A,93,6,0.4,0.8333333333333334,5,13.0
1NOA,2D5W,A,C,113,5,0.5,0.8,4,10.0
1NOA,2MCM,A,A,113,112,0.4727272727272727,0.9821428571428571,110,250.0
1NOA,2OL9,A,A,113,6,0.4,0.8333333333333334,5,10.0
1NOA,3FVA,A,A,113,6,0.4,0.8333333333333334,5,8.0
1NOA,3MD4,A,A,113,6,0.3333333333333333,1.0,6,11.0
1NOA,3MEA,A,B,113,3,0.6666666666666666,1.0,3,8.0
1NOA,3MGN,A,H,113,1,1.0,1.0,1,6.0
1NOT,1UHA,A,A,13,82,0.36363636363636365,0.8461538461538461,11,23.0
1NOT,2CG7,A,A,13,90,0.38461538461538464,1.0,13,17.0
1NOT,2PPN,A,A,13,107,0.36363636363636365,0.8461538461538461,11,20.0
1NOT,2W1V,A,A,13,274,0.45454545454545453,0.8461538461538461,11,24.0
1NOT,3E5T,A,A,13,228,0.5833333333333334,0.9230769230769231,12,18.5
1NOT,3MGN,A,H,13,1,1.0,1.0,1,6.0
1NOT,3O5P,A,A,13,128,0.3333333333333333,0.9230769230769231,12,23.0
1NOT,3PID,A,A,13,387,0.45454545454545453,0.8461538461538461,11,36.0
1NOT,3UCI,A,A,13,72,0.5,0.9230769230769231,12,28.0
1O06,1P9I,A,A,20,29,0.3888888888888889,0.9,18,32.0
1O06,1PZ4,A,A,20,113,0.3333333333333333,0.9,18,21.0
1O06,1U9C,A,A,20,220,0.3157894736842105,0.95,19,27.0
1O06,1UKU,A,A,20,102,0.4375,0.8,16,25.5
1O06,1ULR,A,A,20,87,0.3684210526315789,0.95,19,19.0
1O06,1W2L,A,A,20,97,0.4117647058823529,0.85,17,25.0
1O06,1WHI,A,A,20,122,0.3125,0.8,16,22.0
1O06,1WLY,A,A,20,322,0.5,0.8,16,28.0
1O06,1Y6X,A,A,20,87,0.35294117647058826,0.85,17,18.0
1O06,2AGK,A,A,20,233,0.3125,0.8,16,24.0
1O06,2G7S,A,A,20,190,0.3125,0.8,16,20.0
1O06,2OHW,A,A,20,128,0.4375,0.8,16,26.0
1O06,2PSF,A,A,20,307,0.4117647058823529,0.85,17,23.5
1O06,2Q52,A,A,20,206,0.5625,0.8,16,30.0
1O06,2VE8,A,A,20,67,0.4,1.0,20,23.0
1O06,2VPA,A,A,20,204,0.35294117647058826,0.85,17,23.5
1O06,3BED,A,A,20,130,0.35294117647058826,0.85,17,19.0
1O06,3FCN,A,A,20,158,0.5,0.8,16,24.0
1O06,3FMY,A,A,20,65,0.3125,0.8,16,18.5
1O06,3FOD,A,A,20,6,0.6,0.8333333333333334,5,10.0
1O06,3HHP,A,A,20,312,0.4,1.0,20,27.0
1O06,3I2V,A,A,20,124,0.35294117647058826,0.85,17,22.0
1O06,3LG3,A,A,20,419,0.3125,0.8,16,23.0
1O06,3M9Q,A,A,20,89,0.3125,0.8,16,22.0
1O06,3T3K,A,A,20,122,0.375,0.8,16,18.0
1O06,3V75,A,A,20,285,0.4375,0.8,16,27.0
1O06,3ZRX,A,A,20,111,0.3125,0.8,16,23.0
1O06,4DD5,A,A,20,387,0.3333333333333333,0.9,18,26.0
1O06,4F01,A,A,20,218,0.4444444444444444,0.9,18,27.0
1O06,4GA2,A,A,20,144,0.3684210526315789,0.95,19,18.5
1O08,1OB4,A,A,221,5,0.5,0.8,4,13.0
1O08,1OB7,A,A,221,5,0.5,0.8,4,13.0
1O08,1USE,A,A,221,40,0.45454545454545453,0.825,33,32.5
1O08,1V70,A,A,221,105,0.31868131868131866,0.8666666666666667,91,33.5
1O08,1VRZ,A,A,221,13,0.36363636363636365,0.8461538461538461,11,15.0
1O08,2D5W,A,C,221,5,1.0,0.8,4,20.0
1O08,2DKO,A,I,221,3,0.3333333333333333,1.0,3,11.0
1O08,2Y7L,A,B,221,7,0.42857142857142855,1.0,7,16.0
1O08,3HYD,A,A,221,7,0.42857142857142855,1.0,7,13.0
1O08,3L41,A,B,221,5,0.4,1.0,5,17.0
1O08,3MGN,A,H,221,1,1.0,1.0,1,6.0
1O08,3Q2X,A,A,221,6,0.4,0.8333333333333334,5,13.0
1O08,4G14,A,A,221,5,0.5,0.8,4,15.0
1OB4,1OB7,A,A,5,5,1.0,1.0,5,28.0
1OB4,1OPD,A,A,5,85,0.75,0.8,4,13.0
1OB4,1PEF,A,A,5,18,0.5,0.8,4,7.0
1OB4,1PMY,A,A,5,123,0.5,0.8,4,14.0
1OB4,1PZ4,A,A,5,113,0.6,1.0,5,15.0
1OB4,1QKI,A,A,5,488,0.75,0.8,4,15.0
1OB4,1SAU,A,A,5,114,0.4,1.0,5,16.0
1OB4,1U06,A,A,5,55,0.5,0.8,4,11.0
1OB4,1V70,A,A,5,105,0.4,1.0,5,12.0
1OB4,1X3O,A,A,5,80,0.75,0.8,4,18.0
1OB4,1Z21,A,A,5,96,0.5,0.8,4,13.0
1OB4,2AH1,A,A,5,359,0.5,0.8,4,13.0
1OB4,2BRF,A,A,5,100,0.75,0.8,4,17.0
1OB4,2D5W,A,A,5,602,1.0,0.8,4,22.0
1OB4,2DPL,A,A,5,287,0.75,0.8,4,18.0
1OB4,2DSX,A,A,5,52,0.5,0.8,4,16.0
1OB4,2E3H,A,A,5,81,0.6,1.0,5,15.0
1OB4,2EHP,A,A,5,124,0.6,1.0,5,16.0
1OB4,2EHS,A,A,5,75,0.5,0.8,4,16.0
1OB4,2ETX,A,A,5,194,0.75,0.8,4,19.0
1OB4,2FG1,A,A,5,157,0.75,0.8,4,16.0
1OB4,2FQ3,A,A,5,85,0.5,0.8,4,12.0
1OB4,2GZQ,A,A,5,191,0.4,1.0,5,12.0
1OB4,2HYK,A,A,5,237,0.6,1.0,5,17.0
1OB4,2I24,A,N,5,113,0.5,0.8,4,11.0
1OB4,2I49,A,A,5,398,0.5,0.8,4,14.0
1OB4,2IMF,A,A,5,203,0.5,0.8,4,14.0
1OB4,2IP6,A,A,5,87,0.75,0.8,4,11.0
1OB4,2MCM,A,A,5,112,0.75,0.8,4,16.0
1OB4,2O6X,A,A,5,306,0.75,0.8,4,18.0
1OB4,2PTH,A,A,5,193,0.4,1.0,5,13.0
1OB4,2QJL,A,A,5,99,0.75,0.8,4,15.0
1OB4,2V9V,A,A,5,135,0.4,1.0,5,13.0
1OB4,2VY8,A,A,5,149,0.4,1.0,5,11.0
1OB4,2VYO,A,A,5,206,0.5,0.8,4,12.0
1OB4,2WJ5,A,A,5,96,0.5,0.8,4,14.0
1OB4,2X9Z,A,A,5,262,0.4,1.0,5,13.0
1OB4,2Y7L,A,A,5,312,0.5,0.8,4,13.0
1OB4,2Y9F,A,A,5,149,0.75,0.8,4,17.0
1OB4,3A0M,A,A,5,25,0.5,0.8,4,12.0
1OB4,3AUB,A,A,5,58,0.6,1.0,5,16.0
1OB4,3BA1,A,A,5,312,0.75,0.8,4,18.0
1OB4,3BED,A,A,5,130,0.5,0.8,4,11.0
1OB4,3BQX,A,A,5,139,0.6,1.0,5,16.0
1OB4,3DWV,A,A,5,162,0.75,0.8,4,13.0
1OB4,3E5T,A,A,5,228,0.5,0.8,4,13.0
1OB4,3FKE,A,A,5,123,0.75,0.8,4,13.0
1OB4,3FTD,A,A,5,240,0.5,0.8,4,15.0
1OB4,3GBW,A,A,5,161,0.6,1.0,5,13.0
1OB4,3HP4,A,A,5,182,0.75,0.8,4,18.0
1OB4,3I7M,A,A,5,134,0.6,1.0,5,17.0
1OB4,3IVV,A,A,5,140,0.75,0.8,4,15.0
1OB4,3K6Y,A,A,5,227,0.4,1.0,5,14.0
1OB4,3KBE,A,A,5,140,0.75,0.8,4,16.0
1OB4,3KGK,A,B,5,98,0.75,0.8,4,16.0
1OB4,3LAX,A,A,5,106,0.5,0.8,4,11.0
1OB4,3M9Q,A,A,5,89,0.5,0.8,4,12.0
1OB4,3MEA,A,A,5,162,0.5,0.8,4,12.0
1OB4,3MGN,A,H,5,1,1.0,1.0,1,6.0
1OB4,3MRE,A,B,5,100,0.5,0.8,4,13.0
1OB4,3NGG,A,A,5,46,0.75,0.8,4,14.0
1OB4,3O0P,A,A,5,194,0.5,0.8,4,10.0
1OB4,3OBQ,A,A,5,141,0.6,1.0,5,17.0
1OB4,3P6J,A,A,5,125,0.4,1.0,5,13.0
1OB4,3PKV,A,A,5,221,0.5,0.8,4,13.0
1OB4,3PTL,A,A,5,279,0.5,0.8,4,14.0
1OB4,3PZ9,A,A,5,357,0.4,1.0,5,15.0
1OB4,3QDS,A,A,5,142,0.75,0.8,4,18.0
1OB4,3R6D,A,A,5,215,0.5,0.8,4,12.0
1OB4,3RQ9,A,A,5,78,0.75,0.8,4,16.0
1OB4,3RY0,A,A,5,65,0.5,0.8,4,11.0
1OB4,3SED,A,A,5,124,0.6,1.0,5,16.0
1OB4,3SO6,A,A,5,137,0.5,0.8,4,11.0
1OB4,3SUK,A,A,5,124,0.6,1.0,5,15.0
1OB4,3TDN,A,B,5,236,0.75,0.8,4,15.0
1OB4,3V75,A,A,5,285,0.5,0.8,4,15.0
1OB4,3VOR,A,A,5,182,0.5,0.8,4,12.0
1OB4,3VVV,A,A,5,108,0.4,1.0,5,12.0
1OB4,3ZSL,A,A,5,138,0.5,0.8,4,12.0
1OB4,3ZZY,A,C,5,8,0.5,0.8,4,11.0
1OB4,4A02,A,A,5,166,0.5,0.8,4,15.0
1OB4,4AVR,A,A,5,94,0.5,0.8,4,13.0
1OB4,4DD5,A,A,5,387,0.5,0.8,4,17.0
1OB4,4DKN,A,A,5,209,0.5,0.8,4,12.0
1OB4,4DT4,A,A,5,160,0.6,1.0,5,19.0
1OB4,4ES1,A,A,5,95,0.5,0.8,4,13.0
1OB4,4EUG,A,A,5,225,0.4,1.0,5,15.0
1OB4,4F01,A,A,5,218,0.5,0.8,4,15.0
1OB4,4F3J,A,A,5,143,0.6,1.0,5,13.0
1OB4,4G7X,A,A,5,92,0.5,0.8,4,14.0
1OB4,4HDE,A,A,5,168,0.4,1.0,5,14.0
1OB4,4IL7,A,A,5,85,0.75,0.8,4,15.0
1OB4,4JG2,A,A,5,185,0.5,0.8,4,13.0
1OB4,4JYP,A,A,5,267,0.4,1.0,5,16.0
1OB4,6RXN,A,A,5,45,0.4,1.0,5,8.0
1OB7,1OPD,A,A,5,85,0.75,0.8,4,13.0
1OB7,1PEF,A,A,5,18,0.5,0.8,4,7.0
1OB7,1PMY,A,A,5,123,0.5,0.8,4,14.0
1OB7,1PZ4,A,A,5,113,0.6,1.0,5,15.0
1OB7,1QKI,A,A,5,488,0.75,0.8,4,15.0
1OB7,1SAU,A,A,5,114,0.4,1.0,5,16.0
1OB7,1U06,A,A,5,55,0.5,0.8,4,11.0
1OB7,1V70,A,A,5,105,0.4,1.0,5,12.0
1OB7,1X3O,A,A,5,80,0.75,0.8,4,18.0
1OB7,1Z21,A,A,5,96,0.5,0.8,4,13.0
1OB7,2AH1,A,A,5,359,0.5,0.8,4,13.0
1OB7,2BRF,A,A,5,100,0.75,0.8,4,17.0
1OB7,2D5W,A,A,5,602,1.0,0.8,4,22.0
1OB7,2DPL,A,A,5,287,0.75,0.8,4,18.0
1OB7,2DSX,A,A,5,52,0.5,0.8,4,16.0
1OB7,2E3H,A,A,5,81,0.6,1.0,5,15.0
1OB7,2EHP,A,A,5,124,0.6,1.0,5,16.0
1OB7,2EHS,A,A,5,75,0.5,0.8,4,16.0
1OB7,2ETX,A,A,5,194,0.75,0.8,4,19.0
1OB7,2FG1,A,A,5,157,0.75,0.8,4,16.0
1OB7,2FQ3,A,A,5,85,0.5,0.8,4,12.0
1OB7,2GZQ,A,A,5,191,0.4,1.0,5,12.0
1OB7,2HYK,A,A,5,237,0.6,1.0,5,17.0
1OB7,2I24,A,N,5,113,0.5,0.8,4,11.0
1OB7,2I49,A,A,5,398,0.5,0.8,4,14.0
1OB7,2IMF,A,A,5,203,0.5,0.8,4,14.0
1OB7,2IP6,A,A,5,87,0.75,0.8,4,11.0
1OB7,2MCM,A,A,5,112,0.75,0.8,4,16.0
1OB7,2O6X,A,A,5,306,0.75,0.8,4,18.0
1OB7,2PTH,A,A,5,193,0.4,1.0,5,13.0
1OB7,2QJL,A,A,5,99,0.75,0.8,4,15.0
1OB7,2V9V,A,A,5,135,0.4,1.0,5,13.0
1OB7,2VY8,A,A,5,149,0.4,1.0,5,11.0
1OB7,2VYO,A,A,5,206,0.5,0.8,4,12.0
1OB7,2WJ5,A,A,5,96,0.5,0.8,4,14.0
1OB7,2X9Z,A,A,5,262,0.4,1.0,5,13.0
1OB7,2Y7L,A,A,5,312,0.5,0.8,4,13.0
1OB7,2Y9F,A,A,5,149,0.75,0.8,4,17.0
1OB7,3A0M,A,A,5,25,0.5,0.8,4,12.0
1OB7,3AUB,A,A,5,58,0.6,1.0,5,16.0
1OB7,3BA1,A,A,5,312,0.75,0.8,4,18.0
1OB7,3BED,A,A,5,130,0.5,0.8,4,11.0
1OB7,3BQX,A,A,5,139,0.6,1.0,5,16.0
1OB7,3DWV,A,A,5,162,0.75,0.8,4,13.0
1OB7,3E5T,A,A,5,228,0.5,0.8,4,13.0
1OB7,3FKE,A,A,5,123,0.75,0.8,4,13.0
1OB7,3FTD,A,A,5,240,0.5,0.8,4,15.0
1OB7,3GBW,A,A,5,161,0.6,1.0,5,13.0
1OB7,3HP4,A,A,5,182,0.75,0.8,4,18.0
1OB7,3I7M,A,A,5,134,0.6,1.0,5,17.0
1OB7,3IVV,A,A,5,140,0.75,0.8,4,15.0
1OB7,3K6Y,A,A,5,227,0.4,1.0,5,14.0
1OB7,3KBE,A,A,5,140,0.75,0.8,4,16.0
1OB7,3KGK,A,B,5,98,0.75,0.8,4,16.0
1OB7,3LAX,A,A,5,106,0.5,0.8,4,11.0
1OB7,3M9Q,A,A,5,89,0.5,0.8,4,12.0
1OB7,3MEA,A,A,5,162,0.5,0.8,4,12.0
1OB7,3MGN,A,H,5,1,1.0,1.0,1,6.0
1OB7,3MRE,A,B,5,100,0.5,0.8,4,13.0
1OB7,3NGG,A,A,5,46,0.75,0.8,4,14.0
1OB7,3O0P,A,A,5,194,0.5,0.8,4,10.0
1OB7,3OBQ,A,A,5,141,0.6,1.0,5,17.0
1OB7,3P6J,A,A,5,125,0.4,1.0,5,13.0
1OB7,3PKV,A,A,5,221,0.5,0.8,4,13.0
1OB7,3PTL,A,A,5,279,0.5,0.8,4,14.0
1OB7,3PZ9,A,A,5,357,0.4,1.0,5,15.0
1OB7,3QDS,A,A,5,142,0.75,0.8,4,18.0
1OB7,3R6D,A,A,5,215,0.5,0.8,4,12.0
1OB7,3RQ9,A,A,5,78,0.75,0.8,4,16.0
1OB7,3RY0,A,A,5,65,0.5,0.8,4,11.0
1OB7,3SED,A,A,5,124,0.6,1.0,5,16.0
1OB7,3SO6,A,A,5,137,0.5,0.8,4,11.0
1OB7,3SUK,A,A,5,124,0.6,1.0,5,15.0
1OB7,3TDN,A,B,5,236,0.75,0.8,4,15.0
1OB7,3V75,A,A,5,285,0.5,0.8,4,15.0
1OB7,3VOR,A,A,5,182,0.5,0.8,4,12.0
1OB7,3VVV,A,A,5,108,0.4,1.0,5,12.0
1OB7,3ZSL,A,A,5,138,0.5,0.8,4,12.0
1OB7,3ZZY,A,C,5,8,0.5,0.8,4,11.0
1OB7,4A02,A,A,5,166,0.5,0.8,4,15.0
1OB7,4AVR,A,A,5,94,0.5,0.8,4,13.0
1OB7,4DD5,A,A,5,387,0.5,0.8,4,17.0
1OB7,4DKN,A,A,5,209,0.5,0.8,4,12.0
1OB7,4DT4,A,A,5,160,0.6,1.0,5,19.0
1OB7,4ES1,A,A,5,95,0.5,0.8,4,13.0
1OB7,4EUG,A,A,5,225,0.4,1.0,5,15.0
1OB7,4F01,A,A,5,218,0.5,0.8,4,15.0
1OB7,4F3J,A,A,5,143,0.6,1.0,5,13.0
1OB7,4G7X,A,A,5,92,0.5,0.8,4,14.0
1OB7,4HDE,A,A,5,168,0.4,1.0,5,14.0
1OB7,4IL7,A,A,5,85,0.75,0.8,4,15.0
1OB7,4JG2,A,A,5,185,0.5,0.8,4,13.0
1OB7,4JYP,A,A,5,267,0.4,1.0,5,16.0
1OB7,6RXN,A,A,5,45,0.4,1.0,5,8.0
1OPD,1PMY,A,A,85,123,0.32432432432432434,0.8705882352941177,74,38.0
1OPD,3FVA,A,A,85,6,0.4,0.8333333333333334,5,10.0
1OPD,3IHS,A,B,85,84,0.37662337662337664,0.9166666666666666,77,156.0
1OPD,3MAB,A,A,85,85,0.3472222222222222,0.8470588235294118,72,46.5
1OPD,3MGN,A,H,85,1,1.0,1.0,1,6.0
1OPD,3MRE,A,P,85,9,0.5,0.8888888888888888,8,13.0
1OPD,3Q6L,A,A,85,131,0.36764705882352944,0.8,68,36.5
1OPD,3RZY,A,A,85,139,0.36764705882352944,0.8,68,36.5
1P9I,2DKO,A,I,29,3,0.3333333333333333,1.0,3,8.0
1P9I,2G7S,A,A,29,190,0.36,0.8620689655172413,25,30.0
1P9I,2OA2,A,A,29,132,0.3333333333333333,0.8275862068965517,24,22.0
1P9I,2W6A,A,A,29,61,0.3076923076923077,0.896551724137931,26,32.0
1P9I,2WUJ,A,A,29,50,0.3448275862068966,1.0,29,38.0
1P9I,2YNY,A,A,29,106,0.34615384615384615,0.896551724137931,26,53.0
1P9I,2ZU1,A,A,29,180,0.32142857142857145,0.9655172413793104,28,18.5
1P9I,3BED,A,A,29,130,0.3076923076923077,0.896551724137931,26,28.5
1P9I,3BQX,A,A,29,139,0.32,0.8620689655172413,25,24.0
1P9I,3FE7,A,A,29,83,0.32,0.8620689655172413,25,19.0
1P9I,3FOD,A,A,29,6,0.6,0.8333333333333334,5,15.0
1P9I,3IVV,A,A,29,140,0.4074074074074074,0.9310344827586207,27,23.0
1P9I,3L41,A,B,29,5,0.6,1.0,5,14.0
1P9I,3MGN,A,H,29,1,1.0,1.0,1,6.0
1P9I,3MRE,A,P,29,9,0.5,0.8888888888888888,8,13.0
1P9I,3O0P,A,A,29,194,0.32142857142857145,0.9655172413793104,28,25.5
1P9I,3S0A,A,A,29,119,0.34615384615384615,0.896551724137931,26,30.0
1P9I,4AM1,A,A,29,345,0.4,0.8620689655172413,25,35.5
1P9I,4DD5,A,A,29,387,0.3333333333333333,0.8275862068965517,24,32.0
1P9I,4ES1,A,A,29,95,0.5384615384615384,0.896551724137931,26,30.5
1P9I,4F01,A,A,29,218,0.4444444444444444,0.9310344827586207,27,40.0
1P9I,4G6C,A,A,29,333,0.44,0.8620689655172413,25,30.5
1P9I,4G7X,A,B,29,102,0.375,0.8275862068965517,24,22.5
1P9I,4H4J,A,A,29,236,0.375,0.8275862068965517,24,24.0
1P9I,4J78,A,B,29,5,0.5,0.8,4,11.0
1PEF,1UKU,A,A,18,102,0.4375,0.8888888888888888,16,30.0
1PEF,1USE,A,A,18,40,0.3125,0.8888888888888888,16,27.0
1PEF,1UTG,A,A,18,70,0.3333333333333333,0.8333333333333334,15,23.0
1PEF,1V70,A,A,18,105,0.3333333333333333,1.0,18,18.0
1PEF,1Z21,A,A,18,96,0.5333333333333333,0.8333333333333334,15,26.0
1PEF,2C71,A,A,18,205,0.5333333333333333,0.8333333333333334,15,20.0
1PEF,2DKO,A,B,18,103,0.3333333333333333,0.8333333333333334,15,24.0
1PEF,2DPL,A,B,18,278,0.3333333333333333,1.0,18,22.5
1PEF,2IMF,A,A,18,203,0.3333333333333333,0.8333333333333334,15,22.0
1PEF,2J32,A,A,18,240,0.3333333333333333,0.8333333333333334,15,24.0
1PEF,2PMR,A,A,18,76,0.5,0.8888888888888888,16,34.0
1PEF,2WJ5,A,A,18,96,0.3125,0.8888888888888888,16,16.0
1PEF,2WUJ,A,A,18,50,0.3333333333333333,0.8333333333333334,15,21.0
1PEF,2YNY,A,A,18,106,0.3333333333333333,0.8333333333333334,15,29.0
1PEF,2ZCM,A,A,18,177,0.4117647058823529,0.9444444444444444,17,20.0
1PEF,3FE7,A,A,18,83,0.5,0.8888888888888888,16,23.5
1PEF,3FTD,A,A,18,240,0.4117647058823529,0.9444444444444444,17,26.0
1PEF,3MRE,A,A,18,274,0.4117647058823529,0.9444444444444444,17,20.0
1PEF,3PD7,A,A,18,94,0.3333333333333333,0.8333333333333334,15,16.0
1PEF,3SR3,A,A,18,333,0.4666666666666667,0.8333333333333334,15,19.5
1PEF,3TYS,A,A,18,75,0.375,0.8888888888888888,16,18.0
1PEF,4AM1,A,A,18,345,0.5,0.8888888888888888,16,32.5
1PEF,4DND,A,A,18,95,0.3333333333333333,0.8333333333333334,15,25.0
1PEF,4J5Q,A,A,18,146,0.375,0.8888888888888888,16,24.0
1PEF,4JYP,A,A,18,267,0.4,0.8333333333333334,15,20.0
1PEN,1Q9B,A,A,16,43,0.3333333333333333,0.9375,15,30.0
1PEN,1RJU,A,V,16,36,0.46153846153846156,0.8125,13,27.0
1PEN,1UHA,A,A,16,82,0.3333333333333333,0.9375,15,28.0
1PEN,1YJO,A,A,16,6,0.4,0.8333333333333334,5,13.0
1PEN,2B0A,A,A,16,186,0.3333333333333333,0.9375,15,20.0
1PEN,2BCM,A,A,16,138,0.35714285714285715,0.875,14,24.0
1PEN,2D5W,A,C,16,5,0.5,0.8,4,12.0
1PEN,2G7O,A,A,16,68,0.3333333333333333,0.9375,15,20.0
1PEN,2JKU,A,A,16,35,0.3076923076923077,0.8125,13,13.5
1PEN,2R16,A,A,16,175,0.3125,1.0,16,27.0
1PEN,3M3P,A,A,16,249,0.38461538461538464,0.8125,13,23.5
1PEN,3MGN,A,H,16,1,1.0,1.0,1,6.0
1PEN,3O0P,A,A,16,194,0.3076923076923077,0.8125,13,17.0
1PMY,2D5W,A,D,123,5,0.5,0.8,4,11.0
1PMY,2DKO,A,I,123,3,1.0,1.0,3,15.0
1PMY,2OL9,A,A,123,6,0.6,0.8333333333333334,5,13.0
1PMY,2PLT,A,A,123,98,0.3218390804597701,0.8877551020408163,87,103.5
1PMY,3FVA,A,A,123,6,0.4,0.8333333333333334,5,10.0
1PMY,3MGN,A,H,123,1,1.0,1.0,1,6.0
1PMY,3MRE,A,P,123,9,0.375,0.8888888888888888,8,16.0
1PMY,3NVG,A,A,123,6,0.4,0.8333333333333334,5,12.0
1PMY,3ZZY,A,C,123,8,0.375,1.0,8,16.0
1PMY,4G14,A,A,123,5,0.4,1.0,5,11.0
1PZ4,2D5W,A,D,113,5,0.5,0.8,4,8.0
1PZ4,2DKO,A,I,113,3,1.0,1.0,3,15.0
1PZ4,3HYD,A,A,113,7,0.5,0.8571428571428571,6,17.0
1PZ4,3L41,A,B,113,5,0.4,1.0,5,10.0
1PZ4,3MGN,A,H,113,1,1.0,1.0,1,6.0
1PZ4,3MRE,A,P,113,9,0.3333333333333333,1.0,9,13.0
1PZ4,3NVG,A,A,113,6,0.4,0.8333333333333334,5,9.0
1Q9B,1RJU,A,V,43,36,0.3548387096774194,0.8611111111111112,31,39.5
1Q9B,1UHA,A,A,43,82,0.631578947368421,0.8837209302325582,38,156.5
1Q9B,1YJO,A,A,43,6,0.6,0.8333333333333334,5,14.0
1Q9B,2D5W,A,D,43,5,0.5,0.8,4,8.0
1Q9B,3L41,A,B,43,5,0.5,0.8,4,11.0
1Q9B,3MGN,A,H,43,1,1.0,1.0,1,6.0
1Q9B,3PZZ,A,A,43,6,0.4,0.8333333333333334,5,7.0
1QAU,1VRZ,A,A,112,13,0.5384615384615384,1.0,13,18.5
1QAU,2D5W,A,D,112,5,0.75,0.8,4,14.0
1QAU,2EAQ,A,A,112,89,0.33766233766233766,0.8651685393258427,77,62.0
1QAU,3DRF,A,B,112,8,0.42857142857142855,0.875,7,12.0
1QAU,3FOD,A,A,112,6,0.6,0.8333333333333334,5,12.0
1QAU,3HYD,A,A,112,7,0.5,0.8571428571428571,6,14.0
1QAU,3MGN,A,H,112,1,1.0,1.0,1,6.0
1QAU,3NVG,A,A,112,6,0.3333333333333333,1.0,6,11.0
1QAU,4J78,A,B,112,5,0.5,0.8,4,10.0
1QKI,1YJO,A,A,488,6,0.4,0.8333333333333334,5,13.0
1QKI,2D5W,A,D,488,5,0.5,0.8,4,10.0
1QKI,2DKO,A,I,488,3,0.6666666666666666,1.0,3,12.0
1QKI,2EHP,A,B,488,124,0.33035714285714285,0.9032258064516129,112,43.0
1QKI,3DRF,A,B,488,8,0.5,1.0,8,19.0
1QKI,3FE7,A,L,488,5,0.5,0.8,4,13.0
1QKI,3FOD,B,A,489,6,0.6,0.8333333333333334,5,11.0
1QKI,3MD4,A,A,488,6,0.6,0.8333333333333334,5,17.0
1QKI,3MD5,A,A,488,6,0.6,0.8333333333333334,5,19.0
1QKI,3MEA,A,B,488,3,0.6666666666666666,1.0,3,10.0
1QKI,3MGN,A,H,488,1,1.0,1.0,1,6.0
1QKI,3NVG,A,A,488,6,0.4,0.8333333333333334,5,17.0
1QKI,3OQY,A,a,488,13,0.38461538461538464,1.0,13,19.5
1QKI,3PTL,A,B,488,10,0.5,1.0,10,18.0
1QKI,4G14,A,A,488,5,0.75,0.8,4,15.0
1QKI,4J78,A,B,488,5,0.6,1.0,5,15.0
1QTO,2D5W,A,D,122,5,0.5,0.8,4,12.0
1QTO,3L41,A,B,122,5,0.5,0.8,4,10.0
1QTO,3MEA,A,B,122,3,0.6666666666666666,1.0,3,11.0
1QTO,3MGN,A,H,122,1,1.0,1.0,1,6.0
1QTO,3ZZY,A,C,122,8,0.625,1.0,8,23.0
1QTO,4G14,A,A,122,5,0.4,1.0,5,14.0
1R29,2D5W,A,D,122,5,0.75,0.8,4,13.0
1R29,2DKO,A,I,122,3,0.3333333333333333,1.0,3,9.0
1R29,2OL9,A,A,122,6,0.4,0.8333333333333334,5,11.0
1R29,2Y7L,A,B,122,7,0.5,0.8571428571428571,6,16.0
1R29,3HYD,A,A,122,7,0.42857142857142855,1.0,7,18.0
1R29,3MGN,A,H,122,1,1.0,1.0,1,6.0
1R29,3PTL,A,B,122,10,0.3,1.0,10,15.0
1R29,3PZZ,A,A,122,6,0.4,0.8333333333333334,5,12.0
1R29,3Q2X,A,A,122,6,0.4,0.8333333333333334,5,10.0
1R29,4J78,A,B,122,5,0.6,1.0,5,14.0
1R7J,2AGK,A,A,90,233,0.3287671232876712,0.8111111111111111,73,58.5
1R7J,2D5W,A,C,90,5,0.4,1.0,5,13.0
1R7J,2DKO,A,I,90,3,0.3333333333333333,1.0,3,9.0
1R7J,2GXG,A,A,90,140,0.3684210526315789,0.8444444444444444,76,42.0
1R7J,2OLX,A,A,90,4,0.5,1.0,4,9.0
1R7J,2ZCM,A,A,90,177,0.325,0.8888888888888888,80,46.5
1R7J,3FOD,A,A,90,6,0.6,0.8333333333333334,5,13.0
1R7J,3HHP,A,A,90,312,0.3194444444444444,0.8,72,44.5
1R7J,3L41,A,B,90,5,0.6,1.0,5,14.0
1R7J,3MGN,A,H,90,1,1.0,1.0,1,6.0
1R7J,4J78,A,B,90,5,0.4,1.0,5,16.0
1RJU,1UHA,V,A,36,82,0.43333333333333335,0.8333333333333334,30,45.5
1RJU,2D5W,V,D,36,5,0.5,0.8,4,7.0
1RJU,2OL9,V,A,36,6,0.6,0.8333333333333334,5,14.0
1RJU,2OLX,V,A,36,4,0.75,1.0,4,19.0
1RJU,3DRF,V,B,36,8,0.42857142857142855,0.875,7,10.0
1RJU,3L41,V,B,36,5,0.5,0.8,4,8.0
1RJU,3MGN,V,H,36,1,1.0,1.0,1,6.0
1RJU,3OQY,V,A,36,102,0.3870967741935484,0.8611111111111112,31,31.0
1RJU,3SUK,V,A,36,124,0.34375,0.8888888888888888,32,29.0
1RJU,3UCI,V,A,36,72,0.45161290322580644,0.8611111111111112,31,44.0
1RRO,1YJO,A,A,108,6,0.5,1.0,6,19.0
1RRO,2D5W,A,D,108,5,0.75,0.8,4,15.0
1RRO,2DKO,A,I,108,3,0.6666666666666666,1.0,3,12.0
1RRO,2W6A,A,B,108,56,0.32075471698113206,0.9464285714285714,53,24.5
1RRO,2Y7L,A,B,108,7,0.42857142857142855,1.0,7,16.0
1RRO,3FVA,A,A,108,6,0.3333333333333333,1.0,6,14.0
1RRO,3IVV,A,D,108,9,0.625,0.8888888888888888,8,13.0
1RRO,3L41,A,B,108,5,0.5,0.8,4,14.0
1RRO,3MD4,A,A,108,6,0.6,0.8333333333333334,5,17.0
1RRO,3MD5,A,A,108,6,0.6,0.8333333333333334,5,16.0
1RRO,3MGN,A,H,108,1,1.0,1.0,1,6.0
1RRO,3OQY,A,a,108,13,0.45454545454545453,0.8461538461538461,11,19.0
1RRO,3PTL,A,B,108,10,0.4444444444444444,0.9,9,17.0
1RRO,4J78,A,B,108,5,0.6,1.0,5,13.0
1SAU,1YJO,A,A,114,6,0.5,1.0,6,11.0
1SAU,2D5W,A,C,114,5,0.6,1.0,5,14.0
1SAU,2DPL,A,A,114,287,0.35294117647058826,0.8947368421052632,102,46.0
1SAU,3FOD,A,A,114,6,0.3333333333333333,1.0,6,10.0
1SAU,3L41,A,B,114,5,0.6,1.0,5,14.0
1SAU,3MGN,A,H,114,1,1.0,1.0,1,6.0
1SAU,3MRE,A,P,114,9,0.4444444444444444,1.0,9,15.0
1SAU,3NGG,A,A,114,46,0.38461538461538464,0.8478260869565217,39,40.5
1SAU,3OBQ,A,B,114,9,0.375,0.8888888888888888,8,16.0
1SAU,4J78,A,B,114,5,0.6,1.0,5,10.0
1TGR,2D5W,A,C,52,5,0.75,0.8,4,18.0
1TGR,3HWU,A,A,52,144,0.3111111111111111,0.8653846153846154,45,25.0
1TGR,3IVV,A,A,52,140,0.38095238095238093,0.8076923076923077,42,27.0
1TGR,3MGN,A,H,52,1,1.0,1.0,1,6.0
1TZV,2D5W,A,D,141,5,0.6,1.0,5,12.0
1TZV,3FOD,A,A,141,6,0.6,0.8333333333333334,5,13.0
1TZV,3MGN,A,H,141,1,1.0,1.0,1,6.0
1TZV,3Q2X,A,A,141,6,0.3333333333333333,1.0,6,14.0
1TZV,3V1A,A,A,141,48,0.3,0.8333333333333334,40,26.5
1TZV,3VN0,A,D,141,47,0.38461538461538464,0.8297872340425532,39,27.0
1U06,1YJO,A,A,55,6,0.3333333333333333,1.0,6,16.0
1U06,2D5W,A,D,55,5,0.5,0.8,4,8.0
1U06,2OLX,A,A,55,4,0.5,1.0,4,13.0
1U06,2PSF,A,A,55,307,0.32075471698113206,0.9636363636363636,53,44.5
1U06,2PTH,A,A,55,193,0.3076923076923077,0.9454545454545454,52,26.0
1U06,3FOD,A,A,55,6,0.6,0.8333333333333334,5,16.0
1U06,3HYD,A,A,55,7,0.8333333333333334,0.8571428571428571,6,20.0
1U06,3L41,A,B,55,5,0.5,0.8,4,14.0
1U06,3MEA,A,A,55,162,0.30612244897959184,0.8909090909090909,49,30.0
1U06,3MGN,A,H,55,1,1.0,1.0,1,6.0
1U06,3PZZ,A,A,55,6,0.5,1.0,6,12.0
1U06,3Q2X,A,A,55,6,0.6,0.8333333333333334,5,15.0
1U06,3W4Q,A,A,55,258,0.34,0.9090909090909091,50,39.0
1U06,4B6G,A,A,55,283,0.3409090909090909,0.8,44,32.5
1U06,4KEF,A,A,55,133,0.3181818181818182,0.8,44,30.0
1U7I,2OLX,A,A,134,4,0.5,1.0,4,11.0
1U7I,3MGN,A,H,134,1,1.0,1.0,1,6.0
1U7I,3MRE,A,P,134,9,0.375,0.8888888888888888,8,10.0
1U7I,3TYS,A,A,134,75,0.3013698630136986,0.9733333333333334,73,27.0
1U7I,4G14,A,A,134,5,0.6,1.0,5,16.0
1U9C,2WW7,A,A,220,22,0.35,0.9090909090909091,20,20.0
1U9C,3BZZ,A,A,220,19,0.4375,0.8421052631578947,16,24.0
1U9C,3FOD,A,A,220,6,0.6,0.8333333333333334,5,15.0
1U9C,3HFO,A,A,220,65,0.4230769230769231,0.8,52,31.0
1U9C,3HYD,A,A,220,7,0.6666666666666666,0.8571428571428571,6,18.0
1U9C,3MGN,A,H,220,1,1.0,1.0,1,6.0
1U9C,4ERY,A,A,220,304,0.3316582914572864,0.9045454545454545,199,60.5
1U9C,4J78,A,B,220,5,0.75,0.8,4,12.0
1UHA,2Y7L,A,B,82,7,0.3333333333333333,0.8571428571428571,6,13.0
1UHA,3MGN,A,H,82,1,1.0,1.0,1,6.0
1UHA,3PZZ,A,A,82,6,0.4,0.8333333333333334,5,8.0
1UKU,2DKO,A,I,102,3,0.6666666666666666,1.0,3,12.0
1UKU,2DPL,A,A,102,287,0.3048780487804878,0.803921568627451,82,34.5
1UKU,2J32,A,B,102,4,0.5,1.0,4,13.0
1UKU,2NUH,A,A,102,104,0.35051546391752575,0.9509803921568627,97,149.0
1UKU,2Y7L,A,B,102,7,0.3333333333333333,0.8571428571428571,6,14.0
1UKU,3FE7,A,L,102,5,0.5,0.8,4,18.0
1UKU,3FOD,A,A,102,6,0.6,0.8333333333333334,5,13.0
1UKU,3LG3,A,A,102,419,0.32926829268292684,0.803921568627451,82,44.0
1UKU,3MGN,A,H,102,1,1.0,1.0,1,6.0
1UKU,3N11,A,A,102,325,0.3333333333333333,0.8529411764705882,87,28.5
1UKU,4J78,A,B,102,5,0.75,0.8,4,12.0
1ULR,1XY1,A,A,87,8,0.5,1.0,8,22.0
1ULR,1XY2,A,A,87,8,0.5,1.0,8,22.0
1ULR,2D5W,A,C,87,5,0.6,1.0,5,14.0
1ULR,3MGN,A,H,87,1,1.0,1.0,1,6.0
1ULR,3PTL,A,B,87,10,0.4444444444444444,0.9,9,19.0
1ULR,3PZZ,A,A,87,6,0.3333333333333333,1.0,6,12.0
1UOY,2D5W,A,C,64,5,0.4,1.0,5,7.0
1UOY,2OLX,A,A,64,4,0.5,1.0,4,8.0
1UOY,3E7R,A,L,64,40,0.3333333333333333,0.825,33,34.5
1UOY,3FVA,A,A,64,6,0.3333333333333333,1.0,6,10.0
1UOY,3IVV,A,D,64,9,0.5,0.8888888888888888,8,13.0
1UOY,3MGN,A,H,64,1,1.0,1.0,1,6.0
1UOY,4ERY,A,A,64,304,0.3269230769230769,0.8125,52,43.5
1USE,2DKO,A,I,40,3,0.6666666666666666,1.0,3,11.0
1USE,2G7S,A,A,40,190,0.4,0.875,35,30.5
1USE,2JLI,A,A,40,100,0.4,0.875,35,26.0
1USE,3FE7,A,L,40,5,0.6,1.0,5,14.0
1USE,3IVV,A,A,40,140,0.37142857142857144,0.875,35,25.5
1USE,3KGK,A,A,40,92,0.3333333333333333,0.825,33,37.0
1USE,3M9J,A,A,40,105,0.5454545454545454,0.825,33,40.5
1USE,3Q2X,A,A,40,6,0.6,0.8333333333333334,5,10.0
1USE,4HJP,A,A,40,281,0.30303030303030304,0.825,33,35.5
1USE,4J78,A,B,40,5,0.6,1.0,5,13.0
1USM,2D5W,A,A,77,602,0.3225806451612903,0.8051948051948052,62,38.0
1USM,3L41,A,B,77,5,0.4,1.0,5,12.0
1USM,3MGN,A,H,77,1,1.0,1.0,1,6.0
1USM,3NVG,A,A,77,6,0.4,0.8333333333333334,5,13.0
1UTG,1XY1,A,A,70,8,0.5714285714285714,0.875,7,18.0
1UTG,1XY2,A,A,70,8,0.5714285714285714,0.875,7,18.0
1UTG,2D5W,A,C,70,5,0.5,0.8,4,10.0
1UTG,3FKE,A,A,70,123,0.3050847457627119,0.8428571428571429,59,22.5
1UTG,3HYD,A,A,70,7,0.42857142857142855,1.0,7,14.0
1UTG,3MGN,A,H,70,1,1.0,1.0,1,6.0
1UTG,4J78,A,B,70,5,0.5,0.8,4,10.0
1V05,2DKO,A,I,96,3,0.6666666666666666,1.0,3,11.0
1V05,3DRF,A,B,96,8,0.375,1.0,8,14.0
1V05,3HHP,A,A,96,312,0.31521739130434784,0.9583333333333334,92,38.0
1V05,3KBE,A,A,96,140,0.3253012048192771,0.8645833333333334,83,55.0
1V05,3MEA,A,B,96,3,0.6666666666666666,1.0,3,7.0
1V05,3MGN,A,H,96,1,1.0,1.0,1,6.0
1V05,3NE0,A,A,96,208,0.3855421686746988,0.8645833333333334,83,33.5
1V05,3Q2X,A,A,96,6,0.6,0.8333333333333334,5,12.0
1V05,3QDS,A,A,96,142,0.36363636363636365,0.8020833333333334,77,48.5
1V05,4J78,A,B,96,5,0.5,0.8,4,11.0
1V70,2D5W,A,C,105,5,0.5,0.8,4,12.0
1V70,2DKO,A,I,105,3,0.6666666666666666,1.0,3,11.0
1V70,3BQX,A,A,105,139,0.34065934065934067,0.8666666666666667,91,55.0
1V70,3DRF,A,A,105,539,0.3258426966292135,0.8476190476190476,89,39.0
1V70,3MGN,A,H,105,1,1.0,1.0,1,6.0
1V70,3MRE,A,P,105,9,0.5,0.8888888888888888,8,14.0
1V70,3NVG,A,A,105,6,0.4,0.8333333333333334,5,15.0
1V70,3OBQ,A,B,105,9,0.3333333333333333,1.0,9,18.0
1V70,3PVE,A,B,105,172,0.3111111111111111,0.8571428571428571,90,26.5
1V70,4AXY,A,A,105,18,0.5,0.8888888888888888,16,21.0
1V70,4EK3,A,A,105,287,0.3176470588235294,0.8095238095238095,85,36.0
1VRZ,2B0A,A,A,13,186,0.3333333333333333,0.9230769230769231,12,17.0
1VRZ,2DKO,A,A,13,146,0.3333333333333333,0.9230769230769231,12,14.0
1VRZ,2GZQ,A,A,13,191,0.38461538461538464,1.0,13,17.0
1VRZ,2HYK,A,A,13,237,0.36363636363636365,0.8461538461538461,11,19.0
1VRZ,2J32,A,A,13,240,0.3333333333333333,0.9230769230769231,12,14.0
1VRZ,2MCM,A,A,13,112,0.4166666666666667,0.9230769230769231,12,24.0
1VRZ,2OCT,A,A,13,97,0.36363636363636365,0.8461538461538461,11,11.0
1VRZ,2R6Q,A,A,13,138,0.3333333333333333,0.9230769230769231,12,17.0
1VRZ,2RFR,A,A,13,154,0.46153846153846156,1.0,13,22.0
1VRZ,2W1V,A,A,13,274,0.36363636363636365,0.8461538461538461,11,16.0
1VRZ,2X1Q,A,A,13,119,0.5454545454545454,0.8461538461538461,11,22.5
1VRZ,3A7L,A,A,13,128,0.38461538461538464,1.0,13,21.0
1VRZ,3HHP,A,A,13,312,0.75,0.9230769230769231,12,36.0
1VRZ,3MD4,A,A,13,6,0.4,0.8333333333333334,5,8.0
1VRZ,3MD5,A,A,13,6,0.4,0.8333333333333334,5,9.0
1VRZ,3MEA,A,A,13,162,0.36363636363636365,0.8461538461538461,11,16.0
1VRZ,3MGN,A,H,13,1,1.0,1.0,1,6.0
1VRZ,3PTL,A,B,13,10,0.5,0.8,8,16.0
1VRZ,3PVE,A,A,13,175,0.5833333333333334,0.9230769230769231,12,24.5
1VRZ,3PZZ,A,A,13,6,0.6,0.8333333333333334,5,14.0
1VRZ,3V75,A,A,13,285,0.4166666666666667,0.9230769230769231,12,21.0
1VRZ,4ACJ,A,A,13,167,0.45454545454545453,0.8461538461538461,11,23.0
1VRZ,4B6G,A,A,13,283,0.6153846153846154,1.0,13,36.0
1VRZ,4G6C,A,A,13,333,0.5454545454545454,0.8461538461538461,11,22.0
1VRZ,4GMQ,A,A,13,92,0.4166666666666667,0.9230769230769231,12,16.0
1VRZ,4HJP,A,A,13,281,0.36363636363636365,0.8461538461538461,11,19.0
1W2L,3FOD,A,A,97,6,0.4,0.8333333333333334,5,10.0
1W2L,3L41,A,B,97,5,0.5,0.8,4,11.0
1W2L,3MGN,A,H,97,1,1.0,1.0,1,6.0
1W2L,3OQY,A,a,97,13,0.4166666666666667,0.9230769230769231,12,18.0
1W2L,4G14,A,A,97,5,0.75,0.8,4,14.0
1WBE,1YJO,A,A,204,6,0.5,1.0,6,17.0
1WBE,1YZM,A,A,204,46,0.358974358974359,0.8478260869565217,39,32.5
1WBE,2D5W,A,C,204,5,0.6,1.0,5,13.0
1WBE,2OL9,A,A,204,6,0.3333333333333333,1.0,6,12.0
1WBE,2Q52,A,A,204,206,0.3176470588235294,0.8333333333333334,170,185.5
1WBE,3DRF,A,B,204,8,0.375,1.0,8,14.0
1WBE,3L41,A,B,204,5,0.4,1.0,5,10.0
1WBE,3MGN,A,H,204,1,1.0,1.0,1,6.0
1WBE,3PZZ,A,A,204,6,0.5,1.0,6,15.0
1WBE,3QDS,A,A,204,142,0.3076923076923077,0.823943661971831,117,34.5
1WBE,3V1A,A,A,204,48,0.36585365853658536,0.8541666666666666,41,30.5
1WHI,2C71,A,A,122,205,0.3,0.819672131147541,100,28.0
1WHI,2DPL,A,A,122,287,0.32407407407407407,0.8852459016393442,108,33.5
1WHI,3FOD,A,A,122,6,0.3333333333333333,1.0,6,10.0
1WHI,3MGN,A,H,122,1,1.0,1.0,1,6.0
1WLY,2DKO,A,I,322,3,0.6666666666666666,1.0,3,12.0
1WLY,3BZQ,A,A,322,99,0.3563218390804598,0.8787878787878788,87,34.0
1WLY,3FE7,A,L,322,5,0.75,0.8,4,23.0
1WLY,3FOD,A,A,322,6,0.4,0.8333333333333334,5,11.0
1WLY,3KGK,A,A,322,92,0.3108108108108108,0.8043478260869565,74,29.0
1WLY,3L41,A,B,322,5,0.5,0.8,4,14.0
1WLY,3MEA,A,B,322,3,0.6666666666666666,1.0,3,11.0
1WLY,3MGN,A,H,322,1,1.0,1.0,1,6.0
1WLY,3OQY,A,a,322,13,0.5384615384615384,1.0,13,17.5
1WLY,4G14,A,A,322,5,0.5,0.8,4,12.0
1WPA,1XY1,A,A,107,8,0.375,1.0,8,13.0
1WPA,1XY2,A,A,107,8,0.375,1.0,8,13.0
1WPA,2DKO,A,I,107,3,0.6666666666666666,1.0,3,14.0
1WPA,2J32,A,B,107,4,0.5,1.0,4,15.0
1WPA,2OLX,A,A,107,4,0.5,1.0,4,12.0
1WPA,3FVA,A,A,107,6,0.4,0.8333333333333334,5,11.0
1WPA,3IVV,A,D,107,9,0.375,0.8888888888888888,8,16.0
1WPA,3MGN,A,H,107,1,1.0,1.0,1,6.0
1WPA,4J78,A,B,107,5,0.75,0.8,4,15.0
1X3O,2DPL,A,A,80,287,0.3283582089552239,0.8375,67,59.0
1X3O,2EHS,A,A,80,75,0.6388888888888888,0.96,72,242.0
1X3O,2J32,A,B,80,4,0.5,1.0,4,13.0
1X3O,2OL9,A,A,80,6,0.3333333333333333,1.0,6,9.0
1X3O,3B5O,A,A,80,230,0.3380281690140845,0.8875,71,30.5
1X3O,3FE7,A,L,80,5,0.4,1.0,5,10.0
1X3O,3HYD,A,A,80,7,0.3333333333333333,0.8571428571428571,6,13.0
1X3O,3MGN,A,H,80,1,1.0,1.0,1,6.0
1X3O,3NPV,A,A,80,249,0.391304347826087,0.8625,69,47.0
1X3O,4B6G,A,A,80,283,0.390625,0.8,64,39.5
1X3O,4G14,A,A,80,5,0.5,0.8,4,13.0
1X3O,4J78,A,B,80,5,0.75,0.8,4,14.0
1XY1,1XY2,A,A,8,8,1.0,1.0,8,48.0
1XY1,1ZCE,A,A,8,146,0.375,1.0,8,23.0
1XY1,2AH1,A,A,8,359,0.42857142857142855,0.875,7,16.0
1XY1,2B0A,A,A,8,186,0.42857142857142855,0.875,7,18.0
1XY1,2FG1,A,A,8,157,0.5,1.0,8,16.0
1XY1,2PTH,A,A,8,193,0.375,1.0,8,14.0
1XY1,2Q4N,A,A,8,153,0.375,1.0,8,12.0
1XY1,2R16,A,A,8,175,0.5,1.0,8,19.0
1XY1,2VH7,A,A,8,94,0.375,1.0,8,18.0
1XY1,3AMC,A,A,8,308,0.5714285714285714,0.875,7,14.0
1XY1,3AUB,A,A,8,58,0.375,1.0,8,16.0
1XY1,3F2Z,A,A,8,149,0.42857142857142855,0.875,7,13.0
1XY1,3G1S,A,A,8,209,0.375,1.0,8,17.0
1XY1,3MGN,A,H,8,1,1.0,1.0,1,6.0
1XY1,3N11,A,A,8,325,0.42857142857142855,0.875,7,17.0
1XY1,3NE0,A,A,8,208,0.5714285714285714,0.875,7,21.0
1XY1,3OBQ,A,A,8,141,0.42857142857142855,0.875,7,15.0
1XY1,3P6J,A,A,8,125,0.375,1.0,8,13.0
1XY1,3PID,A,A,8,387,0.42857142857142855,0.875,7,16.0
1XY1,3PKV,A,A,8,221,0.42857142857142855,0.875,7,14.0
1XY1,4DND,A,A,8,95,0.42857142857142855,0.875,7,13.0
1XY1,4F01,A,A,8,218,0.42857142857142855,0.875,7,13.0
1XY1,4HJP,A,A,8,281,0.625,1.0,8,22.0
1XY1,4IL7,A,A,8,85,0.42857142857142855,0.875,7,12.0
1XY1,4J78,A,A,8,300,0.42857142857142855,0.875,7,17.0
1XY2,1ZCE,A,A,8,146,0.375,1.0,8,23.0
1XY2,2AH1,A,A,8,359,0.42857142857142855,0.875,7,16.0
1XY2,2B0A,A,A,8,186,0.42857142857142855,0.875,7,18.0
1XY2,2FG1,A,A,8,157,0.5,1.0,8,16.0
1XY2,2PTH,A,A,8,193,0.375,1.0,8,14.0
1XY2,2Q4N,A,A,8,153,0.375,1.0,8,12.0
1XY2,2R16,A,A,8,175,0.5,1.0,8,19.0
1XY2,2VH7,A,A,8,94,0.375,1.0,8,18.0
1XY2,3AMC,A,A,8,308,0.5714285714285714,0.875,7,14.0
1XY2,3AUB,A,A,8,58,0.375,1.0,8,16.0
1XY2,3F2Z,A,A,8,149,0.42857142857142855,0.875,7,13.0
1XY2,3G1S,A,A,8,209,0.375,1.0,8,17.0
1XY2,3MGN,A,H,8,1,1.0,1.0,1,6.0
1XY2,3N11,A,A,8,325,0.42857142857142855,0.875,7,17.0
1XY2,3NE0,A,A,8,208,0.5714285714285714,0.875,7,21.0
1XY2,3OBQ,A,A,8,141,0.42857142857142855,0.875,7,15.0
1XY2,3P6J,A,A,8,125,0.375,1.0,8,13.0
1XY2,3PID,A,A,8,387,0.42857142857142855,0.875,7,16.0
1XY2,3PKV,A,A,8,221,0.42857142857142855,0.875,7,14.0
1XY2,4DND,A,A,8,95,0.42857142857142855,0.875,7,13.0
1XY2,4F01,A,A,8,218,0.42857142857142855,0.875,7,13.0
1XY2,4HJP,A,A,8,281,0.625,1.0,8,22.0
1XY2,4IL7,A,A,8,85,0.42857142857142855,0.875,7,12.0
1XY2,4J78,A,A,8,300,0.42857142857142855,0.875,7,17.0
1Y6X,2DKO,A,I,87,3,0.6666666666666666,1.0,3,12.0
1Y6X,2Y7L,A,B,87,7,0.5,0.8571428571428571,6,19.0
1Y6X,3MEA,A,B,87,3,1.0,1.0,3,14.0
1Y6X,3MGN,A,H,87,1,1.0,1.0,1,6.0
1Y6X,3OQY,A,a,87,13,0.3076923076923077,1.0,13,15.0
1Y6X,3PZZ,A,A,87,6,0.3333333333333333,1.0,6,10.0
1Y6X,4G6C,A,A,87,333,0.38028169014084506,0.8160919540229885,71,38.5
1YJO,2AH1,A,D,6,109,0.3333333333333333,1.0,6,13.0
1YJO,2BF9,A,A,6,35,0.5,1.0,6,17.0
1YJO,2C71,A,A,6,205,0.3333333333333333,1.0,6,13.0
1YJO,2CWS,A,A,6,227,0.3333333333333333,1.0,6,14.0
1YJO,2DKO,A,A,6,146,0.4,0.8333333333333334,5,16.0
1YJO,2G7O,A,A,6,68,0.4,0.8333333333333334,5,13.0
1YJO,2GZQ,A,A,6,191,0.6,0.8333333333333334,5,15.0
1YJO,2HQK,A,A,6,213,0.3333333333333333,1.0,6,16.0
1YJO,2HYK,A,A,6,237,0.6666666666666666,1.0,6,22.0
1YJO,2IVY,A,A,6,88,0.4,0.8333333333333334,5,12.0
1YJO,2J32,A,A,6,240,0.4,0.8333333333333334,5,16.0
1YJO,2JLI,A,A,6,100,0.4,0.8333333333333334,5,13.0
1YJO,2JLJ,A,A,6,115,0.4,0.8333333333333334,5,13.0
1YJO,2NR7,A,A,6,194,0.4,0.8333333333333334,5,9.0
1YJO,2O6X,A,A,6,306,0.4,0.8333333333333334,5,13.0
1YJO,2OA2,A,A,6,132,0.4,0.8333333333333334,5,12.0
1YJO,2OCT,A,A,6,97,0.6,0.8333333333333334,5,14.0
1YJO,2OHW,A,A,6,128,0.3333333333333333,1.0,6,13.0
1YJO,2OL9,A,A,6,6,0.5,1.0,6,21.0
1YJO,2OLX,A,A,6,4,1.0,1.0,4,22.0
1YJO,2POF,A,A,6,220,0.8,0.8333333333333334,5,22.0
1YJO,2PTH,A,A,6,193,0.4,0.8333333333333334,5,14.0
1YJO,2RE2,A,A,6,118,0.3333333333333333,1.0,6,10.0
1YJO,2VQ4,A,A,6,106,0.6666666666666666,1.0,6,24.0
1YJO,2VYO,A,A,6,206,0.6,0.8333333333333334,5,15.0
1YJO,2WUJ,A,A,6,50,0.4,0.8333333333333334,5,10.0
1YJO,2X1Q,A,A,6,119,0.4,0.8333333333333334,5,13.0
1YJO,2X5Y,A,A,6,171,0.3333333333333333,1.0,6,13.0
1YJO,2XHF,A,A,6,156,0.3333333333333333,1.0,6,14.0
1YJO,2Y72,A,A,6,85,0.3333333333333333,1.0,6,10.0
1YJO,2Y7L,A,A,6,312,0.4,0.8333333333333334,5,13.0
1YJO,2YLB,A,A,6,65,0.4,0.8333333333333334,5,10.0
1YJO,2ZCM,A,A,6,177,0.3333333333333333,1.0,6,14.0
1YJO,3A7L,A,A,6,128,0.4,0.8333333333333334,5,13.0
1YJO,3AMC,A,A,6,308,0.4,0.8333333333333334,5,11.0
1YJO,3E5T,A,A,6,228,0.3333333333333333,1.0,6,12.0
1YJO,3FSO,A,A,6,109,0.4,0.8333333333333334,5,12.0
1YJO,3FVA,A,A,6,6,0.5,1.0,6,20.0
1YJO,3GHJ,A,A,6,116,0.5,1.0,6,14.0
1YJO,3HNY,A,M,6,156,0.4,0.8333333333333334,5,15.0
1YJO,3HWU,A,A,6,144,0.6,0.8333333333333334,5,12.0
1YJO,3K6Y,A,A,6,227,0.5,1.0,6,13.0
1YJO,3LAA,A,A,6,169,0.5,1.0,6,15.0
1YJO,3MEA,A,A,6,162,0.5,1.0,6,14.0
1YJO,3MRE,A,B,6,100,0.3333333333333333,1.0,6,16.0
1YJO,3N11,A,A,6,325,0.5,1.0,6,19.0
1YJO,3NE0,A,A,6,208,0.4,0.8333333333333334,5,12.0
1YJO,3OQY,A,A,6,102,0.6,0.8333333333333334,5,16.0
1YJO,3PIW,A,A,6,154,0.6,0.8333333333333334,5,15.0
1YJO,3PZ9,A,A,6,357,0.6,0.8333333333333334,5,17.0
1YJO,3QDS,A,A,6,142,0.6,0.8333333333333334,5,15.0
1YJO,3RQ9,A,A,6,78,0.4,0.8333333333333334,5,12.0
1YJO,3SR3,A,B,6,304,0.5,1.0,6,17.0
1YJO,3T0H,A,A,6,208,0.3333333333333333,1.0,6,16.0
1YJO,3T47,A,A,6,71,0.4,0.8333333333333334,5,13.0
1YJO,3U6G,A,A,6,125,0.3333333333333333,1.0,6,13.0
1YJO,3UR8,A,B,6,316,0.6,0.8333333333333334,5,17.0
1YJO,3VZ9,A,B,6,103,0.5,1.0,6,17.0
1YJO,3ZBD,A,A,6,110,0.3333333333333333,1.0,6,12.0
1YJO,3ZRX,A,A,6,111,0.3333333333333333,1.0,6,13.0
1YJO,4AM1,A,A,6,345,0.4,0.8333333333333334,5,13.0
1YJO,4ANN,A,A,6,176,0.3333333333333333,1.0,6,16.0
1YJO,4B6G,A,A,6,283,0.6,0.8333333333333334,5,20.0
1YJO,4B9G,A,A,6,146,0.6,0.8333333333333334,5,15.0
1YJO,4DND,A,A,6,95,0.4,0.8333333333333334,5,11.0
1YJO,4DPZ,A,X,6,108,0.4,0.8333333333333334,5,14.0
1YJO,4DQ7,A,A,6,168,0.4,0.8333333333333334,5,14.0
1YJO,4ERY,A,A,6,304,0.6,0.8333333333333334,5,15.0
1YJO,4F3J,A,A,6,143,0.5,1.0,6,17.0
1YJO,4G7X,A,A,6,92,0.3333333333333333,1.0,6,12.0
1YJO,4H4J,A,A,6,236,0.4,0.8333333333333334,5,14.0
1YJO,4HWM,A,A,6,117,0.4,0.8333333333333334,5,10.0
1YJO,4JG2,A,A,6,185,0.6,0.8333333333333334,5,17.0
1YJO,4JYP,A,A,6,267,0.3333333333333333,1.0,6,14.0
1YJO,5CYT,A,R,6,103,0.4,0.8333333333333334,5,13.0
1YZM,2DKO,A,I,46,3,1.0,1.0,3,15.0
1YZM,2J32,A,B,46,4,0.75,1.0,4,16.0
1YZM,3FVA,A,A,46,6,0.3333333333333333,1.0,6,11.0
1YZM,3MGN,A,H,46,1,1.0,1.0,1,6.0
1YZM,3PID,A,A,46,387,0.3333333333333333,0.8478260869565217,39,30.0
1YZM,3V1A,A,A,46,48,0.8181818181818182,0.9565217391304348,44,169.0
1Z21,2D5W,A,C,96,5,0.75,0.8,4,15.0
1Z21,2FG1,A,A,96,157,0.30120481927710846,0.8645833333333334,83,46.0
1Z21,2FN9,A,A,96,280,0.3218390804597701,0.90625,87,29.5
1Z21,3L41,A,B,96,5,0.4,1.0,5,11.0
1Z21,3MD4,A,A,96,6,0.5,1.0,6,11.0
1Z21,3MGN,A,H,96,1,1.0,1.0,1,6.0
1Z21,3NVG,A,A,96,6,0.4,0.8333333333333334,5,13.0
1Z21,3OQY,A,a,96,13,0.38461538461538464,1.0,13,20.0
1Z21,3ZIT,A,B,96,78,0.30158730158730157,0.8076923076923077,63,34.5
1ZCE,2D5W,A,C,146,5,0.6,1.0,5,16.0
1ZCE,2J32,A,B,146,4,0.75,1.0,4,12.0
1ZCE,2OLX,A,A,146,4,0.5,1.0,4,13.0
1ZCE,2Y7L,A,B,146,7,0.5,0.8571428571428571,6,15.0
1ZCE,3HYD,A,A,146,7,0.42857142857142855,1.0,7,13.0
1ZCE,3MGN,A,H,146,1,1.0,1.0,1,6.0
1ZVA,2DKO,A,I,75,3,0.6666666666666666,1.0,3,10.0
1ZVA,2OKT,A,A,75,342,0.30303030303030304,0.88,66,38.5
1ZVA,2Y0T,A,B,75,49,0.3,0.8163265306122449,40,26.0
1ZVA,3L41,A,B,75,5,0.4,1.0,5,10.0
1ZVA,3MGN,A,H,75,1,1.0,1.0,1,6.0
1ZVA,3MRE,A,P,75,9,0.625,0.8888888888888888,8,17.0
1ZVA,3Q2X,A,A,75,6,0.8,0.8333333333333334,5,17.0
1ZVA,4G14,A,A,75,5,0.5,0.8,4,11.0
2A50,2D5W,B,C,167,5,0.5,0.8,4,13.0
2A50,2DKO,B,I,167,3,0.6666666666666666,1.0,3,11.0
2A50,2E10,C,B,59,222,0.3275862068965517,0.9830508474576272,58,35.5
2A50,2GKG,A,A,64,122,0.3076923076923077,0.8125,52,27.5
2A50,2HQK,C,A,59,213,0.49122807017543857,0.9661016949152542,57,156.0
2A50,3DRF,B,B,167,8,0.42857142857142855,0.875,7,12.0
2A50,3E5T,C,A,59,228,0.6140350877192983,0.9661016949152542,57,202.0
2A50,3FE7,B,L,167,5,0.75,0.8,4,21.0
2A50,3FOD,A,A,64,6,0.6,0.8333333333333334,5,14.0
2A50,3I2Z,B,B,167,67,0.36363636363636365,0.8208955223880597,55,30.5
2A50,3MD4,C,A,59,6,0.4,0.8333333333333334,5,8.0
2A50,3MD5,A,A,64,6,0.6,0.8333333333333334,5,11.0
2A50,3MGN,A,H,64,1,1.0,1.0,1,6.0
2A50,3PSM,B,A,167,47,0.35714285714285715,0.8936170212765957,42,34.0
2A50,3PTL,B,B,167,10,0.4444444444444444,0.9,9,16.0
2A50,3PZZ,A,A,64,6,0.4,0.8333333333333334,5,12.0
2A50,3SR3,C,A,59,333,0.32653061224489793,0.8305084745762712,49,39.5
2A50,3T3K,B,A,167,122,0.30612244897959184,0.8032786885245902,98,57.0
2A50,4G14,A,A,64,5,0.6,1.0,5,14.0
2A50,4J78,B,B,167,5,0.6,1.0,5,16.0
2AGK,2DKO,A,I,233,3,0.6666666666666666,1.0,3,12.0
2AGK,2G69,A,A,233,99,0.36470588235294116,0.8585858585858586,85,42.5
2AGK,2Y7L,A,B,233,7,0.42857142857142855,1.0,7,15.0
2AGK,3DRF,A,B,233,8,0.42857142857142855,0.875,7,11.0
2AGK,3FVA,A,A,233,6,0.6,0.8333333333333334,5,17.0
2AGK,3HYD,A,A,233,7,0.5,0.8571428571428571,6,14.0
2AGK,3L41,A,B,233,5,0.75,0.8,4,13.0
2AGK,3MGN,A,H,233,1,1.0,1.0,1,6.0
2AGK,3NVG,A,A,233,6,0.6,0.8333333333333334,5,18.0
2AGK,3RQ9,A,B,233,84,0.3382352941176471,0.8095238095238095,68,34.0
2AGK,3VUB,A,A,233,101,0.30864197530864196,0.801980198019802,81,32.5
2AGK,4J78,A,B,233,5,0.5,0.8,4,12.0
2AH1,2BF9,A,A,359,35,0.3103448275862069,0.8285714285714286,29,26.0
2AH1,2D5W,A,D,359,5,0.75,0.8,4,16.0
2AH1,2DKO,A,I,359,3,1.0,1.0,3,15.0
2AH1,2OL9,D,A,109,6,0.4,0.8333333333333334,5,16.0
2AH1,2WW7,D,A,109,22,0.3157894736842105,0.8636363636363636,19,16.5
2AH1,3DRF,A,B,359,8,0.375,1.0,8,15.0
2AH1,3FKE,A,A,359,123,0.3173076923076923,0.8455284552845529,104,32.5
2AH1,3FVA,D,A,109,6,0.5,1.0,6,18.0
2AH1,3MD5,A,A,359,6,0.6,0.8333333333333334,5,16.0
2AH1,3MGN,A,H,359,1,1.0,1.0,1,6.0
2AH1,3OBQ,D,B,109,9,0.4444444444444444,1.0,9,22.0
2AH1,3OQY,A,a,359,13,0.36363636363636365,0.8461538461538461,11,18.0
2AH1,3PZZ,A,A,359,6,0.3333333333333333,1.0,6,15.0
2AH1,3Q2X,D,A,109,6,0.4,0.8333333333333334,5,8.0
2AH1,3SO6,A,Q,359,13,0.36363636363636365,0.8461538461538461,11,23.0
2AH1,3T3K,A,A,359,122,0.3486238532110092,0.8934426229508197,109,42.0
2AH1,4DT4,A,A,359,160,0.3125,0.8,128,41.5
2AH1,4ERY,A,D,359,14,0.38461538461538464,0.9285714285714286,13,24.0
2AH1,4G14,A,A,359,5,0.5,0.8,4,15.0
2B0A,3MGN,A,H,186,1,1.0,1.0,1,6.0
2B0A,3PTL,A,B,186,10,0.5,1.0,10,25.0
2B0A,3Q2X,A,A,186,6,0.6,0.8333333333333334,5,12.0
2B0A,4G14,A,A,186,5,0.75,0.8,4,17.0
2BCM,2D5W,A,D,138,5,0.75,0.8,4,13.0
2BCM,2J32,A,B,138,4,0.5,1.0,4,11.0
2BCM,3E7R,A,L,138,40,0.46875,0.8,32,31.0
2BCM,3MEA,A,B,138,3,0.6666666666666666,1.0,3,10.0
2BCM,3MGN,A,H,138,1,1.0,1.0,1,6.0
2BCM,3SO6,A,Q,138,13,0.4166666666666667,0.9230769230769231,12,23.0
2BCM,4H4J,C,A,137,236,0.3333333333333333,0.8540145985401459,117,33.0
2BCM,4J78,A,B,138,5,0.5,0.8,4,12.0
2BF9,2HQK,A,A,35,213,0.3333333333333333,0.8571428571428571,30,26.5
2BF9,2OLX,A,A,35,4,0.5,1.0,4,10.0
2BF9,2X9Z,A,A,35,262,0.3448275862068966,0.8285714285714286,29,28.5
2BF9,3FE7,A,L,35,5,0.4,1.0,5,7.0
2BF9,3FSO,A,B,35,112,0.4,1.0,35,30.0
2BF9,3FVA,A,A,35,6,0.4,0.8333333333333334,5,12.0
2BF9,3MEA,A,A,35,162,0.3793103448275862,0.8285714285714286,29,26.5
2BF9,3MGN,A,H,35,1,1.0,1.0,1,6.0
2BF9,3MRE,A,A,35,274,0.3333333333333333,0.8571428571428571,30,26.0
2BF9,3NVG,A,A,35,6,0.5,1.0,6,15.0
2BF9,3VUB,A,A,35,101,0.3793103448275862,0.8285714285714286,29,30.0
2BF9,4B9G,A,A,35,146,0.3793103448275862,0.8285714285714286,29,33.0
2BF9,4DKN,A,A,35,209,0.3548387096774194,0.8857142857142857,31,24.0
2BF9,4EUG,A,A,35,225,0.34375,0.9142857142857143,32,30.5
2BRF,2D5W,A,D,100,5,0.5,0.8,4,12.0
2BRF,3MEA,A,B,100,3,0.6666666666666666,1.0,3,11.0
2BRF,3MGN,A,H,100,1,1.0,1.0,1,6.0
2BRF,3PKV,A,A,100,221,0.3118279569892473,0.93,93,35.0
2BRF,3PTL,A,B,100,10,0.5,0.8,8,17.0
2BRF,3RQ9,A,A,100,78,0.3076923076923077,0.8333333333333334,65,39.0
2BRF,4A02,A,A,100,166,0.3176470588235294,0.85,85,29.0
2C71,2D5W,A,D,205,5,0.5,0.8,4,8.0
2C71,2DKO,A,I,205,3,0.3333333333333333,1.0,3,11.0
2C71,2J32,A,B,205,4,0.5,1.0,4,14.0
2C71,2VYO,A,A,205,206,0.30357142857142855,0.8195121951219512,168,132.5
2C71,3FOD,A,A,205,6,0.6,0.8333333333333334,5,11.0
2C71,3FVA,A,A,205,6,0.5,1.0,6,13.0
2C71,3HYD,A,A,205,7,0.3333333333333333,0.8571428571428571,6,13.0
2C71,3IVV,A,D,205,9,0.5,0.8888888888888888,8,20.0
2C71,3L41,A,B,205,5,0.4,1.0,5,12.0
2C71,3MD4,A,A,205,6,0.3333333333333333,1.0,6,15.0
2C71,3MD5,A,A,205,6,0.3333333333333333,1.0,6,15.0
2C71,3MGN,A,H,205,1,1.0,1.0,1,6.0
2C71,3NVG,A,A,205,6,0.3333333333333333,1.0,6,14.0
2C71,3OQY,A,a,205,13,0.3076923076923077,1.0,13,15.0
2C71,3RY0,A,B,205,63,0.3269230769230769,0.8253968253968254,52,35.0
2C71,3SO6,A,Q,205,13,0.5454545454545454,0.8461538461538461,11,20.0
2CE0,2D5W,A,A,99,602,0.3048780487804878,0.8282828282828283,82,38.5
2CE0,3FTD,A,A,99,240,0.30120481927710846,0.8383838383838383,83,40.0
2CE0,3MD4,A,A,99,6,0.6,0.8333333333333334,5,12.0
2CE0,3MGN,A,H,99,1,1.0,1.0,1,6.0
2CE0,3Q2X,A,A,99,6,0.4,0.8333333333333334,5,13.0
2CE0,4G14,A,A,99,5,0.6,1.0,5,13.0
2CG7,2D5W,A,D,90,5,0.5,0.8,4,10.0
2CG7,3L41,A,B,90,5,0.5,0.8,4,14.0
2CG7,3MGN,A,H,90,1,1.0,1.0,1,6.0
2COV,3FVA,D,A,92,6,0.5,1.0,6,14.0
2COV,3MD4,D,A,92,6,0.4,0.8333333333333334,5,12.0
2COV,3MGN,D,H,92,1,1.0,1.0,1,6.0
2COV,3US6,D,A,92,148,0.35135135135135137,0.8043478260869565,74,31.0
2COV,4J78,F,A,87,300,0.3698630136986301,0.8390804597701149,73,38.5
2CWS,2D5W,A,D,227,5,0.5,0.8,4,11.0
2CWS,2OL9,A,A,227,6,0.3333333333333333,1.0,6,13.0
2CWS,2Y72,A,A,227,85,0.4057971014492754,0.8117647058823529,69,45.0
2CWS,3HFO,A,A,227,65,0.3114754098360656,0.9384615384615385,61,36.5
2CWS,3HYD,A,A,227,7,0.5,0.8571428571428571,6,17.0
2CWS,3MD4,A,A,227,6,0.6,0.8333333333333334,5,14.0
2CWS,3MEA,A,B,227,3,0.6666666666666666,1.0,3,9.0
2CWS,3MGN,A,H,227,1,1.0,1.0,1,6.0
2CWS,3PZZ,A,A,227,6,0.6,0.8333333333333334,5,13.0
2CWS,3Q2X,A,A,227,6,0.5,1.0,6,14.0
2CWS,4IL7,A,A,227,85,0.32857142857142857,0.8235294117647058,70,35.5
2D5W,2EAQ,C,A,5,89,0.5,0.8,4,11.0
2D5W,2ERW,D,A,5,53,0.6,1.0,5,16.0
2D5W,2ETX,C,A,5,194,0.5,0.8,4,14.0
2D5W,2FB6,D,A,5,116,0.5,0.8,4,11.0
2D5W,2FG1,C,A,5,157,0.5,0.8,4,11.0
2D5W,2FN9,D,A,5,280,0.5,0.8,4,11.0
2D5W,2FQ3,C,A,5,85,0.5,0.8,4,10.0
2D5W,2G7S,C,A,5,190,0.5,0.8,4,11.0
2D5W,2GZQ,C,A,5,191,0.5,0.8,4,11.0
2D5W,2IGD,D,A,5,61,0.75,0.8,4,15.0
2D5W,2IP6,D,A,5,87,1.0,0.8,4,19.0
2D5W,2IVY,D,A,5,88,0.4,1.0,5,11.0
2D5W,2J32,A,B,602,4,0.75,1.0,4,16.0
2D5W,2JKU,D,A,5,35,0.4,1.0,5,7.0
2D5W,2JLI,D,A,5,100,0.5,0.8,4,9.0
2D5W,2NUH,C,A,5,104,0.5,0.8,4,8.0
2D5W,2OCT,C,A,5,97,0.5,0.8,4,13.0
2D5W,2OKT,C,A,5,342,0.75,0.8,4,17.0
2D5W,2OL9,A,A,602,6,0.3333333333333333,1.0,6,18.0
2D5W,2OLX,A,A,602,4,0.75,1.0,4,16.0
2D5W,2Q4N,C,A,5,153,0.8,1.0,5,16.0
2D5W,2Q52,D,A,5,206,0.5,0.8,4,11.0
2D5W,2R16,C,A,5,175,0.5,0.8,4,10.0
2D5W,2RB8,D,A,5,93,0.5,0.8,4,10.0
2D5W,2RFR,D,A,5,154,0.5,0.8,4,8.0
2D5W,2V9V,D,A,5,135,0.5,0.8,4,10.0
2D5W,2VE8,C,A,5,67,0.5,0.8,4,9.0
2D5W,2VH7,D,A,5,94,0.5,0.8,4,11.0
2D5W,2VIM,D,A,5,104,0.6,1.0,5,16.0
2D5W,2VPA,D,A,5,204,0.5,0.8,4,8.0
2D5W,2VQ4,C,A,5,106,0.75,0.8,4,12.0
2D5W,2VYO,C,A,5,206,0.75,0.8,4,15.0
2D5W,2W2A,C,A,5,175,0.6,1.0,5,15.0
2D5W,2W6A,C,A,5,61,0.5,0.8,4,9.0
2D5W,2WJ5,C,A,5,96,0.75,0.8,4,13.0
2D5W,2WW7,A,A,602,22,0.3888888888888889,0.8181818181818182,18,20.5
2D5W,2WWE,D,A,5,111,0.75,0.8,4,11.0
2D5W,2X1Q,D,A,5,119,0.4,1.0,5,9.0
2D5W,2X25,D,B,5,167,0.75,0.8,4,16.0
2D5W,2X3M,C,A,5,166,0.6,1.0,5,13.0
2D5W,2X9Z,C,A,5,262,0.75,0.8,4,18.0
2D5W,2Y72,D,A,5,85,0.4,1.0,5,10.0
2D5W,2Y7L,D,A,5,312,0.75,0.8,4,12.0
2D5W,2Y9F,C,A,5,149,0.6,1.0,5,11.0
2D5W,2YLB,D,A,5,65,0.5,0.8,4,7.0
2D5W,2ZCM,D,A,5,177,0.5,0.8,4,11.0
2D5W,3AMC,C,A,5,308,0.75,0.8,4,14.0
2D5W,3BA1,C,A,5,312,0.5,0.8,4,13.0
2D5W,3BED,D,A,5,130,0.5,0.8,4,10.0
2D5W,3BZQ,D,A,5,99,0.5,0.8,4,12.0
2D5W,3BZZ,C,A,5,19,0.4,1.0,5,7.0
2D5W,3DRF,C,A,5,539,0.8,1.0,5,20.0
2D5W,3EUR,C,A,5,140,0.6,1.0,5,11.0
2D5W,3FCN,C,A,5,158,0.5,0.8,4,11.0
2D5W,3FSO,C,A,5,109,0.75,0.8,4,16.0
2D5W,3GBW,C,A,5,161,0.4,1.0,5,11.0
2D5W,3GHJ,C,A,5,116,0.6,1.0,5,10.0
2D5W,3HHP,C,A,5,312,0.75,0.8,4,15.0
2D5W,3HNY,C,M,5,156,0.5,0.8,4,13.0
2D5W,3HP4,D,A,5,182,0.5,0.8,4,10.0
2D5W,3HYD,A,A,602,7,0.5,0.8571428571428571,6,16.0
2D5W,3HZ8,D,A,5,192,0.4,1.0,5,11.0
2D5W,3I2Z,C,A,5,71,0.75,0.8,4,11.0
2D5W,3I7M,C,A,5,134,0.75,0.8,4,16.0
2D5W,3IVV,C,A,5,140,0.75,0.8,4,13.0
2D5W,3K6Y,C,A,5,227,0.5,0.8,4,13.0
2D5W,3KGK,C,A,5,92,0.5,0.8,4,12.0
2D5W,3L41,A,B,602,5,0.75,0.8,4,15.0
2D5W,3LAA,D,A,5,169,0.5,0.8,4,10.0
2D5W,3LG3,D,A,5,419,0.5,0.8,4,12.0
2D5W,3LJI,C,A,5,272,0.5,0.8,4,13.0
2D5W,3M9J,C,A,5,105,0.6,1.0,5,14.0
2D5W,3M9Q,C,B,5,87,0.5,0.8,4,10.0
2D5W,3MEA,D,A,5,162,0.4,1.0,5,12.0
2D5W,3MGN,A,H,602,1,1.0,1.0,1,6.0
2D5W,3MRE,C,B,5,100,0.75,0.8,4,17.0
2D5W,3N11,D,A,5,325,0.75,0.8,4,12.0
2D5W,3NE0,C,A,5,208,0.5,0.8,4,10.0
2D5W,3NPV,D,A,5,249,0.75,0.8,4,13.0
2D5W,3NVG,A,A,602,6,0.4,0.8333333333333334,5,14.0
2D5W,3O0P,C,A,5,194,0.75,0.8,4,14.0
2D5W,3O5P,C,A,5,128,0.75,0.8,4,14.0
2D5W,3OBQ,D,A,5,141,0.75,0.8,4,12.0
2D5W,3OQY,D,A,5,102,0.75,0.8,4,12.0
2D5W,3PID,C,A,5,387,0.8,1.0,5,20.0
2D5W,3PKV,D,A,5,221,0.6,1.0,5,12.0
2D5W,3PTL,C,A,5,279,0.75,0.8,4,16.0
2D5W,3PZ9,D,A,5,357,0.5,0.8,4,11.0
2D5W,3Q2X,A,A,602,6,0.5,1.0,6,22.0
2D5W,3QPA,D,A,5,196,0.6,1.0,5,16.0
2D5W,3RQ9,D,A,5,78,0.4,1.0,5,14.0
2D5W,3RY0,D,A,5,65,0.5,0.8,4,9.0
2D5W,3SEB,D,A,5,238,0.6,1.0,5,12.0
2D5W,3SO6,D,A,5,137,0.6,1.0,5,10.0
2D5W,3SR3,C,A,5,333,0.5,0.8,4,13.0
2D5W,3SZH,C,A,5,115,0.5,0.8,4,12.0
2D5W,3T0H,D,A,5,208,0.75,0.8,4,12.0
2D5W,3T3K,D,A,5,122,0.8,1.0,5,17.0
2D5W,3T47,D,A,5,71,0.6,1.0,5,14.0
2D5W,3TOW,D,A,5,152,0.4,1.0,5,12.0
2D5W,3TUA,D,A,5,210,0.75,0.8,4,13.0
2D5W,3UCI,C,A,5,72,0.5,0.8,4,12.0
2D5W,3UR8,C,A,5,321,0.6,1.0,5,15.0
2D5W,3US6,D,A,5,148,0.4,1.0,5,11.0
2D5W,3V1A,D,A,5,48,0.4,1.0,5,9.0
2D5W,3VUB,C,A,5,101,0.75,0.8,4,13.0
2D5W,3VVV,C,A,5,108,0.75,0.8,4,12.0
2D5W,3W4Q,D,A,5,258,0.75,0.8,4,12.0
2D5W,3ZSL,D,A,5,138,0.75,0.8,4,11.0
2D5W,3ZZP,D,A,5,74,0.75,0.8,4,12.0
2D5W,4ACJ,C,A,5,167,0.75,0.8,4,16.0
2D5W,4AM1,D,A,5,345,0.4,1.0,5,12.0
2D5W,4ANN,D,A,5,176,0.5,0.8,4,13.0
2D5W,4AVR,D,A,5,94,0.5,0.8,4,10.0
2D5W,4B6G,C,A,5,283,0.5,0.8,4,13.0
2D5W,4B9G,C,A,5,146,0.75,0.8,4,15.0
2D5W,4DD5,D,A,5,387,0.6,1.0,5,14.0
2D5W,4DKN,D,A,5,209,0.6,1.0,5,16.0
2D5W,4DT4,C,A,5,160,0.4,1.0,5,13.0
2D5W,4ERY,C,D,5,14,0.75,0.8,4,17.0
2D5W,4EUG,C,A,5,225,0.5,0.8,4,11.0
2D5W,4F01,C,A,5,218,0.4,1.0,5,11.0
2D5W,4G14,A,A,602,5,0.8,1.0,5,18.0
2D5W,4G2E,C,A,5,151,0.6,1.0,5,10.0
2D5W,4G5X,C,A,5,275,0.75,0.8,4,12.0
2D5W,4GMQ,C,A,5,92,0.6,1.0,5,11.0
2D5W,4GS3,D,A,5,90,0.75,0.8,4,15.0
2D5W,4H4J,D,A,5,236,0.75,0.8,4,13.0
2D5W,4HWM,C,A,5,117,0.5,0.8,4,10.0
2D5W,4IL7,C,A,5,85,0.5,0.8,4,10.0
2D5W,4J11,C,A,5,87,0.4,1.0,5,10.0
2D5W,4J78,C,A,5,300,0.6,1.0,5,14.0
2D5W,4KEF,D,A,5,133,0.5,0.8,4,12.0
2D5W,5CYT,C,R,5,103,0.6,1.0,5,14.0
2DKO,2DPL,I,A,3,287,1.0,1.0,3,15.0
2DKO,2E10,I,B,3,222,0.3333333333333333,1.0,3,10.0
2DKO,2EAQ,I,A,3,89,0.6666666666666666,1.0,3,14.0
2DKO,2FB6,I,A,3,116,0.6666666666666666,1.0,3,9.0
2DKO,2FG1,I,A,3,157,0.6666666666666666,1.0,3,9.0
2DKO,2G69,I,A,3,99,0.3333333333333333,1.0,3,11.0
2DKO,2G7S,I,A,3,190,0.3333333333333333,1.0,3,11.0
2DKO,2GOM,I,A,3,61,0.6666666666666666,1.0,3,10.0
2DKO,2GXG,I,A,3,140,1.0,1.0,3,15.0
2DKO,2HQK,I,A,3,213,0.3333333333333333,1.0,3,11.0
2DKO,2I24,I,N,3,113,0.6666666666666666,1.0,3,9.0
2DKO,2I49,I,A,3,398,0.6666666666666666,1.0,3,11.0
2DKO,2IBL,I,A,3,108,0.3333333333333333,1.0,3,10.0
2DKO,2IMF,I,A,3,203,0.6666666666666666,1.0,3,12.0
2DKO,2IP6,I,A,3,87,0.3333333333333333,1.0,3,8.0
2DKO,2J32,I,B,3,4,1.0,1.0,3,15.0
2DKO,2J9W,I,A,3,101,0.6666666666666666,1.0,3,14.0
2DKO,2JKU,I,A,3,35,0.6666666666666666,1.0,3,9.0
2DKO,2NR7,I,A,3,194,0.6666666666666666,1.0,3,12.0
2DKO,2O6X,I,A,3,306,0.3333333333333333,1.0,3,10.0
2DKO,2OCT,I,A,3,97,0.6666666666666666,1.0,3,12.0
2DKO,2OKT,I,A,3,342,1.0,1.0,3,15.0
2DKO,2OL9,A,A,146,6,0.6,0.8333333333333334,5,18.0
2DKO,2PKT,I,A,3,91,0.3333333333333333,1.0,3,7.0
2DKO,2POF,I,A,3,220,0.6666666666666666,1.0,3,11.0
2DKO,2PSF,I,A,3,307,0.6666666666666666,1.0,3,12.0
2DKO,2PTH,I,A,3,193,0.6666666666666666,1.0,3,14.0
2DKO,2Q52,I,A,3,206,1.0,1.0,3,15.0
2DKO,2QJL,I,A,3,99,0.6666666666666666,1.0,3,9.0
2DKO,2R6Q,I,A,3,138,0.6666666666666666,1.0,3,9.0
2DKO,2RE2,I,A,3,118,0.6666666666666666,1.0,3,11.0
2DKO,2RFR,I,A,3,154,0.3333333333333333,1.0,3,10.0
2DKO,2V9V,I,A,3,135,0.3333333333333333,1.0,3,8.0
2DKO,2VYO,I,A,3,206,0.6666666666666666,1.0,3,12.0
2DKO,2W6A,I,A,3,61,0.6666666666666666,1.0,3,12.0
2DKO,2WUJ,I,A,3,50,1.0,1.0,3,15.0
2DKO,2X1Q,I,A,3,119,0.6666666666666666,1.0,3,10.0
2DKO,2X5Y,I,A,3,171,0.6666666666666666,1.0,3,12.0
2DKO,2X9Z,I,A,3,262,0.6666666666666666,1.0,3,12.0
2DKO,2Y0T,I,A,3,52,0.6666666666666666,1.0,3,14.0
2DKO,2Y7L,I,A,3,312,0.6666666666666666,1.0,3,8.0
2DKO,2YNY,I,A,3,106,0.3333333333333333,1.0,3,10.0
2DKO,2ZCM,I,A,3,177,0.6666666666666666,1.0,3,12.0
2DKO,2ZU1,I,A,3,180,0.6666666666666666,1.0,3,11.0
2DKO,3AMC,I,A,3,308,1.0,1.0,3,15.0
2DKO,3BA1,I,A,3,312,0.6666666666666666,1.0,3,12.0
2DKO,3BED,I,A,3,130,0.6666666666666666,1.0,3,12.0
2DKO,3BZQ,I,A,3,99,0.6666666666666666,1.0,3,12.0
2DKO,3DWV,I,A,3,162,0.3333333333333333,1.0,3,10.0
2DKO,3F2Z,I,A,3,149,0.3333333333333333,1.0,3,8.0
2DKO,3F7E,I,A,3,128,0.6666666666666666,1.0,3,10.0
2DKO,3FKE,I,A,3,123,0.3333333333333333,1.0,3,7.0
2DKO,3FMY,I,A,3,65,0.3333333333333333,1.0,3,9.0
2DKO,3FSO,I,A,3,109,0.6666666666666666,1.0,3,12.0
2DKO,3G1S,I,A,3,209,0.6666666666666666,1.0,3,14.0
2DKO,3HP4,I,A,3,182,0.6666666666666666,1.0,3,12.0
2DKO,3HYD,B,A,103,7,0.6666666666666666,0.8571428571428571,6,16.0
2DKO,3HZ8,I,A,3,192,0.6666666666666666,1.0,3,11.0
2DKO,3I4O,I,A,3,68,0.6666666666666666,1.0,3,10.0
2DKO,3I7M,I,A,3,134,0.6666666666666666,1.0,3,12.0
2DKO,3IVV,I,D,3,9,1.0,1.0,3,15.0
2DKO,3K6Y,I,A,3,227,0.6666666666666666,1.0,3,10.0
2DKO,3KGK,I,A,3,92,0.6666666666666666,1.0,3,11.0
2DKO,3KZD,I,A,3,85,0.6666666666666666,1.0,3,14.0
2DKO,3LAA,I,A,3,169,0.6666666666666666,1.0,3,10.0
2DKO,3LAX,I,A,3,106,0.6666666666666666,1.0,3,14.0
2DKO,3LG3,I,A,3,419,0.6666666666666666,1.0,3,12.0
2DKO,3M3P,I,A,3,249,0.6666666666666666,1.0,3,12.0
2DKO,3M8J,I,A,3,90,0.6666666666666666,1.0,3,10.0
2DKO,3MD4,A,A,146,6,0.3333333333333333,1.0,6,13.0
2DKO,3MD5,A,A,146,6,0.3333333333333333,1.0,6,15.0
2DKO,3MEA,A,B,146,3,0.3333333333333333,1.0,3,7.0
2DKO,3MGN,A,H,146,1,1.0,1.0,1,6.0
2DKO,3N11,I,A,3,325,0.6666666666666666,1.0,3,12.0
2DKO,3NE0,I,A,3,208,0.3333333333333333,1.0,3,8.0
2DKO,3NPV,I,A,3,249,0.6666666666666666,1.0,3,12.0
2DKO,3O0P,I,A,3,194,0.3333333333333333,1.0,3,11.0
2DKO,3O5P,I,A,3,128,0.6666666666666666,1.0,3,11.0
2DKO,3PES,I,A,3,83,0.6666666666666666,1.0,3,10.0
2DKO,3PIW,I,A,3,154,0.3333333333333333,1.0,3,9.0
2DKO,3PVE,I,A,3,175,0.6666666666666666,1.0,3,7.0
2DKO,3PZZ,A,A,146,6,0.6,0.8333333333333334,5,15.0
2DKO,3Q6L,I,A,3,131,1.0,1.0,3,15.0
2DKO,3QPA,I,A,3,196,0.3333333333333333,1.0,3,10.0
2DKO,3RQ9,I,A,3,78,0.3333333333333333,1.0,3,9.0
2DKO,3RZY,I,A,3,139,1.0,1.0,3,15.0
2DKO,3SEB,I,A,3,238,0.6666666666666666,1.0,3,12.0
2DKO,3SO6,I,A,3,137,0.6666666666666666,1.0,3,11.0
2DKO,3SR3,I,B,3,304,0.6666666666666666,1.0,3,11.0
2DKO,3SUK,I,A,3,124,0.6666666666666666,1.0,3,12.0
2DKO,3T47,I,A,3,71,0.3333333333333333,1.0,3,9.0
2DKO,3TDN,I,A,3,121,0.6666666666666666,1.0,3,11.0
2DKO,3UCI,I,A,3,72,0.3333333333333333,1.0,3,9.0
2DKO,3V1A,I,A,3,48,1.0,1.0,3,15.0
2DKO,3V75,I,A,3,285,0.6666666666666666,1.0,3,12.0
2DKO,3W4Q,I,A,3,258,0.6666666666666666,1.0,3,12.0
2DKO,3ZRX,I,A,3,111,0.6666666666666666,1.0,3,14.0
2DKO,3ZSL,I,A,3,138,0.3333333333333333,1.0,3,9.0
2DKO,3ZZP,I,A,3,74,0.6666666666666666,1.0,3,10.0
2DKO,3ZZY,I,A,3,106,0.6666666666666666,1.0,3,9.0
2DKO,4AM1,I,A,3,345,0.6666666666666666,1.0,3,11.0
2DKO,4ANN,I,A,3,176,0.6666666666666666,1.0,3,12.0
2DKO,4DD5,I,A,3,387,0.6666666666666666,1.0,3,12.0
2DKO,4DT4,I,A,3,160,0.3333333333333333,1.0,3,9.0
2DKO,4EK3,I,A,3,287,1.0,1.0,3,15.0
2DKO,4EUG,I,A,3,225,0.6666666666666666,1.0,3,11.0
2DKO,4F01,I,A,3,218,0.6666666666666666,1.0,3,14.0
2DKO,4F3J,I,A,3,143,0.6666666666666666,1.0,3,12.0
2DKO,4FR9,I,A,3,133,0.6666666666666666,1.0,3,12.0
2DKO,4G2E,I,A,3,151,0.6666666666666666,1.0,3,14.0
2DKO,4G6C,I,A,3,333,0.3333333333333333,1.0,3,9.0
2DKO,4GMQ,I,A,3,92,0.6666666666666666,1.0,3,14.0
2DKO,4H4J,I,A,3,236,1.0,1.0,3,15.0
2DKO,4HJP,I,A,3,281,0.3333333333333333,1.0,3,11.0
2DKO,4HWM,I,A,3,117,0.3333333333333333,1.0,3,8.0
2DKO,4IL7,I,A,3,85,0.6666666666666666,1.0,3,11.0
2DKO,4J5O,I,A,3,111,0.6666666666666666,1.0,3,12.0
2DKO,4J5Q,I,A,3,146,0.6666666666666666,1.0,3,11.0
2DKO,4J78,A,B,146,5,0.75,0.8,4,13.0
2DKO,4JVU,I,A,3,110,0.6666666666666666,1.0,3,9.0
2DKO,4JYP,I,A,3,267,0.6666666666666666,1.0,3,10.0
2DKO,5CYT,I,R,3,103,0.6666666666666666,1.0,3,7.0
2DKO,6RXN,I,A,3,45,0.6666666666666666,1.0,3,10.0
2DPL,2EHS,A,A,287,75,0.373134328358209,0.8933333333333333,67,43.5
2DPL,2V9V,A,A,287,135,0.3275862068965517,0.8592592592592593,116,47.5
2DPL,3AUB,A,A,287,58,0.48936170212765956,0.8103448275862069,47,39.0
2DPL,3BED,B,B,278,127,0.3106796116504854,0.8110236220472441,103,44.5
2DPL,3MGN,A,H,287,1,1.0,1.0,1,6.0
2DPL,3OQY,A,b,287,14,0.38461538461538464,0.9285714285714286,13,22.0
2DPL,3PZZ,A,A,287,6,0.8,0.8333333333333334,5,16.0
2DPL,3Q2X,B,A,278,6,0.4,0.8333333333333334,5,13.0
2DPL,3T47,A,B,287,70,0.40625,0.9142857142857143,64,47.5
2DPL,3TDN,A,A,287,121,0.32673267326732675,0.8347107438016529,101,34.0
2DPL,3ZRX,A,B,287,110,0.31521739130434784,0.8363636363636363,92,45.0
2DPL,4ERY,A,D,287,14,0.3333333333333333,0.8571428571428571,12,17.0
2DPL,4G14,A,A,287,5,0.75,0.8,4,17.0
2DPL,4HWM,A,A,287,117,0.32989690721649484,0.8290598290598291,97,45.0
2DPL,4J78,A,B,287,5,0.4,1.0,5,13.0
2DSX,2Q52,A,A,52,206,0.3,0.9615384615384616,50,25.0
2DSX,3FOD,A,A,52,6,0.4,0.8333333333333334,5,6.0
2DSX,3MGN,A,H,52,1,1.0,1.0,1,6.0
2DSX,6RXN,A,A,52,45,0.6904761904761905,0.9333333333333333,42,165.0
2E10,3FMY,B,A,222,65,0.3333333333333333,0.9230769230769231,60,27.0
2E10,3HYD,A,A,217,7,0.5,0.8571428571428571,6,17.0
2E10,3MEA,A,B,217,3,0.6666666666666666,1.0,3,11.0
2E10,3MGN,A,H,217,1,1.0,1.0,1,6.0
2E10,3PTL,A,B,217,10,0.4444444444444444,0.9,9,17.0
2E10,3Q2X,A,A,217,6,0.4,0.8333333333333334,5,14.0
2E10,3T47,A,B,217,70,0.3392857142857143,0.8,56,33.0
2E10,3VN0,A,A,217,48,0.3333333333333333,0.875,42,30.5
2E10,4J78,A,B,217,5,0.4,1.0,5,14.0
2E3H,2ZU1,A,A,81,180,0.30303030303030304,0.8148148148148148,66,36.0
2E3H,3FE7,A,L,81,5,0.5,0.8,4,11.0
2E3H,3MD4,A,A,81,6,0.3333333333333333,1.0,6,11.0
2E3H,3MD5,A,A,81,6,0.5,1.0,6,14.0
2E3H,3MEA,A,B,81,3,0.6666666666666666,1.0,3,7.0
2E3H,3MGN,A,H,81,1,1.0,1.0,1,6.0
2E3H,3PTL,A,B,81,10,0.5,1.0,10,21.0
2E3H,3PZZ,A,A,81,6,0.6,0.8333333333333334,5,18.0
2E3H,3Q2X,A,A,81,6,0.6,0.8333333333333334,5,18.0
2E3H,3ZZY,A,C,81,8,0.42857142857142855,0.875,7,16.0
2E3H,4JYP,A,A,81,267,0.3188405797101449,0.8518518518518519,69,32.0
2EAQ,2Y7L,A,A,89,312,0.3013698630136986,0.8202247191011236,73,31.5
2EAQ,3L41,A,B,89,5,0.75,0.8,4,14.0
2EAQ,3MGN,A,H,89,1,1.0,1.0,1,6.0
2EAQ,4G14,A,A,89,5,0.6,1.0,5,11.0
2EHP,3DRF,A,B,124,8,0.375,1.0,8,13.0
2EHP,3FE7,A,L,124,5,0.5,0.8,4,14.0
2EHP,3IVV,A,D,124,9,0.375,0.8888888888888888,8,13.0
2EHP,3MGN,A,H,124,1,1.0,1.0,1,6.0
2EHP,3SO6,B,Q,124,13,0.4166666666666667,0.9230769230769231,12,20.0
2EHP,4EUG,A,A,124,225,0.3,0.967741935483871,120,31.0
2EHS,2FN9,A,A,75,280,0.3888888888888889,0.96,72,35.0
2EHS,2J32,A,B,75,4,0.5,1.0,4,13.0
2EHS,2W6A,A,B,75,56,0.3125,0.8571428571428571,48,29.0
2EHS,3FE7,A,L,75,5,0.4,1.0,5,10.0
2EHS,3FTD,A,A,75,240,0.3064516129032258,0.8266666666666667,62,60.5
2EHS,3MGN,A,H,75,1,1.0,1.0,1,6.0
2EHS,3PID,A,A,75,387,0.31746031746031744,0.84,63,42.5
2EHS,4J78,A,B,75,5,0.5,0.8,4,11.0
2ERW,2OL9,A,A,53,6,0.5,1.0,6,14.0
2ERW,2OLX,A,A,53,4,0.5,1.0,4,10.0
2ERW,3FVA,A,A,53,6,0.3333333333333333,1.0,6,10.0
2ERW,3HYD,A,A,53,7,0.5,0.8571428571428571,6,9.0
2ERW,3MEA,A,B,53,3,0.6666666666666666,1.0,3,10.0
2ERW,3MGN,A,H,53,1,1.0,1.0,1,6.0
2ERW,3NVG,A,A,53,6,0.4,0.8333333333333334,5,16.0
2ERW,4J78,A,B,53,5,0.5,0.8,4,12.0
2ETX,3I2Z,A,A,194,71,0.3684210526315789,0.8028169014084507,57,43.5
2ETX,3L41,A,B,194,5,0.6,1.0,5,18.0
2ETX,3MD4,A,A,194,6,0.5,1.0,6,15.0
2ETX,3MD5,A,A,194,6,0.5,1.0,6,14.0
2ETX,3MGN,A,H,194,1,1.0,1.0,1,6.0
2ETX,3NGG,A,A,194,46,0.3333333333333333,0.9130434782608695,42,39.5
2ETX,3PTL,A,B,194,10,0.4444444444444444,0.9,9,19.0
2ETX,3PZZ,A,A,194,6,0.4,0.8333333333333334,5,14.0
2FB6,2J32,A,B,116,4,0.5,1.0,4,10.0
2FB6,2OLX,A,A,116,4,0.5,1.0,4,11.0
2FB6,2Y7L,A,B,116,7,0.5,0.8571428571428571,6,13.0
2FB6,3FVA,A,A,116,6,0.4,0.8333333333333334,5,14.0
2FB6,3MD4,A,A,116,6,0.6,0.8333333333333334,5,14.0
2FB6,3MD5,A,A,116,6,0.6,0.8333333333333334,5,15.0
2FB6,3MGN,A,H,116,1,1.0,1.0,1,6.0
2FB6,3PZZ,A,A,116,6,0.5,1.0,6,13.0
2FB6,3ZZY,A,C,116,8,0.42857142857142855,0.875,7,16.0
2FB6,4J78,A,B,116,5,0.4,1.0,5,13.0
2FG1,2G69,A,A,157,99,0.39080459770114945,0.8787878787878788,87,36.5
2FG1,2OL9,A,A,157,6,0.4,0.8333333333333334,5,12.0
2FG1,3DRF,A,B,157,8,0.5,1.0,8,16.0
2FG1,3FVA,A,A,157,6,0.4,0.8333333333333334,5,11.0
2FG1,3HYD,A,A,157,7,0.5,0.8571428571428571,6,18.0
2FG1,3LAX,A,A,157,106,0.36,0.9433962264150944,100,31.5
2FG1,3MEA,A,B,157,3,0.6666666666666666,1.0,3,6.0
2FG1,3MGN,A,H,157,1,1.0,1.0,1,6.0
2FG1,3NVG,A,A,157,6,0.4,0.8333333333333334,5,12.0
2FG1,3PZZ,A,A,157,6,0.3333333333333333,1.0,6,13.0
2FG1,3Q2X,A,A,157,6,0.4,0.8333333333333334,5,14.0
2FG1,4G14,A,A,157,5,0.4,1.0,5,13.0
2FG1,4J5Q,A,A,157,146,0.3088235294117647,0.9315068493150684,136,110.5
2FG1,4J78,A,B,157,5,0.4,1.0,5,11.0
2FN9,2OL9,A,A,280,6,0.6,0.8333333333333334,5,14.0
2FN9,3BZZ,A,B,280,81,0.3076923076923077,0.8024691358024691,65,39.0
2FN9,3DRF,A,B,280,8,0.5714285714285714,0.875,7,17.0
2FN9,3FOD,A,A,280,6,0.6666666666666666,1.0,6,16.0
2FN9,3KZD,A,A,280,85,0.30434782608695654,0.8117647058823529,69,26.5
2FN9,3MGN,A,H,280,1,1.0,1.0,1,6.0
2FN9,3PZZ,A,A,280,6,0.4,0.8333333333333334,5,13.0
2FN9,3Q2X,A,A,280,6,0.6,0.8333333333333334,5,13.0
2FN9,3SO6,A,Q,280,13,0.38461538461538464,1.0,13,21.0
2FN9,3ZZY,A,C,280,8,0.375,1.0,8,17.0
2FN9,4G14,A,A,280,5,0.75,0.8,4,11.0
2FQ3,2OKT,A,A,85,342,0.3333333333333333,0.8117647058823529,69,33.5
2FQ3,2OL9,A,A,85,6,0.4,0.8333333333333334,5,14.0
2FQ3,3FOD,A,A,85,6,0.6,0.8333333333333334,5,10.0
2FQ3,3FVA,A,A,85,6,0.4,0.8333333333333334,5,13.0
2FQ3,3IVV,A,D,85,9,0.3333333333333333,1.0,9,14.0
2FQ3,3MD4,A,A,85,6,0.4,0.8333333333333334,5,13.0
2FQ3,3MGN,A,H,85,1,1.0,1.0,1,6.0
2FQ3,3PID,A,A,85,387,0.323943661971831,0.8352941176470589,71,30.5
2G69,2NR7,A,A,99,194,0.3,0.8080808080808081,80,47.5
2G69,2Y7L,A,B,99,7,0.3333333333333333,0.8571428571428571,6,12.0
2G69,3FOD,A,A,99,6,0.4,0.8333333333333334,5,11.0
2G69,3MGN,A,H,99,1,1.0,1.0,1,6.0
2G69,3PTL,A,B,99,10,0.3333333333333333,0.9,9,12.0
2G69,3PZZ,A,A,99,6,0.6666666666666666,1.0,6,16.0
2G69,3TDN,A,B,99,236,0.37037037037037035,0.8181818181818182,81,38.0
2G69,4G14,A,A,99,5,0.5,0.8,4,10.0
2G69,4J78,A,B,99,5,0.4,1.0,5,13.0
2G7O,2OL9,A,A,68,6,0.6,0.8333333333333334,5,17.0
2G7O,3B5O,A,A,68,230,0.3090909090909091,0.8088235294117647,55,29.5
2G7O,3FVA,A,A,68,6,0.6,0.8333333333333334,5,16.0
2G7O,3MGN,A,H,68,1,1.0,1.0,1,6.0
2G7O,3PTL,A,B,68,10,0.375,0.8,8,11.0
2G7O,4JYP,A,A,68,267,0.30357142857142855,0.8235294117647058,56,31.5
2G7S,2WW7,A,A,190,22,0.36363636363636365,1.0,22,17.0
2G7S,2Y7L,A,B,190,7,0.5,0.8571428571428571,6,15.0
2G7S,3FOD,A,A,190,6,0.6,0.8333333333333334,5,15.0
2G7S,3HYD,A,A,190,7,0.42857142857142855,1.0,7,11.0
2G7S,3I4O,A,A,190,68,0.3448275862068966,0.8529411764705882,58,32.5
2G7S,3MD4,A,A,190,6,0.6,0.8333333333333334,5,15.0
2G7S,3MEA,A,B,190,3,1.0,1.0,3,14.0
2G7S,3MGN,A,H,190,1,1.0,1.0,1,6.0
2G7S,3OQY,A,a,190,13,0.38461538461538464,1.0,13,22.0
2G7S,4G14,A,A,190,5,0.5,0.8,4,13.0
2G7S,4J78,A,B,190,5,0.4,1.0,5,10.0
2GKG,2OL9,A,A,122,6,0.3333333333333333,1.0,6,15.0
2GKG,2VYO,A,A,122,206,0.3333333333333333,0.8114754098360656,99,40.0
2GKG,2WW7,A,A,122,22,0.3333333333333333,0.8181818181818182,18,15.5
2GKG,3BZZ,A,A,122,19,0.4444444444444444,0.9473684210526315,18,17.0
2GKG,3IVV,A,D,122,9,0.4444444444444444,1.0,9,17.0
2GKG,3MGN,A,H,122,1,1.0,1.0,1,6.0
2GKG,3NVG,A,A,122,6,0.3333333333333333,1.0,6,13.0
2GKG,3PTL,A,B,122,10,0.3,1.0,10,17.0
2GKG,3PZZ,A,A,122,6,0.8,0.8333333333333334,5,22.0
2GOM,3IVV,A,D,61,9,0.5,0.8888888888888888,8,17.0
2GOM,3L41,A,B,61,5,0.6,1.0,5,14.0
2GOM,3MGN,A,H,61,1,1.0,1.0,1,6.0
2GXG,2OL9,A,A,140,6,0.4,0.8333333333333334,5,9.0
2GXG,2OLX,A,A,140,4,0.5,1.0,4,8.0
2GXG,2Y0T,A,B,140,49,0.3111111111111111,0.9183673469387755,45,34.5
2GXG,2Y7L,A,B,140,7,0.5,0.8571428571428571,6,13.0
2GXG,3FOD,A,A,140,6,0.4,0.8333333333333334,5,12.0
2GXG,3IVV,A,D,140,9,0.5,0.8888888888888888,8,17.0
2GXG,3L41,A,B,140,5,0.4,1.0,5,11.0
2GXG,3MGN,A,H,140,1,1.0,1.0,1,6.0
2GXG,3NVG,A,A,140,6,0.3333333333333333,1.0,6,12.0
2GXG,3PTL,A,B,140,10,0.4444444444444444,0.9,9,16.0
2GXG,4J78,A,B,140,5,0.4,1.0,5,12.0
2GZQ,2J32,A,B,191,4,0.5,1.0,4,12.0
2GZQ,2OLX,A,A,191,4,0.75,1.0,4,14.0
2GZQ,3L41,A,B,191,5,0.6,1.0,5,14.0
2GZQ,3MEA,A,B,191,3,0.6666666666666666,1.0,3,7.0
2GZQ,3MGN,A,H,191,1,1.0,1.0,1,6.0
2GZQ,3NVG,A,A,191,6,0.4,0.8333333333333334,5,15.0
2GZQ,3PTL,A,B,191,10,0.3333333333333333,0.9,9,14.0
2GZQ,3PZZ,A,A,191,6,0.5,1.0,6,13.0
2GZQ,3Q2X,A,A,191,6,0.6,0.8333333333333334,5,18.0
2GZQ,4J78,A,B,191,5,0.6,1.0,5,12.0
2HQK,2X1Q,A,A,213,119,0.3125,0.8067226890756303,96,37.5
2HQK,3E5T,A,A,213,228,0.4786729857819905,0.9906103286384976,211,545.0
2HQK,3FE7,A,L,213,5,0.5,0.8,4,18.0
2HQK,3FVA,A,A,213,6,0.4,0.8333333333333334,5,11.0
2HQK,3L41,A,B,213,5,0.5,0.8,4,13.0
2HQK,3MGN,A,H,213,1,1.0,1.0,1,6.0
2HQK,3PTL,A,B,213,10,0.3,1.0,10,16.0
2HQK,3PZZ,A,A,213,6,0.4,0.8333333333333334,5,11.0
2HQK,3Q2X,A,A,213,6,0.4,0.8333333333333334,5,14.0
2HQK,3SO6,A,Q,213,13,0.6363636363636364,0.8461538461538461,11,26.5
2HQK,4J78,A,B,213,5,0.8,1.0,5,16.0
2HYK,2J32,A,B,237,4,0.75,1.0,4,16.0
2HYK,2OL9,A,A,237,6,0.4,0.8333333333333334,5,12.0
2HYK,2WW7,A,A,237,22,0.3157894736842105,0.8636363636363636,19,25.0
2HYK,2Y7L,A,B,237,7,0.5,0.8571428571428571,6,16.0
2HYK,3DRF,A,B,237,8,0.42857142857142855,0.875,7,15.0
2HYK,3IVV,A,D,237,9,0.3333333333333333,1.0,9,14.0
2HYK,3L41,A,B,237,5,0.75,0.8,4,19.0
2HYK,3MD4,A,A,237,6,0.6,0.8333333333333334,5,18.0
2HYK,3MD5,A,A,237,6,0.6666666666666666,1.0,6,17.0
2HYK,3MGN,A,H,237,1,1.0,1.0,1,6.0
2HYK,3OBQ,A,B,237,9,0.625,0.8888888888888888,8,24.0
2HYK,3PZZ,A,A,237,6,0.4,0.8333333333333334,5,12.0
2I24,2X1Q,N,B,113,121,0.3695652173913043,0.8141592920353983,92,89.0
2I24,3L41,N,B,113,5,0.5,0.8,4,14.0
2I24,3MGN,N,H,113,1,1.0,1.0,1,6.0
2I24,4ERY,N,D,113,14,0.3333333333333333,0.8571428571428571,12,20.0
2I49,2J32,A,B,398,4,0.75,1.0,4,13.0
2I49,2OL9,A,A,398,6,0.5,1.0,6,15.0
2I49,3BZQ,A,A,398,99,0.33695652173913043,0.9292929292929293,92,36.5
2I49,3FOD,A,A,398,6,0.8,0.8333333333333334,5,14.0
2I49,3MD4,A,A,398,6,0.8,0.8333333333333334,5,23.0
2I49,3MD5,A,A,398,6,0.6,0.8333333333333334,5,19.0
2I49,3MGN,A,H,398,1,1.0,1.0,1,6.0
2I49,3NVG,A,A,398,6,0.5,1.0,6,13.0
2I49,3PZZ,A,A,398,6,0.5,1.0,6,14.0
2I49,3Q2X,A,A,398,6,0.6,0.8333333333333334,5,14.0
2I49,3ZZY,A,C,398,8,0.5,1.0,8,25.0
2I49,4G14,A,A,398,5,0.5,0.8,4,12.0
2I49,4J78,A,B,398,5,0.75,0.8,4,13.0
2IBL,2WW7,A,A,108,22,1.0,1.0,22,94.5
2IBL,3FOD,A,A,108,6,0.6,0.8333333333333334,5,14.0
2IBL,3MEA,A,B,108,3,0.6666666666666666,1.0,3,7.0
2IBL,3MGN,A,H,108,1,1.0,1.0,1,6.0
2IBL,3PTL,A,B,108,10,0.3,1.0,10,12.0
2IBL,3TYS,A,A,108,75,0.3442622950819672,0.8133333333333334,61,35.5
2IBL,4F01,A,A,108,218,0.31868131868131866,0.8425925925925926,91,48.0
2IBL,4J78,A,B,108,5,0.75,0.8,4,14.0
2IGD,2OKT,A,A,61,342,0.38181818181818183,0.9016393442622951,55,36.5
2IGD,2RB8,A,A,61,93,0.33962264150943394,0.8688524590163934,53,29.5
2IGD,3FOD,A,A,61,6,0.3333333333333333,1.0,6,9.0
2IGD,3K6Y,A,A,61,227,0.3157894736842105,0.9344262295081968,57,31.5
2IGD,3MEA,A,B,61,3,0.6666666666666666,1.0,3,9.0
2IGD,3MGN,A,H,61,1,1.0,1.0,1,6.0
2IGD,3PTL,A,B,61,10,0.4,1.0,10,21.0
2IGD,3W4Q,A,A,61,258,0.37735849056603776,0.8688524590163934,53,27.0
2IMF,2OL9,A,A,203,6,0.4,0.8333333333333334,5,13.0
2IMF,2Y7L,A,B,203,7,0.5,0.8571428571428571,6,12.0
2IMF,3FOD,A,A,203,6,0.8,0.8333333333333334,5,13.0
2IMF,3HYD,A,A,203,7,0.3333333333333333,0.8571428571428571,6,12.0
2IMF,3MD4,A,A,203,6,0.6,0.8333333333333334,5,14.0
2IMF,3MD5,A,A,203,6,0.4,0.8333333333333334,5,11.0
2IMF,3MGN,A,H,203,1,1.0,1.0,1,6.0
2IMF,3NVG,A,A,203,6,0.6,0.8333333333333334,5,14.0
2IMF,3PTL,A,B,203,10,0.4,1.0,10,17.0
2IMF,4J78,A,B,203,5,0.75,0.8,4,14.0
2IP6,2OLX,A,A,87,4,0.75,1.0,4,17.0
2IP6,2Y7L,A,B,87,7,0.5,0.8571428571428571,6,13.0
2IP6,3FVA,A,A,87,6,0.6,0.8333333333333334,5,17.0
2IP6,3HYD,A,A,87,7,0.5,0.8571428571428571,6,15.0
2IP6,3L41,A,B,87,5,0.6,1.0,5,12.0
2IP6,3MGN,A,H,87,1,1.0,1.0,1,6.0
2IP6,3MRE,A,P,87,9,0.375,0.8888888888888888,8,9.0
2IP6,4G14,A,A,87,5,0.6,1.0,5,13.0
2IVY,2WUJ,A,A,88,50,0.3333333333333333,0.84,42,34.0
2IVY,3DRF,A,A,88,539,0.31645569620253167,0.8977272727272727,79,34.5
2IVY,3FE7,A,L,88,5,0.6,1.0,5,15.0
2IVY,3L41,A,B,88,5,0.75,0.8,4,12.0
2IVY,3MGN,A,H,88,1,1.0,1.0,1,6.0
2IVY,4J78,A,B,88,5,0.5,0.8,4,10.0
2J32,2J9W,B,A,4,101,0.75,1.0,4,18.0
2J32,2JLI,A,A,240,100,0.3125,0.8,80,45.0
2J32,2O6X,B,A,4,306,0.5,1.0,4,16.0
2J32,2OHW,B,A,4,128,0.5,1.0,4,14.0
2J32,2OL9,A,A,240,6,0.6,0.8333333333333334,5,18.0
2J32,2PTH,B,A,4,193,0.75,1.0,4,18.0
2J32,2QJL,B,A,4,99,0.5,1.0,4,12.0
2J32,2R16,B,A,4,175,0.5,1.0,4,12.0
2J32,2WJ5,B,A,4,96,0.5,1.0,4,12.0
2J32,2WUJ,B,A,4,50,0.75,1.0,4,16.0
2J32,2ZU1,B,A,4,180,0.5,1.0,4,13.0
2J32,3BA1,B,A,4,312,0.75,1.0,4,17.0
2J32,3E5T,B,A,4,228,0.5,1.0,4,11.0
2J32,3E7R,B,L,4,40,0.75,1.0,4,14.0
2J32,3EUR,B,A,4,140,0.5,1.0,4,14.0
2J32,3F7E,B,A,4,128,0.5,1.0,4,13.0
2J32,3FCN,B,A,4,158,0.5,1.0,4,15.0
2J32,3HYD,A,A,240,7,0.6666666666666666,0.8571428571428571,6,16.0
2J32,3IVV,B,A,4,140,0.5,1.0,4,12.0
2J32,3M3P,B,A,4,249,0.5,1.0,4,14.0
2J32,3MD4,A,A,240,6,0.3333333333333333,1.0,6,13.0
2J32,3MD5,A,A,240,6,0.3333333333333333,1.0,6,15.0
2J32,3MEA,B,A,4,162,0.5,1.0,4,17.0
2J32,3MGN,A,H,240,1,1.0,1.0,1,6.0
2J32,3N11,B,A,4,325,0.5,1.0,4,13.0
2J32,3NPV,B,A,4,249,0.5,1.0,4,17.0
2J32,3PID,B,A,4,387,0.5,1.0,4,13.0
2J32,3PIW,B,A,4,154,0.5,1.0,4,15.0
2J32,3PZZ,A,A,240,6,0.6,0.8333333333333334,5,15.0
2J32,3SED,B,A,4,124,0.5,1.0,4,13.0
2J32,3SO6,A,Q,240,13,0.36363636363636365,0.8461538461538461,11,19.0
2J32,3T0H,B,A,4,208,0.5,1.0,4,12.0
2J32,3TOW,B,A,4,152,0.75,1.0,4,14.0
2J32,3UCI,B,A,4,72,0.5,1.0,4,15.0
2J32,3UR8,B,A,4,321,0.75,1.0,4,16.0
2J32,3VUB,B,A,4,101,0.5,1.0,4,12.0
2J32,3VZ9,B,B,4,103,0.5,1.0,4,10.0
2J32,3ZBD,B,A,4,110,0.75,1.0,4,13.0
2J32,3ZIT,B,A,4,74,0.5,1.0,4,12.0
2J32,3ZZP,B,A,4,74,0.5,1.0,4,11.0
2J32,4DD5,B,A,4,387,0.5,1.0,4,13.0
2J32,4DND,B,A,4,95,0.5,1.0,4,14.0
2J32,4G2E,B,A,4,151,0.5,1.0,4,16.0
2J32,4G5X,B,A,4,275,0.5,1.0,4,14.0
2J32,4G7X,B,B,4,102,0.5,1.0,4,12.0
2J32,4H4J,B,A,4,236,1.0,1.0,4,21.0
2J32,4H89,B,A,4,168,0.5,1.0,4,13.0
2J32,4HWM,B,A,4,117,0.5,1.0,4,10.0
2J32,4J78,A,B,240,5,0.75,0.8,4,13.0
2J32,4JYP,B,A,4,267,0.5,1.0,4,13.0
2J9W,3MGN,A,H,101,1,1.0,1.0,1,6.0
2J9W,4J78,A,B,101,5,0.5,0.8,4,10.0
2JKU,3FOD,A,A,35,6,0.4,0.8333333333333334,5,11.0
2JKU,3MGN,A,H,35,1,1.0,1.0,1,6.0
2JKU,3PTL,A,A,35,279,0.3235294117647059,0.9714285714285714,34,33.5
2JKU,3QPA,A,A,35,196,0.3142857142857143,1.0,35,25.5
2JKU,3W4Q,A,A,35,258,0.3333333333333333,0.8571428571428571,30,27.5
2JLI,2JLJ,A,A,100,115,0.98,1.0,100,490.0
2JLI,3BZZ,A,A,100,19,0.47368421052631576,1.0,19,50.0
2JLI,3HYD,A,A,100,7,0.6666666666666666,0.8571428571428571,6,19.0
2JLI,3MGN,A,H,100,1,1.0,1.0,1,6.0
2JLI,3SR3,A,A,100,333,0.3058823529411765,0.85,85,42.0
2JLI,4J78,A,B,100,5,0.5,0.8,4,9.0
2JLJ,2OL9,A,A,115,6,0.3333333333333333,1.0,6,11.0
2JLJ,2V9V,A,A,115,135,0.3333333333333333,0.8608695652173913,99,49.5
2JLJ,3BZZ,A,A,115,19,0.47058823529411764,0.8947368421052632,17,45.0
2JLJ,3DRF,A,B,115,8,0.5,1.0,8,16.0
2JLJ,3HYD,A,A,115,7,0.6666666666666666,0.8571428571428571,6,19.0
2JLJ,3MGN,A,H,115,1,1.0,1.0,1,6.0
2MCM,2Y0T,A,A,112,52,0.3673469387755102,0.9423076923076923,49,22.0
2MCM,2Y72,A,A,112,85,0.33783783783783783,0.8705882352941177,74,32.5
2MCM,2Y7L,A,B,112,7,0.42857142857142855,1.0,7,14.0
2MCM,3HHP,A,A,112,312,0.3655913978494624,0.8303571428571429,93,49.5
2MCM,3MEA,A,B,112,3,0.6666666666666666,1.0,3,8.0
2MCM,3MGN,A,H,112,1,1.0,1.0,1,6.0
2MCM,3PTL,A,B,112,10,0.375,0.8,8,17.0
2MCM,3V75,A,A,112,285,0.34782608695652173,0.8214285714285714,92,37.5
2MCM,3ZZY,A,C,112,8,0.5,1.0,8,17.0
2NLS,3MD4,A,A,36,6,0.5,1.0,6,9.0
2NLS,3MD5,A,A,36,6,0.5,1.0,6,9.0
2NLS,3MGN,A,H,36,1,1.0,1.0,1,6.0
2NLS,3NZL,A,A,36,73,0.3225806451612903,0.8611111111111112,31,26.5
2NLS,3PTL,A,A,36,279,0.3125,0.8888888888888888,32,27.5
2NLS,3UCI,A,A,36,72,0.3448275862068966,0.8055555555555556,29,33.5
2NLS,4G14,A,A,36,5,0.4,1.0,5,11.0
2NR7,3FE7,A,L,194,5,0.5,0.8,4,18.0
2NR7,3FOD,A,A,194,6,0.4,0.8333333333333334,5,9.0
2NR7,3HYD,A,A,194,7,0.3333333333333333,0.8571428571428571,6,14.0
2NR7,3L41,A,B,194,5,0.75,0.8,4,16.0
2NR7,3MEA,A,B,194,3,0.6666666666666666,1.0,3,10.0
2NR7,3MGN,A,H,194,1,1.0,1.0,1,6.0
2NR7,3Q2X,A,A,194,6,0.6666666666666666,1.0,6,20.0
2NR7,4G14,A,A,194,5,0.5,0.8,4,13.0
2NUH,3FOD,A,A,104,6,0.4,0.8333333333333334,5,11.0
2NUH,3MD4,A,A,104,6,0.4,0.8333333333333334,5,12.0
2NUH,3MD5,A,A,104,6,0.4,0.8333333333333334,5,11.0
2NUH,3MGN,A,H,104,1,1.0,1.0,1,6.0
2O6X,2VE8,A,G,306,60,0.3125,0.8,48,29.5
2O6X,3DRF,A,B,306,8,0.375,1.0,8,15.0
2O6X,3MGN,A,H,306,1,1.0,1.0,1,6.0
2O6X,3NVG,A,A,306,6,0.4,0.8333333333333334,5,16.0
2O6X,3PTL,A,B,306,10,0.375,0.8,8,15.0
2O6X,3T3K,A,A,306,122,0.32456140350877194,0.9344262295081968,114,44.5
2O6X,3TYS,A,A,306,75,0.3188405797101449,0.92,69,39.5
2O6X,4J78,A,B,306,5,0.6,1.0,5,13.0
2OA2,3FVA,A,A,132,6,0.6,0.8333333333333334,5,15.0
2OA2,3L41,A,B,132,5,0.4,1.0,5,12.0
2OA2,3MD4,A,A,132,6,0.4,0.8333333333333334,5,9.0
2OA2,3MD5,A,A,132,6,0.4,0.8333333333333334,5,9.0
2OA2,3MEA,A,B,132,3,0.6666666666666666,1.0,3,7.0
2OA2,3MGN,A,H,132,1,1.0,1.0,1,6.0
2OA2,3PZZ,A,A,132,6,0.6666666666666666,1.0,6,16.0
2OA2,4G14,A,A,132,5,0.5,0.8,4,15.0
2OA2,4J78,A,B,132,5,0.4,1.0,5,12.0
2OCT,2OLX,A,A,97,4,0.5,1.0,4,11.0
2OCT,3FMY,A,A,97,65,0.3157894736842105,0.8769230769230769,57,25.5
2OCT,3FVA,A,A,97,6,0.4,0.8333333333333334,5,11.0
2OCT,3MEA,A,B,97,3,0.6666666666666666,1.0,3,9.0
2OCT,3MGN,A,H,97,1,1.0,1.0,1,6.0
2OCT,3NVG,A,A,97,6,0.4,0.8333333333333334,5,17.0
2OCT,3PTL,A,B,97,10,0.375,0.8,8,15.0
2OCT,4G14,A,A,97,5,0.6,1.0,5,13.0
2OHW,2R16,A,A,128,175,0.308411214953271,0.8359375,107,43.0
2OHW,3FE7,A,L,128,5,0.4,1.0,5,10.0
2OHW,3FOD,A,A,128,6,0.4,0.8333333333333334,5,11.0
2OHW,3L41,A,B,128,5,0.75,0.8,4,17.0
2OHW,3MD5,A,A,128,6,0.6666666666666666,1.0,6,15.0
2OHW,3MEA,A,B,128,3,0.6666666666666666,1.0,3,7.0
2OHW,3MGN,A,H,128,1,1.0,1.0,1,6.0
2OHW,3Q2X,A,A,128,6,0.4,0.8333333333333334,5,15.0
2OHW,4AM1,A,A,128,345,0.3050847457627119,0.921875,118,33.5
2OKT,2OLX,A,A,342,4,0.5,1.0,4,13.0
2OKT,3DRF,A,B,342,8,0.5714285714285714,0.875,7,16.0
2OKT,3HYD,A,A,342,7,0.6666666666666666,0.8571428571428571,6,19.0
2OKT,3L41,A,B,342,5,0.4,1.0,5,13.0
2OKT,3MAB,A,B,342,88,0.3103448275862069,0.9886363636363636,87,61.5
2OKT,3MGN,A,H,342,1,1.0,1.0,1,6.0
2OKT,3PTL,A,B,342,10,0.4444444444444444,0.9,9,21.0
2OKT,3VN0,A,D,342,47,0.3111111111111111,0.9574468085106383,45,27.5
2OKT,4G14,A,A,342,5,0.6,1.0,5,13.0
2OKT,4J78,A,B,342,5,0.75,0.8,4,13.0
2OL9,2PPN,A,A,6,107,0.4,0.8333333333333334,5,10.0
2OL9,2PTH,A,A,6,193,0.6,0.8333333333333334,5,16.0
2OL9,2Q4N,A,A,6,153,0.4,0.8333333333333334,5,9.0
2OL9,2QJL,A,A,6,99,0.4,0.8333333333333334,5,13.0
2OL9,2R16,A,A,6,175,0.4,0.8333333333333334,5,13.0
2OL9,2RFR,A,A,6,154,0.3333333333333333,1.0,6,10.0
2OL9,2VH7,A,A,6,94,0.6,0.8333333333333334,5,16.0
2OL9,2VPA,A,A,6,204,0.3333333333333333,1.0,6,12.0
2OL9,2W2A,A,A,6,175,0.6,0.8333333333333334,5,18.0
2OL9,2WWE,A,A,6,111,0.4,0.8333333333333334,5,14.0
2OL9,2Y72,A,A,6,85,0.4,0.8333333333333334,5,8.0
2OL9,2YLB,A,A,6,65,0.5,1.0,6,11.0
2OL9,2ZCM,A,A,6,177,0.4,0.8333333333333334,5,14.0
2OL9,3AUB,A,A,6,58,0.5,1.0,6,20.0
2OL9,3DRF,A,A,6,539,0.5,1.0,6,14.0
2OL9,3EUR,A,A,6,140,0.4,0.8333333333333334,5,15.0
2OL9,3FVA,A,A,6,6,0.6666666666666666,1.0,6,24.0
2OL9,3GBW,A,A,6,161,0.4,0.8333333333333334,5,12.0
2OL9,3HNY,A,M,6,156,0.6,0.8333333333333334,5,19.0
2OL9,3I7M,A,A,6,134,0.4,0.8333333333333334,5,11.0
2OL9,3K6Y,A,A,6,227,0.4,0.8333333333333334,5,13.0
2OL9,3LAA,A,A,6,169,0.4,0.8333333333333334,5,12.0
2OL9,3LAX,A,A,6,106,0.4,0.8333333333333334,5,11.0
2OL9,3MEA,A,A,6,162,0.4,0.8333333333333334,5,10.0
2OL9,3MRE,A,B,6,100,0.3333333333333333,1.0,6,15.0
2OL9,3N11,A,A,6,325,0.5,1.0,6,19.0
2OL9,3O5P,A,A,6,128,0.5,1.0,6,14.0
2OL9,3OQY,A,A,6,102,0.6,0.8333333333333334,5,12.0
2OL9,3P6J,A,A,6,125,0.4,0.8333333333333334,5,10.0
2OL9,3PES,A,A,6,83,0.4,0.8333333333333334,5,7.0
2OL9,3PID,A,A,6,387,0.4,0.8333333333333334,5,13.0
2OL9,3PIW,A,A,6,154,0.6,0.8333333333333334,5,17.0
2OL9,3PTL,A,A,6,279,0.6,0.8333333333333334,5,18.0
2OL9,3SEB,A,A,6,238,0.6,0.8333333333333334,5,21.0
2OL9,3T0H,A,A,6,208,0.5,1.0,6,14.0
2OL9,3T47,A,B,6,70,0.4,0.8333333333333334,5,9.0
2OL9,3TDN,A,A,6,121,0.4,0.8333333333333334,5,11.0
2OL9,3TOW,A,A,6,152,0.4,0.8333333333333334,5,13.0
2OL9,3U6G,A,A,6,125,0.5,1.0,6,15.0
2OL9,3VUB,A,A,6,101,0.4,0.8333333333333334,5,12.0
2OL9,3ZRX,A,A,6,111,0.3333333333333333,1.0,6,13.0
2OL9,4ACJ,A,A,6,167,0.3333333333333333,1.0,6,10.0
2OL9,4AE7,A,A,6,186,0.4,0.8333333333333334,5,13.0
2OL9,4AVR,A,A,6,94,0.4,0.8333333333333334,5,12.0
2OL9,4DND,A,A,6,95,0.3333333333333333,1.0,6,12.0
2OL9,4DT4,A,A,6,160,0.6,0.8333333333333334,5,17.0
2OL9,4ERY,A,A,6,304,0.4,0.8333333333333334,5,12.0
2OL9,4FR9,A,A,6,133,0.5,1.0,6,17.0
2OL9,4G2E,A,A,6,151,0.6,0.8333333333333334,5,16.0
2OL9,4HDE,A,A,6,168,0.4,0.8333333333333334,5,15.0
2OL9,4J5O,A,A,6,111,0.6,0.8333333333333334,5,13.0
2OL9,4JG2,A,A,6,185,0.6,0.8333333333333334,5,15.0
2OL9,4JVU,A,A,6,110,0.6,0.8333333333333334,5,13.0
2OLX,2R16,A,A,4,175,0.5,1.0,4,12.0
2OLX,2VH7,A,A,4,94,0.5,1.0,4,15.0
2OLX,2VY8,A,A,4,149,0.5,1.0,4,10.0
2OLX,2X25,A,B,4,167,0.5,1.0,4,11.0
2OLX,2ZU1,A,A,4,180,0.5,1.0,4,14.0
2OLX,3E5T,A,A,4,228,0.5,1.0,4,10.0
2OLX,3HWU,A,A,4,144,0.5,1.0,4,10.0
2OLX,3I2V,A,A,4,124,0.5,1.0,4,12.0
2OLX,3IHS,A,A,4,85,0.5,1.0,4,9.0
2OLX,3L41,A,A,4,214,0.5,1.0,4,9.0
2OLX,3LAA,A,A,4,169,0.5,1.0,4,11.0
2OLX,3PID,A,A,4,387,0.5,1.0,4,13.0
2OLX,3PIW,A,A,4,154,0.5,1.0,4,13.0
2OLX,3PKV,A,A,4,221,0.5,1.0,4,11.0
2OLX,3PTL,A,A,4,279,0.75,1.0,4,16.0
2OLX,3PVE,A,A,4,175,0.5,1.0,4,12.0
2OLX,3R6D,A,A,4,215,0.5,1.0,4,11.0
2OLX,3T47,A,A,4,71,0.5,1.0,4,8.0
2OLX,3US6,A,A,4,148,0.5,1.0,4,13.0
2OLX,3VVV,A,A,4,108,0.5,1.0,4,11.0
2OLX,3VZ9,A,B,4,103,0.5,1.0,4,14.0
2OLX,3ZSL,A,A,4,138,0.5,1.0,4,14.0
2OLX,4ANN,A,A,4,176,0.5,1.0,4,12.0
2OLX,4B6G,A,A,4,283,0.5,1.0,4,13.0
2OLX,4B9G,A,A,4,146,0.5,1.0,4,13.0
2OLX,4EK3,A,A,4,287,0.5,1.0,4,9.0
2OLX,4GA2,A,A,4,144,0.5,1.0,4,10.0
2OLX,4J5O,A,A,4,111,0.5,1.0,4,11.0
2OLX,4JG2,A,A,4,185,0.5,1.0,4,11.0
2PKT,3FOD,A,A,91,6,0.4,0.8333333333333334,5,9.0
2PKT,3FVA,A,A,91,6,0.4,0.8333333333333334,5,14.0
2PKT,3IVV,A,D,91,9,0.375,0.8888888888888888,8,16.0
2PKT,3MEA,A,B,91,3,0.6666666666666666,1.0,3,10.0
2PKT,3MGN,A,H,91,1,1.0,1.0,1,6.0
2PKT,3OBQ,A,B,91,9,0.375,0.8888888888888888,8,15.0
2PKT,3PTL,A,B,91,10,0.5555555555555556,0.9,9,20.0
2PKT,3Q2X,A,A,91,6,0.4,0.8333333333333334,5,12.0
2PKT,3ZZY,A,C,91,8,0.375,1.0,8,15.0
2PKT,4G14,A,A,91,5,0.5,0.8,4,11.0
2PKT,4J78,A,B,91,5,0.5,0.8,4,8.0
2PLT,3A7L,A,A,98,128,0.34177215189873417,0.8061224489795918,79,39.0
2PLT,3L41,A,B,98,5,0.5,0.8,4,11.0
2PLT,3MGN,A,H,98,1,1.0,1.0,1,6.0
2PLT,3NVG,A,A,98,6,0.4,0.8333333333333334,5,13.0
2PLT,3O5P,A,A,98,128,0.3,0.8163265306122449,80,32.5
2PLT,3Q2X,A,A,98,6,0.4,0.8333333333333334,5,13.0
2PLT,3T0H,A,A,98,208,0.32926829268292684,0.8367346938775511,82,34.5
2PLT,3TUA,A,A,98,210,0.3333333333333333,0.9183673469387755,90,30.0
2PMR,2Y0T,A,B,76,49,0.30952380952380953,0.8571428571428571,42,22.5
2PMR,2ZU1,A,A,76,180,0.31343283582089554,0.881578947368421,67,39.0
2PMR,3L41,A,B,76,5,0.6,1.0,5,11.0
2PMR,3MGN,A,H,76,1,1.0,1.0,1,6.0
2PMR,3MRE,A,P,76,9,0.4444444444444444,1.0,9,15.0
2PMR,3NPV,A,A,76,249,0.31746031746031744,0.8289473684210527,63,31.0
2PMR,3PTL,A,B,76,10,0.375,0.8,8,14.0
2PMR,4DD5,A,A,76,387,0.3230769230769231,0.8552631578947368,65,34.0
2POF,2WW7,A,A,220,22,0.5,0.9090909090909091,20,25.0
2POF,2Y7L,A,B,220,7,0.6666666666666666,0.8571428571428571,6,14.0
2POF,3FOD,A,A,220,6,0.6666666666666666,1.0,6,13.0
2POF,3MEA,A,B,220,3,0.6666666666666666,1.0,3,11.0
2POF,3MGN,A,H,220,1,1.0,1.0,1,6.0
2POF,3PZZ,A,A,220,6,0.4,0.8333333333333334,5,11.0
2POF,3Q2X,A,A,220,6,0.3333333333333333,1.0,6,15.0
2POF,4J78,A,B,220,5,0.4,1.0,5,9.0
2PPN,2R16,A,A,107,175,0.3146067415730337,0.8317757009345794,89,28.5
2PPN,3HYD,A,A,107,7,0.6666666666666666,0.8571428571428571,6,14.0
2PPN,3MGN,A,H,107,1,1.0,1.0,1,6.0
2PPN,3O5P,A,A,107,128,0.5157894736842106,0.8878504672897196,95,249.0
2PPN,3PVE,A,A,107,175,0.3333333333333333,0.8130841121495327,87,39.5
2PPN,4H4J,A,A,107,236,0.35714285714285715,0.9158878504672897,98,29.5
2PPN,4J78,A,B,107,5,0.5,0.8,4,11.0
2PSF,2Y7L,A,B,307,7,0.5,0.8571428571428571,6,18.0
2PSF,3DRF,A,B,307,8,0.5714285714285714,0.875,7,21.0
2PSF,3FOD,A,A,307,6,0.4,0.8333333333333334,5,12.0
2PSF,3L41,A,B,307,5,0.5,0.8,4,15.0
2PSF,3MAB,A,A,307,85,0.3333333333333333,0.8117647058823529,69,36.5
2PSF,3MD4,A,A,307,6,0.4,0.8333333333333334,5,11.0
2PSF,3MGN,A,H,307,1,1.0,1.0,1,6.0
2PSF,3OBQ,A,B,307,9,0.6666666666666666,1.0,9,20.5
2PTH,3FOD,A,A,193,6,0.4,0.8333333333333334,5,10.0
2PTH,3IVV,A,D,193,9,0.375,0.8888888888888888,8,16.0
2PTH,3L41,A,B,193,5,0.5,0.8,4,14.0
2PTH,3MD4,A,A,193,6,0.6,0.8333333333333334,5,20.0
2PTH,3MD5,A,A,193,6,0.8,0.8333333333333334,5,23.0
2PTH,3MGN,A,H,193,1,1.0,1.0,1,6.0
2PTH,3MRE,A,P,193,9,0.3333333333333333,1.0,9,15.0
2PTH,3UR8,A,A,193,321,0.3032258064516129,0.8031088082901554,155,52.0
2PTH,4J78,A,B,193,5,0.75,0.8,4,12.0
2Q4N,3FOD,A,A,153,6,0.6,0.8333333333333334,5,12.0
2Q4N,3MD4,A,A,153,6,0.6,0.8333333333333334,5,20.0
2Q4N,3MD5,A,A,153,6,0.6,0.8333333333333334,5,19.0
2Q4N,3MEA,A,B,153,3,0.6666666666666666,1.0,3,7.0
2Q4N,3MGN,A,H,153,1,1.0,1.0,1,6.0
2Q52,2W6A,A,B,206,56,0.3018867924528302,0.9464285714285714,53,53.0
2Q52,2Y7L,A,B,206,7,0.5,0.8571428571428571,6,14.0
2Q52,3MEA,A,B,206,3,0.6666666666666666,1.0,3,9.0
2Q52,3MGN,A,H,206,1,1.0,1.0,1,6.0
2Q52,3MRE,A,P,206,9,0.75,0.8888888888888888,8,19.0
2Q52,4J78,A,B,206,5,0.5,0.8,4,12.0
2QJL,3FOD,A,A,99,6,0.6,0.8333333333333334,5,13.0
2QJL,3MGN,A,H,99,1,1.0,1.0,1,6.0
2QJL,3PTL,A,B,99,10,0.4,1.0,10,18.0
2QJL,4J78,A,B,99,5,0.5,0.8,4,11.0
2R16,3FCN,A,A,175,158,0.3178294573643411,0.8164556962025317,129,52.5
2R16,3FOD,A,A,175,6,0.6,0.8333333333333334,5,13.0
2R16,3HYD,A,A,175,7,0.42857142857142855,1.0,7,15.0
2R16,3L41,A,B,175,5,0.5,0.8,4,12.0
2R16,3MGN,A,H,175,1,1.0,1.0,1,6.0
2R16,3NVG,A,A,175,6,0.4,0.8333333333333334,5,12.0
2R16,3OQY,A,a,175,13,0.38461538461538464,1.0,13,26.0
2R16,3PTL,A,B,175,10,0.4,1.0,10,20.0
2R16,3PZZ,A,A,175,6,0.4,0.8333333333333334,5,11.0
2R16,4J78,A,B,175,5,0.5,0.8,4,11.0
2R6Q,3DRF,A,B,138,8,0.375,1.0,8,15.0
2R6Q,3FOD,A,A,138,6,0.4,0.8333333333333334,5,14.0
2R6Q,3L41,A,B,138,5,0.5,0.8,4,9.0
2R6Q,3MEA,A,B,138,3,0.6666666666666666,1.0,3,9.0
2R6Q,3MGN,A,H,138,1,1.0,1.0,1,6.0
2R6Q,3Q2X,A,A,138,6,0.6,0.8333333333333334,5,16.0
2R6Q,4G14,A,A,138,5,0.75,0.8,4,13.0
2R6Q,4IL7,A,A,138,85,0.4027777777777778,0.8470588235294118,72,71.5
2RB8,2X9Z,A,A,93,262,0.30666666666666664,0.8064516129032258,75,66.0
2RB8,3MD4,A,A,93,6,0.4,0.8333333333333334,5,15.0
2RB8,3MD5,A,A,93,6,0.4,0.8333333333333334,5,14.0
2RB8,3MGN,A,H,93,1,1.0,1.0,1,6.0
2RB8,3OQY,A,a,93,13,0.3076923076923077,1.0,13,15.0
2RB8,4J78,A,B,93,5,0.5,0.8,4,10.0
2RE2,3DRF,A,B,118,8,0.42857142857142855,0.875,7,13.0
2RE2,3HHP,A,D,118,306,0.336734693877551,0.8305084745762712,98,34.0
2RE2,3HYD,A,A,118,7,0.42857142857142855,1.0,7,13.0
2RE2,3IVV,A,D,118,9,0.3333333333333333,1.0,9,11.0
2RE2,3MD4,A,A,118,6,0.6,0.8333333333333334,5,14.0
2RE2,3MGN,A,H,118,1,1.0,1.0,1,6.0
2RE2,3MRE,A,P,118,9,0.375,0.8888888888888888,8,11.0
2RE2,3PKV,A,A,118,221,0.3119266055045872,0.923728813559322,109,38.0
2RE2,3V75,B,A,120,285,0.35398230088495575,0.9416666666666667,113,56.0
2RE2,3ZZY,A,C,118,8,0.42857142857142855,0.875,7,18.0
2RE2,4G14,A,A,118,5,0.4,1.0,5,13.0
2RE2,4J78,A,B,118,5,0.5,0.8,4,12.0
2RFR,3FOD,A,A,154,6,0.3333333333333333,1.0,6,11.0
2RFR,3FVA,A,A,154,6,0.6,0.8333333333333334,5,14.0
2RFR,3MGN,A,H,154,1,1.0,1.0,1,6.0
2RFR,3MRE,A,P,154,9,0.5,0.8888888888888888,8,14.0
2RFR,4J78,A,B,154,5,0.4,1.0,5,11.0
2V9V,3MGN,A,H,135,1,1.0,1.0,1,6.0
2V9V,3RY0,A,A,135,65,0.3387096774193548,0.9538461538461539,62,26.5
2V9V,3VN0,A,A,135,48,0.375,0.8333333333333334,40,22.5
2V9V,3ZZY,A,C,135,8,0.5,1.0,8,18.0
2V9V,4AM1,A,A,135,345,0.3389830508474576,0.8740740740740741,118,50.0
2V9V,4H4J,A,A,135,236,0.3125,0.8296296296296296,112,33.0
2VE8,2X3M,C,A,62,166,0.34615384615384615,0.8387096774193549,52,24.0
2VE8,2Y7L,A,B,67,7,0.5,0.8571428571428571,6,12.0
2VE8,3FE7,A,L,67,5,0.5,0.8,4,10.0
2VE8,3FOD,A,A,67,6,0.4,0.8333333333333334,5,9.0
2VE8,3GHJ,G,A,60,116,0.3125,0.8,48,28.5
2VE8,3MGN,A,H,67,1,1.0,1.0,1,6.0
2VE8,3TDN,G,B,60,236,0.36,0.8333333333333334,50,30.5
2VE8,4GS3,A,A,67,90,0.3103448275862069,0.8656716417910447,58,26.5
2VE8,4J78,A,B,67,5,0.5,0.8,4,11.0
2VH7,2W2A,A,A,94,175,0.3493975903614458,0.8829787234042553,83,42.5
2VH7,3HYD,A,A,94,7,0.3333333333333333,0.8571428571428571,6,10.0
2VH7,3MD4,A,A,94,6,0.6,0.8333333333333334,5,13.0
2VH7,3MD5,A,A,94,6,0.6,0.8333333333333334,5,12.0
2VH7,3MGN,A,H,94,1,1.0,1.0,1,6.0
2VH7,3PZZ,A,A,94,6,0.5,1.0,6,14.0
2VH7,3TDN,A,A,94,121,0.3125,0.851063829787234,80,41.0
2VIM,2Y7L,A,B,104,7,0.42857142857142855,1.0,7,14.0
2VIM,3MGN,A,H,104,1,1.0,1.0,1,6.0
2VIM,3Q2X,A,A,104,6,0.6666666666666666,1.0,6,22.0
2VIM,3ZIT,A,A,104,74,0.34375,0.8648648648648649,64,45.5
2VIM,4J78,A,B,104,5,0.75,0.8,4,15.0
2VPA,2X25,A,B,204,167,0.30434782608695654,0.8263473053892215,138,63.0
2VPA,3FOD,A,A,204,6,0.4,0.8333333333333334,5,10.0
2VPA,3HYD,A,A,204,7,0.3333333333333333,0.8571428571428571,6,10.0
2VPA,3MD4,A,A,204,6,0.5,1.0,6,11.0
2VPA,3MGN,A,H,204,1,1.0,1.0,1,6.0
2VPA,3MRE,A,P,204,9,0.4444444444444444,1.0,9,13.0
2VPA,3OQY,A,b,204,14,0.38461538461538464,0.9285714285714286,13,16.0
2VPA,4G14,A,A,204,5,0.6,1.0,5,15.0
2VQ4,3FOD,A,A,106,6,0.6,0.8333333333333334,5,10.0
2VQ4,3MD4,A,A,106,6,0.6,0.8333333333333334,5,12.0
2VQ4,3MD5,A,A,106,6,0.5,1.0,6,14.0
2VQ4,3MGN,A,H,106,1,1.0,1.0,1,6.0
2VQ4,3N11,A,A,106,325,0.38372093023255816,0.8113207547169812,86,51.0
2VQ4,3PZZ,A,A,106,6,0.6,0.8333333333333334,5,13.0
2VQ4,3Q2X,A,A,106,6,0.6666666666666666,1.0,6,18.0
2VQ4,4DQ7,A,A,106,168,0.3146067415730337,0.839622641509434,89,43.5
2VY8,3FOD,A,A,149,6,0.3333333333333333,1.0,6,12.0
2VY8,3HYD,A,A,149,7,0.5,0.8571428571428571,6,12.0
2VY8,3MGN,A,H,149,1,1.0,1.0,1,6.0
2VY8,3PZZ,A,A,149,6,0.6,0.8333333333333334,5,12.0
2VY8,4G14,A,A,149,5,0.5,0.8,4,13.0
2VY8,4IL7,A,A,149,85,0.35714285714285715,0.8235294117647058,70,40.5
2VYO,2Y7L,A,B,206,7,0.5,0.8571428571428571,6,15.0
2VYO,3DRF,A,B,206,8,0.375,1.0,8,12.0
2VYO,3MEA,A,B,206,3,0.6666666666666666,1.0,3,7.0
2VYO,3MGN,A,H,206,1,1.0,1.0,1,6.0
2VYO,3MRE,A,P,206,9,0.375,0.8888888888888888,8,17.0
2VYO,3NVG,A,A,206,6,0.4,0.8333333333333334,5,14.0
2VYO,3PTL,A,B,206,10,0.5,0.8,8,18.0
2VYO,3PZZ,A,A,206,6,0.3333333333333333,1.0,6,12.0
2VYO,3Q2X,A,A,206,6,0.6,0.8333333333333334,5,15.0
2VYO,4G14,A,A,206,5,0.5,0.8,4,12.0
2W1V,2Y7L,A,B,274,7,0.42857142857142855,1.0,7,18.0
2W1V,3IVV,A,D,274,9,0.375,0.8888888888888888,8,14.0
2W1V,3MGN,A,H,274,1,1.0,1.0,1,6.0
2W1V,3OBQ,A,B,274,9,0.5,0.8888888888888888,8,15.0
2W1V,3PTL,A,B,274,10,0.4444444444444444,0.9,9,14.0
2W1V,3Q2X,A,A,274,6,0.6,0.8333333333333334,5,12.0
2W1V,3SD2,A,A,274,86,0.30666666666666664,0.872093023255814,75,30.0
2W2A,3HYD,A,A,175,7,0.5,0.8571428571428571,6,18.0
2W2A,3MD5,A,A,175,6,0.6,0.8333333333333334,5,14.0
2W2A,3MGN,A,H,175,1,1.0,1.0,1,6.0
2W2A,3PZZ,A,A,175,6,0.4,0.8333333333333334,5,13.0
2W6A,3B5O,B,A,56,230,0.30612244897959184,0.875,49,25.5
2W6A,3FOD,A,A,61,6,0.4,0.8333333333333334,5,10.0
2W6A,3I2V,B,A,56,124,0.30434782608695654,0.8214285714285714,46,28.5
2W6A,3L41,A,B,61,5,0.6,1.0,5,14.0
2W6A,3MEA,A,B,61,3,0.6666666666666666,1.0,3,6.0
2W6A,3MGN,A,H,61,1,1.0,1.0,1,6.0
2W6A,3PTL,A,B,61,10,0.4444444444444444,0.9,9,15.0
2W6A,3PVE,A,B,61,172,0.3090909090909091,0.9016393442622951,55,29.5
2W6A,4DND,B,A,56,95,0.30434782608695654,0.8214285714285714,46,35.0
2W6A,4G14,A,A,61,5,0.75,0.8,4,11.0
2WJ5,3DRF,A,B,96,8,0.42857142857142855,0.875,7,11.0
2WJ5,3FOD,A,A,96,6,0.4,0.8333333333333334,5,11.0
2WJ5,3L41,A,B,96,5,0.5,0.8,4,16.0
2WJ5,3MGN,A,H,96,1,1.0,1.0,1,6.0
2WJ5,3VOR,A,A,96,182,0.3037974683544304,0.8229166666666666,79,35.5
2WJ5,3W4Q,A,A,96,258,0.38961038961038963,0.8020833333333334,77,28.5
2WJ5,4AXY,A,A,96,18,0.4666666666666667,0.8333333333333334,15,27.5
2WUJ,3DWV,A,A,50,162,0.375,0.8,40,34.5
2WUJ,3FOD,A,A,50,6,0.4,0.8333333333333334,5,7.0
2WUJ,3FVA,A,A,50,6,0.4,0.8333333333333334,5,12.0
2WUJ,3L41,A,B,50,5,0.6,1.0,5,12.0
2WUJ,3M9J,A,A,50,105,0.3,0.8,40,36.5
2WUJ,3MGN,A,H,50,1,1.0,1.0,1,6.0
2WUJ,3UR8,A,A,50,321,0.34782608695652173,0.92,46,33.0
2WUJ,3VZ9,A,B,50,103,0.4,0.8,40,39.5
2WUJ,4AM1,A,A,50,345,0.36585365853658536,0.82,41,34.5
2WUJ,4J78,A,B,50,5,0.75,0.8,4,15.0
2WW7,3FCN,A,A,22,158,0.6666666666666666,0.8181818181818182,18,32.5
2WW7,3FOD,A,A,22,6,0.6,0.8333333333333334,5,14.0
2WW7,3HZ8,A,A,22,192,0.42105263157894735,0.8636363636363636,19,31.0
2WW7,3R6D,A,A,22,215,0.42857142857142855,0.9545454545454546,21,26.0
2WW7,3ZZP,A,A,22,74,0.4444444444444444,0.8181818181818182,18,22.0
2WW7,4GA2,A,A,22,144,0.3157894736842105,0.8636363636363636,19,20.5
2WWE,3FVA,A,A,111,6,0.4,0.8333333333333334,5,15.0
2WWE,3MGN,A,H,111,1,1.0,1.0,1,6.0
2WWE,3SR3,A,A,111,333,0.3,0.9009009009009009,100,39.5
2WWE,4G14,A,A,111,5,0.5,0.8,4,10.0
2WWE,4J78,A,B,111,5,0.5,0.8,4,10.0
2X1Q,3FOD,A,A,119,6,0.4,0.8333333333333334,5,13.0
2X1Q,3MEA,A,B,119,3,0.6666666666666666,1.0,3,8.0
2X1Q,3MGN,A,H,119,1,1.0,1.0,1,6.0
2X1Q,4J78,A,B,119,5,0.5,0.8,4,11.0
2X25,3FOD,B,A,167,6,0.6,0.8333333333333334,5,12.0
2X25,3FVA,B,A,167,6,0.4,0.8333333333333334,5,11.0
2X25,3IVV,B,D,167,9,0.3333333333333333,1.0,9,16.0
2X25,3MEA,B,B,167,3,0.6666666666666666,1.0,3,11.0
2X25,3MGN,B,H,167,1,1.0,1.0,1,6.0
2X25,3NVG,B,A,167,6,0.5,1.0,6,15.0
2X25,3ZZY,B,C,167,8,0.375,1.0,8,15.0
2X25,4G5X,B,A,167,275,0.34057971014492755,0.8263473053892215,138,34.5
2X25,4J78,B,B,167,5,0.8,1.0,5,17.0
2X3M,2Y7L,A,B,166,7,0.5,0.8571428571428571,6,15.0
2X3M,3FOD,A,A,166,6,0.6,0.8333333333333334,5,12.0
2X3M,3MGN,A,H,166,1,1.0,1.0,1,6.0
2X3M,3PZZ,A,A,166,6,0.6,0.8333333333333334,5,13.0
2X3M,3VUB,A,A,166,101,0.3493975903614458,0.8217821782178217,83,51.0
2X3M,3ZZP,A,A,166,74,0.3,0.8108108108108109,60,30.5
2X3M,4ERY,A,D,166,14,0.46153846153846156,0.9285714285714286,13,19.5
2X5Y,3FE7,A,L,171,5,0.5,0.8,4,17.0
2X5Y,3FVA,A,A,171,6,0.5,1.0,6,17.0
2X5Y,3IVV,A,D,171,9,0.3333333333333333,1.0,9,14.0
2X5Y,3KZD,A,A,171,85,0.33766233766233766,0.9058823529411765,77,44.0
2X5Y,3MGN,A,H,171,1,1.0,1.0,1,6.0
2X5Y,4AE7,A,A,171,186,0.3055555555555556,0.8421052631578947,144,35.0
2X5Y,4G14,A,A,171,5,0.6,1.0,5,11.0
2X9Z,3A0M,A,B,262,23,0.42105263157894735,0.8260869565217391,19,23.5
2X9Z,3BZZ,A,A,262,19,0.375,0.8421052631578947,16,21.5
2X9Z,3DRF,A,B,262,8,0.375,1.0,8,16.0
2X9Z,3L41,A,B,262,5,0.75,0.8,4,17.0
2X9Z,3MEA,A,B,262,3,0.6666666666666666,1.0,3,7.0
2X9Z,3MGN,A,H,262,1,1.0,1.0,1,6.0
2X9Z,3Q2X,A,A,262,6,0.6,0.8333333333333334,5,20.0
2X9Z,3SO6,A,Q,262,13,0.45454545454545453,0.8461538461538461,11,20.0
2X9Z,3ZZY,A,C,262,8,0.5714285714285714,0.875,7,19.0
2X9Z,4ERY,A,D,262,14,0.4166666666666667,0.8571428571428571,12,24.0
2X9Z,4HDE,A,A,262,168,0.35036496350364965,0.8154761904761905,137,42.0
2XHF,3L41,A,B,156,5,0.5,0.8,4,11.0
2XHF,3MD5,A,A,156,6,0.6,0.8333333333333334,5,14.0
2XHF,3MGN,A,H,156,1,1.0,1.0,1,6.0
2XHF,3MRE,A,P,156,9,0.375,0.8888888888888888,8,16.0
2XHF,3PTL,A,B,156,10,0.5,0.8,8,13.0
2XHF,4J78,A,B,156,5,0.4,1.0,5,12.0
2Y0T,3MEA,A,B,52,3,0.3333333333333333,1.0,3,7.0
2Y0T,3MGN,A,H,52,1,1.0,1.0,1,6.0
2Y0T,3V75,B,A,49,285,0.34146341463414637,0.8367346938775511,41,33.0
2Y0T,3ZRX,B,A,49,111,1.0,0.9795918367346939,48,235.0
2Y72,3E5T,A,A,85,228,0.4084507042253521,0.8352941176470589,71,46.5
2Y72,3MD4,A,A,85,6,0.3333333333333333,1.0,6,8.0
2Y72,3MEA,A,B,85,3,0.6666666666666666,1.0,3,7.0
2Y72,3MGN,A,H,85,1,1.0,1.0,1,6.0
2Y72,3NE0,A,A,85,208,0.32432432432432434,0.8705882352941177,74,37.0
2Y72,3SUK,A,A,85,124,0.3291139240506329,0.9294117647058824,79,30.0
2Y72,3V75,A,A,85,285,0.34177215189873417,0.9294117647058824,79,39.5
2Y72,3W4Q,A,A,85,258,0.35714285714285715,0.8235294117647058,70,24.0
2Y72,4DD5,A,A,85,387,0.32,0.8823529411764706,75,33.0
2Y7L,2Y9F,B,A,7,149,0.42857142857142855,1.0,7,14.0
2Y7L,2YLB,B,A,7,65,0.3333333333333333,0.8571428571428571,6,11.0
2Y7L,2ZU1,B,A,7,180,0.7142857142857143,1.0,7,20.0
2Y7L,3A7L,B,A,7,128,0.5,0.8571428571428571,6,17.0
2Y7L,3BED,B,A,7,130,0.6666666666666666,0.8571428571428571,6,22.0
2Y7L,3DRF,B,A,7,539,0.5,0.8571428571428571,6,16.0
2Y7L,3FKE,B,A,7,123,0.3333333333333333,0.8571428571428571,6,16.0
2Y7L,3FMY,B,A,7,65,0.3333333333333333,0.8571428571428571,6,16.0
2Y7L,3HHP,B,A,7,312,0.6666666666666666,0.8571428571428571,6,21.0
2Y7L,3HZ8,B,A,7,192,0.6666666666666666,0.8571428571428571,6,19.0
2Y7L,3I2Z,B,B,7,67,0.5,0.8571428571428571,6,12.0
2Y7L,3IVV,A,D,312,9,0.5,0.8888888888888888,8,17.0
2Y7L,3K6Y,B,A,7,227,0.5714285714285714,1.0,7,18.0
2Y7L,3L41,B,A,7,214,0.5,0.8571428571428571,6,12.0
2Y7L,3LG3,B,A,7,419,0.5714285714285714,1.0,7,18.0
2Y7L,3MD4,A,A,312,6,0.5,1.0,6,17.0
2Y7L,3MD5,A,A,312,6,0.5,1.0,6,19.0
2Y7L,3MGN,A,H,312,1,1.0,1.0,1,6.0
2Y7L,3NPV,B,A,7,249,0.5,0.8571428571428571,6,13.0
2Y7L,3NVG,A,A,312,6,0.4,0.8333333333333334,5,13.0
2Y7L,3OQY,A,a,312,13,0.36363636363636365,0.8461538461538461,11,13.0
2Y7L,3PID,B,A,7,387,0.6666666666666666,0.8571428571428571,6,19.0
2Y7L,3PVE,B,A,7,175,0.6666666666666666,0.8571428571428571,6,19.0
2Y7L,3Q2X,A,A,312,6,0.5,1.0,6,14.0
2Y7L,3QPA,B,A,7,196,0.6666666666666666,0.8571428571428571,6,15.0
2Y7L,3R6D,B,A,7,215,0.5,0.8571428571428571,6,14.0
2Y7L,3S0A,B,A,7,119,0.5,0.8571428571428571,6,16.0
2Y7L,3SD2,B,A,7,86,0.3333333333333333,0.8571428571428571,6,15.0
2Y7L,3SZH,A,D,312,116,0.32978723404255317,0.8103448275862069,94,37.0
2Y7L,3T3K,B,A,7,122,0.5,0.8571428571428571,6,16.0
2Y7L,3U97,B,A,7,77,0.5,0.8571428571428571,6,11.0
2Y7L,3V75,B,A,7,285,0.5,0.8571428571428571,6,17.0
2Y7L,3W4Q,B,A,7,258,0.5,0.8571428571428571,6,17.0
2Y7L,3ZZY,B,B,7,104,0.5,0.8571428571428571,6,10.0
2Y7L,4AM1,B,A,7,345,0.6666666666666666,0.8571428571428571,6,19.0
2Y7L,4B6G,B,A,7,283,0.5714285714285714,1.0,7,15.0
2Y7L,4EK3,B,A,7,287,0.5,0.8571428571428571,6,15.0
2Y7L,4ERY,B,A,7,304,0.3333333333333333,0.8571428571428571,6,11.0
2Y7L,4G14,A,A,312,5,0.4,1.0,5,11.0
2Y7L,4G6C,B,A,7,333,0.5,0.8571428571428571,6,15.0
2Y7L,4G7X,B,A,7,92,0.3333333333333333,0.8571428571428571,6,13.0
2Y7L,4HJP,B,A,7,281,0.42857142857142855,1.0,7,14.0
2Y7L,4HWM,B,A,7,117,0.42857142857142855,1.0,7,14.0
2Y7L,4J5Q,B,A,7,146,0.5,0.8571428571428571,6,19.0
2Y9F,3DRF,A,B,149,8,0.5,1.0,8,14.0
2Y9F,3FOD,A,A,149,6,0.5,1.0,6,15.0
2Y9F,3FVA,A,A,149,6,0.6,0.8333333333333334,5,15.0
2Y9F,3L41,A,B,149,5,0.5,0.8,4,13.0
2Y9F,3MD5,A,A,149,6,0.6666666666666666,1.0,6,13.0
2Y9F,3MEA,A,B,149,3,0.6666666666666666,1.0,3,11.0
2Y9F,3MGN,A,H,149,1,1.0,1.0,1,6.0
2Y9F,3OBQ,A,B,149,9,0.5,0.8888888888888888,8,16.0
2Y9F,4J78,A,B,149,5,0.75,0.8,4,12.0
2YLB,3FOD,A,A,65,6,0.4,0.8333333333333334,5,12.0
2YLB,3HFO,A,B,65,66,0.3076923076923077,0.8,52,45.5
2YLB,3MGN,A,H,65,1,1.0,1.0,1,6.0
2YLB,3N11,B,A,65,325,0.38461538461538464,0.8,52,39.0
2YLB,4G14,A,A,65,5,0.5,0.8,4,10.0
2YNY,3FMY,A,A,106,65,0.38181818181818183,0.8461538461538461,55,47.5
2YNY,3FVA,A,A,106,6,0.4,0.8333333333333334,5,12.0
2YNY,3L41,A,B,106,5,0.4,1.0,5,11.0
2YNY,3MD4,A,A,106,6,0.4,0.8333333333333334,5,13.0
2YNY,3MD5,A,A,106,6,0.4,0.8333333333333334,5,13.0
2YNY,3MGN,A,H,106,1,1.0,1.0,1,6.0
2YNY,3Q2X,A,A,106,6,0.3333333333333333,1.0,6,12.0
2YNY,3SO6,A,Q,106,13,0.46153846153846156,1.0,13,23.5
2ZCM,3FE7,A,L,177,5,0.4,1.0,5,15.0
2ZCM,3FVA,A,A,177,6,0.3333333333333333,1.0,6,14.0
2ZCM,3L41,A,B,177,5,0.5,0.8,4,12.0
2ZCM,3MEA,A,B,177,3,0.6666666666666666,1.0,3,6.0
2ZCM,3MGN,A,H,177,1,1.0,1.0,1,6.0
2ZCM,3PZZ,A,A,177,6,0.6,0.8333333333333334,5,12.0
2ZCM,3Q2X,A,A,177,6,0.6,0.8333333333333334,5,12.0
2ZCM,3ZZY,A,C,177,8,0.5714285714285714,0.875,7,17.0
2ZCM,4J78,A,B,177,5,0.4,1.0,5,13.0
2ZU1,3FOD,A,A,180,6,0.6,0.8333333333333334,5,15.0
2ZU1,3MD5,A,A,180,6,0.8,0.8333333333333334,5,18.0
2ZU1,3MGN,A,H,180,1,1.0,1.0,1,6.0
2ZU1,3OBQ,A,B,180,9,0.375,0.8888888888888888,8,15.0
2ZU1,3PTL,A,B,180,10,0.5,0.8,8,15.0
2ZU1,3PZZ,A,A,180,6,0.3333333333333333,1.0,6,18.0
3A0M,3MGN,A,H,25,1,1.0,1.0,1,6.0
3A0M,3PES,E,A,24,83,0.35,0.8333333333333334,20,23.0
3A0M,4AXY,A,A,25,18,0.8888888888888888,1.0,18,93.5
3A0M,4EUG,B,A,23,225,0.35,0.8695652173913043,20,22.0
3A7L,3FOD,A,A,128,6,0.3333333333333333,1.0,6,13.0
3A7L,3IVV,A,D,128,9,0.5,0.8888888888888888,8,18.0
3A7L,3L41,A,B,128,5,0.75,0.8,4,15.0
3A7L,3MGN,A,H,128,1,1.0,1.0,1,6.0
3A7L,3PZZ,A,A,128,6,0.3333333333333333,1.0,6,13.0
3A7L,4AM1,A,A,128,345,0.30097087378640774,0.8046875,103,39.0
3A7L,4G14,A,A,128,5,0.75,0.8,4,13.0
3AMC,3DWV,A,B,308,163,0.3383458646616541,0.8159509202453987,133,41.5
3AMC,3MD4,A,A,308,6,0.3333333333333333,1.0,6,12.0
3AMC,3MGN,A,H,308,1,1.0,1.0,1,6.0
3AMC,3NVG,A,A,308,6,0.6,0.8333333333333334,5,18.0
3AMC,4J78,A,B,308,5,0.4,1.0,5,13.0
3AUB,3DRF,A,A,58,539,0.3333333333333333,0.8793103448275862,51,42.5
3AUB,3F7E,A,A,58,128,0.3125,0.8275862068965517,48,22.5
3AUB,3MGN,A,H,58,1,1.0,1.0,1,6.0
3AUB,3N11,A,A,58,325,0.36,0.8620689655172413,50,26.5
3AUB,3Q2X,A,A,58,6,0.6,0.8333333333333334,5,12.0
3AUB,3R87,A,A,58,132,0.34,0.8620689655172413,50,31.0
3AUB,3SUK,A,A,58,124,0.3333333333333333,0.8275862068965517,48,31.5
3B5O,3BZZ,A,B,230,81,0.3333333333333333,0.8148148148148148,66,38.0
3B5O,3DRF,A,B,230,8,0.42857142857142855,0.875,7,14.0
3B5O,3FOD,A,A,230,6,0.4,0.8333333333333334,5,13.0
3B5O,3HYD,A,A,230,7,0.6666666666666666,0.8571428571428571,6,16.0
3B5O,3L41,A,B,230,5,0.75,0.8,4,17.0
3B5O,3MD4,A,A,230,6,0.6,0.8333333333333334,5,19.0
3B5O,3MD5,A,A,230,6,0.8,0.8333333333333334,5,22.0
3B5O,3MGN,A,H,230,1,1.0,1.0,1,6.0
3B5O,3OQY,A,a,230,13,0.46153846153846156,1.0,13,20.0
3B5O,3Q2X,A,A,230,6,0.6,0.8333333333333334,5,16.0
3B5O,3ZIT,A,A,230,74,0.3225806451612903,0.8378378378378378,62,32.0
3B5O,4J78,A,B,230,5,0.75,0.8,4,14.0
3BA1,3MEA,A,B,312,3,0.3333333333333333,1.0,3,7.0
3BA1,3MGN,A,H,312,1,1.0,1.0,1,6.0
3BA1,3OQY,A,a,312,13,0.3076923076923077,1.0,13,16.0
3BA1,3Q2X,A,A,312,6,0.6,0.8333333333333334,5,17.0
3BA1,3TDN,A,A,312,121,0.33663366336633666,0.8347107438016529,101,40.0
3BA1,4G14,A,A,312,5,0.6,1.0,5,16.0
3BA1,4J78,A,B,312,5,0.4,1.0,5,10.0
3BED,3DRF,A,B,130,8,0.42857142857142855,0.875,7,15.0
3BED,3FOD,A,A,130,6,0.6666666666666666,1.0,6,17.0
3BED,3MEA,A,B,130,3,0.6666666666666666,1.0,3,8.0
3BED,3MGN,A,H,130,1,1.0,1.0,1,6.0
3BED,3RY0,A,A,130,65,0.3064516129032258,0.9538461538461539,62,35.0
3BQX,3FE7,A,L,139,5,0.5,0.8,4,19.0
3BQX,3LAA,A,A,139,169,0.30701754385964913,0.8201438848920863,114,43.5
3BQX,3MD4,A,A,139,6,0.3333333333333333,1.0,6,15.0
3BQX,3MD5,A,A,139,6,0.5,1.0,6,18.0
3BQX,3MGN,A,H,139,1,1.0,1.0,1,6.0
3BQX,3PZZ,A,A,139,6,0.6,0.8333333333333334,5,13.0
3BQX,4AXY,A,A,139,18,0.35294117647058826,0.9444444444444444,17,20.0
3BZQ,3FOD,A,A,99,6,0.4,0.8333333333333334,5,11.0
3BZQ,3HFO,A,A,99,65,0.35714285714285715,0.8615384615384616,56,34.0
3BZQ,3MEA,A,B,99,3,1.0,1.0,3,14.0
3BZQ,3MGN,A,H,99,1,1.0,1.0,1,6.0
3BZQ,4J78,A,B,99,5,0.75,0.8,4,14.0
3BZZ,3FOD,A,A,19,6,0.6,0.8333333333333334,5,11.0
3BZZ,3G1S,B,A,81,209,0.38461538461538464,0.8024691358024691,65,36.5
3BZZ,3HP4,A,A,19,182,0.3333333333333333,0.9473684210526315,18,22.0
3BZZ,3HYD,B,A,81,7,0.5,0.8571428571428571,6,15.0
3BZZ,3L41,B,B,81,5,0.6,1.0,5,10.0
3BZZ,3MGN,A,H,19,1,1.0,1.0,1,6.0
3BZZ,3NPV,A,A,19,249,0.375,0.8421052631578947,16,21.5
3BZZ,3NVG,A,A,19,6,0.4,0.8333333333333334,5,9.0
3BZZ,3Q2X,B,A,81,6,0.5,1.0,6,14.0
3BZZ,3Q6L,A,A,19,131,0.3125,0.8421052631578947,16,18.0
3BZZ,3RZY,A,A,19,139,0.3125,0.8421052631578947,16,18.0
3BZZ,3SEB,A,A,19,238,0.47058823529411764,0.8947368421052632,17,19.5
3BZZ,4DKN,A,A,19,209,0.3125,0.8421052631578947,16,21.0
3BZZ,4ERY,A,A,19,304,0.3888888888888889,0.9473684210526315,18,21.0
3DRF,3FMY,B,A,8,65,0.375,1.0,8,12.0
3DRF,3FOD,A,A,539,6,0.6666666666666666,1.0,6,16.0
3DRF,3FVA,A,A,539,6,0.5,1.0,6,16.0
3DRF,3I2Z,A,B,539,67,0.3508771929824561,0.8507462686567164,57,33.5
3DRF,3IVV,A,D,539,9,0.625,0.8888888888888888,8,22.0
3DRF,3L41,A,B,539,5,0.4,1.0,5,15.0
3DRF,3LAA,B,A,8,169,0.5714285714285714,0.875,7,22.0
3DRF,3LG3,B,A,8,419,0.5714285714285714,0.875,7,19.0
3DRF,3MD5,A,A,539,6,1.0,0.8333333333333334,5,17.0
3DRF,3MEA,A,B,539,3,0.6666666666666666,1.0,3,11.0
3DRF,3MGN,A,H,539,1,1.0,1.0,1,6.0
3DRF,3NE0,B,A,8,208,0.5714285714285714,0.875,7,16.0
3DRF,3NPV,B,A,8,249,0.5714285714285714,0.875,7,17.0
3DRF,3OBQ,B,A,8,141,0.375,1.0,8,14.0
3DRF,3PKV,B,A,8,221,0.375,1.0,8,15.0
3DRF,3PTL,A,B,539,10,0.5,1.0,10,21.0
3DRF,3Q2X,A,A,539,6,0.5,1.0,6,15.0
3DRF,3SO6,A,Q,539,13,0.45454545454545453,0.8461538461538461,11,29.0
3DRF,3U97,B,A,8,77,0.375,1.0,8,11.0
3DRF,3UR8,B,A,8,321,0.5,1.0,8,15.0
3DRF,3VZ9,A,D,539,60,0.3333333333333333,0.8,48,34.0
3DRF,3W4Q,B,A,8,258,0.5714285714285714,0.875,7,16.0
3DRF,3ZZY,A,C,539,8,0.375,1.0,8,15.0
3DRF,4DD5,B,A,8,387,0.625,1.0,8,18.0
3DRF,4ERY,B,A,8,304,0.7142857142857143,0.875,7,22.0
3DRF,4G6C,B,A,8,333,0.375,1.0,8,16.0
3DRF,4GS3,B,A,8,90,0.42857142857142855,0.875,7,15.0
3DRF,4HDE,A,A,539,168,0.3,0.8333333333333334,140,64.5
3DRF,4HJP,B,A,8,281,0.5714285714285714,0.875,7,14.0
3DRF,4J78,A,B,539,5,0.75,0.8,4,13.0
3DWV,3L41,A,B,162,5,0.6,1.0,5,15.0
3DWV,3M9J,A,A,162,105,0.31521739130434784,0.8761904761904762,92,33.5
3DWV,3MD4,A,A,162,6,0.6,0.8333333333333334,5,16.0
3DWV,3MD5,A,A,162,6,0.6,0.8333333333333334,5,17.0
3DWV,3MEA,A,B,162,3,0.6666666666666666,1.0,3,8.0
3DWV,3MGN,A,H,162,1,1.0,1.0,1,6.0
3E5T,3FE7,A,L,228,5,0.75,0.8,4,21.0
3E5T,3FOD,A,A,228,6,0.4,0.8333333333333334,5,11.0
3E5T,3L41,A,B,228,5,0.5,0.8,4,12.0
3E5T,3MEA,A,B,228,3,0.3333333333333333,1.0,3,8.0
3E5T,3MGN,A,H,228,1,1.0,1.0,1,6.0
3E5T,3Q2X,A,A,228,6,0.3333333333333333,1.0,6,15.0
3E5T,3SO6,A,Q,228,13,0.5454545454545454,0.8461538461538461,11,18.5
3E5T,4DKN,A,A,228,209,0.3160919540229885,0.8325358851674641,174,134.0
3E5T,4G14,A,A,228,5,0.4,1.0,5,14.0
3E7R,3MD4,L,A,40,6,0.6,0.8333333333333334,5,14.0
3E7R,3MGN,L,H,40,1,1.0,1.0,1,6.0
3E7R,3Q2X,L,A,40,6,0.4,0.8333333333333334,5,14.0
3E7R,3SZH,L,F,40,117,0.35294117647058826,0.85,34,40.0
3E7R,4J5O,L,A,40,111,0.375,0.8,32,42.5
3EUR,3FVA,A,A,140,6,0.4,0.8333333333333334,5,15.0
3EUR,3HYD,A,A,140,7,0.5,0.8571428571428571,6,17.0
3EUR,3MD4,A,A,140,6,0.6,0.8333333333333334,5,13.0
3EUR,3MD5,A,A,140,6,0.6,0.8333333333333334,5,14.0
3EUR,3MGN,A,H,140,1,1.0,1.0,1,6.0
3EUR,4J78,A,B,140,5,0.8,1.0,5,16.0
3F2Z,3FOD,A,A,149,6,0.6,0.8333333333333334,5,14.0
3F2Z,3FVA,A,A,149,6,0.6,0.8333333333333334,5,14.0
3F2Z,3L41,A,B,149,5,0.5,0.8,4,13.0
3F2Z,3MD5,A,A,149,6,0.6,0.8333333333333334,5,13.0
3F2Z,3MGN,A,H,149,1,1.0,1.0,1,6.0
3F7E,3FE7,A,L,128,5,0.5,0.8,4,18.0
3F7E,3FOD,A,A,128,6,0.4,0.8333333333333334,5,9.0
3F7E,3MGN,A,H,128,1,1.0,1.0,1,6.0
3FCN,3FOD,A,A,158,6,0.4,0.8333333333333334,5,9.0
3FCN,3L41,A,B,158,5,0.5,0.8,4,13.0
3FCN,3MGN,A,H,158,1,1.0,1.0,1,6.0
3FCN,3Q2X,A,A,158,6,0.6,0.8333333333333334,5,15.0
3FCN,4G14,A,A,158,5,0.6,1.0,5,12.0
3FE7,3GBW,L,A,5,161,0.5,0.8,4,12.0
3FE7,3HHP,L,A,5,312,0.6,1.0,5,13.0
3FE7,3HP4,L,A,5,182,0.4,1.0,5,13.0
3FE7,3HWU,L,A,5,144,0.75,0.8,4,13.0
3FE7,3HYD,A,A,83,7,0.5,0.8571428571428571,6,17.0
3FE7,3I4O,L,A,5,68,0.6,1.0,5,11.0
3FE7,3IHS,L,A,5,85,0.5,0.8,4,10.0
3FE7,3IVV,L,A,5,140,0.4,1.0,5,20.0
3FE7,3LG3,L,A,5,419,0.75,0.8,4,22.0
3FE7,3M8J,L,A,5,90,0.4,1.0,5,11.0
3FE7,3MD4,A,A,83,6,0.6,0.8333333333333334,5,16.0
3FE7,3MD5,A,A,83,6,0.6,0.8333333333333334,5,15.0
3FE7,3MGN,A,H,83,1,1.0,1.0,1,6.0
3FE7,3MRE,A,P,83,9,0.3333333333333333,1.0,9,10.0
3FE7,3NVG,A,A,83,6,0.4,0.8333333333333334,5,14.0
3FE7,3O0P,L,A,5,194,0.5,0.8,4,9.0
3FE7,3OBQ,L,A,5,141,0.5,0.8,4,14.0
3FE7,3OQY,L,A,5,102,0.5,0.8,4,10.0
3FE7,3PVE,L,A,5,175,0.4,1.0,5,13.0
3FE7,3PZZ,A,A,83,6,0.4,0.8333333333333334,5,15.0
3FE7,3SUK,L,A,5,124,0.75,0.8,4,10.0
3FE7,3SZH,L,A,5,115,0.5,0.8,4,19.0
3FE7,3T0H,L,A,5,208,0.5,0.8,4,18.0
3FE7,3TYS,L,A,5,75,0.5,0.8,4,18.0
3FE7,3US6,L,A,5,148,0.4,1.0,5,14.0
3FE7,3VZ9,L,B,5,103,0.4,1.0,5,12.0
3FE7,3ZBD,L,A,5,110,0.5,0.8,4,8.0
3FE7,4ACJ,L,A,5,167,0.4,1.0,5,16.0
3FE7,4ANN,L,A,5,176,0.5,0.8,4,9.0
3FE7,4EK3,L,A,5,287,0.5,0.8,4,16.0
3FE7,4ERY,L,A,5,304,0.4,1.0,5,19.0
3FE7,4F01,L,A,5,218,0.75,0.8,4,12.0
3FE7,4GA2,L,A,5,144,0.5,0.8,4,13.0
3FE7,4GS3,L,A,5,90,0.6,1.0,5,12.0
3FE7,4J78,A,B,83,5,0.6,1.0,5,11.0
3FE7,5CYT,L,R,5,103,0.5,0.8,4,15.0
3FKE,3FOD,A,A,123,6,0.3333333333333333,1.0,6,11.0
3FKE,3MD4,A,A,123,6,0.6,0.8333333333333334,5,13.0
3FKE,3MD5,A,A,123,6,0.6,0.8333333333333334,5,14.0
3FKE,3MGN,A,H,123,1,1.0,1.0,1,6.0
3FKE,3PZZ,A,A,123,6,0.5,1.0,6,16.0
3FKE,3Q2X,A,A,123,6,0.4,0.8333333333333334,5,11.0
3FKE,4G14,A,A,123,5,0.5,0.8,4,12.0
3FMY,3L41,A,B,65,5,0.6,1.0,5,11.0
3FMY,3MD4,A,A,65,6,0.4,0.8333333333333334,5,10.0
3FMY,3MD5,A,A,65,6,0.4,0.8333333333333334,5,10.0
3FMY,3MEA,A,B,65,3,0.6666666666666666,1.0,3,9.0
3FMY,3MGN,A,H,65,1,1.0,1.0,1,6.0
3FMY,4H4J,A,A,65,236,0.3333333333333333,0.9692307692307692,63,41.0
3FOD,3FTD,A,A,6,240,0.4,0.8333333333333334,5,12.0
3FOD,3GBW,A,A,6,161,0.4,0.8333333333333334,5,12.0
3FOD,3HHP,A,A,6,312,0.5,1.0,6,13.0
3FOD,3HNY,A,M,6,156,0.4,0.8333333333333334,5,13.0
3FOD,3HWU,A,A,6,144,0.4,0.8333333333333334,5,9.0
3FOD,3IVV,A,A,6,140,0.8,0.8333333333333334,5,15.0
3FOD,3LAA,A,A,6,169,0.3333333333333333,1.0,6,11.0
3FOD,3M9J,A,A,6,105,0.6,0.8333333333333334,5,10.0
3FOD,3M9Q,A,A,6,89,0.4,0.8333333333333334,5,11.0
3FOD,3MEA,A,A,6,162,0.6,0.8333333333333334,5,10.0
3FOD,3MGN,A,A,6,45,0.4,0.8333333333333334,5,9.0
3FOD,3MRE,A,A,6,274,0.5,1.0,6,12.0
3FOD,3NPV,A,A,6,249,0.6,0.8333333333333334,5,15.0
3FOD,3NZL,A,A,6,73,0.5,1.0,6,16.0
3FOD,3P6J,A,A,6,125,0.6,0.8333333333333334,5,15.0
3FOD,3PID,A,A,6,387,0.6,0.8333333333333334,5,15.0
3FOD,3PTL,A,A,6,279,0.6666666666666666,1.0,6,16.0
3FOD,3PVE,A,A,6,175,0.6,0.8333333333333334,5,13.0
3FOD,3PZ9,A,A,6,357,0.4,0.8333333333333334,5,12.0
3FOD,3QDS,A,A,6,142,0.3333333333333333,1.0,6,11.0
3FOD,3QPA,A,A,6,196,0.4,0.8333333333333334,5,9.0
3FOD,3R6D,A,A,6,215,0.5,1.0,6,12.0
3FOD,3RY0,A,A,6,65,0.4,0.8333333333333334,5,10.0
3FOD,3SD2,A,A,6,86,0.8,0.8333333333333334,5,17.0
3FOD,3SO6,A,A,6,137,0.4,0.8333333333333334,5,10.0
3FOD,3SUK,A,A,6,124,0.4,0.8333333333333334,5,10.0
3FOD,3SZH,A,A,6,115,0.6666666666666666,1.0,6,13.0
3FOD,3TYS,A,A,6,75,0.4,0.8333333333333334,5,10.0
3FOD,3UR8,A,A,6,321,0.4,0.8333333333333334,5,13.0
3FOD,3V75,A,A,6,285,0.5,1.0,6,16.0
3FOD,3VOR,A,A,6,182,0.8,0.8333333333333334,5,15.0
3FOD,3VZ9,A,B,6,103,0.4,0.8333333333333334,5,10.0
3FOD,3W4Q,A,A,6,258,0.3333333333333333,1.0,6,13.0
3FOD,3ZSL,A,A,6,138,0.4,0.8333333333333334,5,10.0
3FOD,3ZZP,A,A,6,74,0.4,0.8333333333333334,5,14.0
3FOD,4AE7,A,A,6,186,0.3333333333333333,1.0,6,12.0
3FOD,4AM1,A,A,6,345,0.6666666666666666,1.0,6,15.0
3FOD,4ANN,A,A,6,176,0.6,0.8333333333333334,5,9.0
3FOD,4ERY,A,A,6,304,0.6,0.8333333333333334,5,15.0
3FOD,4ES1,A,A,6,95,0.6,0.8333333333333334,5,14.0
3FOD,4F01,A,A,6,218,0.6,0.8333333333333334,5,14.0
3FOD,4FR9,A,A,6,133,0.4,0.8333333333333334,5,13.0
3FOD,4G5X,A,A,6,275,0.4,0.8333333333333334,5,10.0
3FOD,4G6C,A,A,6,333,0.8,0.8333333333333334,5,18.0
3FOD,4G7X,A,B,6,102,0.6,0.8333333333333334,5,14.0
3FOD,4GA2,A,A,6,144,0.3333333333333333,1.0,6,11.0
3FOD,4H4J,A,A,6,236,0.5,1.0,6,14.0
3FOD,4IL7,A,A,6,85,0.6,0.8333333333333334,5,13.0
3FOD,5CYT,A,R,6,103,0.6,0.8333333333333334,5,11.0
3FSO,3L41,A,B,109,5,0.5,0.8,4,11.0
3FSO,3MD4,A,A,109,6,0.6,0.8333333333333334,5,12.0
3FSO,3MD5,A,A,109,6,0.6,0.8333333333333334,5,11.0
3FSO,3MGN,A,H,109,1,1.0,1.0,1,6.0
3FSO,3PZZ,A,A,109,6,0.6,0.8333333333333334,5,15.0
3FSO,4J78,A,B,109,5,0.6,1.0,5,14.0
3FTD,3HYD,A,A,240,7,0.6666666666666666,0.8571428571428571,6,14.0
3FTD,3I4O,A,B,240,67,0.31666666666666665,0.8955223880597015,60,41.5
3FTD,3IVV,A,D,240,9,0.375,0.8888888888888888,8,12.0
3FTD,3L41,A,B,240,5,0.75,0.8,4,18.0
3FTD,3MGN,A,H,240,1,1.0,1.0,1,6.0
3FTD,3NVG,A,A,240,6,0.6,0.8333333333333334,5,13.0
3FTD,3OBQ,A,A,240,141,0.328,0.8865248226950354,125,47.0
3FTD,3PZZ,A,A,240,6,0.6,0.8333333333333334,5,13.0
3FTD,3Q2X,A,A,240,6,0.4,0.8333333333333334,5,13.0
3FTD,3SO6,A,Q,240,13,0.45454545454545453,0.8461538461538461,11,26.0
3FTD,4GS3,A,A,240,90,0.3684210526315789,0.8444444444444444,76,41.5
3FTD,4J78,A,B,240,5,0.75,0.8,4,15.0
3FVA,3HNY,A,M,6,156,0.6,0.8333333333333334,5,19.0
3FVA,3HWU,A,A,6,144,0.4,0.8333333333333334,5,12.0
3FVA,3HZ8,A,A,6,192,0.4,0.8333333333333334,5,12.0
3FVA,3I2Z,A,A,6,71,0.3333333333333333,1.0,6,10.0
3FVA,3I7M,A,A,6,134,0.4,0.8333333333333334,5,12.0
3FVA,3K6Y,A,A,6,227,0.3333333333333333,1.0,6,13.0
3FVA,3LAX,A,A,6,106,0.4,0.8333333333333334,5,12.0
3FVA,3LG3,A,A,6,419,0.5,1.0,6,14.0
3FVA,3MRE,A,B,6,100,0.3333333333333333,1.0,6,14.0
3FVA,3N11,A,A,6,325,0.5,1.0,6,19.0
3FVA,3NPV,A,B,6,246,0.5,1.0,6,12.0
3FVA,3O5P,A,A,6,128,0.4,0.8333333333333334,5,13.0
3FVA,3P6J,A,A,6,125,0.4,0.8333333333333334,5,9.0
3FVA,3PES,A,A,6,83,0.4,0.8333333333333334,5,10.0
3FVA,3PIW,A,A,6,154,0.5,1.0,6,19.0
3FVA,3PKV,A,A,6,221,0.4,0.8333333333333334,5,12.0
3FVA,3PSM,A,A,6,47,0.5,1.0,6,14.0
3FVA,3PVE,A,A,6,175,0.6,0.8333333333333334,5,16.0
3FVA,3PZ9,A,A,6,357,0.6666666666666666,1.0,6,19.0
3FVA,3Q6L,A,A,6,131,0.4,0.8333333333333334,5,15.0
3FVA,3RZY,A,A,6,139,0.4,0.8333333333333334,5,15.0
3FVA,3S0A,A,A,6,119,0.3333333333333333,1.0,6,13.0
3FVA,3SEB,A,A,6,238,0.6,0.8333333333333334,5,21.0
3FVA,3U6G,A,A,6,125,0.6,0.8333333333333334,5,16.0
3FVA,3V1A,A,A,6,48,0.4,0.8333333333333334,5,11.0
3FVA,3VZ9,A,B,6,103,0.5,1.0,6,16.0
3FVA,4AM1,A,A,6,345,0.5,1.0,6,18.0
3FVA,4ANN,A,A,6,176,0.3333333333333333,1.0,6,14.0
3FVA,4AVR,A,A,6,94,0.3333333333333333,1.0,6,13.0
3FVA,4B6G,A,A,6,283,0.4,0.8333333333333334,5,13.0
3FVA,4B9G,A,A,6,146,0.6,0.8333333333333334,5,16.0
3FVA,4DQ7,A,A,6,168,0.4,0.8333333333333334,5,13.0
3FVA,4DT4,A,A,6,160,0.4,0.8333333333333334,5,13.0
3FVA,4ES1,A,A,6,95,0.6,0.8333333333333334,5,16.0
3FVA,4F3J,A,A,6,143,0.3333333333333333,1.0,6,12.0
3FVA,4GS3,A,A,6,90,0.6,0.8333333333333334,5,13.0
3FVA,4H4J,A,A,6,236,0.6,0.8333333333333334,5,14.0
3FVA,4J11,A,B,6,93,0.3333333333333333,1.0,6,15.0
3FVA,4JVU,A,A,6,110,0.6,0.8333333333333334,5,16.0
3FVA,4KEF,A,A,6,133,0.4,0.8333333333333334,5,11.0
3G1S,3L41,A,B,209,5,0.4,1.0,5,15.0
3G1S,3MGN,A,H,209,1,1.0,1.0,1,6.0
3G1S,3NVG,A,A,209,6,0.6,0.8333333333333334,5,13.0
3G1S,3PIW,A,A,209,154,0.312,0.8116883116883117,125,36.0
3GBW,3L41,A,B,161,5,0.75,0.8,4,13.0
3GBW,3MEA,A,B,161,3,0.6666666666666666,1.0,3,9.0
3GBW,3MGN,A,H,161,1,1.0,1.0,1,6.0
3GBW,3PTL,A,B,161,10,0.5,0.8,8,21.0
3GBW,3Q2X,A,A,161,6,0.6,0.8333333333333334,5,14.0
3GBW,4J78,A,B,161,5,0.75,0.8,4,13.0
3GHJ,3MD4,A,A,116,6,0.4,0.8333333333333334,5,12.0
3GHJ,3MGN,A,H,116,1,1.0,1.0,1,6.0
3GHJ,3Q2X,A,A,116,6,0.3333333333333333,1.0,6,13.0
3GHJ,3V1A,A,A,116,48,0.3076923076923077,0.8125,39,25.0
3GHJ,3ZZY,A,C,116,8,0.625,1.0,8,18.0
3GHJ,4J78,A,B,116,5,0.5,0.8,4,12.0
3HFO,3HHP,A,A,65,312,0.34615384615384615,0.8,52,33.0
3HFO,3L41,A,B,65,5,0.5,0.8,4,12.0
3HFO,3MGN,A,H,65,1,1.0,1.0,1,6.0
3HFO,3W4Q,A,A,65,258,0.39622641509433965,0.8153846153846154,53,36.0
3HFO,4ACJ,A,A,65,167,0.3076923076923077,0.8,52,32.0
3HHP,3HYD,A,A,312,7,0.42857142857142855,1.0,7,17.0
3HHP,3L41,B,B,304,5,0.4,1.0,5,12.0
3HHP,3MAB,A,A,312,85,0.3924050632911392,0.9294117647058824,79,45.0
3HHP,3MEA,A,B,312,3,0.6666666666666666,1.0,3,11.0
3HHP,3MGN,A,H,312,1,1.0,1.0,1,6.0
3HHP,3OBQ,A,B,312,9,0.5,0.8888888888888888,8,18.0
3HHP,3PTL,A,B,312,10,0.625,0.8,8,18.0
3HHP,3Q2X,A,A,312,6,0.4,0.8333333333333334,5,13.0
3HHP,4J78,A,B,312,5,0.75,0.8,4,15.0
3HNY,3M9J,M,A,156,105,0.3146067415730337,0.8476190476190476,89,39.5
3HNY,3MGN,M,H,156,1,1.0,1.0,1,6.0
3HNY,4G14,M,A,156,5,0.6,1.0,5,12.0
3HNY,4J78,M,B,156,5,0.5,0.8,4,11.0
3HP4,3L41,A,B,182,5,0.6,1.0,5,12.0
3HP4,3MEA,A,B,182,3,0.6666666666666666,1.0,3,8.0
3HP4,3MGN,A,H,182,1,1.0,1.0,1,6.0
3HP4,3NVG,A,A,182,6,0.4,0.8333333333333334,5,12.0
3HP4,3PTL,A,B,182,10,0.3333333333333333,0.9,9,18.0
3HP4,3PZZ,A,A,182,6,0.6666666666666666,1.0,6,14.0
3HP4,4DND,A,A,182,95,0.3058823529411765,0.8947368421052632,85,44.0
3HWU,3L41,A,B,144,5,0.75,0.8,4,16.0
3HWU,3MD4,A,A,144,6,0.6,0.8333333333333334,5,20.0
3HWU,3MD5,A,A,144,6,0.6,0.8333333333333334,5,19.0
3HWU,3MGN,A,H,144,1,1.0,1.0,1,6.0
3HWU,3PZZ,A,A,144,6,0.5,1.0,6,18.0
3HWU,4G14,A,A,144,5,0.75,0.8,4,18.0
3HYD,3I2V,A,A,7,124,0.5,0.8571428571428571,6,15.0
3HYD,3KZD,A,A,7,85,0.3333333333333333,0.8571428571428571,6,14.0
3HYD,3LAX,A,A,7,106,0.3333333333333333,0.8571428571428571,6,13.0
3HYD,3LG3,A,A,7,419,0.6666666666666666,0.8571428571428571,6,24.0
3HYD,3M9Q,A,A,7,89,0.5714285714285714,1.0,7,14.0
3HYD,3MEA,A,A,7,162,0.8333333333333334,0.8571428571428571,6,20.0
3HYD,3N11,A,A,7,325,0.42857142857142855,1.0,7,15.0
3HYD,3NZL,A,A,7,73,0.3333333333333333,0.8571428571428571,6,13.0
3HYD,3PD7,A,A,7,94,0.6666666666666666,0.8571428571428571,6,19.0
3HYD,3PIW,A,A,7,154,0.3333333333333333,0.8571428571428571,6,14.0
3HYD,3PVE,A,A,7,175,0.5714285714285714,1.0,7,18.0
3HYD,3SD2,A,A,7,86,0.3333333333333333,0.8571428571428571,6,12.0
3HYD,3UR8,A,A,7,321,0.5,0.8571428571428571,6,20.0
3HYD,3V1A,A,A,7,48,0.5,0.8571428571428571,6,11.0
3HYD,3VVV,A,A,7,108,0.5,0.8571428571428571,6,17.0
3HYD,3W4Q,A,A,7,258,0.5,0.8571428571428571,6,15.0
3HYD,3ZBD,A,A,7,110,0.5,0.8571428571428571,6,11.0
3HYD,3ZZY,A,A,7,106,0.5,0.8571428571428571,6,16.0
3HYD,4AM1,A,A,7,345,0.5,0.8571428571428571,6,15.0
3HYD,4ANN,A,A,7,176,0.42857142857142855,1.0,7,14.0
3HYD,4DKN,A,A,7,209,0.3333333333333333,0.8571428571428571,6,13.0
3HYD,4G2E,A,A,7,151,0.5,0.8571428571428571,6,13.0
3HYD,4GS3,A,A,7,90,0.42857142857142855,1.0,7,12.0
3HYD,4J78,A,A,7,300,0.3333333333333333,0.8571428571428571,6,12.0
3HZ8,3L41,A,B,192,5,0.8,1.0,5,17.0
3HZ8,3MGN,A,H,192,1,1.0,1.0,1,6.0
3HZ8,3OQY,A,a,192,13,0.45454545454545453,0.8461538461538461,11,17.0
3HZ8,4J78,A,B,192,5,0.75,0.8,4,13.0
3I2V,3MGN,A,H,124,1,1.0,1.0,1,6.0
3I2Z,3MGN,A,H,71,1,1.0,1.0,1,6.0
3I2Z,4A02,B,A,67,166,0.30158730158730157,0.9402985074626866,63,40.0
3I2Z,4G14,A,A,71,5,0.4,1.0,5,11.0
3I4O,3L41,A,B,68,5,0.5,0.8,4,12.0
3I4O,3MGN,A,H,68,1,1.0,1.0,1,6.0
3I4O,3PVE,A,B,68,172,0.3090909090909091,0.8088235294117647,55,33.0
3I4O,3Q2X,A,A,68,6,0.3333333333333333,1.0,6,15.0
3I7M,3MGN,A,H,134,1,1.0,1.0,1,6.0
3I7M,3Q2X,A,A,134,6,0.5,1.0,6,12.0
3IHS,3L41,A,B,85,5,0.4,1.0,5,11.0
3IHS,3MGN,A,H,85,1,1.0,1.0,1,6.0
3IHS,3PTL,A,B,85,10,0.375,0.8,8,13.0
3IHS,3PZZ,A,A,85,6,0.4,0.8333333333333334,5,14.0
3IHS,3V75,B,A,84,285,0.36231884057971014,0.8214285714285714,69,46.5
3IHS,4JG2,A,A,85,185,0.3026315789473684,0.8941176470588236,76,36.0
3IVV,3L41,A,B,140,5,0.5,0.8,4,10.0
3IVV,3LAA,D,A,9,169,0.4444444444444444,1.0,9,19.0
3IVV,3MD5,A,A,140,6,0.5,1.0,6,12.0
3IVV,3MGN,A,H,140,1,1.0,1.0,1,6.0
3IVV,3OQY,A,a,140,13,0.36363636363636365,0.8461538461538461,11,18.0
3IVV,3PZ9,D,A,9,357,0.375,0.8888888888888888,8,12.0
3IVV,3TDN,D,A,9,121,0.3333333333333333,1.0,9,17.0
3IVV,3U97,D,A,9,77,0.375,0.8888888888888888,8,12.0
3IVV,4AE7,D,A,9,186,0.5,0.8888888888888888,8,18.0
3IVV,4AM1,D,A,9,345,0.625,0.8888888888888888,8,22.0
3IVV,4ANN,D,A,9,176,0.3333333333333333,1.0,9,16.0
3IVV,4DND,D,A,9,95,0.375,0.8888888888888888,8,15.0
3IVV,4DPZ,D,X,9,108,0.3333333333333333,1.0,9,12.0
3IVV,4DT4,D,A,9,160,0.3333333333333333,1.0,9,15.0
3IVV,4F01,D,A,9,218,0.3333333333333333,1.0,9,15.0
3IVV,4G2E,D,A,9,151,0.3333333333333333,1.0,9,17.0
3IVV,4G6C,D,A,9,333,0.5,0.8888888888888888,8,18.0
3IVV,4GS3,D,A,9,90,0.3333333333333333,1.0,9,11.0
3IVV,4HWM,D,A,9,117,0.375,0.8888888888888888,8,17.0
3IVV,4J78,A,B,140,5,0.4,1.0,5,12.0
3K6Y,3L41,A,B,227,5,0.75,0.8,4,14.0
3K6Y,3MD4,A,A,227,6,0.6,0.8333333333333334,5,16.0
3K6Y,3MD5,A,A,227,6,0.8,0.8333333333333334,5,19.0
3K6Y,3MEA,A,B,227,3,0.6666666666666666,1.0,3,11.0
3K6Y,3MGN,A,H,227,1,1.0,1.0,1,6.0
3K6Y,3PTL,A,B,227,10,0.5,0.8,8,18.0
3K6Y,3PZZ,A,A,227,6,0.3333333333333333,1.0,6,17.0
3K6Y,3ZZY,A,C,227,8,0.42857142857142855,0.875,7,18.0
3K6Y,4AXY,A,A,227,18,0.6,0.8333333333333334,15,25.0
3K6Y,4ERY,A,D,227,14,0.38461538461538464,0.9285714285714286,13,20.0
3KBE,3MD5,A,A,140,6,0.4,0.8333333333333334,5,11.0
3KBE,3MGN,A,H,140,1,1.0,1.0,1,6.0
3KBE,3NVG,A,A,140,6,0.4,0.8333333333333334,5,16.0
3KBE,3PTL,A,B,140,10,0.375,0.8,8,15.0
3KBE,3PZZ,A,A,140,6,0.6666666666666666,1.0,6,16.0
3KBE,3ZZY,A,C,140,8,0.5714285714285714,0.875,7,16.0
3KBE,4J78,A,B,140,5,0.75,0.8,4,13.0
3KGK,3L41,A,B,92,5,0.6,1.0,5,11.0
3KGK,3MGN,A,H,92,1,1.0,1.0,1,6.0
3KGK,3PKV,B,A,98,221,0.35,0.8163265306122449,80,36.5
3KGK,4J78,A,B,92,5,0.4,1.0,5,11.0
3KZD,3MD4,A,A,85,6,0.5,1.0,6,16.0
3KZD,3MD5,A,A,85,6,0.5,1.0,6,15.0
3KZD,3MGN,A,H,85,1,1.0,1.0,1,6.0
3L41,3LJI,B,A,5,272,0.5,0.8,4,16.0
3L41,3M3P,B,A,5,249,0.75,0.8,4,18.0
3L41,3M8J,B,A,5,90,0.5,0.8,4,8.0
3L41,3MAB,B,A,5,85,0.75,0.8,4,14.0
3L41,3MEA,B,A,5,162,0.5,0.8,4,16.0
3L41,3MGN,A,H,214,1,1.0,1.0,1,6.0
3L41,3MRE,B,A,5,274,0.5,0.8,4,13.0
3L41,3N11,B,A,5,325,0.5,0.8,4,13.0
3L41,3NGG,B,A,5,46,0.5,0.8,4,15.0
3L41,3NPV,B,A,5,249,0.4,1.0,5,11.0
3L41,3NZL,B,A,5,73,0.75,0.8,4,12.0
3L41,3OBQ,B,B,5,9,0.5,0.8,4,8.0
3L41,3PD7,B,A,5,94,0.6,1.0,5,13.0
3L41,3PSM,B,A,5,47,0.5,0.8,4,9.0
3L41,3PZ9,B,A,5,357,0.6,1.0,5,14.0
3L41,3PZZ,A,A,214,6,0.4,0.8333333333333334,5,13.0
3L41,3Q2X,A,A,214,6,0.5,1.0,6,13.0
3L41,3QDS,B,A,5,142,0.75,0.8,4,19.0
3L41,3QPA,B,A,5,196,0.5,0.8,4,10.0
3L41,3R6D,B,A,5,215,0.5,0.8,4,13.0
3L41,3RQ9,B,A,5,78,0.8,1.0,5,20.0
3L41,3RY0,B,A,5,65,0.75,0.8,4,18.0
3L41,3SEB,B,A,5,238,0.8,1.0,5,21.0
3L41,3SO6,B,A,5,137,0.6,1.0,5,14.0
3L41,3SR3,B,A,5,333,0.6,1.0,5,18.0
3L41,3T0H,B,A,5,208,0.5,0.8,4,12.0
3L41,3TUA,B,A,5,210,0.5,0.8,4,11.0
3L41,3TYS,B,A,5,75,0.6,1.0,5,11.0
3L41,3U6G,B,A,5,125,0.5,0.8,4,11.0
3L41,3VN0,B,A,5,48,0.6,1.0,5,16.0
3L41,3VVV,B,A,5,108,0.6,1.0,5,15.0
3L41,3VZ9,B,B,5,103,0.6,1.0,5,14.0
3L41,3W4Q,B,A,5,258,0.5,0.8,4,11.0
3L41,3ZIT,B,A,5,74,0.6,1.0,5,13.0
3L41,4A02,B,A,5,166,0.4,1.0,5,15.0
3L41,4ACJ,B,A,5,167,0.4,1.0,5,14.0
3L41,4ANN,B,A,5,176,0.75,0.8,4,16.0
3L41,4AVR,B,A,5,94,0.5,0.8,4,8.0
3L41,4B6G,B,A,5,283,0.5,0.8,4,12.0
3L41,4DD5,B,A,5,387,0.6,1.0,5,15.0
3L41,4EK3,B,A,5,287,0.8,1.0,5,21.0
3L41,4ES1,B,A,5,95,0.6,1.0,5,15.0
3L41,4F01,B,A,5,218,0.8,1.0,5,17.0
3L41,4F3J,B,A,5,143,0.6,1.0,5,15.0
3L41,4G6C,B,A,5,333,0.4,1.0,5,12.0
3L41,4GMQ,B,A,5,92,0.5,0.8,4,8.0
3L41,4H4J,B,A,5,236,0.75,0.8,4,18.0
3L41,4HDE,B,A,5,168,0.6,1.0,5,18.0
3L41,4J11,B,A,5,87,0.75,0.8,4,18.0
3L41,4J78,A,B,214,5,0.75,0.8,4,12.0
3L41,4JG2,B,A,5,185,0.5,0.8,4,13.0
3L41,4JVU,A,B,214,97,0.3614457831325301,0.8556701030927835,83,45.5
3LAA,3MEA,A,B,169,3,0.6666666666666666,1.0,3,8.0
3LAA,3MGN,A,H,169,1,1.0,1.0,1,6.0
3LAA,3MRE,A,P,169,9,0.375,0.8888888888888888,8,12.0
3LAA,3OBQ,A,B,169,9,0.625,0.8888888888888888,8,23.0
3LAA,3PTL,A,B,169,10,0.4444444444444444,0.9,9,17.0
3LAX,3MEA,A,B,106,3,0.6666666666666666,1.0,3,7.0
3LAX,3MGN,A,H,106,1,1.0,1.0,1,6.0
3LAX,4J78,A,B,106,5,0.4,1.0,5,12.0
3LG3,3LJI,A,A,419,272,0.3076923076923077,0.8125,221,57.5
3LG3,3MD5,A,A,419,6,0.5,1.0,6,17.0
3LG3,3MEA,A,B,419,3,1.0,1.0,3,14.0
3LG3,3MGN,A,H,419,1,1.0,1.0,1,6.0
3LG3,3OQY,A,a,419,13,0.45454545454545453,0.8461538461538461,11,23.0
3LG3,3PZZ,A,A,419,6,0.6,0.8333333333333334,5,17.0
3LG3,4G14,A,A,419,5,0.5,0.8,4,11.0
3LG3,4HWM,A,A,419,117,0.3,0.8547008547008547,100,36.5
3LG3,4J11,A,C,419,91,0.3076923076923077,0.8571428571428571,78,41.0
3LJI,3MGN,A,H,272,1,1.0,1.0,1,6.0
3LJI,3PZZ,A,A,272,6,0.6,0.8333333333333334,5,18.0
3LJI,3RQ9,A,A,272,78,0.3333333333333333,0.8076923076923077,63,35.0
3LJI,4J78,A,B,272,5,0.6,1.0,5,11.0
3M3P,3MD4,A,A,249,6,0.6,0.8333333333333334,5,17.0
3M3P,3MD5,A,A,249,6,0.6,0.8333333333333334,5,17.0
3M3P,3MGN,A,H,249,1,1.0,1.0,1,6.0
3M8J,3MGN,A,H,90,1,1.0,1.0,1,6.0
3M8J,3MRE,A,P,90,9,0.625,0.8888888888888888,8,16.0
3M8J,3PTL,A,B,90,10,0.5,0.8,8,16.0
3M9J,3MD4,A,A,105,6,0.4,0.8333333333333334,5,11.0
3M9J,3MD5,A,A,105,6,0.4,0.8333333333333334,5,10.0
3M9J,3MEA,A,B,105,3,0.3333333333333333,1.0,3,8.0
3M9J,3MGN,A,H,105,1,1.0,1.0,1,6.0
3M9J,3PZZ,A,A,105,6,0.4,0.8333333333333334,5,11.0
3M9J,4J78,A,B,105,5,0.75,0.8,4,13.0
3M9Q,3MGN,A,H,89,1,1.0,1.0,1,6.0
3M9Q,3Q2X,A,A,89,6,0.5,1.0,6,18.0
3M9Q,4J5Q,A,A,89,146,0.30666666666666664,0.8426966292134831,75,31.0
3M9Q,4J78,A,B,89,5,0.4,1.0,5,12.0
3MAB,3MGN,A,H,85,1,1.0,1.0,1,6.0
3MAB,3MRE,A,P,85,9,0.375,0.8888888888888888,8,12.0
3MAB,3NVG,A,A,85,6,0.4,0.8333333333333334,5,9.0
3MAB,3PID,B,A,88,387,0.3698630136986301,0.8295454545454546,73,58.5
3MAB,3PZZ,A,A,85,6,0.5,1.0,6,18.0
3MD4,3MD5,A,A,6,6,0.8333333333333334,1.0,6,28.0
3MD4,3MGN,A,H,6,1,1.0,1.0,1,6.0
3MD4,3NPV,A,A,6,249,0.4,0.8333333333333334,5,13.0
3MD4,3O0P,A,A,6,194,0.3333333333333333,1.0,6,14.0
3MD4,3O5P,A,A,6,128,0.6,0.8333333333333334,5,15.0
3MD4,3OBQ,A,A,6,141,0.6,0.8333333333333334,5,13.0
3MD4,3PZZ,A,A,6,6,0.4,0.8333333333333334,5,13.0
3MD4,3RQ9,A,A,6,78,0.5,1.0,6,15.0
3MD4,3SR3,A,A,6,333,0.6,0.8333333333333334,5,16.0
3MD4,3SZH,A,A,6,115,0.3333333333333333,1.0,6,16.0
3MD4,3TUA,A,A,6,210,0.6,0.8333333333333334,5,17.0
3MD4,3UCI,A,A,6,72,0.4,0.8333333333333334,5,9.0
3MD4,3ZRX,A,A,6,111,0.5,1.0,6,16.0
3MD4,4B6G,A,A,6,283,0.4,0.8333333333333334,5,15.0
3MD4,4B9G,A,A,6,146,0.5,1.0,6,17.0
3MD4,4DD5,A,A,6,387,0.4,0.8333333333333334,5,14.0
3MD4,4ERY,A,A,6,304,0.6,0.8333333333333334,5,17.0
3MD4,4ES1,A,A,6,95,0.6,0.8333333333333334,5,17.0
3MD4,4F3J,A,A,6,143,0.3333333333333333,1.0,6,13.0
3MD4,4G5X,A,A,6,275,0.6,0.8333333333333334,5,17.0
3MD4,4G6C,A,A,6,333,0.5,1.0,6,19.0
3MD4,4G7X,A,B,6,102,0.6666666666666666,1.0,6,20.0
3MD4,4H89,A,A,6,168,0.6666666666666666,1.0,6,19.0
3MD4,4J11,A,A,6,87,0.3333333333333333,1.0,6,10.0
3MD4,4JG2,A,A,6,185,0.6,0.8333333333333334,5,12.0
3MD5,3MGN,A,H,6,1,1.0,1.0,1,6.0
3MD5,3NPV,A,A,6,249,0.4,0.8333333333333334,5,14.0
3MD5,3O0P,A,A,6,194,0.3333333333333333,1.0,6,13.0
3MD5,3O5P,A,A,6,128,0.6,0.8333333333333334,5,16.0
3MD5,3OBQ,A,A,6,141,0.6,0.8333333333333334,5,13.0
3MD5,3PIW,A,A,6,154,0.6,0.8333333333333334,5,13.0
3MD5,3PZZ,A,A,6,6,0.4,0.8333333333333334,5,15.0
3MD5,3QPA,A,A,6,196,0.6,0.8333333333333334,5,15.0
3MD5,3RQ9,A,A,6,78,0.5,1.0,6,15.0
3MD5,3SD2,A,A,6,86,0.3333333333333333,1.0,6,10.0
3MD5,3SR3,A,A,6,333,0.6,0.8333333333333334,5,18.0
3MD5,3SZH,A,A,6,115,0.5,1.0,6,19.0
3MD5,3T47,A,A,6,71,0.4,0.8333333333333334,5,11.0
3MD5,3TUA,A,A,6,210,0.6,0.8333333333333334,5,16.0
3MD5,3V75,A,A,6,285,0.5,1.0,6,16.0
3MD5,3VVV,A,A,6,108,0.5,1.0,6,14.0
3MD5,3ZRX,A,A,6,111,0.5,1.0,6,15.0
3MD5,4ACJ,A,A,6,167,0.3333333333333333,1.0,6,15.0
3MD5,4B9G,A,A,6,146,0.5,1.0,6,16.0
3MD5,4DD5,A,A,6,387,0.4,0.8333333333333334,5,14.0
3MD5,4ERY,A,A,6,304,0.6,0.8333333333333334,5,16.0
3MD5,4ES1,A,A,6,95,0.6,0.8333333333333334,5,15.0
3MD5,4F3J,A,A,6,143,0.3333333333333333,1.0,6,12.0
3MD5,4G5X,A,A,6,275,0.6,0.8333333333333334,5,16.0
3MD5,4G6C,A,A,6,333,0.5,1.0,6,21.0
3MD5,4G7X,A,B,6,102,0.6666666666666666,1.0,6,19.0
3MD5,4H89,A,A,6,168,0.8333333333333334,1.0,6,22.0
3MD5,4JG2,A,A,6,185,0.6,0.8333333333333334,5,12.0
3MD5,5CYT,A,R,6,103,0.4,0.8333333333333334,5,14.0
3MEA,3MGN,A,H,162,1,1.0,1.0,1,6.0
3MEA,3MRE,B,A,3,274,0.6666666666666666,1.0,3,10.0
3MEA,3NPV,B,A,3,249,0.6666666666666666,1.0,3,11.0
3MEA,3PKV,B,A,3,221,0.6666666666666666,1.0,3,8.0
3MEA,3PTL,B,A,3,279,0.6666666666666666,1.0,3,11.0
3MEA,3RQ9,B,A,3,78,1.0,1.0,3,14.0
3MEA,3RY0,B,A,3,65,0.6666666666666666,1.0,3,7.0
3MEA,3SD2,B,A,3,86,0.3333333333333333,1.0,3,8.0
3MEA,3SR3,B,A,3,333,0.6666666666666666,1.0,3,11.0
3MEA,3SUK,B,A,3,124,0.6666666666666666,1.0,3,10.0
3MEA,3SZH,B,A,3,115,0.3333333333333333,1.0,3,7.0
3MEA,3TDN,B,A,3,121,0.6666666666666666,1.0,3,10.0
3MEA,3TOW,B,A,3,152,0.6666666666666666,1.0,3,10.0
3MEA,3TUA,B,A,3,210,0.6666666666666666,1.0,3,8.0
3MEA,3UR8,B,A,3,321,1.0,1.0,3,14.0
3MEA,3V75,B,A,3,285,0.6666666666666666,1.0,3,11.0
3MEA,3VOR,B,A,3,182,0.6666666666666666,1.0,3,11.0
3MEA,3VZ9,B,B,3,103,0.6666666666666666,1.0,3,6.0
3MEA,3W4Q,B,A,3,258,0.6666666666666666,1.0,3,10.0
3MEA,3ZZY,A,C,162,8,0.5714285714285714,0.875,7,23.0
3MEA,4AE7,B,A,3,186,0.3333333333333333,1.0,3,8.0
3MEA,4AM1,B,A,3,345,0.6666666666666666,1.0,3,8.0
3MEA,4ANN,B,A,3,176,0.6666666666666666,1.0,3,11.0
3MEA,4B6G,B,A,3,283,0.6666666666666666,1.0,3,10.0
3MEA,4DD5,B,A,3,387,1.0,1.0,3,14.0
3MEA,4ERY,B,A,3,304,0.6666666666666666,1.0,3,8.0
3MEA,4F3J,B,A,3,143,0.6666666666666666,1.0,3,10.0
3MEA,4G5X,B,A,3,275,1.0,1.0,3,14.0
3MEA,4GMQ,B,A,3,92,0.6666666666666666,1.0,3,8.0
3MEA,4H4J,B,A,3,236,0.6666666666666666,1.0,3,9.0
3MEA,4H89,B,A,3,168,0.6666666666666666,1.0,3,11.0
3MEA,4HJP,B,A,3,281,0.6666666666666666,1.0,3,11.0
3MEA,4IL7,B,A,3,85,0.6666666666666666,1.0,3,7.0
3MEA,4J78,A,B,162,5,0.4,1.0,5,10.0
3MEA,4JYP,B,A,3,267,0.6666666666666666,1.0,3,11.0
3MEA,4KEF,B,A,3,133,0.6666666666666666,1.0,3,11.0
3MGN,3MRE,H,A,1,274,1.0,1.0,1,6.0
3MGN,3N11,H,A,1,325,1.0,1.0,1,6.0
3MGN,3NE0,H,A,1,208,1.0,1.0,1,6.0
3MGN,3NGG,H,A,1,46,1.0,1.0,1,6.0
3MGN,3NPV,H,A,1,249,1.0,1.0,1,6.0
3MGN,3NVG,H,A,1,6,1.0,1.0,1,6.0
3MGN,3NZL,H,A,1,73,1.0,1.0,1,6.0
3MGN,3O0P,H,A,1,194,1.0,1.0,1,6.0
3MGN,3O5P,H,A,1,128,1.0,1.0,1,6.0
3MGN,3OBQ,H,A,1,141,1.0,1.0,1,6.0
3MGN,3OQY,H,A,1,102,1.0,1.0,1,6.0
3MGN,3P6J,H,A,1,125,1.0,1.0,1,6.0
3MGN,3PD7,H,A,1,94,1.0,1.0,1,6.0
3MGN,3PES,H,A,1,83,1.0,1.0,1,6.0
3MGN,3PID,H,A,1,387,1.0,1.0,1,6.0
3MGN,3PIW,H,A,1,154,1.0,1.0,1,6.0
3MGN,3PKV,H,A,1,221,1.0,1.0,1,6.0
3MGN,3PSM,H,A,1,47,1.0,1.0,1,6.0
3MGN,3PTL,H,A,1,279,1.0,1.0,1,6.0
3MGN,3PVE,H,A,1,175,1.0,1.0,1,6.0
3MGN,3PZ9,H,A,1,357,1.0,1.0,1,6.0
3MGN,3PZZ,H,A,1,6,1.0,1.0,1,6.0
3MGN,3Q2X,H,A,1,6,1.0,1.0,1,6.0
3MGN,3Q6L,H,A,1,131,1.0,1.0,1,6.0
3MGN,3QDS,H,A,1,142,1.0,1.0,1,6.0
3MGN,3QPA,H,A,1,196,1.0,1.0,1,6.0
3MGN,3R6D,H,A,1,215,1.0,1.0,1,6.0
3MGN,3R87,H,A,1,132,1.0,1.0,1,6.0
3MGN,3RQ9,H,A,1,78,1.0,1.0,1,6.0
3MGN,3RY0,H,A,1,65,1.0,1.0,1,6.0
3MGN,3RZY,H,A,1,139,1.0,1.0,1,6.0
3MGN,3S0A,H,A,1,119,1.0,1.0,1,6.0
3MGN,3SD2,H,A,1,86,1.0,1.0,1,6.0
3MGN,3SEB,H,A,1,238,1.0,1.0,1,6.0
3MGN,3SED,H,A,1,124,1.0,1.0,1,6.0
3MGN,3SO6,H,A,1,137,1.0,1.0,1,6.0
3MGN,3SR3,H,A,1,333,1.0,1.0,1,6.0
3MGN,3SUK,H,A,1,124,1.0,1.0,1,6.0
3MGN,3SZH,H,A,1,115,1.0,1.0,1,6.0
3MGN,3T0H,H,A,1,208,1.0,1.0,1,6.0
3MGN,3T3K,H,A,1,122,1.0,1.0,1,6.0
3MGN,3TDN,H,A,1,121,1.0,1.0,1,6.0
3MGN,3TOW,H,A,1,152,1.0,1.0,1,6.0
3MGN,3TUA,H,A,1,210,1.0,1.0,1,6.0
3MGN,3TYS,H,A,1,75,1.0,1.0,1,6.0
3MGN,3U6G,H,A,1,125,1.0,1.0,1,6.0
3MGN,3U97,H,A,1,77,1.0,1.0,1,6.0
3MGN,3UCI,H,A,1,72,1.0,1.0,1,6.0
3MGN,3UR8,H,A,1,321,1.0,1.0,1,6.0
3MGN,3US6,H,A,1,148,1.0,1.0,1,6.0
3MGN,3V1A,H,A,1,48,1.0,1.0,1,6.0
3MGN,3V75,H,A,1,285,1.0,1.0,1,6.0
3MGN,3VN0,H,A,1,48,1.0,1.0,1,6.0
3MGN,3VOR,H,A,1,182,1.0,1.0,1,6.0
3MGN,3VUB,H,A,1,101,1.0,1.0,1,6.0
3MGN,3VVV,H,A,1,108,1.0,1.0,1,6.0
3MGN,3VZ9,H,B,1,103,1.0,1.0,1,6.0
3MGN,3W4Q,H,A,1,258,1.0,1.0,1,6.0
3MGN,3ZBD,H,A,1,110,1.0,1.0,1,6.0
3MGN,3ZIT,H,A,1,74,1.0,1.0,1,6.0
3MGN,3ZRX,H,A,1,111,1.0,1.0,1,6.0
3MGN,3ZSL,H,A,1,138,1.0,1.0,1,6.0
3MGN,3ZZP,H,A,1,74,1.0,1.0,1,6.0
3MGN,3ZZY,H,A,1,106,1.0,1.0,1,6.0
3MGN,4A02,H,A,1,166,1.0,1.0,1,6.0
3MGN,4ACJ,H,A,1,167,1.0,1.0,1,6.0
3MGN,4AE7,H,A,1,186,1.0,1.0,1,6.0
3MGN,4AM1,H,A,1,345,1.0,1.0,1,6.0
3MGN,4ANN,H,A,1,176,1.0,1.0,1,6.0
3MGN,4AVR,H,A,1,94,1.0,1.0,1,6.0
3MGN,4AXY,H,A,1,18,1.0,1.0,1,6.0
3MGN,4B6G,H,A,1,283,1.0,1.0,1,6.0
3MGN,4B9G,H,A,1,146,1.0,1.0,1,6.0
3MGN,4DD5,H,A,1,387,1.0,1.0,1,6.0
3MGN,4DKN,H,A,1,209,1.0,1.0,1,6.0
3MGN,4DND,H,A,1,95,1.0,1.0,1,6.0
3MGN,4DPZ,H,X,1,108,1.0,1.0,1,6.0
3MGN,4DQ7,H,A,1,168,1.0,1.0,1,6.0
3MGN,4DT4,H,A,1,160,1.0,1.0,1,6.0
3MGN,4EK3,H,A,1,287,1.0,1.0,1,6.0
3MGN,4ERY,H,A,1,304,1.0,1.0,1,6.0
3MGN,4ES1,H,A,1,95,1.0,1.0,1,6.0
3MGN,4EUG,H,A,1,225,1.0,1.0,1,6.0
3MGN,4F01,H,A,1,218,1.0,1.0,1,6.0
3MGN,4F3J,H,A,1,143,1.0,1.0,1,6.0
3MGN,4FR9,H,A,1,133,1.0,1.0,1,6.0
3MGN,4G14,H,A,1,5,1.0,1.0,1,6.0
3MGN,4G2E,H,A,1,151,1.0,1.0,1,6.0
3MGN,4G5X,H,A,1,275,1.0,1.0,1,6.0
3MGN,4G6C,H,A,1,333,1.0,1.0,1,6.0
3MGN,4G7X,H,A,1,92,1.0,1.0,1,6.0
3MGN,4GA2,H,A,1,144,1.0,1.0,1,6.0
3MGN,4GMQ,H,A,1,92,1.0,1.0,1,6.0
3MGN,4GS3,H,A,1,90,1.0,1.0,1,6.0
3MGN,4H4J,H,A,1,236,1.0,1.0,1,6.0
3MGN,4H89,H,A,1,168,1.0,1.0,1,6.0
3MGN,4HDE,H,A,1,168,1.0,1.0,1,6.0
3MGN,4HJP,H,A,1,281,1.0,1.0,1,6.0
3MGN,4HWM,H,A,1,117,1.0,1.0,1,6.0
3MGN,4IL7,H,A,1,85,1.0,1.0,1,6.0
3MGN,4J11,H,A,1,87,1.0,1.0,1,6.0
3MGN,4J5O,H,A,1,111,1.0,1.0,1,6.0
3MGN,4J5Q,H,A,1,146,1.0,1.0,1,6.0
3MGN,4J78,H,A,1,300,1.0,1.0,1,6.0
3MGN,4JG2,H,A,1,185,1.0,1.0,1,6.0
3MGN,4JVU,H,A,1,110,1.0,1.0,1,6.0
3MGN,4JYP,H,A,1,267,1.0,1.0,1,6.0
3MGN,4KEF,H,A,1,133,1.0,1.0,1,6.0
3MGN,5CYT,H,R,1,103,1.0,1.0,1,6.0
3MGN,6RXN,H,A,1,45,1.0,1.0,1,6.0
3MRE,3NPV,P,A,9,249,0.4444444444444444,1.0,9,17.0
3MRE,3PVE,P,A,9,175,0.5,0.8888888888888888,8,19.0
3MRE,3PZZ,A,A,274,6,0.4,0.8333333333333334,5,12.0
3MRE,3R6D,P,A,9,215,0.3333333333333333,1.0,9,12.0
3MRE,3SR3,P,A,9,333,0.3333333333333333,1.0,9,12.0
3MRE,3TUA,P,A,9,210,0.4444444444444444,1.0,9,14.0
3MRE,3VN0,P,A,9,48,0.375,0.8888888888888888,8,11.0
3MRE,3ZBD,P,A,9,110,0.3333333333333333,1.0,9,11.0
3MRE,4DND,A,A,274,95,0.35365853658536583,0.8631578947368421,82,37.5
3MRE,4EUG,P,A,9,225,0.3333333333333333,1.0,9,11.0
3MRE,4G6C,P,A,9,333,0.5,0.8888888888888888,8,16.0
3MRE,4HJP,P,A,9,281,0.3333333333333333,1.0,9,14.0
3MRE,4J78,A,B,274,5,0.5,0.8,4,11.0
3N11,3PTL,A,B,325,10,0.4444444444444444,0.9,9,18.0
3N11,3PZZ,A,A,325,6,0.5,1.0,6,15.0
3N11,4B9G,A,A,325,146,0.35294117647058826,0.815068493150685,119,39.0
3N11,4J78,A,B,325,5,0.75,0.8,4,14.0
3NE0,3NVG,A,A,208,6,0.6,0.8333333333333334,5,18.0
3NE0,3OBQ,A,B,208,9,0.75,0.8888888888888888,8,23.5
3NE0,3Q2X,A,A,208,6,0.4,0.8333333333333334,5,13.0
3NE0,3ZZY,A,C,208,8,0.42857142857142855,0.875,7,18.0
3NE0,4G14,A,A,208,5,0.75,0.8,4,15.0
3NGG,4J78,A,B,46,5,0.5,0.8,4,6.0
3NPV,3TDN,A,A,249,121,0.34951456310679613,0.8512396694214877,103,42.5
3NPV,3U97,A,A,249,77,0.41935483870967744,0.8051948051948052,62,32.5
3NPV,4DQ7,B,B,246,160,0.3082706766917293,0.83125,133,30.5
3NVG,3OBQ,A,A,6,141,0.3333333333333333,1.0,6,14.0
3NVG,3QDS,A,A,6,142,0.3333333333333333,1.0,6,18.0
3NVG,3SO6,A,Q,6,13,0.6,0.8333333333333334,5,16.0
3NVG,3T3K,A,A,6,122,0.4,0.8333333333333334,5,15.0
3NVG,3VUB,A,A,6,101,0.3333333333333333,1.0,6,19.0
3NVG,4AE7,A,A,6,186,0.6,0.8333333333333334,5,14.0
3NVG,4AVR,A,A,6,94,0.6,0.8333333333333334,5,13.0
3NVG,4G2E,A,A,6,151,0.4,0.8333333333333334,5,14.0
3NVG,4G5X,A,A,6,275,0.6,0.8333333333333334,5,20.0
3NVG,4IL7,A,A,6,85,0.4,0.8333333333333334,5,12.0
3O0P,3PTL,A,B,194,10,0.375,0.8,8,14.0
3O0P,3VN0,A,A,194,48,0.30434782608695654,0.9583333333333334,46,27.0
3O0P,4G7X,A,B,194,102,0.3170731707317073,0.803921568627451,82,38.0
3O5P,3Q2X,A,A,128,6,0.6,0.8333333333333334,5,17.0
3O5P,4J78,A,B,128,5,0.75,0.8,4,12.0
3OBQ,3PZZ,B,A,9,6,0.4,0.8333333333333334,5,6.0
3OBQ,3QPA,B,A,9,196,0.375,0.8888888888888888,8,18.0
3OBQ,3VOR,B,A,9,182,0.4444444444444444,1.0,9,18.0
3OBQ,3VUB,B,A,9,101,0.5,0.8888888888888888,8,18.0
3OBQ,3W4Q,B,A,9,258,0.4444444444444444,1.0,9,20.0
3OBQ,3ZSL,B,A,9,138,0.5,0.8888888888888888,8,22.0
3OBQ,3ZZY,A,C,141,8,0.375,1.0,8,15.0
3OBQ,4AE7,B,A,9,186,0.4444444444444444,1.0,9,14.0
3OBQ,4DKN,B,A,9,209,0.5,0.8888888888888888,8,24.0
3OBQ,4F3J,B,A,9,143,0.75,0.8888888888888888,8,26.0
3OBQ,4G6C,B,A,9,333,0.5,0.8888888888888888,8,16.0
3OBQ,4JVU,B,B,9,97,0.375,0.8888888888888888,8,15.0
3OBQ,6RXN,B,A,9,45,0.375,0.8888888888888888,8,12.0
3OQY,3PID,a,A,13,387,0.4166666666666667,0.9230769230769231,12,20.0
3OQY,3PTL,b,A,14,279,0.42857142857142855,1.0,14,20.0
3OQY,3Q2X,A,A,102,6,0.5,1.0,6,15.0
3OQY,3SO6,A,Q,102,13,0.3333333333333333,0.9230769230769231,12,19.0
3OQY,3SZH,a,C,13,117,0.36363636363636365,0.8461538461538461,11,14.0
3OQY,3T3K,a,A,13,122,0.3333333333333333,0.9230769230769231,12,16.0
3OQY,3US6,b,A,14,148,0.3076923076923077,0.9285714285714286,13,21.0
3OQY,3ZZY,A,C,102,8,0.42857142857142855,0.875,7,12.0
3OQY,4AM1,A,A,102,345,0.3068181818181818,0.8627450980392157,88,37.5
3OQY,4DND,a,A,13,95,0.36363636363636365,0.8461538461538461,11,18.0
3P6J,3PZZ,A,A,125,6,0.4,0.8333333333333334,5,12.0
3PD7,3PTL,A,B,94,10,0.4444444444444444,0.9,9,15.0
3PES,3PTL,A,B,83,10,0.375,0.8,8,14.0
3PID,3TOW,A,A,387,152,0.302158273381295,0.9144736842105263,139,50.0
3PID,3ZZY,A,C,387,8,0.42857142857142855,0.875,7,15.0
3PID,4G14,A,A,387,5,0.75,0.8,4,17.0
3PID,4J78,A,B,387,5,0.75,0.8,4,12.0
3PIW,3Q2X,A,A,154,6,0.5,1.0,6,12.0
3PIW,4HJP,A,A,154,281,0.3,0.9090909090909091,140,54.5
3PKV,3PZZ,A,A,221,6,0.6666666666666666,1.0,6,14.0
3PKV,3VN0,A,B,221,49,0.36585365853658536,0.8367346938775511,41,38.5
3PKV,4G14,A,A,221,5,0.6,1.0,5,16.0
3PKV,4J78,A,B,221,5,0.5,0.8,4,11.0
3PSM,3Q2X,A,A,47,6,0.5,1.0,6,13.0
3PTL,3PVE,B,A,10,175,0.5,0.8,8,20.0
3PTL,3Q6L,B,A,10,131,0.4,1.0,10,16.0
3PTL,3R87,B,A,10,132,0.3333333333333333,0.9,9,18.0
3PTL,3RZY,B,A,10,139,0.4,1.0,10,16.0
3PTL,3SEB,B,A,10,238,0.4,1.0,10,15.0
3PTL,3SR3,B,A,10,333,0.5,0.8,8,19.0
3PTL,3ZSL,B,A,10,138,0.4,1.0,10,20.0
3PTL,4ACJ,B,A,10,167,0.5,0.8,8,24.0
3PTL,4DKN,B,A,10,209,0.5555555555555556,0.9,9,21.0
3PTL,4F3J,B,A,10,143,0.375,0.8,8,17.0
3PTL,4G2E,B,A,10,151,0.375,0.8,8,14.0
3PTL,4G5X,B,A,10,275,0.5,0.8,8,22.0
3PTL,4GMQ,B,A,10,92,0.5,1.0,10,28.0
3PTL,4H4J,B,A,10,236,0.5,0.8,8,17.0
3PTL,4H89,B,A,10,168,0.4,1.0,10,15.0
3PTL,4HWM,B,A,10,117,0.375,0.8,8,17.0
3PTL,4J11,B,A,10,87,0.5,0.8,8,17.0
3PTL,4J5Q,B,A,10,146,0.4444444444444444,0.9,9,17.0
3PTL,4J78,A,B,279,5,0.75,0.8,4,15.0
3PTL,4JVU,B,A,10,110,0.5,0.8,8,17.0
3PTL,6RXN,B,A,10,45,0.375,0.8,8,13.0
3PVE,3Q2X,A,A,175,6,0.8,0.8333333333333334,5,18.0
3PVE,4G14,A,A,175,5,0.75,0.8,4,14.0
3PVE,4JYP,A,A,175,267,0.3402777777777778,0.8228571428571428,144,33.0
3PZ9,3Q2X,A,A,357,6,0.6,0.8333333333333334,5,14.0
3PZ9,4JVU,A,B,357,97,0.3764705882352941,0.8762886597938144,85,43.0
3PZZ,3RQ9,A,A,6,78,0.5,1.0,6,12.0
3PZZ,3S0A,A,A,6,119,0.4,0.8333333333333334,5,10.0
3PZZ,3SO6,A,A,6,137,0.3333333333333333,1.0,6,12.0
3PZZ,3SR3,A,A,6,333,0.6,0.8333333333333334,5,18.0
3PZZ,3SZH,A,A,6,115,0.4,0.8333333333333334,5,12.0
3PZZ,3T0H,A,A,6,208,0.5,1.0,6,13.0
3PZZ,3T3K,A,A,6,122,0.4,0.8333333333333334,5,11.0
3PZZ,3U6G,A,A,6,125,0.6,0.8333333333333334,5,14.0
3PZZ,3UCI,A,A,6,72,0.6,0.8333333333333334,5,12.0
3PZZ,3V75,A,A,6,285,0.6,0.8333333333333334,5,22.0
3PZZ,3VOR,A,A,6,182,0.5,1.0,6,15.0
3PZZ,4A02,A,A,6,166,0.4,0.8333333333333334,5,12.0
3PZZ,4ACJ,A,A,6,167,0.6,0.8333333333333334,5,15.0
3PZZ,4B9G,A,A,6,146,0.6,0.8333333333333334,5,12.0
3PZZ,4DKN,A,A,6,209,0.6,0.8333333333333334,5,14.0
3PZZ,4DPZ,A,X,6,108,0.3333333333333333,1.0,6,12.0
3PZZ,4DQ7,A,A,6,168,0.5,1.0,6,14.0
3PZZ,4EK3,A,A,6,287,0.3333333333333333,1.0,6,15.0
3PZZ,4F3J,A,A,6,143,0.5,1.0,6,16.0
3PZZ,4G5X,A,A,6,275,0.5,1.0,6,15.0
3PZZ,4G7X,A,B,6,102,0.6,0.8333333333333334,5,20.0
3PZZ,4GMQ,A,A,6,92,0.5,1.0,6,14.0
3PZZ,4H4J,A,A,6,236,0.5,1.0,6,14.0
3PZZ,4H89,A,A,6,168,0.4,0.8333333333333334,5,17.0
3PZZ,4HWM,A,A,6,117,0.6,0.8333333333333334,5,11.0
3PZZ,4J5Q,A,A,6,146,0.5,1.0,6,11.0
3PZZ,4JG2,A,A,6,185,0.5,1.0,6,14.0
3PZZ,4JYP,A,A,6,267,0.6,0.8333333333333334,5,16.0
3Q2X,3QDS,A,A,6,142,0.5,1.0,6,17.0
3Q2X,3QPA,A,A,6,196,0.6,0.8333333333333334,5,17.0
3Q2X,3R87,A,A,6,132,0.3333333333333333,1.0,6,14.0
3Q2X,3SD2,A,A,6,86,0.6666666666666666,1.0,6,12.5
3Q2X,3SO6,A,A,6,137,0.4,0.8333333333333334,5,13.0
3Q2X,3T0H,A,A,6,208,0.6,0.8333333333333334,5,14.0
3Q2X,3TDN,A,A,6,121,0.3333333333333333,1.0,6,14.0
3Q2X,3U6G,A,A,6,125,0.5,1.0,6,14.0
3Q2X,3UR8,A,A,6,321,0.6,0.8333333333333334,5,13.0
3Q2X,3VVV,A,A,6,108,0.6,0.8333333333333334,5,14.0
3Q2X,3VZ9,A,B,6,103,0.5,1.0,6,11.0
3Q2X,3ZBD,A,A,6,110,0.4,0.8333333333333334,5,12.0
3Q2X,3ZSL,A,A,6,138,0.3333333333333333,1.0,6,13.0
3Q2X,4AE7,A,A,6,186,0.3333333333333333,1.0,6,10.0
3Q2X,4AM1,A,A,6,345,0.3333333333333333,1.0,6,12.0
3Q2X,4AVR,A,A,6,94,0.6,0.8333333333333334,5,15.0
3Q2X,4DD5,A,A,6,387,0.8,0.8333333333333334,5,18.0
3Q2X,4DPZ,A,X,6,108,0.4,0.8333333333333334,5,13.0
3Q2X,4EUG,A,A,6,225,1.0,0.8333333333333334,5,23.0
3Q2X,4F01,A,A,6,218,0.4,0.8333333333333334,5,14.0
3Q2X,4FR9,A,A,6,133,0.6,0.8333333333333334,5,11.0
3Q2X,4G2E,A,A,6,151,0.4,0.8333333333333334,5,16.0
3Q2X,4G5X,A,A,6,275,0.6,0.8333333333333334,5,15.0
3Q2X,4G6C,A,A,6,333,0.5,1.0,6,18.0
3Q2X,4GS3,A,A,6,90,0.3333333333333333,1.0,6,11.0
3Q2X,4IL7,A,A,6,85,0.5,1.0,6,13.0
3Q2X,4J11,A,A,6,87,0.4,0.8333333333333334,5,11.0
3Q2X,4J5O,A,A,6,111,0.6666666666666666,1.0,6,14.0
3Q2X,4J5Q,A,A,6,146,0.5,1.0,6,13.0
3Q2X,4JG2,A,A,6,185,0.8,0.8333333333333334,5,19.0
3Q2X,4JVU,A,A,6,110,0.4,0.8333333333333334,5,10.0
3Q2X,4KEF,A,A,6,133,0.4,0.8333333333333334,5,11.0
3Q2X,5CYT,A,R,6,103,0.4,0.8333333333333334,5,14.0
3Q6L,3RZY,A,A,131,139,1.0,1.0,131,670.0
3Q6L,4ERY,A,A,131,304,0.3177570093457944,0.816793893129771,107,46.0
3QPA,3ZZY,A,C,196,8,0.5714285714285714,0.875,7,17.0
3QPA,4J78,A,B,196,5,0.5,0.8,4,13.0
3R6D,3RY0,A,B,215,63,0.36538461538461536,0.8253968253968254,52,33.0
3R6D,4J78,A,B,215,5,0.5,0.8,4,14.0
3R87,4J78,A,B,132,5,0.6,1.0,5,11.0
3RQ9,4G14,A,A,78,5,0.5,0.8,4,11.0
3RQ9,4HDE,A,A,78,168,0.32857142857142857,0.8974358974358975,70,48.0
3RQ9,4J78,A,B,78,5,0.4,1.0,5,10.0
3RY0,4J78,A,B,65,5,0.4,1.0,5,9.0
3S0A,3SR3,A,B,119,304,0.3402061855670103,0.8151260504201681,97,38.0
3S0A,4J78,A,B,119,5,0.75,0.8,4,16.0
3SEB,3T47,A,B,238,70,0.3333333333333333,0.8142857142857143,57,39.0
3SEB,4G14,A,A,238,5,0.75,0.8,4,16.0
3SO6,3TUA,Q,A,13,210,0.4166666666666667,0.9230769230769231,12,26.0
3SO6,4HDE,Q,A,13,168,0.36363636363636365,0.8461538461538461,11,21.0
3SO6,4HWM,Q,A,13,117,0.36363636363636365,0.8461538461538461,11,23.0
3SR3,4G14,A,A,333,5,0.5,0.8,4,15.0
3SR3,4J78,B,B,304,5,0.6,1.0,5,12.0
3SUK,4G14,A,A,124,5,0.5,0.8,4,11.0
3SZH,3T47,C,A,117,71,0.3225806451612903,0.8732394366197183,62,30.0
3SZH,3TUA,E,A,116,210,0.30927835051546393,0.8362068965517241,97,41.0
3SZH,4J78,A,B,115,5,0.75,0.8,4,12.0
3T0H,3T47,A,A,208,71,0.3442622950819672,0.8591549295774648,61,49.0
3T0H,4ERY,A,D,208,14,0.4166666666666667,0.8571428571428571,12,13.0
3T0H,4J78,A,B,208,5,0.5,0.8,4,13.0
3T3K,4J78,A,B,122,5,1.0,0.8,4,19.0
3T47,4H4J,A,A,71,236,0.390625,0.9014084507042254,64,43.5
3T47,4J78,A,B,71,5,0.6,1.0,5,13.0
3TOW,3ZZY,A,C,152,8,0.5,1.0,8,18.5
3TOW,4J78,A,B,152,5,0.5,0.8,4,12.0
3TYS,4G14,A,A,75,5,0.4,1.0,5,13.0
3TYS,4JYP,A,A,75,267,0.30985915492957744,0.9466666666666667,71,47.5
3U97,4G14,A,A,77,5,0.75,0.8,4,13.0
3UR8,4J78,A,B,321,5,0.5,0.8,4,11.0
3US6,4G14,A,A,148,5,0.6,1.0,5,14.0
3US6,4J78,A,B,148,5,0.75,0.8,4,14.0
3V75,4AXY,A,A,285,18,0.6,0.8333333333333334,15,20.5
3V75,4G14,A,A,285,5,0.5,0.8,4,13.0
3V75,4J11,A,D,285,86,0.30434782608695654,0.8023255813953488,69,36.5
3VN0,4ACJ,D,A,47,167,0.3170731707317073,0.8723404255319149,41,27.5
3VOR,4GMQ,A,A,182,92,0.32098765432098764,0.8804347826086957,81,34.5
3VUB,4G14,A,A,101,5,0.6,1.0,5,15.0
3VZ9,4G14,B,A,103,5,0.5,0.8,4,13.0
3VZ9,4J78,B,B,103,5,0.6,1.0,5,12.0
3W4Q,4AXY,A,A,258,18,0.4,0.8333333333333334,15,21.0
3W4Q,4G14,A,A,258,5,0.4,1.0,5,12.0
3W4Q,4J11,A,D,258,86,0.3142857142857143,0.813953488372093,70,34.5
3W4Q,4J78,A,B,258,5,0.5,0.8,4,11.0
3ZBD,4JYP,B,A,103,267,0.313953488372093,0.8349514563106796,86,40.0
3ZIT,4J78,A,B,74,5,0.4,1.0,5,12.0
3ZRX,4J78,A,B,111,5,0.4,1.0,5,11.0
3ZSL,4DKN,A,A,138,209,0.30357142857142855,0.8115942028985508,112,42.5
3ZZY,4AE7,C,A,8,186,0.5714285714285714,0.875,7,19.0
3ZZY,4ES1,C,A,8,95,0.5,1.0,8,19.0
3ZZY,4EUG,C,A,8,225,0.5,1.0,8,19.0
3ZZY,4F01,C,A,8,218,0.5,1.0,8,15.0
3ZZY,4FR9,C,A,8,133,0.42857142857142855,0.875,7,16.0
3ZZY,4GA2,C,A,8,144,0.42857142857142855,0.875,7,16.0
4A02,4J78,A,B,166,5,0.5,0.8,4,12.0
4ACJ,4GS3,A,A,167,90,0.3246753246753247,0.8555555555555555,77,35.0
4AE7,4G14,A,A,186,5,0.6,1.0,5,14.0
4AM1,4J78,A,B,345,5,0.75,0.8,4,14.0
4ANN,4J78,A,B,176,5,0.4,1.0,5,14.0
4DD5,4J78,A,B,387,5,0.75,0.8,4,12.0
4DKN,4J78,A,B,209,5,0.75,0.8,4,12.0
4DND,4J78,A,B,95,5,0.75,0.8,4,12.0
4DPZ,4J78,X,B,108,5,0.6,1.0,5,13.0
4DQ7,4G14,A,A,168,5,0.75,0.8,4,13.0
4DT4,4ERY,A,D,160,14,0.4166666666666667,0.8571428571428571,12,18.0
4EK3,4HDE,A,A,287,168,0.3006993006993007,0.8511904761904762,143,48.0
4ES1,4J78,A,B,95,5,0.75,0.8,4,16.0
4F01,4J78,A,B,218,5,0.5,0.8,4,11.0
4FR9,4J78,A,B,133,5,0.5,0.8,4,11.0
4G14,4G7X,A,B,5,102,0.6,1.0,5,12.0
4G14,4GA2,A,A,5,144,0.75,0.8,4,17.0
4G14,4GS3,A,A,5,90,0.5,0.8,4,12.0
4G14,4H89,A,A,5,168,0.75,0.8,4,17.0
4G14,4HJP,A,A,5,281,0.75,0.8,4,17.0
4G14,4J5Q,A,A,5,146,0.6,1.0,5,15.0
4G14,4J78,A,A,5,300,0.75,0.8,4,16.0
4G14,5CYT,A,R,5,103,0.4,1.0,5,15.0
4G2E,4HDE,A,A,151,168,0.3157894736842105,0.8807947019867549,133,109.5
4G2E,4J78,A,B,151,5,0.75,0.8,4,14.0
4G5X,4J78,A,B,275,5,0.4,1.0,5,12.0
4G7X,4J78,B,B,102,5,0.5,0.8,4,12.0
4GA2,4J78,A,B,144,5,0.6,1.0,5,13.0
4H4J,4J78,A,B,236,5,0.75,0.8,4,14.0
4HDE,4J11,A,D,168,86,0.32857142857142857,0.813953488372093,70,39.5
4HJP,4J78,A,B,281,5,0.6,1.0,5,14.0
4J5O,4J78,A,B,111,5,0.75,0.8,4,14.0
4J5Q,4J78,A,B,146,5,0.6,1.0,5,11.0
4J78,4JG2,B,A,5,185,0.4,1.0,5,14.0
4J78,4JVU,B,A,5,110,0.6,1.0,5,17.0
4J78,4KEF,B,A,5,133,0.4,1.0,5,14.0
4J78,5CYT,B,R,5,103,0.5,0.8,4,14.0
