protocol,mode,protein_id,cluster_id,fold,n_residues,pcc,spearman,rmse_z
cluster,graph+center0,1ABA,cluster_1ABA,4,87,0.6307981576446579,0.7168815783776044,0.7790415114480884
cluster,graph+center0,1AHO,cluster_1AHO,3,64,0.6493731485288262,0.745406884285149,0.7650046370441992
cluster,graph+center0,1AIE,cluster_1AIE,4,31,0.6938890559715197,0.4346774193548387,0.7327737459213484
cluster,graph+center0,1AKG,cluster_1AKG,2,16,0.4943806032206067,0.6740252008725229,0.8838340575930506
cluster,graph+center0,1ATG,cluster_1ATG,5,231,0.5283181018144155,0.5805536639120799,0.8550469247772337
cluster,graph+center0,1BGF,cluster_1BGF,2,124,0.5966484567610044,0.4330747939264417,0.8049253491267604
cluster,graph+center0,1BX7,cluster_1BX7,2,51,0.5861824986603231,0.2520361990950226,0.8738938498749549
cluster,graph+center0,1BYI,cluster_1BYI,5,224,0.533590803155867,0.591791852976306,0.8513097188354567
cluster,graph+center0,1CCR,cluster_1CCR,5,111,0.5235162569472634,0.5383840801440112,0.8521577839178509
cluster,graph+center0,1CYO,cluster_1CYO,2,88,0.6456815160484227,0.558836220376226,0.772339273103467
cluster,graph+center0,1DF4,cluster_1DF4,5,57,0.9251488135026427,0.7945942442312679,0.5552043845968333
cluster,graph+center0,1E5K,cluster_1E5K,3,188,0.7556318779742632,0.7524979479203202,0.666697289032588
cluster,graph+center0,1ES5,cluster_1ES5,3,260,0.6400059530221133,0.7197921119062732,0.774062194714879
cluster,graph+center0,1ETL,cluster_1ETL,3,12,0.7329345846615835,0.6847311331250231,0.7800339793091868
cluster,graph+center0,1ETM,cluster_1ETM,1,12,0.6443536106380374,0.42480196730966624,0.8167875137589781
cluster,graph+center0,1ETN,cluster_1ETN,4,12,-0.18446467433910482,0.007391404949863532,1.2098987866477504
cluster,graph+center0,1EW4,cluster_1EW4,2,106,0.61771828150912,0.6516291233229612,0.788481515029038
cluster,graph+center0,1F8R,cluster_1F8R,3,1932,0.7820945404187702,0.7527314552293052,0.6724839539828186
cluster,graph+center0,1FF4,cluster_1FF4,4,65,0.6246752763132871,0.5776942493160562,0.7847847465662227
cluster,graph+center0,1FK5,cluster_1FK5,2,93,0.563180196946444,0.5207975082855884,0.8307633942182648
cluster,graph+center0,1GCO,cluster_1GCO,4,1044,0.6513476972864625,0.6302530171312891,0.7659592529643675
cluster,graph+center0,1GK7,cluster_1GK7,3,39,0.7858938170782693,0.5635912755838673,0.6487362025891013
cluster,graph+center0,1GVD,cluster_1GVD,3,52,0.7033496901533935,0.5912787348468592,0.7271763302731252
cluster,graph+center0,1GXU,cluster_1GXU,1,88,0.6376789301157199,0.6330522840398134,0.7842704310454764
cluster,graph+center0,1H6V,cluster_1H6V,2,2927,0.4877023142282656,0.5510120630192867,0.8854328170400437
cluster,graph+center0,1HJE,cluster_1HJE,4,13,0.6981692317729382,0.6373626373626374,0.7854252663601693
cluster,graph+center0,1I71,cluster_1I71,3,83,0.5620208669341441,0.5804440576751086,0.8292169024732224
cluster,graph+center0,1IDP,cluster_1IDP,2,441,0.7457353858190455,0.8715615039279937,0.6778705538258534
cluster,graph+center0,1IFR,cluster_1IFR,3,113,0.6650881663918882,0.7376228359520333,0.7693543870871274
cluster,graph+center0,1K8U,cluster_1K8U,2,89,0.4898701959729028,0.3668299575703873,0.8954143802708947
cluster,graph+center0,1KMM,cluster_1KMM,4,1499,0.7254416433089155,0.752747820803669,0.6968950126292652
cluster,graph+center0,1KNG,cluster_1KNG,1,144,0.521836633473101,0.4860209349473511,0.8588828932223612
cluster,graph+center0,1KR4,cluster_1KR4,3,110,0.6121732302485934,0.5617414748137896,0.7935141200383041
cluster,graph+center0,1KYC,cluster_1KYC,5,15,0.7676695134301554,0.7928571428571427,0.7220358179615042
cluster,graph+center0,1LR7,cluster_1LR7,1,73,0.5881166952870927,0.6683995773336658,0.832412004569165
cluster,graph+center0,1MF7,cluster_1MF7,2,194,0.6802023190881109,0.7703539650434049,0.7564563496198923
cluster,graph+center0,1N7E,cluster_1N7E,5,95,0.5603272053467628,0.6614361153372134,0.8297762216045588
cluster,graph+center0,1NKD,cluster_1NKD,1,59,0.6953262411298807,0.7112630791271394,0.7935298593231361
cluster,graph+center0,1NKO,cluster_1NKO,1,122,0.4992054971570544,0.7113213501730576,0.8850062406945008
cluster,graph+center0,1NLS,cluster_1NLS,5,237,0.5205183466683979,0.7366234768663829,0.8631695944938175
cluster,graph+center0,1NNX,cluster_1NNX,2,93,0.7557569186136275,0.8073738082992388,0.6659442911058455
cluster,graph+center0,1NOA,cluster_1NOA,4,113,0.5527501115904598,0.5000644595562617,0.8351051002778879
cluster,graph+center0,1NOT,cluster_1NOT,3,13,0.556511482730299,0.5824175824175823,0.9050701457140566
cluster,graph+center0,1O06,cluster_1O06,1,20,0.9220691425978421,0.7218045112781954,0.4225412118118738
cluster,graph+center0,1O08,cluster_1O08,5,221,0.33352451267275385,0.615416258505824,0.9695087363944426
cluster,graph+center0,1OB4,cluster_1OB4,1,16,0.5120029969491174,0.4441176470588235,0.9062434599816364
cluster,graph+center0,1OB7,cluster_1OB7,4,16,0.5525968201129569,0.8432673364627853,0.8670564984513731
cluster,graph+center0,1OPD,cluster_1OPD,2,85,0.4257755344851019,0.42703941293949643,0.9073896621235779
cluster,graph+center0,1P9I,cluster_1P9I,2,29,0.6656999105969132,0.42216748768472895,0.7509073941120767
cluster,graph+center0,1PEF,cluster_1PEF,5,18,0.8448919217629867,0.9071207430340558,0.5899380271363641
cluster,graph+center0,1PEN,cluster_1PEN,5,16,0.4855416079326773,0.4930096993281554,0.8974191129408544
cluster,graph+center0,1PMY,cluster_1PMY,4,123,0.675805197169166,0.5870625108950221,0.7624525721194749
cluster,graph+center0,1PZ4,cluster_1PZ4,2,113,0.705735815960613,0.6745736843892542,0.7238184425725468
cluster,graph+center0,1Q9B,cluster_1Q9B,2,43,0.7648111067507877,0.7579281183932347,0.6660783058437179
cluster,graph+center0,1QAU,cluster_1QAU,3,112,0.6574782076892867,0.6327912614291227,0.7625683984115038
cluster,graph+center0,1QKI,cluster_1QKI,1,3912,0.5617688007931644,0.6492110724966722,0.8644966360799347
cluster,graph+center0,1QTO,cluster_1QTO,2,122,0.5922980204742547,0.6187760227381613,0.8086965651861558
cluster,graph+center0,1R29,cluster_1R29,5,122,0.5960998759937411,0.5671893820300381,0.8050733448591796
cluster,graph+center0,1R7J,cluster_1R7J,1,90,0.7821222668068665,0.6260958324235287,0.6521226554699683
cluster,graph+center0,1RJU,cluster_1RJU,4,36,0.3889500953994712,0.18532818532818532,0.939224767261539
cluster,graph+center0,1RRO,cluster_1RRO,5,108,0.290530274503597,0.21931381082549709,0.9710011887078425
cluster,graph+center0,1SAU,cluster_1SAU,1,114,0.6437683373818445,0.6439570677707661,0.783470459173427
cluster,graph+center0,1TGR,cluster_1TGR,1,104,0.7061828083396281,0.6457535934826929,0.72274590057358
cluster,graph+center0,1TZV,cluster_1TZV,4,141,0.805418818788648,0.7656977609319792,0.6196422232514228
cluster,graph+center0,1U06,cluster_1U06,2,55,0.4824600105883635,0.3070762460139883,0.8783021294016334
cluster,graph+center0,1U7I,cluster_1U7I,3,267,0.7493257112941039,0.7904223554923928,0.6778554124885902
cluster,graph+center0,1U9C,cluster_1U9C,1,221,0.5764641245030002,0.40995970934712683,0.8260649157416181
cluster,graph+center0,1UHA,cluster_1UHA,1,82,0.6287814548505994,0.686130672024462,0.7782348589246756
cluster,graph+center0,1UKU,cluster_1KR4,3,102,0.692240911149615,0.5538139666472478,0.7333789679585505
cluster,graph+center0,1ULR,cluster_1ULR,4,87,0.5697808563515558,0.623741849704465,0.8351977364775456
cluster,graph+center0,1UOY,cluster_1UOY,5,64,0.6675996963302887,0.6088668597795859,0.7634756735096153
cluster,graph+center0,1USE,cluster_1USE,3,40,0.13983185109964472,-0.06566604127579738,1.1451463358838194
cluster,graph+center0,1USM,cluster_1USM,5,77,0.8212306887897276,0.7206656545298304,0.6064716861876014
cluster,graph+center0,1UTG,cluster_1UTG,4,70,0.5864886894208757,0.5251030102817525,0.8237989123680592
cluster,graph+center0,1V05,cluster_1V05,4,96,0.6093093266266805,0.5685644135685005,0.8059818297848816
cluster,graph+center0,1V70,cluster_1V70,4,105,0.5370146021318771,0.6201351885054441,0.8455815800817833
cluster,graph+center0,1VRZ,cluster_1VRZ,3,21,0.78461147957677,0.8063679415061185,0.7333269695765
cluster,graph+center0,1W2L,cluster_1W2L,4,97,0.5755114845628391,0.4149577566742111,0.8212191230832513
cluster,graph+center0,1WBE,cluster_1WBE,3,204,0.5534727946825222,0.6178411069167984,0.8342776637880132
cluster,graph+center0,1WHI,cluster_1WHI,1,122,0.5348157646905348,0.6378649166208618,0.8471549035973241
cluster,graph+center0,1WLY,cluster_1WLY,5,322,0.6776445343300794,0.7166480719286407,0.7431454792745835
cluster,graph+center0,1WPA,cluster_1WPA,2,107,0.5971306243244857,0.36150249692282305,0.8094145489484482
cluster,graph+center0,1X3O,cluster_1X3O,3,80,0.4915597759925708,0.5301015594415888,0.8716080995676642
cluster,graph+center0,1XY1,cluster_1XY1,3,16,0.6385836057311733,0.6224709109958134,1.0583046074146876
cluster,graph+center0,1XY2,cluster_1XY2,3,8,0.5882528813300008,0.37581969985087577,0.8720724978871961
cluster,graph+center0,1Y6X,cluster_1Y6X,5,87,0.4984294474664347,0.5429327792794351,0.8809840090857294
cluster,graph+center0,1YJO,cluster_1YJO,5,6,0.3738286885853183,0.2571428571428572,1.0224869006096202
cluster,graph+center0,1YZM,cluster_1YZM,5,46,0.7864178418888467,0.6720735179921733,0.7128353638554431
cluster,graph+center0,1Z21,cluster_1Z21,3,96,0.637615498262464,0.6597937445445688,0.7744785991550529
cluster,graph+center0,1ZCE,cluster_1ZCE,2,146,0.756830469277865,0.7841225465987309,0.6897652520347152
cluster,graph+center0,1ZVA,cluster_1ZVA,1,75,0.5616037552058131,0.5199442366446453,0.8283850852740924
cluster,graph+center0,2A50,cluster_2A50,4,457,0.5630650907140224,0.6270889805343212,0.8359907595163075
cluster,graph+center0,2AGK,cluster_2AGK,2,233,0.674176658022072,0.7047472769165921,0.7482925821802658
cluster,graph+center0,2AH1,cluster_2AH1,5,939,0.5399966766554426,0.5533981315317448,0.859347100449467
cluster,graph+center0,2B0A,cluster_2B0A,4,186,0.6209844741862934,0.6400268173305332,0.7917869875346415
cluster,graph+center0,2BCM,cluster_2BCM,4,413,0.5682929530579979,0.5078671617936068,0.8233024091053368
cluster,graph+center0,2BF9,cluster_2BF9,5,36,0.5502217105348018,0.48651779494528175,0.8819005753545728
cluster,graph+center0,2BRF,cluster_2BRF,4,100,0.7648737020810707,0.7114867626608281,0.6938778748846297
cluster,graph+center0,2C71,cluster_2C71,5,205,0.6221427824839341,0.6709376723024976,0.8140024523932733
cluster,graph+center0,2CE0,cluster_2CE0,2,99,0.5858885674804406,0.5761967638249814,0.8116904323925191
cluster,graph+center0,2CG7,cluster_2CG7,5,90,0.500877262321949,0.484845491660986,0.8736046255771087
cluster,graph+center0,2COV,cluster_2COV,3,534,0.7751000168286485,0.7387173819269008,0.6455349487871982
cluster,graph+center0,2CWS,cluster_2CWS,4,227,0.6742130668883672,0.7134198685990571,0.7507479734061637
cluster,graph+center0,2D5W,cluster_2D5W,5,1214,0.706432842025688,0.6770830942245417,0.7253038794872302
cluster,graph+center0,2DKO,cluster_2DKO,2,253,0.7920200408116488,0.6833240150398844,0.6150092632625601
cluster,graph+center0,2DPL,cluster_2DPL,5,565,0.4729508907923699,0.5303428801163885,0.8945239474676876
cluster,graph+center0,2DSX,cluster_2DSX,4,52,0.42306404912242107,0.27227902465694664,0.9094249493651652
cluster,graph+center0,2E10,cluster_2E10,5,439,0.7686426012835791,0.8007789857276959,0.6484223016379034
cluster,graph+center0,2E3H,cluster_2E3H,4,81,0.7028912416460567,0.6958456139589103,0.7128319976038024
cluster,graph+center0,2EAQ,cluster_2EAQ,4,89,0.6728728811014062,0.46856233272034503,0.7557579125138082
cluster,graph+center0,2EHP,cluster_2EHP,3,248,0.7589233262771272,0.7858089623622526,0.6641565211614329
cluster,graph+center0,2EHS,cluster_1X3O,3,75,0.6819358345152531,0.6966955433925835,0.7541995335240159
cluster,graph+center0,2ERW,cluster_2ERW,3,53,0.3359395234310621,0.1542989620803848,0.9933345294241825
cluster,graph+center0,2ETX,cluster_2ETX,1,389,0.5265621096467681,0.5462394881771727,0.8622789482713107
cluster,graph+center0,2FB6,cluster_2FB6,5,116,0.7819330258668633,0.6826067154200334,0.6840614441093701
cluster,graph+center0,2FG1,cluster_2FG1,1,157,0.6130605895151021,0.5430363152739662,0.791665895435156
cluster,graph+center0,2FN9,cluster_2FN9,2,560,0.6030406218370609,0.5876653124619425,0.8013741401764634
cluster,graph+center0,2FQ3,cluster_2FQ3,2,85,0.6881228578808761,0.6943521594684385,0.7532441630582329
cluster,graph+center0,2G69,cluster_2G69,1,99,0.6228580962502213,0.6337825218582661,0.7978904786608075
cluster,graph+center0,2G7O,cluster_2G7O,2,68,0.7776471674904547,0.4783500836205829,0.6894736127679423
cluster,graph+center0,2G7S,cluster_2G7S,1,190,0.6353531164448071,0.604431610279308,0.7881838371795251
cluster,graph+center0,2GKG,cluster_2GKG,5,122,0.6994111524109091,0.543152190183261,0.7401747564957966
cluster,graph+center0,2GOM,cluster_2GOM,4,121,0.5896754376781009,0.4520462339803879,0.8133577812769894
cluster,graph+center0,2GXG,cluster_2GXG,1,140,0.7064342516487331,0.6941690092078233,0.7254177424984448
cluster,graph+center0,2GZQ,cluster_2GZQ,5,191,0.43558046699705033,0.3638977251560677,0.91984733481459
cluster,graph+center0,2HQK,cluster_2HQK,1,213,0.78837549973573,0.7348366100460861,0.6815798153622296
cluster,graph+center0,2HYK,cluster_2HYK,1,237,0.6013489754600647,0.5743034855365411,0.8021932417756833
cluster,graph+center0,2I24,cluster_2I24,4,113,0.5315259283155533,0.48515749127214525,0.848928934455243
cluster,graph+center0,2I49,cluster_2I49,3,398,0.6765566533158035,0.6798468518091819,0.7498565173897515
cluster,graph+center0,2IBL,cluster_2IBL,2,108,0.6465577250284084,0.6719239371414111,0.8736330579236051
cluster,graph+center0,2IGD,cluster_2IGD,1,61,0.5150232597184091,0.5114624925767994,0.8604977130683635
cluster,graph+center0,2IMF,cluster_2IMF,3,203,0.6416202632282905,0.6214050581798369,0.7701773153551643
cluster,graph+center0,2IP6,cluster_2IP6,5,87,0.6219929539404152,0.40564455872740657,0.7882018902386809
cluster,graph+center0,2IVY,cluster_2IVY,3,88,0.48801904519048295,0.4158414970093077,0.880004872695549
cluster,graph+center0,2J32,cluster_2J32,4,244,0.8107865633278833,0.7193494445584615,0.6026532436855793
cluster,graph+center0,2J9W,cluster_2J9W,1,200,0.6917435837932967,0.6699722716348878,0.7390698106219016
cluster,graph+center0,2JKU,cluster_2JKU,1,35,0.5046344645844694,0.23376987241303962,0.9509928813853181
cluster,graph+center0,2JLI,cluster_2JLI,4,100,0.6058977408134338,0.501318659668374,0.7974368067526022
cluster,graph+center0,2JLJ,cluster_2JLI,4,115,0.7494200563880999,0.6250974033615474,0.67818809707978
cluster,graph+center0,2MCM,cluster_1NOA,4,112,0.7743976629137208,0.7031513937646037,0.6835943376097616
cluster,graph+center0,2NLS,cluster_2NLS,2,36,0.40630650324958956,0.31505791505791503,0.9145808898544647
cluster,graph+center0,2NR7,cluster_2NR7,4,194,0.8188820829984291,0.727640141790806,0.6106592306662849
cluster,graph+center0,2NUH,cluster_1KR4,3,104,0.6276201363670537,0.5520946137687753,0.786869950450235
cluster,graph+center0,2O6X,cluster_2O6X,2,306,0.7826934303167888,0.788969010752695,0.6340471724015018
cluster,graph+center0,2OA2,cluster_2OA2,4,132,0.5016124760981565,0.3995439598069402,0.8704058268656403
cluster,graph+center0,2OCT,cluster_2OCT,4,192,0.5510227276297713,0.5639590134844593,0.8533903541671038
cluster,graph+center0,2OHW,cluster_2OHW,4,256,0.6058650929687662,0.6611861440023593,0.8079079564863471
cluster,graph+center0,2OKT,cluster_2OKT,5,342,0.3803080457837463,0.3858028332451226,0.9616698765511119
cluster,graph+center0,2OL9,cluster_2OL9,1,6,0.8836887975212263,0.7142857142857143,0.5365701024471865
cluster,graph+center0,2OLX,cluster_2OLX,3,4,0.8099266590155876,0.6000000000000001,0.8015292315616099
cluster,graph+center0,2PKT,cluster_2PKT,1,91,-0.009484187418630044,0.06652571564806739,1.1177212537394001
cluster,graph+center0,2PLT,cluster_2PLT,2,98,0.4454808568259728,0.5164936754159853,0.9040338695151435
cluster,graph+center0,2PMR,cluster_2PMR,4,76,0.6391952215689752,0.7399280920457925,0.7788932272536118
cluster,graph+center0,2POF,cluster_2POF,4,440,0.675790769790928,0.7104259513608348,0.7409908686447382
cluster,graph+center0,2PPN,cluster_2PPN,5,107,0.6391554169260171,0.7171456424113045,0.787018956339508
cluster,graph+center0,2PSF,cluster_2PSF,4,608,0.5022429656884824,0.47744259664642336,0.8699205710966111
cluster,graph+center0,2PTH,cluster_2PTH,3,193,0.7319004172993908,0.7950065873102616,0.7010355281310642
cluster,graph+center0,2Q4N,cluster_2Q4N,2,153,0.6592818218501075,0.5674845932568514,0.7605736339367469
cluster,graph+center0,2Q52,cluster_1WBE,3,412,0.7603166492243463,0.7482270941104345,0.6755719975235518
cluster,graph+center0,2QJL,cluster_2QJL,5,99,0.5964571336073468,0.6706721630156564,0.8134660446391295
cluster,graph+center0,2R16,cluster_2R16,1,175,0.5517103592167134,0.438003186436442,0.844503386685491
cluster,graph+center0,2R6Q,cluster_2R6Q,3,138,0.5451749099694281,0.4219952236015208,0.8455064554537913
cluster,graph+center0,2RB8,cluster_2RB8,4,93,0.6437746511771413,0.5178097828812125,0.7701749204878082
cluster,graph+center0,2RE2,cluster_2RE2,2,238,0.6527224890141037,0.4647864255745962,0.7594053113474702
cluster,graph+center0,2RFR,cluster_2RFR,2,154,0.6874757154456884,0.46277355602022224,0.7280853859167706
cluster,graph+center0,2V9V,cluster_2V9V,1,135,0.5522420098823948,0.46398930823725437,0.8339727384463009
cluster,graph+center0,2VE8,cluster_2VE8,1,515,0.7106683564410261,0.6199025240185878,0.7101224501621691
cluster,graph+center0,2VH7,cluster_2VH7,5,94,0.7314496671650619,0.7384908824669071,0.7001346574854135
cluster,graph+center0,2VIM,cluster_2VIM,5,104,0.3681491660399047,0.38105703962952875,0.93854661316149
cluster,graph+center0,2VPA,cluster_2VPA,2,204,0.7498141613444325,0.7584172145544015,0.7605588715883683
cluster,graph+center0,2VQ4,cluster_2VQ4,4,106,0.6886108534101367,0.7684320046078202,0.7262759080243685
cluster,graph+center0,2VY8,cluster_2VY8,5,149,0.744675622903152,0.7667055148385197,0.678366701904204
cluster,graph+center0,2VYO,cluster_2C71,5,206,0.6986444996786016,0.7227229329699175,0.7303527730152944
cluster,graph+center0,2W1V,cluster_2W1V,5,548,0.6792001558645574,0.746497817403053,0.7472939221029417
cluster,graph+center0,2W2A,cluster_2W2A,3,350,0.6316815080014402,0.6866258445736407,0.776267626940783
cluster,graph+center0,2W6A,cluster_2W6A,3,117,0.7801689078770412,0.4990146492587493,0.6453290679328335
cluster,graph+center0,2WJ5,cluster_2WJ5,2,96,0.5174457007483385,0.5449988809907566,0.9156718916118807
cluster,graph+center0,2WUJ,cluster_2WUJ,1,100,0.443517714482189,0.19020216143253585,0.901908363842669
cluster,graph+center0,2WW7,cluster_2WW7,3,150,0.46614382631476353,0.5259757461858633,0.9536336305450143
cluster,graph+center0,2WWE,cluster_2WWE,4,111,0.5530283123357651,0.49226462630148937,0.8348852603381494
cluster,graph+center0,2X1Q,cluster_2X1Q,5,240,0.46292674412049517,0.3962814528649121,0.8983788250794429
cluster,graph+center0,2X25,cluster_2X25,2,168,0.6234512048642047,0.6956841401590028,0.7949958735721284
cluster,graph+center0,2X3M,cluster_2X3M,3,166,0.7246701129475465,0.6078994263485257,0.7222040938776574
cluster,graph+center0,2X5Y,cluster_2X5Y,4,171,0.7196248977141199,0.6983344504063081,0.7161861151811922
cluster,graph+center0,2X9Z,cluster_2X9Z,5,262,0.5814821686040738,0.5955102999567988,0.8142734969215324
cluster,graph+center0,2XHF,cluster_2XHF,5,310,0.5780921760648459,0.6319733951157035,0.8168012788724183
cluster,graph+center0,2Y0T,cluster_2Y0T,3,101,0.7684672538417985,0.7374349507783026,0.657870254458585
cluster,graph+center0,2Y72,cluster_2Y72,5,170,0.7317299569450928,0.6899301351516764,0.7040161772482271
cluster,graph+center0,2Y7L,cluster_2Y7L,4,319,0.7183491762461666,0.6874727829968863,0.7092294502534465
cluster,graph+center0,2Y9F,cluster_2Y9F,4,149,0.7576525650823193,0.8512652889584897,0.6540559962232362
cluster,graph+center0,2YLB,cluster_2YLB,2,400,0.7383225937978014,0.7923632999034059,0.675990790740659
cluster,graph+center0,2YNY,cluster_2YNY,1,315,0.7111626056547539,0.7082270917241683,0.7359879560035008
cluster,graph+center0,2ZCM,cluster_2ZCM,1,357,0.4373780617366969,0.36102335051833373,0.9007593457136065
cluster,graph+center0,2ZU1,cluster_2ZU1,2,360,0.7058997430292542,0.7588202806962524,0.7132101068701011
cluster,graph+center0,3A0M,cluster_3A0M,1,148,0.7181779443068982,0.5273132458316141,0.7498194645482434
cluster,graph+center0,3A7L,cluster_3A7L,4,128,0.688110786673417,0.5922964014809305,0.7447570631939607
cluster,graph+center0,3AMC,cluster_3AMC,2,614,0.7194394246949143,0.7712744437003574,0.7255374345816676
cluster,graph+center0,3AUB,cluster_3AUB,1,116,0.6049797236553237,0.6721602006985591,0.8039898292188522
cluster,graph+center0,3B5O,cluster_3B5O,1,230,0.6207260561009965,0.6061617312059735,0.7855365240976568
cluster,graph+center0,3BA1,cluster_3BA1,4,312,0.6541693649295379,0.5646235428193536,0.7571727379255364
cluster,graph+center0,3BED,cluster_3BED,1,261,0.8051631023813258,0.8192729124014738,0.6228169543856004
cluster,graph+center0,3BQX,cluster_3BQX,4,139,0.4627697262488035,0.48017614747801024,0.9094185560286285
cluster,graph+center0,3BZQ,cluster_3BZQ,3,99,0.5503623037105849,0.5431944539031142,0.8389872970078093
cluster,graph+center0,3BZZ,cluster_3BZZ,5,100,0.43839812162988884,0.411163750904532,0.9223591528046734
cluster,graph+center0,3DRF,cluster_3DRF,4,547,0.5508032783126028,0.5456434943850762,0.835922591121891
cluster,graph+center0,3DWV,cluster_3DWV,2,325,0.6347389073854588,0.7148214706007031,0.7782804265883868
cluster,graph+center0,3E5T,cluster_2HQK,1,228,0.5341615015992849,0.45674203064356034,0.8472649982291021
cluster,graph+center0,3E7R,cluster_3E7R,4,40,0.7205303589298808,0.7836937733000455,0.7251973242537312
cluster,graph+center0,3EUR,cluster_3EUR,3,140,0.4048121714070924,0.37896424066049533,0.9261895915234837
cluster,graph+center0,3F2Z,cluster_3F2Z,3,149,0.7808615463830446,0.7492866694024146,0.6442538722995702
cluster,graph+center0,3F7E,cluster_3F7E,3,254,0.7522018584777266,0.8057734608800892,0.6685877915072721
cluster,graph+center0,3FCN,cluster_3FCN,1,158,0.6190457843115168,0.5389242326208527,0.7879011984632635
cluster,graph+center0,3FE7,cluster_3FE7,3,91,0.4790391286682715,0.5131610905098977,0.8783931996894315
cluster,graph+center0,3FKE,cluster_3FKE,5,250,0.5107000995874288,0.5053312932355829,0.8689111344519117
cluster,graph+center0,3FMY,cluster_3FMY,2,66,0.6464955703563308,0.6529934871162252,0.7689947990356746
cluster,graph+center0,3FOD,cluster_3FOD,1,48,0.4664962393583151,0.5238560502750609,0.9642888462288801
cluster,graph+center0,3FSO,cluster_3FSO,2,221,0.8106180372329456,0.5769797346103307,0.6130783457420618
cluster,graph+center0,3FTD,cluster_3FTD,1,240,0.7042015400915744,0.6764177378736166,0.7254280842906129
cluster,graph+center0,3FVA,cluster_3FVA,1,6,0.8456970222505173,0.8451542547285165,0.6190948916126942
cluster,graph+center0,3G1S,cluster_3G1S,1,418,0.6341306045342122,0.6953106512278061,0.7786356172784695
cluster,graph+center0,3GBW,cluster_3GBW,4,161,0.7522908284206634,0.8456186032331305,0.6795304019471456
cluster,graph+center0,3GHJ,cluster_3GHJ,5,116,0.5711560554424597,0.5193500148041865,0.8235561740294709
cluster,graph+center0,3HFO,cluster_3HFO,4,197,0.6419449400255168,0.6691935176073512,0.7739247531128205
cluster,graph+center0,3HHP,cluster_3HHP,5,1234,0.7555031065599699,0.7928056375978707,0.6716731192462831
cluster,graph+center0,3HNY,cluster_3HNY,5,156,0.7245321482365729,0.7325949142462863,0.697156433068143
cluster,graph+center0,3HP4,cluster_3HP4,4,183,0.5395272055192545,0.4565478017965002,0.8468876823126331
cluster,graph+center0,3HWU,cluster_3HWU,2,144,0.7428114119636903,0.730233656445813,0.6729848546911075
cluster,graph+center0,3HYD,cluster_3HYD,5,7,0.9048051192583584,0.28571428571428575,0.5442565715716936
cluster,graph+center0,3HZ8,cluster_3HZ8,2,192,0.5011674937121915,0.47723331702673566,0.8746728241404959
cluster,graph+center0,3I2V,cluster_3I2V,3,124,0.419215461354628,0.43108060476450943,0.9387276158935443
cluster,graph+center0,3I2Z,cluster_3I2Z,5,138,0.5677262675152009,0.578762130805697,0.8289217644624245
cluster,graph+center0,3I4O,cluster_3I4O,1,135,0.7621789196659987,0.7224054738810216,0.6525400625586174
cluster,graph+center0,3I7M,cluster_3I7M,2,134,0.6453429411184026,0.5593719529092062,0.7668637993349069
cluster,graph+center0,3IHS,cluster_1OPD,2,169,0.6025352325565406,0.49081590287205973,0.8047298607325362
cluster,graph+center0,3IVV,cluster_3IVV,4,149,0.7809241097156403,0.7659318205079385,0.6353132802100343
cluster,graph+center0,3K6Y,cluster_3K6Y,2,227,0.6060483030556482,0.6148853469018561,0.7994889129492376
cluster,graph+center0,3KBE,cluster_3KBE,5,140,0.690487384438285,0.6816405609507564,0.7235476952962868
cluster,graph+center0,3KGK,cluster_3KGK,2,190,0.7745162392558522,0.7647806257874074,0.6418424474045056
cluster,graph+center0,3KZD,cluster_3KZD,3,85,0.6081278547156058,0.6638850076628453,0.804927662648751
cluster,graph+center0,3L41,cluster_2ETX,1,220,0.6955744413233731,0.672492717458986,0.7218635011735913
cluster,graph+center0,3LAA,cluster_3LAA,3,169,0.6040070457237622,0.49641827358341944,0.8706506446766923
cluster,graph+center0,3LAX,cluster_3LAX,3,106,0.7374111609164633,0.7099582585153126,0.6902209530987546
cluster,graph+center0,3LG3,cluster_3LG3,4,833,0.6010680306106635,0.6107894837796967,0.8314582375316943
cluster,graph+center0,3LJI,cluster_3LJI,5,272,0.5948688733459461,0.5299251719763628,0.804906522835688
cluster,graph+center0,3M3P,cluster_3M3P,1,249,0.6269532171722285,0.6437284004603728,0.779547357065615
cluster,graph+center0,3M8J,cluster_3M8J,1,178,0.694457101478846,0.7447588791999585,0.7235069233078482
cluster,graph+center0,3M9J,cluster_3M9J,3,210,0.507390223153503,0.5231700506319604,0.86548037371807
cluster,graph+center0,3M9Q,cluster_3M9Q,2,176,0.4525610848144437,0.5258116546554815,0.9403054166140135
cluster,graph+center0,3MAB,cluster_1OPD,2,173,0.6322926326092859,0.5591529685058233,0.7748995282303137
cluster,graph+center0,3MD4,cluster_3MD4,2,12,0.7206994102087323,0.9001765118147749,0.756749308786713
cluster,graph+center0,3MD5,cluster_3MD5,5,12,0.6145069114694057,0.6013986013986015,0.9136753054089228
cluster,graph+center0,3MEA,cluster_3MEA,2,166,0.6579100111562528,0.7343490522883727,0.7675596649650144
cluster,graph+center0,3MGN,cluster_3MGN,2,348,0.16342943954393913,0.22769594052828593,1.1998027161144371
cluster,graph+center0,3MRE,cluster_3MRE,5,383,0.6778044757709955,0.7469570526701726,0.7453896309671352
cluster,graph+center0,3N11,cluster_3N11,1,325,0.5545846734877533,0.6121422733657611,0.8386190001641659
cluster,graph+center0,3NE0,cluster_3NE0,1,208,0.6976900440525966,0.7106281913823621,0.7248472236027793
cluster,graph+center0,3NGG,cluster_3NGG,1,94,0.7250040899289321,0.6266129148949061,0.7167968552108274
cluster,graph+center0,3NPV,cluster_3NPV,5,495,0.5876420637321359,0.5571269964782434,0.812561559607452
cluster,graph+center0,3NVG,cluster_3NVG,2,6,0.670385840860752,0.5428571428571429,0.7687800743770892
cluster,graph+center0,3NZL,cluster_3NZL,5,73,0.575642867979921,0.5922971907956152,0.8201082984122763
cluster,graph+center0,3O0P,cluster_3O0P,5,194,0.7170956740907943,0.7055931798219143,0.6974587181879018
cluster,graph+center0,3O5P,cluster_3O5P,5,128,0.7296541359251371,0.6584043046296135,0.693550016820509
cluster,graph+center0,3OBQ,cluster_3OBQ,2,150,0.6355692212619332,0.38155499296507667,0.7750446794027415
cluster,graph+center0,3OQY,cluster_3OQY,3,234,0.6514825088298025,0.6116657207294439,0.7692948940912842
cluster,graph+center0,3P6J,cluster_3P6J,3,125,0.783861711533947,0.7686253064680051,0.6324281199473188
cluster,graph+center0,3PD7,cluster_3PD7,5,188,0.6963505162664516,0.7433334959195751,0.7227269282775511
cluster,graph+center0,3PES,cluster_3PES,3,165,0.6276829459466047,0.5893708321366956,0.7966754185577946
cluster,graph+center0,3PID,cluster_3PID,4,387,0.5366984063424601,0.49115852135939325,0.8549574049078633
cluster,graph+center0,3PIW,cluster_3PIW,5,154,0.7506309372378066,0.7136611788595009,0.6830472475535999
cluster,graph+center0,3PKV,cluster_3PKV,3,221,0.5494394082438379,0.6157584698989916,0.8364009854757007
cluster,graph+center0,3PSM,cluster_3PSM,4,94,0.7967507610511834,0.8800690687487198,0.626171075804412
cluster,graph+center0,3PTL,cluster_3PTL,4,289,0.517291905718158,0.6283123871889934,0.8876890647550979
cluster,graph+center0,3PVE,cluster_3PVE,1,347,0.6925311301129173,0.7166327963554702,0.7340777561544353
cluster,graph+center0,3PZ9,cluster_3PZ9,4,357,0.6944549380134233,0.7024608108788473,0.7285485009130959
cluster,graph+center0,3PZZ,cluster_3PZZ,2,12,0.9482171626945444,0.8601398601398602,0.54329907931792
cluster,graph+center0,3Q2X,cluster_3Q2X,4,6,0.9256805335138019,0.7714285714285715,0.42065743252723536
cluster,graph+center0,3Q6L,cluster_3Q6L,2,131,0.5926144507833413,0.5660224261837338,0.8089956246099967
cluster,graph+center0,3QDS,cluster_3QDS,1,284,0.7271270740135453,0.7261932344615847,0.7207681918826793
cluster,graph+center0,3QPA,cluster_3QPA,5,197,0.46103350668334236,0.6967980471410017,0.9113610147476042
cluster,graph+center0,3R6D,cluster_3R6D,4,221,0.6833519658507284,0.751652650928822,0.7379681751668892
cluster,graph+center0,3R87,cluster_3R87,5,132,0.4084164649173411,0.3450012131500414,0.9192317021387372
cluster,graph+center0,3RQ9,cluster_3RQ9,1,162,0.49705082445041204,0.5844968548949724,0.9311031144227544
cluster,graph+center0,3RY0,cluster_3RY0,1,128,0.5969268754543071,0.6107853305826597,0.8104735895919521
cluster,graph+center0,3RZY,cluster_3Q6L,2,139,0.7049028699340685,0.6116332512121915,0.7225617793761636
cluster,graph+center0,3S0A,cluster_3S0A,2,119,0.53078770426868,0.5353192944110565,0.8509213652186534
cluster,graph+center0,3SD2,cluster_3SD2,1,86,0.45551093941214055,0.5576835989855559,0.8955404076271801
cluster,graph+center0,3SEB,cluster_3SEB,3,238,0.6280276484565609,0.7535748174850462,0.7820273473053192
cluster,graph+center0,3SED,cluster_3SED,2,124,0.6650818002650446,0.6481341316812069,0.7803709300906503
cluster,graph+center0,3SO6,cluster_3SO6,1,150,0.6793777370746199,0.6576463497839954,0.7408982305021298
cluster,graph+center0,3SR3,cluster_3SR3,5,637,0.5639978902357561,0.5793828852706583,0.832496085853454
cluster,graph+center0,3SUK,cluster_3SUK,2,248,0.644124282734941,0.6518633092845675,0.7740796868346103
cluster,graph+center0,3SZH,cluster_3SZH,2,697,0.7715973609182204,0.7630601869518994,0.6453334431110274
cluster,graph+center0,3T0H,cluster_3T0H,5,208,0.7506277797606404,0.7985853873525838,0.669450318875637
cluster,graph+center0,3T3K,cluster_3T3K,3,122,0.7456876457541439,0.7999656330887975,0.6826525474511342
cluster,graph+center0,3T47,cluster_3T47,4,141,0.5076542493659192,0.5111681918203609,0.8751056232653492
cluster,graph+center0,3TDN,cluster_3TDN,3,357,0.48231964395226756,0.4980329396406674,0.8819886541880916
cluster,graph+center0,3TOW,cluster_3TOW,1,152,0.5725615841926679,0.7070186890412248,0.8269958430750208
cluster,graph+center0,3TUA,cluster_3TUA,2,210,0.6462802729235846,0.7848755318241054,0.776231823410038
cluster,graph+center0,3TYS,cluster_3TYS,3,75,0.6867025940410507,0.6693647048144135,0.7802103151455271
cluster,graph+center0,3U6G,cluster_3U6G,4,248,0.6319354402260235,0.6080622348857189,0.779682744233139
cluster,graph+center0,3U97,cluster_3U97,5,77,0.709974748272256,0.6794216234566608,0.7111941290155492
cluster,graph+center0,3UCI,cluster_3UCI,3,72,0.5492355963835147,0.49192874139816073,0.8644015431709111
cluster,graph+center0,3UR8,cluster_3UR8,4,637,0.6939238729678161,0.6525596576565599,0.724542597400255
cluster,graph+center0,3US6,cluster_3US6,5,148,0.6211796963284335,0.5171173672564777,0.7988366956031062
cluster,graph+center0,3V1A,cluster_3V1A,5,48,0.3794158646520187,0.4985886469509118,0.932899406362201
cluster,graph+center0,3V75,cluster_3V75,2,285,0.5696853830658438,0.5266940616780265,0.8271446069004043
cluster,graph+center0,3VN0,cluster_3VN0,1,193,0.8151418377889157,0.6397604952402638,0.6442312072860656
cluster,graph+center0,3VOR,cluster_3VOR,5,182,0.5544537196772885,0.5651568506871428,0.8459314194994882
cluster,graph+center0,3VUB,cluster_3VUB,3,101,0.594130883069793,0.6236437020705775,0.8134184601149067
cluster,graph+center0,3VVV,cluster_3VVV,1,108,0.707371484333024,0.5741491867992495,0.7301451746317928
cluster,graph+center0,3VZ9,cluster_3VZ9,5,163,0.7321369137858695,0.7242345583700618,0.6870836224117175
cluster,graph+center0,3W4Q,cluster_1ES5,3,773,0.7084250385310308,0.7211462461646193,0.7259304930796481
cluster,graph+center0,3ZBD,cluster_3ZBD,1,213,0.5346475236124745,0.43593497661581065,0.8525977863624924
cluster,graph+center0,3ZIT,cluster_3ZIT,3,152,0.41257366368126597,0.4305815998884266,0.9257302521193328
cluster,graph+center0,3ZRX,cluster_3ZRX,3,221,0.5525307696289595,0.5477062886660002,0.8337821212878781
cluster,graph+center0,3ZSL,cluster_3ZSL,2,138,0.6952774196523279,0.5789742261652121,0.7337073934634315
cluster,graph+center0,3ZZP,cluster_3ZZP,2,74,0.5247972671428662,0.5364650826591923,0.8519129475665111
cluster,graph+center0,3ZZY,cluster_3ZZY,3,226,0.7153941091263479,0.6112401368132006,0.7025283058575919
cluster,graph+center0,4A02,cluster_4A02,2,166,0.48334790980183595,0.6394756725544649,0.886698754418514
cluster,graph+center0,4ACJ,cluster_4ACJ,1,167,0.7407258762432631,0.7945201952537546,0.7010304999898606
cluster,graph+center0,4AE7,cluster_4AE7,3,186,0.765738618815707,0.6991819581456243,0.6500539952092034
cluster,graph+center0,4AM1,cluster_4AM1,4,345,0.5862280394204934,0.6034918311466446,0.8103254408996686
cluster,graph+center0,4ANN,cluster_4ANN,3,176,0.5593025414121195,0.5770004363948863,0.834507363507482
cluster,graph+center0,4AVR,cluster_4AVR,1,188,0.6304407286090499,0.731969124260796,0.8049354530241651
cluster,graph+center0,4AXY,cluster_4AXY,4,54,0.6597739252122737,0.5904551349871777,0.7524185555430444
cluster,graph+center0,4B6G,cluster_4B6G,3,558,0.7379847398972091,0.74607884350324,0.6947360274441599
cluster,graph+center0,4B9G,cluster_4B9G,5,292,0.7967242244044138,0.7887589921614507,0.6282253542795254
cluster,graph+center0,4DD5,cluster_4DD5,1,387,0.6131105093491946,0.6640400907842225,0.797762497150431
cluster,graph+center0,4DKN,cluster_4DKN,3,423,0.7233465106635145,0.7417862006861154,0.7240447921815414
cluster,graph+center0,4DND,cluster_4DND,3,95,0.7595985022798083,0.6534037423183288,0.6662230352919586
cluster,graph+center0,4DPZ,cluster_4DPZ,1,109,0.7275379145197971,0.6572636603126116,0.6970079547888588
cluster,graph+center0,4DQ7,cluster_4DQ7,3,328,0.7090587834073891,0.7335043191099455,0.7152098062779034
cluster,graph+center0,4DT4,cluster_4DT4,4,160,0.714860983937911,0.7176979172132133,0.7550139587487366
cluster,graph+center0,4EK3,cluster_4EK3,3,287,0.6739598398708397,0.6923994259334291,0.7457000303007162
cluster,graph+center0,4ERY,cluster_4ERY,2,318,0.7056004367241252,0.761561863578737,0.7285591213150835
cluster,graph+center0,4ES1,cluster_4ES1,1,95,0.6967234404390352,0.6781871058506707,0.7533010322914792
cluster,graph+center0,4EUG,cluster_4EUG,1,225,0.5923847631766666,0.6406448194107428,0.806294714152336
cluster,graph+center0,4F01,cluster_4F01,3,448,0.3669471290290341,0.537752005847275,0.9750792929181628
cluster,graph+center0,4F3J,cluster_4F3J,3,143,0.5896491522955862,0.5311577266946379,0.8139432607048077
cluster,graph+center0,4FR9,cluster_4FR9,2,141,0.6144624140973528,0.6272197202140961,0.7939514367297495
cluster,graph+center0,4G14,cluster_4G14,1,15,0.5938658352854749,0.5678571428571427,0.8749835422972614
cluster,graph+center0,4G2E,cluster_4G2E,4,151,0.7357018745622089,0.7900096811737635,0.682724814197659
cluster,graph+center0,4G5X,cluster_4G5X,1,550,0.7439537914349952,0.743681208001427,0.6845528390204462
cluster,graph+center0,4G6C,cluster_4G6C,3,658,0.5853657414017172,0.5577742776109048,0.8176299554865749
cluster,graph+center0,4G7X,cluster_4G7X,3,194,0.6061648881167256,0.5648340622059941,0.8118456577809914
cluster,graph+center0,4GA2,cluster_4GA2,5,144,0.5215481091382184,0.5370128487015827,0.8545442772601457
cluster,graph+center0,4GMQ,cluster_4GMQ,5,92,0.6017617478325815,0.5856695898771636,0.8005992943852677
cluster,graph+center0,4GS3,cluster_4GS3,3,90,0.47032814187541877,0.6545580264485428,0.9481504551920733
cluster,graph+center0,4H4J,cluster_4H4J,4,236,0.801086488942259,0.8270750072660797,0.6273462518861948
cluster,graph+center0,4H89,cluster_4H89,4,168,0.6288208347461943,0.5924646895119657,0.779445346556212
cluster,graph+center0,4HDE,cluster_4HDE,5,168,0.7456572826544096,0.7960735656682897,0.6884449113721375
cluster,graph+center0,4HJP,cluster_4HJP,4,281,0.6738368335418572,0.7801859301469871,0.7482702839859431
cluster,graph+center0,4HWM,cluster_4HWM,4,117,0.6119190605059467,0.5880395932937432,0.8003191020374579
cluster,graph+center0,4IL7,cluster_4IL7,2,85,0.37120944504736625,0.30110710483267494,0.9503334576624545
cluster,graph+center0,4J11,cluster_4J11,5,357,0.6191624648479606,0.5056985036946928,0.7942403190723468
cluster,graph+center0,4J5O,cluster_4J5O,2,220,0.7311686344425958,0.6362772414141538,0.690927292807881
cluster,graph+center0,4J5Q,cluster_2FG1,1,146,0.73254221709157,0.7660914665068893,0.6978889388240813
cluster,graph+center0,4J78,cluster_4J78,3,305,0.6192885349296522,0.7529266543753291,0.7880716470051988
cluster,graph+center0,4JG2,cluster_4JG2,2,185,0.7777879983130025,0.8079611344766002,0.6672463708021495
cluster,graph+center0,4JVU,cluster_4JVU,4,207,0.7201554405721347,0.8031361407135325,0.7041768437648884
cluster,graph+center0,4JYP,cluster_4JYP,2,534,0.6437379514046961,0.6984442997217214,0.7693235808388279
cluster,graph+center0,4KEF,cluster_4KEF,3,133,0.4925308847695446,0.437639719411796,0.8839994875629416
cluster,graph+center0,5CYT,cluster_1CCR,5,103,0.35469790294203796,0.3098584588455088,0.9370734664894468
cluster,graph+center0,6RXN,cluster_6RXN,1,45,0.5637737455747139,0.5612648221343873,0.8568544096402589
cluster,graph,1ABA,cluster_1ABA,4,87,0.6587807042504628,0.7235704196773762,0.7569231297049782
cluster,graph,1AHO,cluster_1AHO,3,64,0.6281397855071065,0.7176822079477518,0.7813337989542829
cluster,graph,1AIE,cluster_1AIE,4,31,0.6091341054647432,0.455241935483871,0.8051546317409458
cluster,graph,1AKG,cluster_1AKG,2,16,0.5533470758648373,0.7373070428758384,0.8418444387188077
cluster,graph,1ATG,cluster_1ATG,5,231,0.5299000131333383,0.5719567883050538,0.8551170514444147
cluster,graph,1BGF,cluster_1BGF,2,124,0.6087041874657285,0.4442126034702595,0.7946808055776475
cluster,graph,1BX7,cluster_1BX7,2,51,0.5686895956732951,0.3239819004524887,0.8725312124086935
cluster,graph,1BYI,cluster_1BYI,5,224,0.5325765440874168,0.6109037834937947,0.8521530169967381
cluster,graph,1CCR,cluster_1CCR,5,111,0.5259605427945917,0.5359445581313788,0.8533681904403847
cluster,graph,1CYO,cluster_1CYO,2,88,0.6633750844492162,0.5881596676967145,0.7535510190637057
cluster,graph,1DF4,cluster_1DF4,5,57,0.8995518656871379,0.8113170858179933,0.5777423886284959
cluster,graph,1E5K,cluster_1E5K,3,188,0.759011319439223,0.7536357389261842,0.6617033751021854
cluster,graph,1ES5,cluster_1ES5,3,260,0.6505852516313487,0.7151670656488526,0.7662115975775258
cluster,graph,1ETL,cluster_1ETL,3,12,0.7275755749604701,0.662643032056474,0.7574506828048585
cluster,graph,1ETM,cluster_1ETM,1,12,0.7040368579818728,0.6136028416695178,0.7906586842967465
cluster,graph,1ETN,cluster_1ETN,4,12,-0.14022639226776643,0.09608826434822593,1.2644015054892352
cluster,graph,1EW4,cluster_1EW4,2,106,0.6043119223359035,0.6472811000855971,0.797502112304058
cluster,graph,1F8R,cluster_1F8R,3,1932,0.7531322423503539,0.735166050643591,0.6892652045994792
cluster,graph,1FF4,cluster_1FF4,4,65,0.6023580197638341,0.5852336673608467,0.7990592324162913
cluster,graph,1FK5,cluster_1FK5,2,93,0.5665130171116999,0.5271835425661605,0.8279616927658745
cluster,graph,1GCO,cluster_1GCO,4,1044,0.6455074224490082,0.6298246593365628,0.7725501724923322
cluster,graph,1GK7,cluster_1GK7,3,39,0.8181048223415033,0.6361657986789881,0.627441395165498
cluster,graph,1GVD,cluster_1GVD,3,52,0.7284854622737157,0.6364005038695385,0.6997929515877063
cluster,graph,1GXU,cluster_1GXU,1,88,0.6187485199175264,0.6153968079788346,0.7972195916049463
cluster,graph,1H6V,cluster_1H6V,2,2927,0.4681955579444124,0.5476988793267272,0.904883642661564
cluster,graph,1HJE,cluster_1HJE,4,13,0.7080398858169139,0.6758241758241759,0.7955675298587499
cluster,graph,1I71,cluster_1I71,3,83,0.5616383962891661,0.5651208803094878,0.8286952798310582
cluster,graph,1IDP,cluster_1IDP,2,441,0.7278381817702981,0.8453037709700895,0.6909915193109478
cluster,graph,1IFR,cluster_1IFR,3,113,0.6524797716511943,0.710878596713333,0.7797279781900236
cluster,graph,1K8U,cluster_1K8U,2,89,0.511612627057434,0.3849948288885265,0.8694451233196234
cluster,graph,1KMM,cluster_1KMM,4,1499,0.7101976317947789,0.7365911781162907,0.7114138898381941
cluster,graph,1KNG,cluster_1KNG,1,144,0.5322857073662371,0.4945432112251943,0.8525359201353468
cluster,graph,1KR4,cluster_1KR4,3,110,0.5978906248723147,0.5477386255527755,0.8031084310496135
cluster,graph,1KYC,cluster_1KYC,5,15,0.7710557724199121,0.7392857142857142,0.7123134843164028
cluster,graph,1LR7,cluster_1LR7,1,73,0.6109415027456224,0.6738297068393307,0.8153538976884308
cluster,graph,1MF7,cluster_1MF7,2,194,0.6752136686839572,0.7544827558012653,0.7620367001435772
cluster,graph,1N7E,cluster_1N7E,5,95,0.547084247596487,0.6439247332878645,0.8372278450754442
cluster,graph,1NKD,cluster_1NKD,1,59,0.7202565442599466,0.7470921749858735,0.7779807051570485
cluster,graph,1NKO,cluster_1NKO,1,122,0.4961521745611775,0.7050659493959585,0.8933982371797813
cluster,graph,1NLS,cluster_1NLS,5,237,0.5161822209313462,0.739172813356136,0.8680557640393348
cluster,graph,1NNX,cluster_1NNX,2,93,0.7538130292967282,0.8061353904897576,0.6685043227053423
cluster,graph,1NOA,cluster_1NOA,4,113,0.5895485623158448,0.5387900741079965,0.8093572950439901
cluster,graph,1NOT,cluster_1NOT,3,13,0.5424154176340413,0.510989010989011,0.8530986196373359
cluster,graph,1O06,cluster_1O06,1,20,0.9018586795339673,0.6932330827067669,0.45747943765428944
cluster,graph,1O08,cluster_1O08,5,221,0.3466430296784711,0.6167231592029256,0.9647352935341166
cluster,graph,1OB4,cluster_1OB4,1,16,0.5687863170621659,0.4088235294117647,0.8427058484843105
cluster,graph,1OB7,cluster_1OB7,4,16,0.5573491270775246,0.7078736279905753,0.8393389958867182
cluster,graph,1OPD,cluster_1OPD,2,85,0.3848090232544455,0.43073300143665066,0.9363053125378795
cluster,graph,1P9I,cluster_1P9I,2,29,0.6376391758084853,0.45073891625615753,0.7826252559554396
cluster,graph,1PEF,cluster_1PEF,5,18,0.8403251230375127,0.8555211558307534,0.5898765539559973
cluster,graph,1PEN,cluster_1PEN,5,16,0.5652150822776174,0.4959530408166817,0.8343855153047035
cluster,graph,1PMY,cluster_1PMY,4,123,0.6880755586480181,0.5903128446347148,0.749790269079071
cluster,graph,1PZ4,cluster_1PZ4,2,113,0.6877654706496102,0.7011725370136689,0.7353077820877585
cluster,graph,1Q9B,cluster_1Q9B,2,43,0.7119338383126663,0.7432799758381154,0.7310724648334553
cluster,graph,1QAU,cluster_1QAU,3,112,0.6453099655858074,0.6224210650647936,0.7700698758046031
cluster,graph,1QKI,cluster_1QKI,1,3912,0.47093985928886134,0.5404990793988833,0.9724486138487736
cluster,graph,1QTO,cluster_1QTO,2,122,0.6000465514661858,0.6037142290694518,0.802055790588429
cluster,graph,1R29,cluster_1R29,5,122,0.6224919432900954,0.567377737996385,0.7865680866186108
cluster,graph,1R7J,cluster_1R7J,1,90,0.7757149772232893,0.5979272820875662,0.6582049539810092
cluster,graph,1RJU,cluster_1RJU,4,36,0.35118619667732803,0.16370656370656372,0.9484875457863797
cluster,graph,1RRO,cluster_1RRO,5,108,0.2942400536419903,0.209772421531764,0.971412769667144
cluster,graph,1SAU,cluster_1SAU,1,114,0.61731040875579,0.6239327664300864,0.8021589445868095
cluster,graph,1TGR,cluster_1TGR,1,104,0.7063806352644375,0.650666680912868,0.7231660099135437
cluster,graph,1TZV,cluster_1TZV,4,141,0.8158683796141559,0.7601152883545418,0.608793429623334
cluster,graph,1U06,cluster_1U06,2,55,0.49544915885300467,0.27843215069736393,0.8783074470781205
cluster,graph,1U7I,cluster_1U7I,3,267,0.7401643238503155,0.7691938996429671,0.6853685004564363
cluster,graph,1U9C,cluster_1U9C,1,221,0.5708395943787524,0.40902693160391684,0.8310467565441915
cluster,graph,1UHA,cluster_1UHA,1,82,0.6763180650773132,0.6921603414824583,0.7402795093019634
cluster,graph,1UKU,cluster_1KR4,3,102,0.687220195596644,0.5120327961631194,0.7333383446844051
cluster,graph,1ULR,cluster_1ULR,4,87,0.5678024511706808,0.6110111223568165,0.8439800907766416
cluster,graph,1UOY,cluster_1UOY,5,64,0.688395422056673,0.6271362996782176,0.747611714668095
cluster,graph,1USE,cluster_1USE,3,40,0.08663511370189142,-0.276923076923077,1.1308231736506351
cluster,graph,1USM,cluster_1USM,5,77,0.8199641775861755,0.7327851936721289,0.6019695560483339
cluster,graph,1UTG,cluster_1UTG,4,70,0.6058465753040199,0.5149550779225824,0.8073870654681424
cluster,graph,1V05,cluster_1V05,4,96,0.588003693215819,0.5526390754588135,0.8229006652235125
cluster,graph,1V70,cluster_1V70,4,105,0.5395454844919786,0.6207675880991856,0.8479383582266509
cluster,graph,1VRZ,cluster_1VRZ,3,21,0.6929695647857876,0.745939078846917,0.7674911250994261
cluster,graph,1W2L,cluster_1W2L,4,97,0.598270560389791,0.44428153457681413,0.8047919638276612
cluster,graph,1WBE,cluster_1WBE,3,204,0.5447210912029612,0.599622164389709,0.8401485740600854
cluster,graph,1WHI,cluster_1WHI,1,122,0.5198948881787259,0.6207543771828294,0.8614099783818245
cluster,graph,1WLY,cluster_1WLY,5,322,0.6778044438708097,0.7044966694869513,0.7422278619845013
cluster,graph,1WPA,cluster_1WPA,2,107,0.5866812594387233,0.38180094882450843,0.8147973214718764
cluster,graph,1X3O,cluster_1X3O,3,80,0.5134714149583287,0.5532029606456963,0.8627536450568644
cluster,graph,1XY1,cluster_1XY1,3,16,0.6797799413945662,0.5814789241741379,1.1390163480597446
cluster,graph,1XY2,cluster_1XY2,3,8,0.6927191584734002,0.37581969985087577,0.8418696967424755
cluster,graph,1Y6X,cluster_1Y6X,5,87,0.5091232794643199,0.5268942138195952,0.8671038059202081
cluster,graph,1YJO,cluster_1YJO,5,6,0.37858499144184016,0.2571428571428572,1.0609770257632265
cluster,graph,1YZM,cluster_1YZM,5,46,0.697536002976659,0.624460344101198,0.8103446828071338
cluster,graph,1Z21,cluster_1Z21,3,96,0.6255193898757906,0.6241110700716717,0.7817203914472493
cluster,graph,1ZCE,cluster_1ZCE,2,146,0.7379050276909204,0.7872132032911199,0.703209015145838
cluster,graph,1ZVA,cluster_1ZVA,1,75,0.5326891164315208,0.5471861850215124,0.8484852356548416
cluster,graph,2A50,cluster_2A50,4,457,0.5443145246318541,0.5950784866836837,0.8558966841248715
cluster,graph,2AGK,cluster_2AGK,2,233,0.6816926216136817,0.7119501825550103,0.7388939716799475
cluster,graph,2AH1,cluster_2AH1,5,939,0.5181517425545301,0.525199208225695,0.8698115650511486
cluster,graph,2B0A,cluster_2B0A,4,186,0.6187907687631213,0.6509029401196479,0.7914190281715484
cluster,graph,2BCM,cluster_2BCM,4,413,0.5700442629071598,0.5142049478528904,0.8230119965357023
cluster,graph,2BF9,cluster_2BF9,5,36,0.6290669196406853,0.4376085986280312,0.7927234972562927
cluster,graph,2BRF,cluster_2BRF,4,100,0.7460888924468486,0.684879144007447,0.7035297134312185
cluster,graph,2C71,cluster_2C71,5,205,0.6395823925647645,0.6793246021482282,0.8026264380974595
cluster,graph,2CE0,cluster_2CE0,2,99,0.5970044417558985,0.588782070250765,0.8038822366731406
cluster,graph,2CG7,cluster_2CG7,5,90,0.48787023270185886,0.4762186992117379,0.8778100109350093
cluster,graph,2COV,cluster_2COV,3,534,0.7864249360871786,0.7276865292654362,0.634851322645315
cluster,graph,2CWS,cluster_2CWS,4,227,0.6731780713897385,0.7176738747799671,0.7523746469846694
cluster,graph,2D5W,cluster_2D5W,5,1214,0.6902909888999992,0.6597360684639458,0.7326396506227293
cluster,graph,2DKO,cluster_2DKO,2,253,0.7951113117769915,0.6829724018988103,0.6108371714544796
cluster,graph,2DPL,cluster_2DPL,5,565,0.45278261549535215,0.5077451708185422,0.9075827366323598
cluster,graph,2DSX,cluster_2DSX,4,52,0.3418385483338296,0.21618391045198773,0.9410625467052214
cluster,graph,2E10,cluster_2E10,5,439,0.773621222523156,0.8014655501387481,0.642969546759855
cluster,graph,2E3H,cluster_2E3H,4,81,0.6839164648465321,0.6864618272398837,0.733544239020717
cluster,graph,2EAQ,cluster_2EAQ,4,89,0.6881661335708371,0.45673889268567297,0.7418186672787335
cluster,graph,2EHP,cluster_2EHP,3,248,0.7712051351216521,0.795426557814024,0.6562711619903051
cluster,graph,2EHS,cluster_1X3O,3,75,0.6590267979629296,0.6889998435952218,0.7747460632193633
cluster,graph,2ERW,cluster_2ERW,3,53,0.3140881218544728,0.15071061412502698,0.9996610252772211
cluster,graph,2ETX,cluster_2ETX,1,389,0.5223054649230889,0.5430763425418542,0.8650390920855908
cluster,graph,2FB6,cluster_2FB6,5,116,0.7725587225751906,0.6804231120501383,0.6887365341912766
cluster,graph,2FG1,cluster_2FG1,1,157,0.6333644127964757,0.5673110840749268,0.7758328442844779
cluster,graph,2FN9,cluster_2FN9,2,560,0.5779347263329759,0.5620627051926659,0.8169204257799618
cluster,graph,2FQ3,cluster_2FQ3,2,85,0.6962581005979748,0.707250341997264,0.7377411993299684
cluster,graph,2G69,cluster_2G69,1,99,0.5982677609769315,0.6235845614501526,0.8307430420532683
cluster,graph,2G7O,cluster_2G7O,2,68,0.7498507676018694,0.4367967484766538,0.7079159634072762
cluster,graph,2G7S,cluster_2G7S,1,190,0.6129328599646138,0.5738427482217481,0.804212106350005
cluster,graph,2GKG,cluster_2GKG,5,122,0.6938705954922402,0.533463311573224,0.7448451841858987
cluster,graph,2GOM,cluster_2GOM,4,121,0.5939608673734985,0.449590583868102,0.8123848537252625
cluster,graph,2GXG,cluster_2GXG,1,140,0.7202729733776276,0.6885185319019559,0.7129351518205463
cluster,graph,2GZQ,cluster_2GZQ,5,191,0.4321872232697777,0.3653570570492593,0.9199009349673984
cluster,graph,2HQK,cluster_2HQK,1,213,0.7893515526866791,0.7325628505162305,0.675991477194509
cluster,graph,2HYK,cluster_2HYK,1,237,0.606280415623356,0.5815143376038908,0.7980290163070699
cluster,graph,2I24,cluster_2I24,4,113,0.4982319636267989,0.4498706636239012,0.8698302405304799
cluster,graph,2I49,cluster_2I49,3,398,0.6704725386195027,0.6688691908152098,0.7531079243709164
cluster,graph,2IBL,cluster_2IBL,2,108,0.6358123436548565,0.6614538552329987,0.8821888529940314
cluster,graph,2IGD,cluster_2IGD,1,61,0.5087494165914307,0.5175176500394518,0.8690405668357026
cluster,graph,2IMF,cluster_2IMF,3,203,0.6303205439222772,0.6383366500587434,0.7774947619073435
cluster,graph,2IP6,cluster_2IP6,5,87,0.6155238099349665,0.3943718447080009,0.7965487195080065
cluster,graph,2IVY,cluster_2IVY,3,88,0.5049247607678293,0.4437468354817476,0.8718503335968468
cluster,graph,2J32,cluster_2J32,4,244,0.8195896832335465,0.7047141769623557,0.5867419131577827
cluster,graph,2J9W,cluster_2J9W,1,200,0.6839662433279952,0.66873998250968,0.7407783790897973
cluster,graph,2JKU,cluster_2JKU,1,35,0.6146847030571743,0.2916170607333424,0.8887250627547005
cluster,graph,2JLI,cluster_2JLI,4,100,0.6162122342000482,0.5223932096935746,0.7905078554754661
cluster,graph,2JLJ,cluster_2JLI,4,115,0.7465671192155889,0.6197473728824343,0.68025688647695
cluster,graph,2MCM,cluster_1NOA,4,112,0.7659454217545107,0.7230032310636578,0.6978323024030497
cluster,graph,2NLS,cluster_2NLS,2,36,0.48619665804859663,0.4,0.8790888943629994
cluster,graph,2NR7,cluster_2NR7,4,194,0.8158784511903986,0.7331970806917172,0.6186094346347116
cluster,graph,2NUH,cluster_1KR4,3,104,0.6988133237939848,0.5797276176078604,0.7294801004729465
cluster,graph,2O6X,cluster_2O6X,2,306,0.7840620417612922,0.7936421613914829,0.6315800596875458
cluster,graph,2OA2,cluster_2OA2,4,132,0.46958485891989155,0.3794369677521419,0.8904364214484868
cluster,graph,2OCT,cluster_2OCT,4,192,0.531815196232573,0.5382165416265577,0.8683450700139125
cluster,graph,2OHW,cluster_2OHW,4,256,0.5931931694502057,0.666131167408772,0.8153560256465529
cluster,graph,2OKT,cluster_2OKT,5,342,0.3816166673762928,0.37995122005786497,0.9555712596078012
cluster,graph,2OL9,cluster_2OL9,1,6,0.8468996240880982,0.7142857142857143,0.5651742198354373
cluster,graph,2OLX,cluster_2OLX,3,4,0.9016883406460887,0.7999999999999999,0.8291310179464003
cluster,graph,2PKT,cluster_2PKT,1,91,-0.023375745791546207,0.025387117726363283,1.1292556876838775
cluster,graph,2PLT,cluster_2PLT,2,98,0.47126886901079657,0.5264013567382311,0.893716640122068
cluster,graph,2PMR,cluster_2PMR,4,76,0.6354484756598358,0.724466499951496,0.7885814313354352
cluster,graph,2POF,cluster_2POF,4,440,0.6687478322237198,0.6996126985014676,0.7456149245946573
cluster,graph,2PPN,cluster_2PPN,5,107,0.6140445764328397,0.7296510918128051,0.8040862278354797
cluster,graph,2PSF,cluster_2PSF,4,608,0.48361945903077275,0.46614494421039787,0.8853566105498539
cluster,graph,2PTH,cluster_2PTH,3,193,0.7275758759501021,0.7925794889405567,0.7025215243653187
cluster,graph,2Q4N,cluster_2Q4N,2,153,0.6803582326518155,0.5814535375709657,0.7396811829500197
cluster,graph,2Q52,cluster_1WBE,3,412,0.7473458914648736,0.7380677315178651,0.6845154998797599
cluster,graph,2QJL,cluster_2QJL,5,99,0.6124828852881804,0.665996679307569,0.8069276700706011
cluster,graph,2R16,cluster_2R16,1,175,0.5491464907670964,0.42953683631404865,0.8486480510738842
cluster,graph,2R6Q,cluster_2R6Q,3,138,0.5535780935855011,0.422036320805542,0.8414604219807101
cluster,graph,2RB8,cluster_2RB8,4,93,0.6201600460677026,0.5186453450020444,0.7875724261701501
cluster,graph,2RE2,cluster_2RE2,2,238,0.6648238459977955,0.45495646265719014,0.7482456172069618
cluster,graph,2RFR,cluster_2RFR,2,154,0.6676569520774552,0.4481285944741865,0.745216363720952
cluster,graph,2V9V,cluster_2V9V,1,135,0.5313485132683362,0.44631747366439156,0.8490551972341385
cluster,graph,2VE8,cluster_2VE8,1,515,0.7059373493774717,0.6142697524366529,0.7165716208104891
cluster,graph,2VH7,cluster_2VH7,5,94,0.7398174486236899,0.7189405544560725,0.6949444340157668
cluster,graph,2VIM,cluster_2VIM,5,104,0.37281708622056187,0.37929130606309674,0.9401804331569551
cluster,graph,2VPA,cluster_2VPA,2,204,0.7543192448041409,0.7640275129648068,0.7582262350373371
cluster,graph,2VQ4,cluster_2VQ4,4,106,0.7017750939136227,0.7810076106576053,0.7147586494344675
cluster,graph,2VY8,cluster_2VY8,5,149,0.7444609612716925,0.7422774662050879,0.6763598118504864
cluster,graph,2VYO,cluster_2C71,5,206,0.6772467836515899,0.7155757075388306,0.746340625707383
cluster,graph,2W1V,cluster_2W1V,5,548,0.6963455709877263,0.7577434142625699,0.7291220026306511
cluster,graph,2W2A,cluster_2W2A,3,350,0.6264284379012717,0.6870868151578783,0.779931480039063
cluster,graph,2W6A,cluster_2W6A,3,117,0.7904760158741738,0.5089852554099527,0.6312014375142361
cluster,graph,2WJ5,cluster_2WJ5,2,96,0.5282889698903408,0.5557492353816362,0.8909036852611997
cluster,graph,2WUJ,cluster_2WUJ,1,100,0.5061991161675657,0.2604216046947857,0.864252993741704
cluster,graph,2WW7,cluster_2WW7,3,150,0.4669964857496603,0.522256416873723,0.9582672416402597
cluster,graph,2WWE,cluster_2WWE,4,111,0.5516711287212676,0.5122941111141023,0.8346299365184152
cluster,graph,2X1Q,cluster_2X1Q,5,240,0.4540537588237977,0.37711420530733236,0.9084470301643401
cluster,graph,2X25,cluster_2X25,2,168,0.6493022954737948,0.7078007660051023,0.7762358949300396
cluster,graph,2X3M,cluster_2X3M,3,166,0.7167107326912797,0.6022458291977971,0.7326214774209472
cluster,graph,2X5Y,cluster_2X5Y,4,171,0.715865697331942,0.6910516081651297,0.7185705895778062
cluster,graph,2X9Z,cluster_2X9Z,5,262,0.5796025546382393,0.6032416826179947,0.8156176300053782
cluster,graph,2XHF,cluster_2XHF,5,310,0.6004602680026553,0.6382612807849617,0.7999550410279374
cluster,graph,2Y0T,cluster_2Y0T,3,101,0.7794970082332884,0.736141971596746,0.6492072009776142
cluster,graph,2Y72,cluster_2Y72,5,170,0.7476457488787772,0.7078613743102287,0.6895029465140041
cluster,graph,2Y7L,cluster_2Y7L,4,319,0.7117162890139215,0.6661553504339243,0.7121407472408576
cluster,graph,2Y9F,cluster_2Y9F,4,149,0.7747619764587255,0.8535707613264125,0.6354438386003266
cluster,graph,2YLB,cluster_2YLB,2,400,0.7517592272334337,0.7936669426096007,0.6612889318279175
cluster,graph,2YNY,cluster_2YNY,1,315,0.7058737585771934,0.6604179558515206,0.7270802016986772
cluster,graph,2ZCM,cluster_2ZCM,1,357,0.44704705780595066,0.37239016079331333,0.8958933966341196
cluster,graph,2ZU1,cluster_2ZU1,2,360,0.7013761024264749,0.7524803559811203,0.7146812431455606
cluster,graph,3A0M,cluster_3A0M,1,148,0.6538543821193645,0.5055055907551529,0.7870767497104196
cluster,graph,3A7L,cluster_3A7L,4,128,0.704026251294918,0.5899959657140693,0.7305703228813095
cluster,graph,3AMC,cluster_3AMC,2,614,0.7125417403092765,0.7561465111658394,0.7321268600059282
cluster,graph,3AUB,cluster_3AUB,1,116,0.5914601746468747,0.6460188219645363,0.8099233610281898
cluster,graph,3B5O,cluster_3B5O,1,230,0.6162529403906848,0.6154264949969303,0.7883049164860221
cluster,graph,3BA1,cluster_3BA1,4,312,0.6502573122026286,0.5648511287646576,0.7608549124157343
cluster,graph,3BED,cluster_3BED,1,261,0.7966009009437747,0.8139793207149748,0.6270619746102516
cluster,graph,3BQX,cluster_3BQX,4,139,0.46648924324295266,0.47608748836828535,0.9111065944278628
cluster,graph,3BZQ,cluster_3BZQ,3,99,0.5397938619357416,0.5167193365549434,0.8452622032416173
cluster,graph,3BZZ,cluster_3BZZ,5,100,0.43542214151331543,0.4062911613201178,0.924334079941271
cluster,graph,3DRF,cluster_3DRF,4,547,0.5258809403938552,0.5309291271310107,0.8513978164649453
cluster,graph,3DWV,cluster_3DWV,2,325,0.6064535421795968,0.6879238394829769,0.8027758063971516
cluster,graph,3E5T,cluster_2HQK,1,228,0.4998412058595814,0.40097866349809597,0.8726522559321381
cluster,graph,3E7R,cluster_3E7R,4,40,0.6577951673945706,0.7630529699807578,0.8256611822511903
cluster,graph,3EUR,cluster_3EUR,3,140,0.4029176981388079,0.37507626168786146,0.9293715748761301
cluster,graph,3F2Z,cluster_3F2Z,3,149,0.7864068268937376,0.7431682592078376,0.6387892029443338
cluster,graph,3F7E,cluster_3F7E,3,254,0.7471035274166893,0.7996609446663624,0.6753279461523617
cluster,graph,3FCN,cluster_3FCN,1,158,0.6345541869056521,0.5479726296796248,0.7755903327053348
cluster,graph,3FE7,cluster_3FE7,3,91,0.46853821624756165,0.5090122911530238,0.8852677020791515
cluster,graph,3FKE,cluster_3FKE,5,250,0.5308360865446451,0.5164099534514647,0.8580954052116515
cluster,graph,3FMY,cluster_3FMY,2,66,0.6227505465308453,0.6310328992690889,0.7851461503650781
cluster,graph,3FOD,cluster_3FOD,1,48,0.4049265340645809,0.45019812257603925,1.06974408367086
cluster,graph,3FSO,cluster_3FSO,2,221,0.808608465791884,0.5891775546456451,0.6029416472824317
cluster,graph,3FTD,cluster_3FTD,1,240,0.6991864694554409,0.6675373445320352,0.729389962020141
cluster,graph,3FVA,cluster_3FVA,1,6,0.7933832440127737,0.7775419143502353,0.7248714886606802
cluster,graph,3G1S,cluster_3G1S,1,418,0.6284120158614527,0.694496334660235,0.7848860267997734
cluster,graph,3GBW,cluster_3GBW,4,161,0.7543267699431715,0.8376058299549686,0.6796379219893114
cluster,graph,3GHJ,cluster_3GHJ,5,116,0.5600576686102959,0.5199804712315792,0.8314071512227443
cluster,graph,3HFO,cluster_3HFO,4,197,0.643772078957014,0.6669191163543213,0.7713912970904444
cluster,graph,3HHP,cluster_3HHP,5,1234,0.7491647877811412,0.7906917631058843,0.6716168978687368
cluster,graph,3HNY,cluster_3HNY,5,156,0.7108232763512238,0.7261764208927719,0.7077571429288447
cluster,graph,3HP4,cluster_3HP4,4,183,0.5402402609225335,0.4713083757136959,0.8470479253538523
cluster,graph,3HWU,cluster_3HWU,2,144,0.7468466631555859,0.7362380874271887,0.6673201731657251
cluster,graph,3HYD,cluster_3HYD,5,7,0.7937053744671173,0.5714285714285715,0.7976967334246718
cluster,graph,3HZ8,cluster_3HZ8,2,192,0.4794208240187162,0.44146124877429116,0.8918868256999054
cluster,graph,3I2V,cluster_3I2V,3,124,0.418884469177459,0.43086030440069484,0.9391495422431481
cluster,graph,3I2Z,cluster_3I2Z,5,138,0.5748787517564518,0.5868788193339003,0.8232809429166644
cluster,graph,3I4O,cluster_3I4O,1,135,0.7436104449749104,0.7145377856651328,0.6705566159380245
cluster,graph,3I7M,cluster_3I7M,2,134,0.6322617584097688,0.5598806950443342,0.776777452739543
cluster,graph,3IHS,cluster_1OPD,2,169,0.5907082944694071,0.5108588839346013,0.8124417793146484
cluster,graph,3IVV,cluster_3IVV,4,149,0.7780146938194391,0.7578163758586218,0.6378152314966148
cluster,graph,3K6Y,cluster_3K6Y,2,227,0.619612965118043,0.6171880269927233,0.7878825010544264
cluster,graph,3KBE,cluster_3KBE,5,140,0.6800708956969319,0.6616627342387301,0.7331817981042626
cluster,graph,3KGK,cluster_3KGK,2,190,0.7749392887284561,0.7612324620451512,0.6403126400249526
cluster,graph,3KZD,cluster_3KZD,3,85,0.6374610707587242,0.6352150251417562,0.7738441575098531
cluster,graph,3L41,cluster_2ETX,1,220,0.670114554778868,0.6651378848203464,0.7454129455192109
cluster,graph,3LAA,cluster_3LAA,3,169,0.6117823663676267,0.5242876793326587,0.8644460245680565
cluster,graph,3LAX,cluster_3LAX,3,106,0.7481933842653896,0.7190874808438775,0.6805494669960426
cluster,graph,3LG3,cluster_3LG3,4,833,0.6309843808163706,0.6234871742042453,0.8067474697894459
cluster,graph,3LJI,cluster_3LJI,5,272,0.5958686358256373,0.532292870027331,0.8044094792546178
cluster,graph,3M3P,cluster_3M3P,1,249,0.6348329468810864,0.6492819177273842,0.7726629278792015
cluster,graph,3M8J,cluster_3M8J,1,178,0.6860973230306413,0.7280043152619329,0.7308071619302886
cluster,graph,3M9J,cluster_3M9J,3,210,0.49458838191320426,0.5086124792563669,0.8725410061987015
cluster,graph,3M9Q,cluster_3M9Q,2,176,0.4696376020391371,0.5132372469040334,0.9319095622732261
cluster,graph,3MAB,cluster_1OPD,2,173,0.6407768451706112,0.5746712178908263,0.7682288551045239
cluster,graph,3MD4,cluster_3MD4,2,12,0.817287787148864,0.7915949092223313,0.6740955864945567
cluster,graph,3MD5,cluster_3MD5,5,12,0.5755456287585028,0.5874125874125874,1.1185296308456385
cluster,graph,3MEA,cluster_3MEA,2,166,0.6573322980628542,0.7234839640740641,0.7726558085149989
cluster,graph,3MGN,cluster_3MGN,2,348,0.1521097117372684,0.19834344347817473,1.1895975267690242
cluster,graph,3MRE,cluster_3MRE,5,383,0.6660234939303856,0.7303749640852761,0.7591782350220817
cluster,graph,3N11,cluster_3N11,1,325,0.5469389524604082,0.6075144530992722,0.8436212748184867
cluster,graph,3NE0,cluster_3NE0,1,208,0.688137545275491,0.7009966888672762,0.7315637799394148
cluster,graph,3NGG,cluster_3NGG,1,94,0.7320764254472097,0.6197349979210103,0.7117714488973728
cluster,graph,3NPV,cluster_3NPV,5,495,0.6008098883926046,0.5696713045608258,0.8057837579336734
cluster,graph,3NVG,cluster_3NVG,2,6,0.6559645489008593,0.5428571428571429,0.8270463299201747
cluster,graph,3NZL,cluster_3NZL,5,73,0.5727172795439031,0.5843676006081084,0.8200027627684738
cluster,graph,3O0P,cluster_3O0P,5,194,0.7218046899044307,0.7223256307183138,0.6924474208904962
cluster,graph,3O5P,cluster_3O5P,5,128,0.6999155010953129,0.6492711659551633,0.7176223176345377
cluster,graph,3OBQ,cluster_3OBQ,2,150,0.6470409070886035,0.4023240268017231,0.7657608580971516
cluster,graph,3OQY,cluster_3OQY,3,234,0.6382575560214565,0.5845045227349758,0.7852699243966021
cluster,graph,3P6J,cluster_3P6J,3,125,0.8092471511453473,0.7795378159152738,0.6112900886451315
cluster,graph,3PD7,cluster_3PD7,5,188,0.6870227310660804,0.7377376116741176,0.729419035571415
cluster,graph,3PES,cluster_3PES,3,165,0.6128684655343157,0.5683143758083838,0.8055271357652778
cluster,graph,3PID,cluster_3PID,4,387,0.5381859758844304,0.49429971974874565,0.8526284980465599
cluster,graph,3PIW,cluster_3PIW,5,154,0.7530142882983993,0.7288497587563592,0.6823315533686689
cluster,graph,3PKV,cluster_3PKV,3,221,0.5514401543405455,0.6142314519088439,0.8351189007098803
cluster,graph,3PSM,cluster_3PSM,4,94,0.8137962757480902,0.8858344231596733,0.5967371828505548
cluster,graph,3PTL,cluster_3PTL,4,289,0.5320638884552535,0.6323224755492314,0.8814362941192764
cluster,graph,3PVE,cluster_3PVE,1,347,0.6936276975058856,0.7190323354302848,0.7322275344723239
cluster,graph,3PZ9,cluster_3PZ9,4,357,0.6947333057687263,0.6863985790603802,0.7289008730778097
cluster,graph,3PZZ,cluster_3PZZ,2,12,0.9198929393353493,0.8391608391608393,0.5603376756934904
cluster,graph,3Q2X,cluster_3Q2X,4,6,0.8868223807684009,0.6,0.5067399885162024
cluster,graph,3Q6L,cluster_3Q6L,2,131,0.5987039217364718,0.5792666815369968,0.8041449239952536
cluster,graph,3QDS,cluster_3QDS,1,284,0.7133184129277109,0.7105989155673964,0.7288580540733738
cluster,graph,3QPA,cluster_3QPA,5,197,0.4746116420883297,0.6940786415328666,0.9082054941745912
cluster,graph,3R6D,cluster_3R6D,4,221,0.6680376720575206,0.7592505092090334,0.7496717145140883
cluster,graph,3R87,cluster_3R87,5,132,0.404138918330832,0.34282017099794343,0.921089787445538
cluster,graph,3RQ9,cluster_3RQ9,1,162,0.5051152167209427,0.5833452120396715,0.9215690049422892
cluster,graph,3RY0,cluster_3RY0,1,128,0.624702967451465,0.5974921495609423,0.7872510146581451
cluster,graph,3RZY,cluster_3Q6L,2,139,0.6971458552194951,0.6058933733592528,0.7277852943141139
cluster,graph,3S0A,cluster_3S0A,2,119,0.526600854607872,0.5317834481223592,0.8549221938553857
cluster,graph,3SD2,cluster_3SD2,1,86,0.4313608891822402,0.5175673637819256,0.9134552704039676
cluster,graph,3SEB,cluster_3SEB,3,238,0.6553018750601642,0.7605757984235909,0.7631228960678504
cluster,graph,3SED,cluster_3SED,2,124,0.6670930964791865,0.6569304243352372,0.7731657725906722
cluster,graph,3SO6,cluster_3SO6,1,150,0.684259185068524,0.6777291629428707,0.7373080621244206
cluster,graph,3SR3,cluster_3SR3,5,637,0.5723302464641142,0.5823998581223087,0.8246304936944397
cluster,graph,3SUK,cluster_3SUK,2,248,0.649496940859874,0.6493846533210298,0.7695163972032477
cluster,graph,3SZH,cluster_3SZH,2,697,0.7807391343175338,0.7705442929582739,0.632489438728052
cluster,graph,3T0H,cluster_3T0H,5,208,0.7590411480032082,0.8024086287799551,0.6635228438287492
cluster,graph,3T3K,cluster_3T3K,3,122,0.7375913022788948,0.7933334546302206,0.6849687779302789
cluster,graph,3T47,cluster_3T47,4,141,0.5101248788704089,0.5019746348015863,0.8703528634273954
cluster,graph,3TDN,cluster_3TDN,3,357,0.4995281340262803,0.5089669283574992,0.870205080975344
cluster,graph,3TOW,cluster_3TOW,1,152,0.5563949360667179,0.700503702692186,0.8420480090398551
cluster,graph,3TUA,cluster_3TUA,2,210,0.6402119172236143,0.77293471886311,0.7754955139671514
cluster,graph,3TYS,cluster_3TYS,3,75,0.6997445371865509,0.6652678599523041,0.7422666583855658
cluster,graph,3U6G,cluster_3U6G,4,248,0.616060122281064,0.6008749026226686,0.7894392844245297
cluster,graph,3U97,cluster_3U97,5,77,0.7087126047726731,0.694919487408049,0.7123751018090945
cluster,graph,3UCI,cluster_3UCI,3,72,0.52769124083619,0.4976204257508522,0.8895362793496362
cluster,graph,3UR8,cluster_3UR8,4,637,0.6868372365585093,0.6505739320945404,0.7305332888030056
cluster,graph,3US6,cluster_3US6,5,148,0.6199005966905297,0.5097155126280334,0.8004650924082669
cluster,graph,3V1A,cluster_3V1A,5,48,0.405451855420913,0.4116274044451567,0.9174742388632446
cluster,graph,3V75,cluster_3V75,2,285,0.556215594165813,0.5123277530781792,0.838866191389198
cluster,graph,3VN0,cluster_3VN0,1,193,0.8259586176352178,0.6380130510833192,0.6257597219537198
cluster,graph,3VOR,cluster_3VOR,5,182,0.5300808719668918,0.5310854632028436,0.8615604683487732
cluster,graph,3VUB,cluster_3VUB,3,101,0.567994257074352,0.6282040081877552,0.8365408733028512
cluster,graph,3VVV,cluster_3VVV,1,108,0.7388386704484482,0.5677470984985643,0.6995948398691779
cluster,graph,3VZ9,cluster_3VZ9,5,163,0.7417990409753983,0.7311925836878402,0.6790725489917003
cluster,graph,3W4Q,cluster_1ES5,3,773,0.696128677924262,0.7102235054720445,0.7319825989278456
cluster,graph,3ZBD,cluster_3ZBD,1,213,0.530456602181209,0.4531432875191265,0.8537481852893807
cluster,graph,3ZIT,cluster_3ZIT,3,152,0.4044024177109549,0.4281263375196142,0.9367262680234196
cluster,graph,3ZRX,cluster_3ZRX,3,221,0.5703171194752236,0.5846754972987637,0.8216312931902097
cluster,graph,3ZSL,cluster_3ZSL,2,138,0.6966125264539088,0.5629598511264755,0.7294941636588743
cluster,graph,3ZZP,cluster_3ZZP,2,74,0.5348494693901864,0.5344213497360759,0.8465924218778421
cluster,graph,3ZZY,cluster_3ZZY,3,226,0.7234236314881731,0.6182652223201844,0.695383770188718
cluster,graph,4A02,cluster_4A02,2,166,0.5091985984056031,0.6311330258888107,0.8750264682236095
cluster,graph,4ACJ,cluster_4ACJ,1,167,0.7457167584603078,0.7959876090694714,0.691334672860897
cluster,graph,4AE7,cluster_4AE7,3,186,0.7387462918462953,0.6992798658121692,0.6797000138670011
cluster,graph,4AM1,cluster_4AM1,4,345,0.5817634542390088,0.589349371461187,0.8140281113776788
cluster,graph,4ANN,cluster_4ANN,3,176,0.5528260414427117,0.5573690382642343,0.8411910416284647
cluster,graph,4AVR,cluster_4AVR,1,188,0.6380282307583984,0.7470485079741187,0.7993097987305641
cluster,graph,4AXY,cluster_4AXY,4,54,0.6351390628604059,0.5341160330174524,0.7853597191229114
cluster,graph,4B6G,cluster_4B6G,3,558,0.7154454526349385,0.7370358139487754,0.7072444743710204
cluster,graph,4B9G,cluster_4B9G,5,292,0.7920594884946296,0.7844379375638213,0.6324243594299919
cluster,graph,4DD5,cluster_4DD5,1,387,0.6160182183458512,0.6693333737869648,0.79728203052714
cluster,graph,4DKN,cluster_4DKN,3,423,0.7139235665671855,0.6970690125494096,0.7275100409606808
cluster,graph,4DND,cluster_4DND,3,95,0.7410408488145661,0.6534737313650432,0.675796739195531
cluster,graph,4DPZ,cluster_4DPZ,1,109,0.728075139303565,0.6621196149968718,0.6970918564755804
cluster,graph,4DQ7,cluster_4DQ7,3,328,0.7200401606658622,0.7280467510765185,0.704918716283781
cluster,graph,4DT4,cluster_4DT4,4,160,0.7406627005506559,0.719452884003684,0.7273112884516677
cluster,graph,4EK3,cluster_4EK3,3,287,0.6765395588659633,0.6826043019466728,0.7441672000316029
cluster,graph,4ERY,cluster_4ERY,2,318,0.7073542752960744,0.7547002096355263,0.7246359515468331
cluster,graph,4ES1,cluster_4ES1,1,95,0.7242895852415919,0.6814136686523792,0.7318568945614645
cluster,graph,4EUG,cluster_4EUG,1,225,0.5770751802890559,0.6293547381207931,0.8167225768006519
cluster,graph,4F01,cluster_4F01,3,448,0.3139403744416143,0.49862152957614064,1.0192937701342395
cluster,graph,4F3J,cluster_4F3J,3,143,0.6034266811618025,0.5612740923755463,0.8061275845893366
cluster,graph,4FR9,cluster_4FR9,2,141,0.6182659218114545,0.6193789920942137,0.7956981006907227
cluster,graph,4G14,cluster_4G14,1,15,0.48086261100248023,0.44999999999999996,0.9205459397720426
cluster,graph,4G2E,cluster_4G2E,4,151,0.7610410689510261,0.7808165104358225,0.652824313694582
cluster,graph,4G5X,cluster_4G5X,1,550,0.7373877403551535,0.7337033561019064,0.6900021813928194
cluster,graph,4G6C,cluster_4G6C,3,658,0.5908890312615894,0.5575787244713091,0.8122205032143296
cluster,graph,4G7X,cluster_4G7X,3,194,0.6015057055657884,0.5402913162037098,0.814770845415559
cluster,graph,4GA2,cluster_4GA2,5,144,0.5145015305704083,0.5540613859918792,0.8594170665671083
cluster,graph,4GMQ,cluster_4GMQ,5,92,0.5933176168657474,0.604118181958294,0.8066652968817349
cluster,graph,4GS3,cluster_4GS3,3,90,0.4870591616565788,0.6519486185863708,0.9592587107992983
cluster,graph,4H4J,cluster_4H4J,4,236,0.8015846127192925,0.8330394334309968,0.6261217335199647
cluster,graph,4H89,cluster_4H89,4,168,0.6175688713948796,0.5741094946625116,0.7875395507486133
cluster,graph,4HDE,cluster_4HDE,5,168,0.7507906783183947,0.8018971608466847,0.6821843868476452
cluster,graph,4HJP,cluster_4HJP,4,281,0.6841313514787032,0.7821356601053417,0.7410010671003234
cluster,graph,4HWM,cluster_4HWM,4,117,0.6228374194657453,0.6029545097091871,0.7935636732355039
cluster,graph,4IL7,cluster_4IL7,2,85,0.41161884889466027,0.37688466764226103,0.930133448471172
cluster,graph,4J11,cluster_4J11,5,357,0.6361850372267598,0.5215279809911622,0.7784633867157492
cluster,graph,4J5O,cluster_4J5O,2,220,0.7401711059536565,0.6311206430559364,0.6792591982786881
cluster,graph,4J5Q,cluster_2FG1,1,146,0.7123059999745366,0.7563182046393162,0.7113860212365348
cluster,graph,4J78,cluster_4J78,3,305,0.6366047151137965,0.7555599401479944,0.7740597461326083
cluster,graph,4JG2,cluster_4JG2,2,185,0.7640934768625166,0.8052403915837381,0.6888294947957612
cluster,graph,4JVU,cluster_4JVU,4,207,0.6927119127034377,0.8022817520783148,0.7317737640241431
cluster,graph,4JYP,cluster_4JYP,2,534,0.640179656879546,0.7093772698711136,0.7711296697684763
cluster,graph,4KEF,cluster_4KEF,3,133,0.4888204502069439,0.44414093536133076,0.9002153822690309
cluster,graph,5CYT,cluster_1CCR,5,103,0.36813404803142075,0.31916091213449416,0.9327399326886765
cluster,graph,6RXN,cluster_6RXN,1,45,0.5150577324823197,0.5162055335968379,0.8742085459407035
cluster,native0,1ABA,cluster_1ABA,4,87,0.5729028825120528,0.662350207345131,0.8862083457226549
cluster,native0,1AHO,cluster_1AHO,3,64,0.5821617257779761,0.7097837658863134,0.873479745829612
cluster,native0,1AIE,cluster_1AIE,4,31,0.7089864998828292,0.4340460215992668,0.8444834775114178
cluster,native0,1AKG,cluster_1AKG,2,16,0.24163583929568444,0.4915380285838923,1.2633713480870272
cluster,native0,1ATG,cluster_1ATG,5,231,0.5280743160182618,0.5729682999698179,0.8534954260893998
cluster,native0,1BGF,cluster_1BGF,2,124,0.6511747422733085,0.47192022574315345,0.7863215962349677
cluster,native0,1BX7,cluster_1BX7,2,51,0.44473527194513596,0.1495927601809955,1.0999813197840496
cluster,native0,1BYI,cluster_1BYI,5,224,0.510037584568768,0.5980235168011844,0.8629920031356633
cluster,native0,1CCR,cluster_1CCR,5,111,0.4904078395184195,0.4858597671705875,0.8910583206643224
cluster,native0,1CYO,cluster_1CYO,2,88,0.6719101186046338,0.5365750567647563,0.81442461893821
cluster,native0,1DF4,cluster_1DF4,5,57,0.8892581043332541,0.6767894480441015,0.610003994211256
cluster,native0,1E5K,cluster_1E5K,3,188,0.7376926339519828,0.7199155867508085,0.6879725607941903
cluster,native0,1ES5,cluster_1ES5,3,260,0.6465709493116858,0.7218643019551766,0.7743222851431634
cluster,native0,1ETL,cluster_1ETL,3,12,0.6640333503163477,0.8614359416734163,1.202935116138038
cluster,native0,1ETM,cluster_1ETM,1,12,0.17494357176395345,0.2517344991464689,1.254370899384905
cluster,native0,1ETN,cluster_1ETN,4,12,-0.028118507262811326,0.15891520642206594,1.4562519547488988
cluster,native0,1EW4,cluster_1EW4,2,106,0.6106886962436362,0.6640182185033531,0.8343756528133706
cluster,native0,1F8R,cluster_1F8R,3,1932,0.7631638872713663,0.7291215688423387,0.7208082628899861
cluster,native0,1FF4,cluster_1FF4,4,65,0.6657434354864036,0.6308416831854206,0.8311294272554436
cluster,native0,1FK5,cluster_1FK5,2,93,0.521568461035373,0.48101161947917315,0.8743760583324388
cluster,native0,1GCO,cluster_1GCO,4,1044,0.6141931401118358,0.6208233226878339,0.8007198377427275
cluster,native0,1GK7,cluster_1GK7,3,39,0.8303932730710227,0.5534151959985716,0.5608610739494405
cluster,native0,1GVD,cluster_1GVD,3,52,0.6977977897680339,0.5891443086868461,0.8261706149317787
cluster,native0,1GXU,cluster_1GXU,1,88,0.5900727918590951,0.6278657127680345,0.8322967584793693
cluster,native0,1H6V,cluster_1H6V,2,2927,0.4977347038471424,0.5326257581533972,0.8893611536967877
cluster,native0,1HJE,cluster_1HJE,4,13,0.686886014182743,0.6978021978021978,1.185567180041139
cluster,native0,1I71,cluster_1I71,3,83,0.5365677853357628,0.55704997387513,0.8675899408811613
cluster,native0,1IDP,cluster_1IDP,2,441,0.6949920041490248,0.839838124775403,0.722798311003511
cluster,native0,1IFR,cluster_1IFR,3,113,0.6588068674364183,0.6984192994408798,0.7736078261939028
cluster,native0,1K8U,cluster_1K8U,2,89,0.4980530772429321,0.41705999770550406,0.9165579777492044
cluster,native0,1KMM,cluster_1KMM,4,1499,0.673223689031765,0.7058937961083459,0.7667978825732109
cluster,native0,1KNG,cluster_1KNG,1,144,0.5032465430517652,0.4856190355708907,0.8653446646062126
cluster,native0,1KR4,cluster_1KR4,3,110,0.5564478819190651,0.5161184158948988,0.8563528094521597
cluster,native0,1KYC,cluster_1KYC,5,15,0.7502100717295873,0.7631817167208805,0.9317733518724014
cluster,native0,1LR7,cluster_1LR7,1,73,0.5711324582617509,0.6501654492777115,0.9599078614080894
cluster,native0,1MF7,cluster_1MF7,2,194,0.6470396067193009,0.7464251155268814,0.7728030462366925
cluster,native0,1N7E,cluster_1N7E,5,95,0.5908550876235239,0.6247965929437918,0.8421147628790728
cluster,native0,1NKD,cluster_1NKD,1,59,0.744961463794116,0.7402536689247449,0.7865558201084755
cluster,native0,1NKO,cluster_1NKO,1,122,0.5034612355284412,0.7096129285133851,0.9086980651081673
cluster,native0,1NLS,cluster_1NLS,5,237,0.530258575410862,0.7456214267152058,0.8542167555465132
cluster,native0,1NNX,cluster_1NNX,2,93,0.7676931296455555,0.8130063712279034,0.7313867211223518
cluster,native0,1NOA,cluster_1NOA,4,113,0.5970424566607814,0.5396758726367251,0.8155351011440589
cluster,native0,1NOT,cluster_1NOT,3,13,0.6528790339158573,0.5989010989010989,1.2434048348459994
cluster,native0,1O06,cluster_1O06,1,20,0.8983130155008955,0.686302632842964,0.6940772847267789
cluster,native0,1O08,cluster_1O08,5,221,0.36235722956606786,0.601294393210559,0.9486656833578203
cluster,native0,1OB4,cluster_1OB4,1,16,0.6495166565073549,0.411764705882353,1.1434627028940056
cluster,native0,1OB7,cluster_1OB7,4,16,0.5526928495101268,0.7181753232004174,1.2049006570449827
cluster,native0,1OPD,cluster_1OPD,2,85,0.26104583493341976,0.3599489933060026,0.9907945183399427
cluster,native0,1P9I,cluster_1P9I,2,29,0.6453372804590513,0.47843246997152833,0.7927974830834261
cluster,native0,1PEF,cluster_1PEF,5,18,0.8912112328764557,0.9484004127966976,0.7355875076838186
cluster,native0,1PEN,cluster_1PEN,5,16,0.40015581675144846,0.4415012232789452,1.2335233044457152
cluster,native0,1PMY,cluster_1PMY,4,123,0.7238043196992908,0.6289105577935649,0.7231975151142203
cluster,native0,1PZ4,cluster_1PZ4,2,113,0.7151849182533799,0.687390704994077,0.7687146663276808
cluster,native0,1Q9B,cluster_1Q9B,2,43,0.582155109622217,0.7638175777710662,0.8366859433589339
cluster,native0,1QAU,cluster_1QAU,3,112,0.6204455253968277,0.596102634258782,0.8330064570492876
cluster,native0,1QKI,cluster_1QKI,1,3912,0.5660292809094105,0.6051108895660426,0.828307421622649
cluster,native0,1QTO,cluster_1QTO,2,122,0.5818379554017601,0.5688255898517608,0.8360412265490175
cluster,native0,1R29,cluster_1R29,5,122,0.6002209894196605,0.54139122362179,0.8289212546452841
cluster,native0,1R7J,cluster_1R7J,1,90,0.8395823043615294,0.7014249614840101,0.606615281928102
cluster,native0,1RJU,cluster_1RJU,4,36,0.3955618669063737,0.33513513513513515,1.0482232413771602
cluster,native0,1RRO,cluster_1RRO,5,108,0.3357830053357744,0.18345381152283977,0.9686772174846645
cluster,native0,1SAU,cluster_1SAU,1,114,0.6386453070645065,0.6399756987946561,0.7834336163360963
cluster,native0,1TGR,cluster_1TGR,1,104,0.6952589012091999,0.6507306950813393,0.787452479148765
cluster,native0,1TZV,cluster_1TZV,4,141,0.7941809618307453,0.7818800817469435,0.6361343635859933
cluster,native0,1U06,cluster_1U06,2,55,0.4835566347478034,0.2990674435451084,0.9401995240038653
cluster,native0,1U7I,cluster_1U7I,3,267,0.7313973252620548,0.7703281274485306,0.7021177851314578
cluster,native0,1U9C,cluster_1U9C,1,221,0.5478871353687833,0.39008676279184756,0.8414005651674938
cluster,native0,1UHA,cluster_1UHA,1,82,0.6703326636231847,0.6823213140636338,0.7834235863829552
cluster,native0,1UKU,cluster_1KR4,3,102,0.628196408185585,0.44413470210723766,0.8132142446763209
cluster,native0,1ULR,cluster_1ULR,4,87,0.6114241862641434,0.645375884581571,0.8065342538976583
cluster,native0,1UOY,cluster_1UOY,5,64,0.6829846924325217,0.6690323836562828,0.7605318647853574
cluster,native0,1USE,cluster_1USE,3,40,0.06393446944243521,-0.18232966709561943,1.2810516210493086
cluster,native0,1USM,cluster_1USM,5,77,0.8037450172324964,0.7198769643470345,0.6751518718977046
cluster,native0,1UTG,cluster_1UTG,4,70,0.6217009727885043,0.5440214158239144,0.8548953669150064
cluster,native0,1V05,cluster_1V05,4,96,0.5564467995447713,0.49049770077356997,0.8489059322701287
cluster,native0,1V70,cluster_1V70,4,105,0.5300295046843694,0.6351158018325981,0.8689104418600415
cluster,native0,1VRZ,cluster_1VRZ,3,21,0.6501050335808096,0.6978558978062621,1.0311998046883728
cluster,native0,1W2L,cluster_1W2L,4,97,0.533986137284249,0.37869752458164263,0.8793982156072826
cluster,native0,1WBE,cluster_1WBE,3,204,0.5770121278227677,0.5797168847973065,0.82293719723901
cluster,native0,1WHI,cluster_1WHI,1,122,0.5000736660693698,0.6278005419337784,0.8935654896397969
cluster,native0,1WLY,cluster_1WLY,5,322,0.6454645578440666,0.6811756599645771,0.7768535248151212
cluster,native0,1WPA,cluster_1WPA,2,107,0.5765476739959858,0.42735700029318757,0.8494103241050973
cluster,native0,1X3O,cluster_1X3O,3,80,0.5525861118283422,0.579140759156447,0.8672922368122166
cluster,native0,1XY1,cluster_1XY1,3,16,0.6158137771888784,0.5921064763130909,1.7632419793845395
cluster,native0,1XY2,cluster_1XY2,3,8,0.5266640339366006,0.13415631776517709,1.828992415710719
cluster,native0,1Y6X,cluster_1Y6X,5,87,0.5457571181267419,0.5447553435362351,0.891487968091299
cluster,native0,1YJO,cluster_1YJO,5,6,0.44043533150860736,0.35856858280031817,1.2106715657070817
cluster,native0,1YZM,cluster_1YZM,5,46,0.787481992976108,0.642901197719594,0.7548066294850202
cluster,native0,1Z21,cluster_1Z21,3,96,0.5746220100338897,0.6349766174021376,0.8647126054093625
cluster,native0,1ZCE,cluster_1ZCE,2,146,0.757608324656232,0.7771410943946507,0.6845738112078137
cluster,native0,1ZVA,cluster_1ZVA,1,75,0.5400953858875726,0.5876010024307445,0.9093261257602263
cluster,native0,2A50,cluster_2A50,4,457,0.5597234321034599,0.5909824381279153,0.831709561937795
cluster,native0,2AGK,cluster_2AGK,2,233,0.6461608047127918,0.7015701243340352,0.7639104131821659
cluster,native0,2AH1,cluster_2AH1,5,939,0.5109277080106698,0.5191550844577191,0.9094289936541313
cluster,native0,2B0A,cluster_2B0A,4,186,0.6427196597152172,0.6595926512775114,0.7754415450277028
cluster,native0,2BCM,cluster_2BCM,4,413,0.5491600146909625,0.498476201427959,0.8397984030929908
cluster,native0,2BF9,cluster_2BF9,5,36,0.3899136710371451,0.4558851930413196,1.2221966303407226
cluster,native0,2BRF,cluster_2BRF,4,100,0.7346927085751808,0.6989990643257613,0.7095280672556243
cluster,native0,2C71,cluster_2C71,5,205,0.6352599876557204,0.6732067818721199,0.798552904656742
cluster,native0,2CE0,cluster_2CE0,2,99,0.5388375739010068,0.5753989729016762,0.8681245945608872
cluster,native0,2CG7,cluster_2CG7,5,90,0.5406910916861157,0.5326221170192263,0.9182433283134742
cluster,native0,2COV,cluster_2COV,3,534,0.7361098011406552,0.719969840091529,0.68911638508549
cluster,native0,2CWS,cluster_2CWS,4,227,0.7046250925645229,0.7188706185904171,0.7267321789780568
cluster,native0,2D5W,cluster_2D5W,5,1214,0.7014241297843568,0.6629417587804,0.7842503667269197
cluster,native0,2DKO,cluster_2DKO,2,253,0.7863692167375786,0.6798945827598184,0.6297303464464025
cluster,native0,2DPL,cluster_2DPL,5,565,0.4494725700373676,0.5178917469140835,0.9002268231737623
cluster,native0,2DSX,cluster_2DSX,4,52,0.3237070637154551,0.233089287335674,1.0144987781324402
cluster,native0,2E10,cluster_2E10,5,439,0.7672916314888745,0.7921352077705176,0.6589012532259761
cluster,native0,2E3H,cluster_2E3H,4,81,0.6658694366481906,0.6827241215792365,0.7861876037848675
cluster,native0,2EAQ,cluster_2EAQ,4,89,0.6221836923426796,0.46467225921721683,0.817548410598382
cluster,native0,2EHP,cluster_2EHP,3,248,0.7816919907366219,0.7941394388186379,0.662218886112368
cluster,native0,2EHS,cluster_1X3O,3,75,0.6868313421432105,0.693409579153784,0.7991473402521397
cluster,native0,2ERW,cluster_2ERW,3,53,0.19229552165154848,0.09442596529716779,1.1288571962575624
cluster,native0,2ETX,cluster_2ETX,1,389,0.5375589530470897,0.5552695086042958,0.8438108606038798
cluster,native0,2FB6,cluster_2FB6,5,116,0.7792048216089285,0.6868778128565712,0.6828051107603434
cluster,native0,2FG1,cluster_2FG1,1,157,0.5888737776724151,0.5310663858447751,0.8091042557490601
cluster,native0,2FN9,cluster_2FN9,2,560,0.5756935768769303,0.5801952827286609,0.8261816187585402
cluster,native0,2FQ3,cluster_2FQ3,2,85,0.634055311870474,0.6673636896619113,0.8547146420378733
cluster,native0,2G69,cluster_2G69,1,99,0.5730432379312829,0.6076660956584704,0.9363542647703179
cluster,native0,2G7O,cluster_2G7O,2,68,0.632446014973508,0.3857378731849631,0.8885121644698287
cluster,native0,2G7S,cluster_2G7S,1,190,0.5976776256141546,0.5679072825237889,0.814461001411299
cluster,native0,2GKG,cluster_2GKG,5,122,0.6869171034354854,0.5369132397003996,0.7398965811702483
cluster,native0,2GOM,cluster_2GOM,4,121,0.5626907598419594,0.4509894576562042,0.8344965454185895
cluster,native0,2GXG,cluster_2GXG,1,140,0.6399173881924893,0.6107606285638282,0.8014113216226909
cluster,native0,2GZQ,cluster_2GZQ,5,191,0.36384777519816724,0.37847639043046183,0.9564069833779357
cluster,native0,2HQK,cluster_2HQK,1,213,0.7952296383186839,0.7991352014916685,0.677953945532614
cluster,native0,2HYK,cluster_2HYK,1,237,0.633457999955316,0.6074473525866989,0.778115697600119
cluster,native0,2I24,cluster_2I24,4,113,0.4943835384561028,0.4611033944993175,0.8845207277429825
cluster,native0,2I49,cluster_2I49,3,398,0.6552536344177655,0.6761430594548531,0.7879069361402651
cluster,native0,2IBL,cluster_2IBL,2,108,0.6016228467506244,0.6144325787193573,1.007442576373538
cluster,native0,2IGD,cluster_2IGD,1,61,0.5096103033352477,0.539993125337507,0.9531450595747292
cluster,native0,2IMF,cluster_2IMF,3,203,0.6367200868741083,0.6297768933238934,0.7787128401220533
cluster,native0,2IP6,cluster_2IP6,5,87,0.5753808462139871,0.37380392591915823,0.832810286136137
cluster,native0,2IVY,cluster_2IVY,3,88,0.47993866387127293,0.43241386905258056,0.9718511230241389
cluster,native0,2J32,cluster_2J32,4,244,0.7764534247514856,0.6959023687921381,0.6586434417078421
cluster,native0,2J9W,cluster_2J9W,1,200,0.701082832041029,0.6846779885417346,0.730790160100113
cluster,native0,2JKU,cluster_2JKU,1,35,-0.024105083231340994,-0.011065200671438067,1.5793400658505257
cluster,native0,2JLI,cluster_2JLI,4,100,0.4794110954409059,0.4282418173543386,0.8948012007637705
cluster,native0,2JLJ,cluster_2JLI,4,115,0.7200298828342311,0.611745999865,0.7178199849686379
cluster,native0,2MCM,cluster_1NOA,4,112,0.7487719769762302,0.7153794080045331,0.7022004878392398
cluster,native0,2NLS,cluster_2NLS,2,36,0.6017729381968381,0.4877734877734877,0.8922833163793453
cluster,native0,2NR7,cluster_2NR7,4,194,0.7866139869531523,0.7109011165804155,0.6700571926674984
cluster,native0,2NUH,cluster_1KR4,3,104,0.5531137108808006,0.521523660202202,0.8482446845388408
cluster,native0,2O6X,cluster_2O6X,2,306,0.7630477726019949,0.7743102359782822,0.6624473278277426
cluster,native0,2OA2,cluster_2OA2,4,132,0.5057962771184789,0.3632694538344586,0.8661078106082949
cluster,native0,2OCT,cluster_2OCT,4,192,0.5263776250761993,0.5549916201065734,0.8846761051367066
cluster,native0,2OHW,cluster_2OHW,4,256,0.6058849882877695,0.6720879498217336,0.8047191587983273
cluster,native0,2OKT,cluster_2OKT,5,342,0.40329682973420733,0.4011399936063009,0.9284456648436734
cluster,native0,2OL9,cluster_2OL9,1,6,0.9193320539880544,0.8366600265340757,0.5951086976776243
cluster,native0,2OLX,cluster_2OLX,3,4,0.8854528988361738,0.8944271909999159,1.4919497324169386
cluster,native0,2PKT,cluster_2PKT,1,91,0.08009805813306614,0.02912988602353729,1.090142484608577
cluster,native0,2PLT,cluster_2PLT,2,98,0.4252106512944449,0.5098821789351818,0.9126682427594015
cluster,native0,2PMR,cluster_2PMR,4,76,0.7211578234971734,0.7242340975946411,0.7521735399418767
cluster,native0,2POF,cluster_2POF,4,440,0.6597873192008333,0.7004617386789505,0.7683043946317002
cluster,native0,2PPN,cluster_2PPN,5,107,0.6688143006121771,0.7490338036348719,0.7682059614917615
cluster,native0,2PSF,cluster_2PSF,4,608,0.4827163778330752,0.46476894303269933,0.8837426063526834
cluster,native0,2PTH,cluster_2PTH,3,193,0.7246714054587043,0.7835504826945227,0.7111980750128745
cluster,native0,2Q4N,cluster_2Q4N,2,153,0.6492043450934855,0.5645343280928846,0.7799219093459893
cluster,native0,2Q52,cluster_1WBE,3,412,0.753845743225181,0.7317847713832605,0.7043835352895821
cluster,native0,2QJL,cluster_2QJL,5,99,0.5247383418427715,0.6251727798934351,0.8769887918330823
cluster,native0,2R16,cluster_2R16,1,175,0.5283966310403936,0.4057130510384061,0.8497869099800235
cluster,native0,2R6Q,cluster_2R6Q,3,138,0.5150247624951053,0.4088007379327196,0.8591025806363195
cluster,native0,2RB8,cluster_2RB8,4,93,0.618675262612898,0.5241958648047129,0.8082357775204314
cluster,native0,2RE2,cluster_2RE2,2,238,0.6125182114240958,0.48236428283530614,0.7927643293435536
cluster,native0,2RFR,cluster_2RFR,2,154,0.6030886073429054,0.39554539509765285,0.8039093036293318
cluster,native0,2V9V,cluster_2V9V,1,135,0.5576351838990957,0.481634315570219,0.8419768683284593
cluster,native0,2VE8,cluster_2VE8,1,515,0.6846935831048672,0.6206514166262728,0.7331030478741919
cluster,native0,2VH7,cluster_2VH7,5,94,0.7169402540771415,0.7218449269100103,0.7163406836371068
cluster,native0,2VIM,cluster_2VIM,5,104,0.3855624656403257,0.3981435792466945,0.9289087372234288
cluster,native0,2VPA,cluster_2VPA,2,204,0.7303905060914081,0.7594613744355992,0.7938940461769889
cluster,native0,2VQ4,cluster_2VQ4,4,106,0.6940606358485708,0.8089147748842718,0.7617924819528741
cluster,native0,2VY8,cluster_2VY8,5,149,0.7305540840041297,0.7156491336931121,0.7187315013625232
cluster,native0,2VYO,cluster_2C71,5,206,0.6854711657976859,0.7195058921943962,0.7455603073808341
cluster,native0,2W1V,cluster_2W1V,5,548,0.6652096128399984,0.7591507303669096,0.7871643903813105
cluster,native0,2W2A,cluster_2W2A,3,350,0.6122795879400376,0.6525699716299276,0.7913003429136274
cluster,native0,2W6A,cluster_2W6A,3,117,0.772573704238575,0.5502455894172521,0.6985565039488293
cluster,native0,2WJ5,cluster_2WJ5,2,96,0.579793340624575,0.5933991026557767,0.9426258200692128
cluster,native0,2WUJ,cluster_2WUJ,1,100,0.4757108371681508,0.22037936021615015,0.9059733679633868
cluster,native0,2WW7,cluster_2WW7,3,150,0.49111525267677203,0.5238503305494341,0.9448055580134999
cluster,native0,2WWE,cluster_2WWE,4,111,0.5266228161012168,0.47147608324734697,0.8787356093465812
cluster,native0,2X1Q,cluster_2X1Q,5,240,0.4031852182686958,0.3527425362305038,0.9273826533255658
cluster,native0,2X25,cluster_2X25,2,168,0.6532408025021333,0.7125441007776048,0.7678534348114474
cluster,native0,2X3M,cluster_2X3M,3,166,0.7125397955405927,0.5914580837296783,0.7347179340637491
cluster,native0,2X5Y,cluster_2X5Y,4,171,0.7079836973607814,0.7087577108622113,0.7180812420977997
cluster,native0,2X9Z,cluster_2X9Z,5,262,0.5525057703190038,0.5935082274898169,0.8352869295447133
cluster,native0,2XHF,cluster_2XHF,5,310,0.5982205824781093,0.6399820910078362,0.8098994915976404
cluster,native0,2Y0T,cluster_2Y0T,3,101,0.7785328690727125,0.7526886105823412,0.668070986840495
cluster,native0,2Y72,cluster_2Y72,5,170,0.6992944614343843,0.6644854072187568,0.727406528641641
cluster,native0,2Y7L,cluster_2Y7L,4,319,0.6886000113257202,0.650364680183808,0.7506096621197642
cluster,native0,2Y9F,cluster_2Y9F,4,149,0.7922590290835294,0.8503891731805929,0.6253305166489589
cluster,native0,2YLB,cluster_2YLB,2,400,0.7753312680840343,0.8281487519744923,0.6732940648388256
cluster,native0,2YNY,cluster_2YNY,1,315,0.7179106108975533,0.6650270433733119,0.7383848304599991
cluster,native0,2ZCM,cluster_2ZCM,1,357,0.45243712939326686,0.3677382558411093,0.8938720053589543
cluster,native0,2ZU1,cluster_2ZU1,2,360,0.7176322512764178,0.7538803443537879,0.7099714966846931
cluster,native0,3A0M,cluster_3A0M,1,148,0.6735125224635782,0.5970081570732594,0.7611804243238891
cluster,native0,3A7L,cluster_3A7L,4,128,0.6828316842108246,0.5787799107313621,0.7422166246852784
cluster,native0,3AMC,cluster_3AMC,2,614,0.6873453950090701,0.7566672865228784,0.7689894093298697
cluster,native0,3AUB,cluster_3AUB,1,116,0.5941066220523097,0.624034353052626,0.8327224979032349
cluster,native0,3B5O,cluster_3B5O,1,230,0.595474894784852,0.5868742357767878,0.8035208789164802
cluster,native0,3BA1,cluster_3BA1,4,312,0.6485146385862967,0.5746639946407015,0.7639778242439237
cluster,native0,3BED,cluster_3BED,1,261,0.8019348361474765,0.8282295690063266,0.6329043025750571
cluster,native0,3BQX,cluster_3BQX,4,139,0.4530491436939494,0.4213262671773789,0.9588400647362415
cluster,native0,3BZQ,cluster_3BZQ,3,99,0.5696192478581367,0.5392179296202658,0.8585478939328445
cluster,native0,3BZZ,cluster_3BZZ,5,100,0.4260660432535817,0.4209269322516281,0.9355062877498774
cluster,native0,3DRF,cluster_3DRF,4,547,0.5356570313617807,0.5376836571649118,0.8636898131601001
cluster,native0,3DWV,cluster_3DWV,2,325,0.6389070433872439,0.6727703130054182,0.7721543002399318
cluster,native0,3E5T,cluster_2HQK,1,228,0.5342758865141846,0.41400129040875994,0.8460248891734626
cluster,native0,3E7R,cluster_3E7R,4,40,0.7320600668180945,0.7369705003318399,0.772736941972586
cluster,native0,3EUR,cluster_3EUR,3,140,0.3719541829713025,0.3554023883375878,0.9465961464196404
cluster,native0,3F2Z,cluster_3F2Z,3,149,0.7908220511066514,0.7637383071196383,0.6304024033950785
cluster,native0,3F7E,cluster_3F7E,3,254,0.7760696659039872,0.7926042334845493,0.6526396052541892
cluster,native0,3FCN,cluster_3FCN,1,158,0.5917819230630141,0.530780979518027,0.8280605908755491
cluster,native0,3FE7,cluster_3FE7,3,91,0.5689553131164099,0.548525424375303,0.8532355048107462
cluster,native0,3FKE,cluster_3FKE,5,250,0.5500722816830628,0.545822828274882,0.8401060204664632
cluster,native0,3FMY,cluster_3FMY,2,66,0.5870010118959728,0.6026427857024489,0.8861048375150956
cluster,native0,3FOD,cluster_3FOD,1,48,0.5227991680241479,0.49370318097926386,1.3308289459831941
cluster,native0,3FSO,cluster_3FSO,2,221,0.7774565499020107,0.5586727206549458,0.6402100529363917
cluster,native0,3FTD,cluster_3FTD,1,240,0.6766338515177468,0.6510283200383697,0.7468145855421804
cluster,native0,3FVA,cluster_3FVA,1,6,0.8175190739667598,0.8485281374238571,0.7259849617949404
cluster,native0,3G1S,cluster_3G1S,1,418,0.6129453085718558,0.6972860111541596,0.8087100545103755
cluster,native0,3GBW,cluster_3GBW,4,161,0.7932666668491829,0.84959407750446,0.6358527233624796
cluster,native0,3GHJ,cluster_3GHJ,5,116,0.5027812389881042,0.48471335376267805,0.8988837065607951
cluster,native0,3HFO,cluster_3HFO,4,197,0.69383929649695,0.6746791369419408,0.7240187225062806
cluster,native0,3HHP,cluster_3HHP,5,1234,0.7336028870587475,0.7908339324033652,0.7491749701484441
cluster,native0,3HNY,cluster_3HNY,5,156,0.688651974884427,0.730497563672508,0.7263513916796289
cluster,native0,3HP4,cluster_3HP4,4,183,0.5228830301121682,0.4410304008934997,0.8531292635770494
cluster,native0,3HWU,cluster_3HWU,2,144,0.7276569673524401,0.7432713901162161,0.7077939863343207
cluster,native0,3HYD,cluster_3HYD,5,7,0.8466204386601623,0.36711154910717625,0.7723647611386978
cluster,native0,3HZ8,cluster_3HZ8,2,192,0.4911655689259539,0.4733243896927541,0.8794976005317126
cluster,native0,3I2V,cluster_3I2V,3,124,0.3756705877635845,0.38787655627239637,0.9857205796125021
cluster,native0,3I2Z,cluster_3I2Z,5,138,0.5742334947458666,0.562024171987059,0.8390270700159727
cluster,native0,3I4O,cluster_3I4O,1,135,0.6788131690085196,0.7065554721094591,0.7612915540080221
cluster,native0,3I7M,cluster_3I7M,2,134,0.6699979469874653,0.6007496465662825,0.7630507780421253
cluster,native0,3IHS,cluster_1OPD,2,169,0.5419730565675765,0.43395642386037775,0.8417258709007032
cluster,native0,3IVV,cluster_3IVV,4,149,0.7730681447830465,0.7590752311529058,0.6577008573472679
cluster,native0,3K6Y,cluster_3K6Y,2,227,0.6167566693295442,0.6120627967189209,0.7897444566627121
cluster,native0,3KBE,cluster_3KBE,5,140,0.6443723672914957,0.6784042229982827,0.77834122956392
cluster,native0,3KGK,cluster_3KGK,2,190,0.7471542779168849,0.7590498514591233,0.6875971214490778
cluster,native0,3KZD,cluster_3KZD,3,85,0.5604216137345217,0.5990306538821814,0.8765942358941655
cluster,native0,3L41,cluster_2ETX,1,220,0.698135031774353,0.6816823137408534,0.7237423547538567
cluster,native0,3LAA,cluster_3LAA,3,169,0.5535800455533197,0.4678147681319599,0.931948224290801
cluster,native0,3LAX,cluster_3LAX,3,106,0.7532008943932998,0.7667992553756167,0.7254183887052356
cluster,native0,3LG3,cluster_3LG3,4,833,0.63697874852413,0.6301586962248068,0.7731704578928379
cluster,native0,3LJI,cluster_3LJI,5,272,0.6140615609128215,0.5308023622125987,0.7940987906792475
cluster,native0,3M3P,cluster_3M3P,1,249,0.600602552990665,0.6296850636692103,0.7999282023962433
cluster,native0,3M8J,cluster_3M8J,1,178,0.7244185611191589,0.7403754033039042,0.7192501689346621
cluster,native0,3M9J,cluster_3M9J,3,210,0.5033884347938214,0.5234769988854016,0.8659048754961398
cluster,native0,3M9Q,cluster_3M9Q,2,176,0.459392365922624,0.523110770924886,0.9687772620809177
cluster,native0,3MAB,cluster_1OPD,2,173,0.6249650813413816,0.5314438551068258,0.7863336659453407
cluster,native0,3MD4,cluster_3MD4,2,12,0.5829955071384199,0.6199659244794364,1.3648600818193655
cluster,native0,3MD5,cluster_3MD5,5,12,0.6724605937553653,0.5874125874125874,1.8699401925388106
cluster,native0,3MEA,cluster_3MEA,2,166,0.6751592030798367,0.7344728369465117,0.7659839796627798
cluster,native0,3MGN,cluster_3MGN,2,348,0.13414950300422537,0.19271151885831567,1.1630717578550032
cluster,native0,3MRE,cluster_3MRE,5,383,0.6943951405328679,0.745325083895959,0.7286524148067441
cluster,native0,3N11,cluster_3N11,1,325,0.530475035972142,0.6033859976589102,0.8571422330998023
cluster,native0,3NE0,cluster_3NE0,1,208,0.628054479406258,0.7113996450625252,0.7830174642053951
cluster,native0,3NGG,cluster_3NGG,1,94,0.6838491210219884,0.5722181282389575,0.8635416264592315
cluster,native0,3NPV,cluster_3NPV,5,495,0.5944788979992424,0.5757353901304627,0.8368453930802285
cluster,native0,3NVG,cluster_3NVG,2,6,0.3249010288538461,0.14285714285714288,1.9649740401836915
cluster,native0,3NZL,cluster_3NZL,5,73,0.5445875778866451,0.629553922902286,0.8987774210886977
cluster,native0,3O0P,cluster_3O0P,5,194,0.7117638361416925,0.7210567881180466,0.7035801412943351
cluster,native0,3O5P,cluster_3O5P,5,128,0.7356019041227017,0.6855175947546416,0.6952086407332104
cluster,native0,3OBQ,cluster_3OBQ,2,150,0.6701392422425311,0.4236495327827685,0.7630823906979494
cluster,native0,3OQY,cluster_3OQY,3,234,0.6177137887078804,0.5905540111185705,0.7943239215454262
cluster,native0,3P6J,cluster_3P6J,3,125,0.7701265742139681,0.745418935637221,0.6553327989686056
cluster,native0,3PD7,cluster_3PD7,5,188,0.6856795405563775,0.7445407670287794,0.7396660837037936
cluster,native0,3PES,cluster_3PES,3,165,0.5910284224500326,0.5597559510775931,0.8527577371806444
cluster,native0,3PID,cluster_3PID,4,387,0.5697372384260947,0.5045117201017919,0.8221233389576095
cluster,native0,3PIW,cluster_3PIW,5,154,0.7287949123949556,0.7124618642759739,0.7094002007721659
cluster,native0,3PKV,cluster_3PKV,3,221,0.56361660991282,0.6155650216789074,0.8260508063270728
cluster,native0,3PSM,cluster_3PSM,4,94,0.8005317047923908,0.8724686265929265,0.6606391144950914
cluster,native0,3PTL,cluster_3PTL,4,289,0.5257173471033193,0.6060354166596449,0.889089606123777
cluster,native0,3PVE,cluster_3PVE,1,347,0.715708782142548,0.7388206735438014,0.7374691214886949
cluster,native0,3PZ9,cluster_3PZ9,4,357,0.6996317053471837,0.6940280138960758,0.7469475601767587
cluster,native0,3PZZ,cluster_3PZZ,2,12,0.6474634869132436,0.6000036934782409,1.5213248099373586
cluster,native0,3Q2X,cluster_3Q2X,4,6,0.8081450906615003,0.7171371656006363,0.8717924821663192
cluster,native0,3Q6L,cluster_3Q6L,2,131,0.5908209436051495,0.5969844096778596,0.8338590112434423
cluster,native0,3QDS,cluster_3QDS,1,284,0.7150573309696004,0.7107267374583831,0.7249175708750183
cluster,native0,3QPA,cluster_3QPA,5,197,0.4631985868190285,0.6985348565524889,0.8986184366921709
cluster,native0,3R6D,cluster_3R6D,4,221,0.678623094049593,0.7612000035746102,0.7462271993616503
cluster,native0,3R87,cluster_3R87,5,132,0.4111562339556413,0.3952356230048814,0.9312430909827388
cluster,native0,3RQ9,cluster_3RQ9,1,162,0.5001026463083809,0.6217911716245385,0.9515917811245875
cluster,native0,3RY0,cluster_3RY0,1,128,0.6055235809576214,0.5977447911624402,0.8464150189815307
cluster,native0,3RZY,cluster_3Q6L,2,139,0.657490884833767,0.6286182848587621,0.7925736152606855
cluster,native0,3S0A,cluster_3S0A,2,119,0.520128542863792,0.5302986063274078,0.8622824887699364
cluster,native0,3SD2,cluster_3SD2,1,86,0.3723854279646119,0.44146617607399363,0.9940051111674013
cluster,native0,3SEB,cluster_3SEB,3,238,0.597465485791299,0.7681411305274296,0.8065835607946885
cluster,native0,3SED,cluster_3SED,2,124,0.6510405622693739,0.6370183872611584,0.7799702594871193
cluster,native0,3SO6,cluster_3SO6,1,150,0.674404618875443,0.6965870240597427,0.742271224092904
cluster,native0,3SR3,cluster_3SR3,5,637,0.5725976855008378,0.5865026391098845,0.8471121121387301
cluster,native0,3SUK,cluster_3SUK,2,248,0.651139321282604,0.6413528484292171,0.7708200381306906
cluster,native0,3SZH,cluster_3SZH,2,697,0.7512639365278009,0.7769727945297703,0.6973516286467492
cluster,native0,3T0H,cluster_3T0H,5,208,0.7470360134191818,0.7956369441032228,0.6728954451057686
cluster,native0,3T3K,cluster_3T3K,3,122,0.7486836369829449,0.7774320880419436,0.695898754352263
cluster,native0,3T47,cluster_3T47,4,141,0.5218673519041391,0.4983036335705739,0.8811535672213674
cluster,native0,3TDN,cluster_3TDN,3,357,0.4676957260682932,0.48674227076769494,0.889252976259439
cluster,native0,3TOW,cluster_3TOW,1,152,0.502573316647343,0.6680722954298972,0.902245576748944
cluster,native0,3TUA,cluster_3TUA,2,210,0.6257866464086422,0.7774272634681854,0.7841924193432832
cluster,native0,3TYS,cluster_3TYS,3,75,0.6168555196334443,0.6805314520948154,0.9001188542223422
cluster,native0,3U6G,cluster_3U6G,4,248,0.6308813717455533,0.6100087683099901,0.7788073468693789
cluster,native0,3U97,cluster_3U97,5,77,0.7017475435776839,0.7325796911576057,0.8049697039106922
cluster,native0,3UCI,cluster_3UCI,3,72,0.5588623081874938,0.4968808283490901,0.9494190003652109
cluster,native0,3UR8,cluster_3UR8,4,637,0.6785300042960669,0.6415311890982012,0.7547478173028784
cluster,native0,3US6,cluster_3US6,5,148,0.5917884602955574,0.45320487905438167,0.8135093042069815
cluster,native0,3V1A,cluster_3V1A,5,48,0.46952165257234657,0.44354576311768107,0.9463753455986542
cluster,native0,3V75,cluster_3V75,2,285,0.5787125876405262,0.5246464343855736,0.8240651909017063
cluster,native0,3VN0,cluster_3VN0,1,193,0.8335087372232831,0.6636117799749418,0.6302969928910259
cluster,native0,3VOR,cluster_3VOR,5,182,0.5584126564419393,0.5629870789906083,0.8334397482507815
cluster,native0,3VUB,cluster_3VUB,3,101,0.5612176514123637,0.6428925037529173,0.9009412874170327
cluster,native0,3VVV,cluster_3VVV,1,108,0.6972323171413052,0.5480978319507024,0.8198199976871978
cluster,native0,3VZ9,cluster_3VZ9,5,163,0.6833753054038062,0.7261631866540817,0.761551154148387
cluster,native0,3W4Q,cluster_1ES5,3,773,0.6874400278341789,0.7105005185192707,0.7786269914890661
cluster,native0,3ZBD,cluster_3ZBD,1,213,0.39125932909636557,0.42224780340445595,0.9446141142726406
cluster,native0,3ZIT,cluster_3ZIT,3,152,0.4467321727339294,0.4553776232453691,0.9211663238703204
cluster,native0,3ZRX,cluster_3ZRX,3,221,0.5901970393636256,0.5724493372405877,0.8101355876893411
cluster,native0,3ZSL,cluster_3ZSL,2,138,0.6514573675239039,0.5662887588548015,0.7653169627601427
cluster,native0,3ZZP,cluster_3ZZP,2,74,0.557105504419928,0.5539997187531764,0.8695608637865013
cluster,native0,3ZZY,cluster_3ZZY,3,226,0.7167226908933405,0.6095838537838201,0.7072732675018971
cluster,native0,4A02,cluster_4A02,2,166,0.5348186047814418,0.6477186272159382,0.8469883988028944
cluster,native0,4ACJ,cluster_4ACJ,1,167,0.7191041951927182,0.7895729880084933,0.7151561556487529
cluster,native0,4AE7,cluster_4AE7,3,186,0.7011875194785633,0.6958251238640882,0.7298139679998273
cluster,native0,4AM1,cluster_4AM1,4,345,0.57472202274419,0.5819405396894866,0.8226078128988575
cluster,native0,4ANN,cluster_4ANN,3,176,0.5517979178802674,0.5880790736984207,0.8512709995141536
cluster,native0,4AVR,cluster_4AVR,1,188,0.6210977332773766,0.7285340697278612,0.793796747895845
cluster,native0,4AXY,cluster_4AXY,4,54,0.5936743378117291,0.5022871086976141,0.846797015334502
cluster,native0,4B6G,cluster_4B6G,3,558,0.7335376384881604,0.723193905047528,0.7255510689009778
cluster,native0,4B9G,cluster_4B9G,5,292,0.79419534333297,0.7805025702861537,0.6328495011479565
cluster,native0,4DD5,cluster_4DD5,1,387,0.6463301237866266,0.6652375054575788,0.7872947841053719
cluster,native0,4DKN,cluster_4DKN,3,423,0.7039729532344422,0.7466312514961195,0.7492912926049736
cluster,native0,4DND,cluster_4DND,3,95,0.713761334790381,0.6781308725226032,0.7450015844102897
cluster,native0,4DPZ,cluster_4DPZ,1,109,0.6658688821066407,0.658505450250953,0.8510400815835396
cluster,native0,4DQ7,cluster_4DQ7,3,328,0.7087159296135654,0.7337319940825834,0.7093198066863025
cluster,native0,4DT4,cluster_4DT4,4,160,0.7735697985536125,0.7541698772986495,0.7523239404623334
cluster,native0,4EK3,cluster_4EK3,3,287,0.6539797016234934,0.6924603408835955,0.7602034018620374
cluster,native0,4ERY,cluster_4ERY,2,318,0.7183199333456263,0.7569748642438656,0.7383111050582258
cluster,native0,4ES1,cluster_4ES1,1,95,0.6814678663097964,0.6257524008210518,0.8604010891431125
cluster,native0,4EUG,cluster_4EUG,1,225,0.5753539568773592,0.622831322514264,0.8204022869801425
cluster,native0,4F01,cluster_4F01,3,448,0.3482989255900949,0.4983722436386912,0.9543099390630028
cluster,native0,4F3J,cluster_4F3J,3,143,0.6089627084160862,0.5772915585133925,0.8086749607416701
cluster,native0,4FR9,cluster_4FR9,2,141,0.6529888476962497,0.6506241759232954,0.799775826575867
cluster,native0,4G14,cluster_4G14,1,15,0.49408912953228484,0.5928571428571427,1.363231340199085
cluster,native0,4G2E,cluster_4G2E,4,151,0.7037586323713914,0.7909403263252441,0.7252097096346771
cluster,native0,4G5X,cluster_4G5X,1,550,0.6978246691315246,0.7285107167641036,0.7582032247840094
cluster,native0,4G6C,cluster_4G6C,3,658,0.5725296750856405,0.5414467873231129,0.8512698865867809
cluster,native0,4G7X,cluster_4G7X,3,194,0.5924515249796951,0.5419431132726732,0.8322958477015054
cluster,native0,4GA2,cluster_4GA2,5,144,0.5455828053929799,0.5423982895240714,0.8455653229420584
cluster,native0,4GMQ,cluster_4GMQ,5,92,0.6320543760744615,0.5924972643065209,0.8091887533074986
cluster,native0,4GS3,cluster_4GS3,3,90,0.572605895834103,0.6764320934022378,0.9380528542569642
cluster,native0,4H4J,cluster_4H4J,4,236,0.7515499900400803,0.837403425022655,0.6809774303803816
cluster,native0,4H89,cluster_4H89,4,168,0.5691966067768522,0.5553658099944583,0.833568104765348
cluster,native0,4HDE,cluster_4HDE,5,168,0.6825582244527326,0.7675592088332669,0.7388996232963662
cluster,native0,4HJP,cluster_4HJP,4,281,0.7111967837278654,0.76556120614264,0.7064612888205816
cluster,native0,4HWM,cluster_4HWM,4,117,0.6191519060454235,0.5997999355766064,0.8241765487581184
cluster,native0,4IL7,cluster_4IL7,2,85,0.41157019189498306,0.35923743638060884,0.9567417083848399
cluster,native0,4J11,cluster_4J11,5,357,0.6201592337123515,0.5168570871347601,0.7941481752237561
cluster,native0,4J5O,cluster_4J5O,2,220,0.718587224703854,0.6057411180361852,0.7068618753548689
cluster,native0,4J5Q,cluster_2FG1,1,146,0.6702790046663207,0.7333879613189278,0.7538595134819135
cluster,native0,4J78,cluster_4J78,3,305,0.6414082166150474,0.7390409992902831,0.782830399532856
cluster,native0,4JG2,cluster_4JG2,2,185,0.7771878104533537,0.8074721399336825,0.686472096400891
cluster,native0,4JVU,cluster_4JVU,4,207,0.7088225924792195,0.8014090986029145,0.7293797996218712
cluster,native0,4JYP,cluster_4JYP,2,534,0.6210778709852559,0.7042531418773506,0.8064313793726113
cluster,native0,4KEF,cluster_4KEF,3,133,0.49688805055405655,0.4595229806307086,0.8963646285864572
cluster,native0,5CYT,cluster_1CCR,5,103,0.3300984356610225,0.28706909571133543,0.9620853968035963
cluster,native0,6RXN,cluster_6RXN,1,45,0.6350966224653152,0.5773386034255599,0.9653243488583461
cluster,graph+native0,1ABA,cluster_1ABA,4,87,0.627752001574781,0.706638720583403,0.781327087407476
cluster,graph+native0,1AHO,cluster_1AHO,3,64,0.6127807115088277,0.7117526528929328,0.7908564055263129
cluster,graph+native0,1AIE,cluster_1AIE,4,31,0.6875391738992764,0.5213709677419355,0.7317224893331642
cluster,graph+native0,1AKG,cluster_1AKG,2,16,0.42738262508005237,0.5842532854724707,0.9133535918344892
cluster,graph+native0,1ATG,cluster_1ATG,5,231,0.5344306336738229,0.5795591892580312,0.8524920266064865
cluster,graph+native0,1BGF,cluster_1BGF,2,124,0.613827062116322,0.45640156542652005,0.7915002490263734
cluster,graph+native0,1BX7,cluster_1BX7,2,51,0.5313006943975666,0.24244343891402712,0.9005517327477176
cluster,graph+native0,1BYI,cluster_1BYI,5,224,0.5326763756337605,0.6046790597554171,0.8522364180922906
cluster,graph+native0,1CCR,cluster_1CCR,5,111,0.515737465868541,0.5182009843560444,0.8573603545803524
cluster,graph+native0,1CYO,cluster_1CYO,2,88,0.6532293716114591,0.565290901122748,0.7618503057339797
cluster,graph+native0,1DF4,cluster_1DF4,5,57,0.8984902008929825,0.7893440497796215,0.5950369085869304
cluster,graph+native0,1E5K,cluster_1E5K,3,188,0.7618597173500968,0.7460901979380893,0.6596765383436821
cluster,graph+native0,1ES5,cluster_1ES5,3,260,0.6493148853978892,0.7152336351809013,0.7669133802692458
cluster,graph+native0,1ETL,cluster_1ETL,3,12,0.8101925479961434,0.7068192341935722,0.6813870562264666
cluster,graph+native0,1ETM,cluster_1ETM,1,12,0.5356612184186125,0.5192024044895921,0.8658718519659904
cluster,graph+native0,1ETN,cluster_1ETN,4,12,-0.1511918562414204,0.051739834649044726,1.2462918567021088
cluster,graph+native0,1EW4,cluster_1EW4,2,106,0.6081484653537708,0.6609549530012472,0.7944875029813597
cluster,graph+native0,1F8R,cluster_1F8R,3,1932,0.7682642893220749,0.7403207820853608,0.6779107097936529
cluster,graph+native0,1FF4,cluster_1FF4,4,65,0.6127408685984892,0.5843813853210008,0.7917672327387838
cluster,graph+native0,1FK5,cluster_1FK5,2,93,0.5776396238720545,0.5201260794476777,0.8204537333109307
cluster,graph+native0,1GCO,cluster_1GCO,4,1044,0.6611791792658627,0.6455703152781264,0.7547372820645772
cluster,graph+native0,1GK7,cluster_1GK7,3,39,0.8236710129798799,0.5913254726941366,0.6136509600183784
cluster,graph+native0,1GVD,cluster_1GVD,3,52,0.716401283540727,0.6304667991447017,0.7112814499482231
cluster,graph+native0,1GXU,cluster_1GXU,1,88,0.6265269430915058,0.6282619703354878,0.788926030150114
cluster,graph+native0,1H6V,cluster_1H6V,2,2927,0.4696476158741041,0.5454018732575905,0.9102416306018875
cluster,graph+native0,1HJE,cluster_1HJE,4,13,0.5627611312500117,0.5879120879120878,0.8620154631306194
cluster,graph+native0,1I71,cluster_1I71,3,83,0.5737068933872571,0.5724885998373411,0.820287985220006
cluster,graph+native0,1IDP,cluster_1IDP,2,441,0.7267771423404656,0.8506223497441898,0.6929423963768803
cluster,graph+native0,1IFR,cluster_1IFR,3,113,0.6486427707627898,0.7061377426109976,0.7817279783056336
cluster,graph+native0,1K8U,cluster_1K8U,2,89,0.5277160588959106,0.40556863112655006,0.8571974433684456
cluster,graph+native0,1KMM,cluster_1KMM,4,1499,0.7029094732526457,0.730182964828031,0.7173834083852189
cluster,graph+native0,1KNG,cluster_1KNG,1,144,0.51949720760129,0.503873305249723,0.860210260521343
cluster,graph+native0,1KR4,cluster_1KR4,3,110,0.6007890848120705,0.5582294916926274,0.8010377008831161
cluster,graph+native0,1KYC,cluster_1KYC,5,15,0.739900815323586,0.7785714285714285,0.71608352414919
cluster,graph+native0,1LR7,cluster_1LR7,1,73,0.612156866611257,0.6914004952113546,0.8192882612001913
cluster,graph+native0,1MF7,cluster_1MF7,2,194,0.6692256667855455,0.7577140298001311,0.7655247397820992
cluster,graph+native0,1N7E,cluster_1N7E,5,95,0.5213984526913642,0.6301857872595386,0.854223204155324
cluster,graph+native0,1NKD,cluster_1NKD,1,59,0.7601338809930053,0.7516219546417495,0.7655820044291494
cluster,graph+native0,1NKO,cluster_1NKO,1,122,0.49309718376709843,0.6916398039351269,0.8965914873379046
cluster,graph+native0,1NLS,cluster_1NLS,5,237,0.5178166526581522,0.744783517144051,0.8683835728750072
cluster,graph+native0,1NNX,cluster_1NNX,2,93,0.7646602422776088,0.8122528760546647,0.6571121727201809
cluster,graph+native0,1NOA,cluster_1NOA,4,113,0.5751386475384889,0.51611280003684,0.8203358666223318
cluster,graph+native0,1NOT,cluster_1NOT,3,13,0.59823125633301,0.5879120879120878,0.8438382237329933
cluster,graph+native0,1O06,cluster_1O06,1,20,0.9086019216871738,0.7142857142857143,0.4603950818725417
cluster,graph+native0,1O08,cluster_1O08,5,221,0.3559725288518245,0.6238202247919922,0.9609020661133301
cluster,graph+native0,1OB4,cluster_1OB4,1,16,0.5725270209169204,0.4176470588235294,0.851537803944128
cluster,graph+native0,1OB7,cluster_1OB7,4,16,0.5449180807409812,0.8359089827414695,0.8730291268126643
cluster,graph+native0,1OPD,cluster_1OPD,2,85,0.39012457301742437,0.43019557453891655,0.9327440710752691
cluster,graph+native0,1P9I,cluster_1P9I,2,29,0.654281158796888,0.5068965517241378,0.7709242515560695
cluster,graph+native0,1PEF,cluster_1PEF,5,18,0.8326296659438315,0.8988648090815273,0.5980490535261259
cluster,graph+native0,1PEN,cluster_1PEN,5,16,0.5525817775288222,0.47682132114126075,0.8445244418143842
cluster,graph+native0,1PMY,cluster_1PMY,4,123,0.7024530582351668,0.5910125692592318,0.740656949280251
cluster,graph+native0,1PZ4,cluster_1PZ4,2,113,0.7174518216285871,0.6915285815358675,0.7101641855522203
cluster,graph+native0,1Q9B,cluster_1Q9B,2,43,0.7455224702868182,0.7784657203261854,0.7026644484172206
cluster,graph+native0,1QAU,cluster_1QAU,3,112,0.6504091266621524,0.6215924744162433,0.7671747364918987
cluster,graph+native0,1QKI,cluster_1QKI,1,3912,0.503711782435839,0.5606022866098062,0.927800841370148
cluster,graph+native0,1QTO,cluster_1QTO,2,122,0.611967312872976,0.6060571013184898,0.7914782289758837
cluster,graph+native0,1R29,cluster_1R29,5,122,0.6234323327231135,0.5744295210171614,0.7878653466204787
cluster,graph+native0,1R7J,cluster_1R7J,1,90,0.7992183685647606,0.6270177721189197,0.640070668510963
cluster,graph+native0,1RJU,cluster_1RJU,4,36,0.4208273130973675,0.19562419562419564,0.9168497554202704
cluster,graph+native0,1RRO,cluster_1RRO,5,108,0.29779049940942476,0.19461004403702994,0.9695083866210903
cluster,graph+native0,1SAU,cluster_1SAU,1,114,0.6401533371995956,0.6397083840922926,0.7863949692538218
cluster,graph+native0,1TGR,cluster_1TGR,1,104,0.7103220489555002,0.654310154001695,0.7175965565726486
cluster,graph+native0,1TZV,cluster_1TZV,4,141,0.821533003319368,0.7689984406537617,0.6020722016210737
cluster,graph+native0,1U06,cluster_1U06,2,55,0.4787065237288174,0.29383646895957877,0.8857845612177974
cluster,graph+native0,1U7I,cluster_1U7I,3,267,0.7372846575198638,0.7711373184970614,0.6882397582048068
cluster,graph+native0,1U9C,cluster_1U9C,1,221,0.5727265008906021,0.4004118008147219,0.8300550864515839
cluster,graph+native0,1UHA,cluster_1UHA,1,82,0.639490258654538,0.6829634629770306,0.770103579086844
cluster,graph+native0,1UKU,cluster_1KR4,3,102,0.6854112244990287,0.5109754028919686,0.734743664709782
cluster,graph+native0,1ULR,cluster_1ULR,4,87,0.5730547735528171,0.6119497515027063,0.8427363483844372
cluster,graph+native0,1UOY,cluster_1UOY,5,64,0.6877106165655628,0.6248468961821484,0.75212114877188
cluster,graph+native0,1USE,cluster_1USE,3,40,0.12224191092706795,-0.16660412757973736,1.1336421440881486
cluster,graph+native0,1USM,cluster_1USM,5,77,0.8372519982695286,0.7467844444167575,0.5788604800988005
cluster,graph+native0,1UTG,cluster_1UTG,4,70,0.6057193320276106,0.5328364345968444,0.8110689126486297
cluster,graph+native0,1V05,cluster_1V05,4,96,0.5899500740665745,0.5353707999787186,0.8218298851190626
cluster,graph+native0,1V70,cluster_1V70,4,105,0.544174548613872,0.6375883805720627,0.8424121998169636
cluster,graph+native0,1VRZ,cluster_1VRZ,3,21,0.6346870677808738,0.7121508975751054,0.8254395849461721
cluster,graph+native0,1W2L,cluster_1W2L,4,97,0.5795595888265387,0.42456359513064673,0.8183437957527058
cluster,graph+native0,1WBE,cluster_1WBE,3,204,0.5694208368032823,0.6014668164184042,0.8230520299815979
cluster,graph+native0,1WHI,cluster_1WHI,1,122,0.5168224497773798,0.6321514900684557,0.864864295298683
cluster,graph+native0,1WLY,cluster_1WLY,5,322,0.6727240854126031,0.7047581580921612,0.7455066462115956
cluster,graph+native0,1WPA,cluster_1WPA,2,107,0.5954264603455327,0.4139875143278805,0.8099653161140571
cluster,graph+native0,1X3O,cluster_1X3O,3,80,0.5296880417812958,0.5636108978700735,0.8499706791154628
cluster,graph+native0,1XY1,cluster_1XY1,3,16,0.6654618247142976,0.5040496157331953,1.1822708501944155
cluster,graph+native0,1XY2,cluster_1XY2,3,8,0.7395880517345289,0.37581969985087577,0.8893190346398687
cluster,graph+native0,1Y6X,cluster_1Y6X,5,87,0.5088332464041861,0.5303115218010951,0.866905503100215
cluster,graph+native0,1YJO,cluster_1YJO,5,6,0.4034549219159976,0.48571428571428577,1.0454169399922808
cluster,graph+native0,1YZM,cluster_1YZM,5,46,0.7787507585504332,0.6710250413650405,0.7388269162006411
cluster,graph+native0,1Z21,cluster_1Z21,3,96,0.6132449461228437,0.618956378454222,0.7921560426543484
cluster,graph+native0,1ZCE,cluster_1ZCE,2,146,0.769649377919717,0.7897389426966281,0.6773452995612612
cluster,graph+native0,1ZVA,cluster_1ZVA,1,75,0.5009127322409331,0.5665187217547565,0.8704277468814816
cluster,graph+native0,2A50,cluster_2A50,4,457,0.542934320075076,0.6021134049764685,0.8601085789258013
cluster,graph+native0,2AGK,cluster_2AGK,2,233,0.671049260000181,0.7132043466977814,0.7455129865471823
cluster,graph+native0,2AH1,cluster_2AH1,5,939,0.523640866456742,0.5293602034670052,0.8691071518434703
cluster,graph+native0,2B0A,cluster_2B0A,4,186,0.6275193094050208,0.6552668165473793,0.785282547825167
cluster,graph+native0,2BCM,cluster_2BCM,4,413,0.5654132777833379,0.5054768726977587,0.8262932694420495
cluster,graph+native0,2BF9,cluster_2BF9,5,36,0.5711524300177079,0.4346483051667239,0.8425699394854319
cluster,graph+native0,2BRF,cluster_2BRF,4,100,0.7502701965138273,0.6930462547397996,0.6994250182209225
cluster,graph+native0,2C71,cluster_2C71,5,205,0.6457775098064731,0.6760261052416195,0.8034147775963778
cluster,graph+native0,2CE0,cluster_2CE0,2,99,0.6010171853981842,0.5785097390599903,0.8000675660602412
cluster,graph+native0,2CG7,cluster_2CG7,5,90,0.48153738029687365,0.46674404452749685,0.8864826239137424
cluster,graph+native0,2COV,cluster_2COV,3,534,0.7861140403626315,0.739143205659038,0.6322010023009594
cluster,graph+native0,2CWS,cluster_2CWS,4,227,0.6924938380305292,0.7235744937476513,0.7373783087706747
cluster,graph+native0,2D5W,cluster_2D5W,5,1214,0.6958337584698934,0.6612046884564843,0.7329304207692017
cluster,graph+native0,2DKO,cluster_2DKO,2,253,0.7987262228638154,0.682484811916035,0.6054073944192929
cluster,graph+native0,2DPL,cluster_2DPL,5,565,0.4601554779319982,0.5167248138450575,0.9019307791323942
cluster,graph+native0,2DSX,cluster_2DSX,4,52,0.3778694459725886,0.26403978794343286,0.9262290052894387
cluster,graph+native0,2E10,cluster_2E10,5,439,0.7778557325306845,0.7996663414714212,0.6384009326645713
cluster,graph+native0,2E3H,cluster_2E3H,4,81,0.7122033254276652,0.6994816901605065,0.7029648211066517
cluster,graph+native0,2EAQ,cluster_2EAQ,4,89,0.6728274794937767,0.4603565759216238,0.7548076245195905
cluster,graph+native0,2EHP,cluster_2EHP,3,248,0.7845155412310895,0.7988308144723588,0.6410328003281385
cluster,graph+native0,2EHS,cluster_1X3O,3,75,0.6815006206306178,0.6963114696503863,0.7542553593689474
cluster,graph+native0,2ERW,cluster_2ERW,3,53,0.2856178366592166,0.11079528293621566,1.0169196896694468
cluster,graph+native0,2ETX,cluster_2ETX,1,389,0.5367366219961418,0.5559814232799224,0.8537421040756502
cluster,graph+native0,2FB6,cluster_2FB6,5,116,0.7802751522901546,0.6834486329165246,0.6897080497548131
cluster,graph+native0,2FG1,cluster_2FG1,1,157,0.6295755708682498,0.5540588837081785,0.7795018381532064
cluster,graph+native0,2FN9,cluster_2FN9,2,560,0.5941265640265799,0.5748888351979693,0.8055985713227493
cluster,graph+native0,2FQ3,cluster_2FQ3,2,85,0.6907334974890365,0.704670705491499,0.7451262837228296
cluster,graph+native0,2G69,cluster_2G69,1,99,0.6119702180313566,0.625390385852317,0.8181704305306194
cluster,graph+native0,2G7O,cluster_2G7O,2,68,0.7262957636056039,0.3944608287020856,0.7256355627953247
cluster,graph+native0,2G7S,cluster_2G7S,1,190,0.6237199726346014,0.5938422495904653,0.7965181422031067
cluster,graph+native0,2GKG,cluster_2GKG,5,122,0.7059205630490865,0.5382647920030957,0.7357410946232622
cluster,graph+native0,2GOM,cluster_2GOM,4,121,0.5816213688332247,0.4477886447512247,0.8217429274919476
cluster,graph+native0,2GXG,cluster_2GXG,1,140,0.7133103410936715,0.7024260534442612,0.7223771391623434
cluster,graph+native0,2GZQ,cluster_2GZQ,5,191,0.43913926130740405,0.3722313463866503,0.9162670505904319
cluster,graph+native0,2HQK,cluster_2HQK,1,213,0.8051381550537793,0.7607892590982169,0.6685971627372478
cluster,graph+native0,2HYK,cluster_2HYK,1,237,0.6198164400379576,0.5935133432849082,0.7889332010405102
cluster,graph+native0,2I24,cluster_2I24,4,113,0.5253943044809873,0.48319872924240764,0.8526903059395909
cluster,graph+native0,2I49,cluster_2I49,3,398,0.6785714989410011,0.6737289371725624,0.74787381943949
cluster,graph+native0,2IBL,cluster_2IBL,2,108,0.6572207299655786,0.6714809354956046,0.8758442535989829
cluster,graph+native0,2IGD,cluster_2IGD,1,61,0.5012599532890561,0.512652370680814,0.8713341528346908
cluster,graph+native0,2IMF,cluster_2IMF,3,203,0.6358264829485479,0.6285037604091658,0.7733452638285646
cluster,graph+native0,2IP6,cluster_2IP6,5,87,0.6052694487685323,0.3867351960836987,0.8018999583635826
cluster,graph+native0,2IVY,cluster_2IVY,3,88,0.5023479704372837,0.4410346725756222,0.8765745021454431
cluster,graph+native0,2J32,cluster_2J32,4,244,0.8248107530168607,0.7085942803630787,0.5886923513984245
cluster,graph+native0,2J9W,cluster_2J9W,1,200,0.6933902228529157,0.6716763257386444,0.7339562933024192
cluster,graph+native0,2JKU,cluster_2JKU,1,35,0.4824423302778102,0.31738917368960323,0.949517110455044
cluster,graph+native0,2JLI,cluster_2JLI,4,100,0.5966498659429464,0.4939197644004149,0.8054293994846827
cluster,graph+native0,2JLJ,cluster_2JLI,4,115,0.751415261849588,0.6226709514849585,0.6804897292517877
cluster,graph+native0,2MCM,cluster_1NOA,4,112,0.7564286859463804,0.7207395749172509,0.7091005300883358
cluster,graph+native0,2NLS,cluster_2NLS,2,36,0.4368234736129054,0.357014157014157,0.8997554132692126
cluster,graph+native0,2NR7,cluster_2NR7,4,194,0.8176222988860489,0.7259554738306068,0.618526821618423
cluster,graph+native0,2NUH,cluster_1KR4,3,104,0.6560501245363481,0.5614567608223648,0.7621199806927682
cluster,graph+native0,2O6X,cluster_2O6X,2,306,0.7901981764509541,0.7911422477722927,0.6239985415148217
cluster,graph+native0,2OA2,cluster_2OA2,4,132,0.4802819519335257,0.3795752408258288,0.883698809185496
cluster,graph+native0,2OCT,cluster_2OCT,4,192,0.5334087559662606,0.541043754418697,0.8670893033003264
cluster,graph+native0,2OHW,cluster_2OHW,4,256,0.6035086419347088,0.6766095243035786,0.8101439241987703
cluster,graph+native0,2OKT,cluster_2OKT,5,342,0.3891483067318382,0.38817035766190916,0.9552833733801736
cluster,graph+native0,2OL9,cluster_2OL9,1,6,0.9002022494640599,0.7142857142857143,0.4849085227096505
cluster,graph+native0,2OLX,cluster_2OLX,3,4,0.8987894298187911,0.7999999999999999,0.731215082520729
cluster,graph+native0,2PKT,cluster_2PKT,1,91,0.008449063045031131,0.04184733489712643,1.1017725622170005
cluster,graph+native0,2PLT,cluster_2PLT,2,98,0.46012421404169734,0.5158433642867261,0.8969888961692236
cluster,graph+native0,2PMR,cluster_2PMR,4,76,0.6635012305561083,0.7334891796882207,0.7642946657642634
cluster,graph+native0,2POF,cluster_2POF,4,440,0.6796346379114059,0.7080667551019488,0.7375139502431541
cluster,graph+native0,2PPN,cluster_2PPN,5,107,0.6325887320226291,0.7349217003345498,0.7933136831775308
cluster,graph+native0,2PSF,cluster_2PSF,4,608,0.5112505597331313,0.46414160361862605,0.8667284432686891
cluster,graph+native0,2PTH,cluster_2PTH,3,193,0.7207593569843448,0.7918775667504185,0.7123062764513424
cluster,graph+native0,2Q4N,cluster_2Q4N,2,153,0.6884798246566677,0.5705521318799197,0.7340157502534924
cluster,graph+native0,2Q52,cluster_1WBE,3,412,0.7606861011580573,0.7474783586792747,0.6726979168365897
cluster,graph+native0,2QJL,cluster_2QJL,5,99,0.5955785366938745,0.6663491959363534,0.8166221037841255
cluster,graph+native0,2R16,cluster_2R16,1,175,0.5491013428681323,0.4340924536967541,0.847643284652699
cluster,graph+native0,2R6Q,cluster_2R6Q,3,138,0.5533316812040814,0.42384916413847645,0.8403927770400548
cluster,graph+native0,2RB8,cluster_2RB8,4,93,0.6210715071744998,0.5346403913151108,0.7864907347390298
cluster,graph+native0,2RE2,cluster_2RE2,2,238,0.6609570187733148,0.46614925028043247,0.7520759359530154
cluster,graph+native0,2RFR,cluster_2RFR,2,154,0.6651222348310866,0.44056460491193067,0.7473009274989105
cluster,graph+native0,2V9V,cluster_2V9V,1,135,0.5349357504417616,0.45061958740804736,0.8458246267895083
cluster,graph+native0,2VE8,cluster_2VE8,1,515,0.7064494780012845,0.6175280008911366,0.7151461545907569
cluster,graph+native0,2VH7,cluster_2VH7,5,94,0.7366796059374499,0.71321128242629,0.6992731928141187
cluster,graph+native0,2VIM,cluster_2VIM,5,104,0.3855646438321878,0.39754611048705585,0.9336376388592709
cluster,graph+native0,2VPA,cluster_2VPA,2,204,0.7503094472811231,0.7703763805159115,0.7680862449638317
cluster,graph+native0,2VQ4,cluster_2VQ4,4,106,0.7040005913726953,0.7850684834445152,0.7124049349217361
cluster,graph+native0,2VY8,cluster_2VY8,5,149,0.7476472679106063,0.7416679893846503,0.6736366060969851
cluster,graph+native0,2VYO,cluster_2C71,5,206,0.6891081183471026,0.7289160968098003,0.7370808156427323
cluster,graph+native0,2W1V,cluster_2W1V,5,548,0.698945724824081,0.7596230867383795,0.7287506254397199
cluster,graph+native0,2W2A,cluster_2W2A,3,350,0.6261556160556635,0.6643961427321312,0.7802728706342003
cluster,graph+native0,2W6A,cluster_2W6A,3,117,0.792776713396158,0.5255816568710217,0.63389488417574
cluster,graph+native0,2WJ5,cluster_2WJ5,2,96,0.5871540446631066,0.5802071394406343,0.8452878430024963
cluster,graph+native0,2WUJ,cluster_2WUJ,1,100,0.4985461507431562,0.23559697328340923,0.8690587818158336
cluster,graph+native0,2WW7,cluster_2WW7,3,150,0.4848659033153221,0.5438239043907276,0.9412299222407082
cluster,graph+native0,2WWE,cluster_2WWE,4,111,0.5563865334887497,0.49978500679849236,0.8323126416403727
cluster,graph+native0,2X1Q,cluster_2X1Q,5,240,0.44899107035333075,0.37967019082934667,0.9083819975488259
cluster,graph+native0,2X25,cluster_2X25,2,168,0.6468635281653321,0.7066125141336155,0.7803922793601042
cluster,graph+native0,2X3M,cluster_2X3M,3,166,0.7231684515647023,0.5947780963488185,0.7285596710236728
cluster,graph+native0,2X5Y,cluster_2X5Y,4,171,0.7143487964975349,0.6924568163154707,0.7166965673056885
cluster,graph+native0,2X9Z,cluster_2X9Z,5,262,0.5828558658010414,0.6058272619579562,0.8131169189374268
cluster,graph+native0,2XHF,cluster_2XHF,5,310,0.604363184644681,0.6443149316357271,0.7975367880874397
cluster,graph+native0,2Y0T,cluster_2Y0T,3,101,0.7910489507447077,0.7531370763345029,0.6376956071967597
cluster,graph+native0,2Y72,cluster_2Y72,5,170,0.7367265752911333,0.6990887213422488,0.693691244838308
cluster,graph+native0,2Y7L,cluster_2Y7L,4,319,0.7083593705318829,0.6682953743146682,0.7161606931775336
cluster,graph+native0,2Y9F,cluster_2Y9F,4,149,0.7815967896988248,0.8508226963087863,0.6258476573982292
cluster,graph+native0,2YLB,cluster_2YLB,2,400,0.7644584927801701,0.8067290231694347,0.6495380933290722
cluster,graph+native0,2YNY,cluster_2YNY,1,315,0.7188127009316955,0.6661452848862105,0.7223451822173794
cluster,graph+native0,2ZCM,cluster_2ZCM,1,357,0.4473966529837766,0.37545301214890614,0.8965203277342606
cluster,graph+native0,2ZU1,cluster_2ZU1,2,360,0.7194231867691805,0.7556459859634019,0.697710165190507
cluster,graph+native0,3A0M,cluster_3A0M,1,148,0.6643937846032187,0.5508478184251637,0.77549898919267
cluster,graph+native0,3A7L,cluster_3A7L,4,128,0.7070531290291171,0.6010203177162046,0.7288590455301537
cluster,graph+native0,3AMC,cluster_3AMC,2,614,0.7093150196893327,0.7616252146066051,0.7337372027438852
cluster,graph+native0,3AUB,cluster_3AUB,1,116,0.6070561665423607,0.640494533546773,0.8004153920314339
cluster,graph+native0,3B5O,cluster_3B5O,1,230,0.618506980812645,0.6113831778988277,0.7861413083812817
cluster,graph+native0,3BA1,cluster_3BA1,4,312,0.6450042512827415,0.573900040777428,0.765012135239247
cluster,graph+native0,3BED,cluster_3BED,1,261,0.8014593573907252,0.825112871864362,0.619160095335238
cluster,graph+native0,3BQX,cluster_3BQX,4,139,0.4615445835311333,0.4555280123422257,0.9180508119984272
cluster,graph+native0,3BZQ,cluster_3BZQ,3,99,0.5730420139587259,0.5464721488796455,0.8220167089750962
cluster,graph+native0,3BZZ,cluster_3BZZ,5,100,0.4410542182372375,0.4115477973742396,0.9182154526995302
cluster,graph+native0,3DRF,cluster_3DRF,4,547,0.5362415847271593,0.5402201252867671,0.8449590018060293
cluster,graph+native0,3DWV,cluster_3DWV,2,325,0.6065896020659299,0.6855495474861273,0.8071412661950793
cluster,graph+native0,3E5T,cluster_2HQK,1,228,0.5133749652657452,0.42257233792606624,0.8632124190557263
cluster,graph+native0,3E7R,cluster_3E7R,4,40,0.6702107154398901,0.7542337176534257,0.805971933421693
cluster,graph+native0,3EUR,cluster_3EUR,3,140,0.3806076112120538,0.3625791864186813,0.9410918857566226
cluster,graph+native0,3F2Z,cluster_3F2Z,3,149,0.7907549596239168,0.75455978485917,0.6393614990690858
cluster,graph+native0,3F7E,cluster_3F7E,3,254,0.7650928828158289,0.8071538482124092,0.6578061522347165
cluster,graph+native0,3FCN,cluster_3FCN,1,158,0.6182552444747383,0.5458033266860455,0.7880340221389835
cluster,graph+native0,3FE7,cluster_3FE7,3,91,0.49183817599245083,0.5354897534593677,0.8716693658439985
cluster,graph+native0,3FKE,cluster_3FKE,5,250,0.5329298382146954,0.5188472586989586,0.8548403970531046
cluster,graph+native0,3FMY,cluster_3FMY,2,66,0.6001134386571796,0.6273588845722297,0.8011263966910736
cluster,graph+native0,3FOD,cluster_3FOD,1,48,0.44562753388688364,0.4853715471515485,1.057063369113123
cluster,graph+native0,3FSO,cluster_3FSO,2,221,0.8059154706729907,0.575866849603235,0.603695206041236
cluster,graph+native0,3FTD,cluster_3FTD,1,240,0.702149017218669,0.6674587838675764,0.7266896674692137
cluster,graph+native0,3FVA,cluster_3FVA,1,6,0.7974932228966812,0.8355727485873495,0.6709114995611833
cluster,graph+native0,3G1S,cluster_3G1S,1,418,0.6315654034865616,0.6993856598601411,0.7820743518604554
cluster,graph+native0,3GBW,cluster_3GBW,4,161,0.766849922850774,0.8383894225328617,0.6691624361149904
cluster,graph+native0,3GHJ,cluster_3GHJ,5,116,0.5476696744702295,0.5027467141340117,0.8390286963793548
cluster,graph+native0,3HFO,cluster_3HFO,4,197,0.6643889980230466,0.6779803348706099,0.7521657492611517
cluster,graph+native0,3HHP,cluster_3HHP,5,1234,0.7486466799384578,0.7945543164020712,0.6787278189303696
cluster,graph+native0,3HNY,cluster_3HNY,5,156,0.7027553911632849,0.7214253765636256,0.7156406671684592
cluster,graph+native0,3HP4,cluster_3HP4,4,183,0.5360310680805288,0.4535312637068955,0.8487185009532013
cluster,graph+native0,3HWU,cluster_3HWU,2,144,0.7444210493791172,0.7403495552276886,0.6689734233050708
cluster,graph+native0,3HYD,cluster_3HYD,5,7,0.9106325545359377,0.5714285714285715,0.5126294665404393
cluster,graph+native0,3HZ8,cluster_3HZ8,2,192,0.48387409537080384,0.44899256745464083,0.8885876929534477
cluster,graph+native0,3I2V,cluster_3I2V,3,124,0.39654568744407215,0.399842013175588,0.9585607298421499
cluster,graph+native0,3I2Z,cluster_3I2Z,5,138,0.5598752763274466,0.5564577903747495,0.8361911222977945
cluster,graph+native0,3I4O,cluster_3I4O,1,135,0.7359895244012885,0.7159937713641056,0.6786660324908108
cluster,graph+native0,3I7M,cluster_3I7M,2,134,0.6530186985285037,0.5807964807664833,0.7600529780166698
cluster,graph+native0,3IHS,cluster_1OPD,2,169,0.5939739792015938,0.4978481764956974,0.8106314425034548
cluster,graph+native0,3IVV,cluster_3IVV,4,149,0.7740272543084172,0.7647926834404887,0.6428186385416285
cluster,graph+native0,3K6Y,cluster_3K6Y,2,227,0.6044897306972082,0.6109345244336318,0.8040109808513622
cluster,graph+native0,3KBE,cluster_3KBE,5,140,0.6690402399156097,0.6691566059705727,0.7435466620684885
cluster,graph+native0,3KGK,cluster_3KGK,2,190,0.7820860110760939,0.7700976226378591,0.6334986893516548
cluster,graph+native0,3KZD,cluster_3KZD,3,85,0.6242783535660203,0.634276948004052,0.7858285035724696
cluster,graph+native0,3L41,cluster_2ETX,1,220,0.6842981327016407,0.6758934541257183,0.732333815561674
cluster,graph+native0,3LAA,cluster_3LAA,3,169,0.6249645138618349,0.5460160946540803,0.8572857501999234
cluster,graph+native0,3LAX,cluster_3LAX,3,106,0.7727371391018651,0.7436537546154467,0.6579856616335045
cluster,graph+native0,3LG3,cluster_3LG3,4,833,0.6229296629625037,0.6232514789450156,0.8094985315831219
cluster,graph+native0,3LJI,cluster_3LJI,5,272,0.6084788427051138,0.5394096795952141,0.7947390894763615
cluster,graph+native0,3M3P,cluster_3M3P,1,249,0.6164891468549535,0.6401749111768481,0.7875801645563679
cluster,graph+native0,3M8J,cluster_3M8J,1,178,0.6878441970692867,0.7330057887869936,0.7290827010761541
cluster,graph+native0,3M9J,cluster_3M9J,3,210,0.5096365750999335,0.5215017188729969,0.8645985524243472
cluster,graph+native0,3M9Q,cluster_3M9Q,2,176,0.45157002693725135,0.5247990984076625,0.951495856521988
cluster,graph+native0,3MAB,cluster_1OPD,2,173,0.6510162645216953,0.5647734232528373,0.7596637120624534
cluster,graph+native0,3MD4,cluster_3MD4,2,12,0.7181292843515211,0.8756580854229329,0.7359701209795582
cluster,graph+native0,3MD5,cluster_3MD5,5,12,0.7070641238680683,0.6573426573426573,1.0419034342437918
cluster,graph+native0,3MEA,cluster_3MEA,2,166,0.6798614953952973,0.7338296058398798,0.7498808937410396
cluster,graph+native0,3MGN,cluster_3MGN,2,348,0.14777534888123722,0.1952392152128968,1.201468856089112
cluster,graph+native0,3MRE,cluster_3MRE,5,383,0.6719824814290054,0.7401300384766253,0.7535023415368552
cluster,graph+native0,3N11,cluster_3N11,1,325,0.5511532793519776,0.61440383496368,0.8413338422013764
cluster,graph+native0,3NE0,cluster_3NE0,1,208,0.6861475175589886,0.7022402161909616,0.7346197423962717
cluster,graph+native0,3NGG,cluster_3NGG,1,94,0.7145618829582132,0.5955105697555969,0.7353814204263298
cluster,graph+native0,3NPV,cluster_3NPV,5,495,0.6034404028687792,0.5747650428102629,0.8049423568205428
cluster,graph+native0,3NVG,cluster_3NVG,2,6,0.6855935150359637,0.6571428571428573,0.8201653574211308
cluster,graph+native0,3NZL,cluster_3NZL,5,73,0.5676166481927857,0.5868359555302897,0.8250624837303961
cluster,graph+native0,3O0P,cluster_3O0P,5,194,0.7195550509417749,0.7270829686800669,0.6947800687070401
cluster,graph+native0,3O5P,cluster_3O5P,5,128,0.7126401770437398,0.6701268826838812,0.7048621865579745
cluster,graph+native0,3OBQ,cluster_3OBQ,2,150,0.6642446298733746,0.41430506763592606,0.7486734129981636
cluster,graph+native0,3OQY,cluster_3OQY,3,234,0.6343202344136025,0.5981008093950573,0.7866152889529501
cluster,graph+native0,3P6J,cluster_3P6J,3,125,0.8091958175954883,0.7698511204515243,0.6073251449978917
cluster,graph+native0,3PD7,cluster_3PD7,5,188,0.6955132705116671,0.7446713021795399,0.7231528702017804
cluster,graph+native0,3PES,cluster_3PES,3,165,0.620044397724584,0.5730427279514617,0.8022527099714206
cluster,graph+native0,3PID,cluster_3PID,4,387,0.5517303905700314,0.4979367769663672,0.8426517510140776
cluster,graph+native0,3PIW,cluster_3PIW,5,154,0.7485477651480196,0.7190400226217848,0.6847777931541003
cluster,graph+native0,3PKV,cluster_3PKV,3,221,0.5552129102073826,0.6090189117946775,0.8325060454181265
cluster,graph+native0,3PSM,cluster_3PSM,4,94,0.8271422635757181,0.8811383324740596,0.5842552165204224
cluster,graph+native0,3PTL,cluster_3PTL,4,289,0.5316405404237137,0.6276121380623637,0.8829778437186996
cluster,graph+native0,3PVE,cluster_3PVE,1,347,0.698109651089392,0.7206857459163583,0.7276740692518384
cluster,graph+native0,3PZ9,cluster_3PZ9,4,357,0.7049389555915345,0.6975481959633832,0.7203189302973495
cluster,graph+native0,3PZZ,cluster_3PZZ,2,12,0.88672251682125,0.8601398601398602,0.6376521200407316
cluster,graph+native0,3Q2X,cluster_3Q2X,4,6,0.8744628632456407,0.6,0.5123921562543751
cluster,graph+native0,3Q6L,cluster_3Q6L,2,131,0.5968332513739806,0.5841325173912891,0.8057323928954895
cluster,graph+native0,3QDS,cluster_3QDS,1,284,0.7112048889576619,0.7152158945898428,0.7280029948236882
cluster,graph+native0,3QPA,cluster_3QPA,5,197,0.4666418406037605,0.6946248771182235,0.9131222775098199
cluster,graph+native0,3R6D,cluster_3R6D,4,221,0.6824155960693897,0.7645970266906746,0.7377192227466783
cluster,graph+native0,3R87,cluster_3R87,5,132,0.42092309052968474,0.3655124014273071,0.9111502864870707
cluster,graph+native0,3RQ9,cluster_3RQ9,1,162,0.49031416554239177,0.5856597883665017,0.9394088422252475
cluster,graph+native0,3RY0,cluster_3RY0,1,128,0.6274623470950108,0.5899471391532218,0.7867654102285553
cluster,graph+native0,3RZY,cluster_3Q6L,2,139,0.6951845683860396,0.6104468459416931,0.7309896181410113
cluster,graph+native0,3S0A,cluster_3S0A,2,119,0.5418892046133851,0.5582292994679332,0.8445037721803087
cluster,graph+native0,3SD2,cluster_3SD2,1,86,0.4264525440107286,0.506264623947977,0.9142230698375833
cluster,graph+native0,3SEB,cluster_3SEB,3,238,0.6407655343025416,0.767785518081791,0.7754865609220195
cluster,graph+native0,3SED,cluster_3SED,2,124,0.676929849552696,0.6667841603995553,0.7709794824449994
cluster,graph+native0,3SO6,cluster_3SO6,1,150,0.6955443234414369,0.6878754638190834,0.726641274965259
cluster,graph+native0,3SR3,cluster_3SR3,5,637,0.577653444657734,0.5905780765175451,0.8217578800005771
cluster,graph+native0,3SUK,cluster_3SUK,2,248,0.6434060368491147,0.6465558935949866,0.7732437832903888
cluster,graph+native0,3SZH,cluster_3SZH,2,697,0.7717683581859011,0.77383184656666,0.6421818934920069
cluster,graph+native0,3T0H,cluster_3T0H,5,208,0.7598360595418712,0.8019478928493108,0.6568455212627617
cluster,graph+native0,3T3K,cluster_3T3K,3,122,0.7542040156768383,0.8030487534185696,0.6737081038116963
cluster,graph+native0,3T47,cluster_3T47,4,141,0.5245760631352998,0.5075185958443397,0.8595961476894762
cluster,graph+native0,3TDN,cluster_3TDN,3,357,0.49314146300665707,0.5008551203644163,0.8742580032738457
cluster,graph+native0,3TOW,cluster_3TOW,1,152,0.5507911730193406,0.6989215161306308,0.8491509282078441
cluster,graph+native0,3TUA,cluster_3TUA,2,210,0.6354061794631688,0.7738651045067338,0.779046789570612
cluster,graph+native0,3TYS,cluster_3TYS,3,75,0.7184585700079396,0.692210304982981,0.7454923282006212
cluster,graph+native0,3U6G,cluster_3U6G,4,248,0.6216242122568737,0.6083195013352857,0.7864112064374871
cluster,graph+native0,3U97,cluster_3U97,5,77,0.703229782822195,0.7031482090650202,0.7192725047226104
cluster,graph+native0,3UCI,cluster_3UCI,3,72,0.526627922959042,0.4903852337770918,0.8807324258857794
cluster,graph+native0,3UR8,cluster_3UR8,4,637,0.6932471175412767,0.6546692487785777,0.7250762753623399
cluster,graph+native0,3US6,cluster_3US6,5,148,0.6289464387183826,0.49481555519893194,0.7958572247063563
cluster,graph+native0,3V1A,cluster_3V1A,5,48,0.3913814368461692,0.4553251573896841,0.9236524533515283
cluster,graph+native0,3V75,cluster_3V75,2,285,0.5829262877576361,0.5263498529382318,0.8180393966236942
cluster,graph+native0,3VN0,cluster_3VN0,1,193,0.8317846327407851,0.646167097479292,0.6234503037713617
cluster,graph+native0,3VOR,cluster_3VOR,5,182,0.5500075155374266,0.5481052320151104,0.8500649754034172
cluster,graph+native0,3VUB,cluster_3VUB,3,101,0.5693023274278135,0.6341795817206086,0.8364143129104178
cluster,graph+native0,3VVV,cluster_3VVV,1,108,0.758889294709427,0.5562576364589418,0.6832007641147267
cluster,graph+native0,3VZ9,cluster_3VZ9,5,163,0.7362281778854397,0.7376435127757688,0.6862229728712412
cluster,graph+native0,3W4Q,cluster_1ES5,3,773,0.7034665844235369,0.7139508725634369,0.7285695289004441
cluster,graph+native0,3ZBD,cluster_3ZBD,1,213,0.4863368840182238,0.460384872583726,0.8818969407789875
cluster,graph+native0,3ZIT,cluster_3ZIT,3,152,0.426101551239885,0.4454430279217808,0.9213433130102779
cluster,graph+native0,3ZRX,cluster_3ZRX,3,221,0.5787461021363929,0.5772649789876085,0.8155996490916995
cluster,graph+native0,3ZSL,cluster_3ZSL,2,138,0.682800406065672,0.5616447270856555,0.7413062482447729
cluster,graph+native0,3ZZP,cluster_3ZZP,2,74,0.5374335795460103,0.5520300341243759,0.8438352509306841
cluster,graph+native0,3ZZY,cluster_3ZZY,3,226,0.7293200000941856,0.6164292917237607,0.6892023079410311
cluster,graph+native0,4A02,cluster_4A02,2,166,0.5228829225555861,0.6417672769137255,0.8679165952104096
cluster,graph+native0,4ACJ,cluster_4ACJ,1,167,0.755992198051824,0.8037214853958526,0.6865731481304045
cluster,graph+native0,4AE7,cluster_4AE7,3,186,0.7342582775877471,0.7007895087848933,0.6849041465652111
cluster,graph+native0,4AM1,cluster_4AM1,4,345,0.5823733526709719,0.5936507458758468,0.8133438966125983
cluster,graph+native0,4ANN,cluster_4ANN,3,176,0.5648694313004801,0.5737976910587761,0.8315305751051233
cluster,graph+native0,4AVR,cluster_4AVR,1,188,0.6375266396105637,0.752635438151634,0.7999407660098261
cluster,graph+native0,4AXY,cluster_4AXY,4,54,0.6395558345327179,0.5765418926198235,0.7777509163265506
cluster,graph+native0,4B6G,cluster_4B6G,3,558,0.7238577999192795,0.7350616917539377,0.7011616425432203
cluster,graph+native0,4B9G,cluster_4B9G,5,292,0.7900888935547269,0.7788186386205461,0.6318405187472527
cluster,graph+native0,4DD5,cluster_4DD5,1,387,0.6033759277359033,0.6538345815274736,0.8085066454504153
cluster,graph+native0,4DKN,cluster_4DKN,3,423,0.7147725813093551,0.7260397896394677,0.726847819041565
cluster,graph+native0,4DND,cluster_4DND,3,95,0.740902660507222,0.6655818364466721,0.6747167112755762
cluster,graph+native0,4DPZ,cluster_4DPZ,1,109,0.7215109689032678,0.6728045687200626,0.7095673537560588
cluster,graph+native0,4DQ7,cluster_4DQ7,3,328,0.717391207141922,0.735697412311651,0.7088802770326271
cluster,graph+native0,4DT4,cluster_4DT4,4,160,0.7706963182659525,0.7412171090504499,0.7056392495990947
cluster,graph+native0,4EK3,cluster_4EK3,3,287,0.6764352398696799,0.6939014870796154,0.7451828457180268
cluster,graph+native0,4ERY,cluster_4ERY,2,318,0.7141189722298844,0.7587448071209643,0.722075801974565
cluster,graph+native0,4ES1,cluster_4ES1,1,95,0.7303609512123812,0.6865509725492427,0.724259473450771
cluster,graph+native0,4EUG,cluster_4EUG,1,225,0.5758654517617966,0.6302623483509326,0.8179528123493217
cluster,graph+native0,4F01,cluster_4F01,3,448,0.32201806547225775,0.5008834021885914,1.0082635796273784
cluster,graph+native0,4F3J,cluster_4F3J,3,143,0.6135298142253225,0.5698450577941708,0.7945925521409897
cluster,graph+native0,4FR9,cluster_4FR9,2,141,0.6147523406016983,0.6257705875531189,0.7985604745969397
cluster,graph+native0,4G14,cluster_4G14,1,15,0.5193084957263743,0.5642857142857142,0.9076561730488318
cluster,graph+native0,4G2E,cluster_4G2E,4,151,0.7531801982568022,0.7826446878963155,0.6645520074933333
cluster,graph+native0,4G5X,cluster_4G5X,1,550,0.7174086569043887,0.733501690081644,0.7086731860231343
cluster,graph+native0,4G6C,cluster_4G6C,3,658,0.5907927310640877,0.5577437183642654,0.8141049398582504
cluster,graph+native0,4G7X,cluster_4G7X,3,194,0.6194529397061296,0.5434527407431636,0.8027598931822175
cluster,graph+native0,4GA2,cluster_4GA2,5,144,0.5269223600951368,0.5496646156487428,0.8512346062748927
cluster,graph+native0,4GMQ,cluster_4GMQ,5,92,0.6100187525551357,0.6010357104326247,0.7939970780925124
cluster,graph+native0,4GS3,cluster_4GS3,3,90,0.5111659831448323,0.6671029399562715,0.9275509893886473
cluster,graph+native0,4H4J,cluster_4H4J,4,236,0.8056360791166657,0.8371103619889892,0.6192064466736016
cluster,graph+native0,4H89,cluster_4H89,4,168,0.6375502911104745,0.591123324014522,0.7730057442440614
cluster,graph+native0,4HDE,cluster_4HDE,5,168,0.7524366646105277,0.7892781058447388,0.6795370511585274
cluster,graph+native0,4HJP,cluster_4HJP,4,281,0.6980917526092405,0.7789714728317345,0.726650264532201
cluster,graph+native0,4HWM,cluster_4HWM,4,117,0.6337317497853968,0.5969825487028526,0.7828498802137115
cluster,graph+native0,4IL7,cluster_4IL7,2,85,0.4146790630571831,0.35979440879584373,0.9255014503659248
cluster,graph+native0,4J11,cluster_4J11,5,357,0.633840578402107,0.5227528048798765,0.7821616397064101
cluster,graph+native0,4J5O,cluster_4J5O,2,220,0.7397354063143221,0.6209702981508369,0.6789955767971918
cluster,graph+native0,4J5Q,cluster_2FG1,1,146,0.7091527992346582,0.7523849921299751,0.7153049120180358
cluster,graph+native0,4J78,cluster_4J78,3,305,0.6436130895813778,0.7554994583192937,0.7695607943680034
cluster,graph+native0,4JG2,cluster_4JG2,2,185,0.7760336724009657,0.8086339758050336,0.677398469636944
cluster,graph+native0,4JVU,cluster_4JVU,4,207,0.7137742816426734,0.8065807542768958,0.7119195610783442
cluster,graph+native0,4JYP,cluster_4JYP,2,534,0.6364246788903376,0.7098929919520997,0.7750360413660333
cluster,graph+native0,4KEF,cluster_4KEF,3,133,0.4886888461967229,0.4399912773190033,0.8980489344750421
cluster,graph+native0,5CYT,cluster_1CCR,5,103,0.3696363232519724,0.31418020072179653,0.9314576428506841
cluster,graph+native0,6RXN,cluster_6RXN,1,45,0.5492909515937139,0.5525691699604742,0.8640958094859486
cluster,center0,1ABA,cluster_1ABA,4,87,0.6713994045533033,0.7050530824551192,0.7967819433406528
cluster,center0,1AHO,cluster_1AHO,3,64,0.6126046387124546,0.6883320551281455,0.8319826790870866
cluster,center0,1AIE,cluster_1AIE,4,31,0.44094139583164704,0.28104838709677427,1.0475875024913885
cluster,center0,1AKG,cluster_1AKG,2,16,0.515269465837301,0.5813099439839444,1.3060476597592179
cluster,center0,1ATG,cluster_1ATG,5,231,0.5209517115365636,0.5778569485016883,0.8582863968187427
cluster,center0,1BGF,cluster_1BGF,2,124,0.5207816319041665,0.26526177315914823,0.8797610843346513
cluster,center0,1BX7,cluster_1BX7,2,51,0.4935683785876806,0.2760180995475113,1.0752366031102136
cluster,center0,1BYI,cluster_1BYI,5,224,0.48040133217759207,0.4890230520729919,0.8813865679395493
cluster,center0,1CCR,cluster_1CCR,5,111,0.3623345549970707,0.3335081073780729,0.9487991256451881
cluster,center0,1CYO,cluster_1CYO,2,88,0.5389321527892936,0.5435845054335576,0.960231626721771
cluster,center0,1DF4,cluster_1DF4,5,57,0.8566987322751302,0.7870106300233343,0.6992899326979276
cluster,center0,1E5K,cluster_1E5K,3,188,0.7326843673115525,0.7173781322059848,0.6986337287815351
cluster,center0,1ES5,cluster_1ES5,3,260,0.5499008519756762,0.6093054647271391,0.8550562768168807
cluster,center0,1ETL,cluster_1ETL,3,12,0.3749802447306171,0.4491247217271657,1.2252624563901175
cluster,center0,1ETM,cluster_1ETM,1,12,0.38327095798209726,0.3304015301297404,1.2032100297006847
cluster,center0,1ETN,cluster_1ETN,4,12,0.22644390679725104,0.06282694207384003,1.551761645664628
cluster,center0,1EW4,cluster_1EW4,2,106,0.5760941187245076,0.585587537465061,0.8622747204433546
cluster,center0,1F8R,cluster_1F8R,3,1932,0.6863135260459743,0.6333195400096722,0.7848997515151707
cluster,center0,1FF4,cluster_1FF4,4,65,0.6690871691213142,0.5902162392860996,0.8349655390102565
cluster,center0,1FK5,cluster_1FK5,2,93,0.44033269640310174,0.4179196896768379,0.9105787890047932
cluster,center0,1GCO,cluster_1GCO,4,1044,0.6310665885815304,0.5836266066186171,0.8053253535462118
cluster,center0,1GK7,cluster_1GK7,3,39,0.7794878134091782,0.42380687336021056,0.6564385056091848
cluster,center0,1GVD,cluster_1GVD,3,52,0.7221149209520736,0.5664340143443055,0.8294877453063167
cluster,center0,1GXU,cluster_1GXU,1,88,0.5749312657985902,0.5140253165005364,0.8466727574214279
cluster,center0,1H6V,cluster_1H6V,2,2927,0.49949347690553947,0.49886976775863034,0.8906163860190008
cluster,center0,1HJE,cluster_1HJE,4,13,0.6980093483988278,0.4945054945054945,1.2191807650507867
cluster,center0,1I71,cluster_1I71,3,83,0.5722946207153397,0.6363316737517735,0.8575264077205766
cluster,center0,1IDP,cluster_1IDP,2,441,0.724140810400404,0.8010436078608321,0.7293158090485011
cluster,center0,1IFR,cluster_1IFR,3,113,0.6725890871715271,0.7266606505013702,0.7866886005743376
cluster,center0,1K8U,cluster_1K8U,2,89,0.3753594775932859,0.28278125119957853,1.0126822634688672
cluster,center0,1KMM,cluster_1KMM,4,1499,0.5815311196523502,0.6121846459011167,0.829426737038651
cluster,center0,1KNG,cluster_1KNG,1,144,0.4306161379388391,0.4413980471789506,0.9031161212243528
cluster,center0,1KR4,cluster_1KR4,3,110,0.5407351011856374,0.5608082520845463,0.8651785564259546
cluster,center0,1KYC,cluster_1KYC,5,15,0.6783763700187428,0.7035714285714285,1.140411996354469
cluster,center0,1LR7,cluster_1LR7,1,73,0.6697063569439775,0.7494041512945937,0.8631176839787923
cluster,center0,1MF7,cluster_1MF7,2,194,0.6720155918666352,0.7444018712274899,0.761428480995916
cluster,center0,1N7E,cluster_1N7E,5,95,0.6946551310541323,0.6872062627016027,0.7979474667882819
cluster,center0,1NKD,cluster_1NKD,1,59,0.4881840567981692,0.5832894977524272,0.8736622221569262
cluster,center0,1NKO,cluster_1NKO,1,122,0.5437584440562215,0.7168795034256097,0.8836534144116898
cluster,center0,1NLS,cluster_1NLS,5,237,0.49554680761109815,0.6423304794023865,0.8703017376863006
cluster,center0,1NNX,cluster_1NNX,2,93,0.7153836353234103,0.7454976799146785,0.757442842068156
cluster,center0,1NOA,cluster_1NOA,4,113,0.48607279071201676,0.3731000037718475,0.8925901563910417
cluster,center0,1NOT,cluster_1NOT,3,13,0.7753089675728694,0.6318681318681317,1.3622913566758597
cluster,center0,1O06,cluster_1O06,1,20,0.8844177857499099,0.6586466165413534,0.5815389209537981
cluster,center0,1O08,cluster_1O08,5,221,0.23204725417872363,0.46674143411539326,0.9991250193885464
cluster,center0,1OB4,cluster_1OB4,1,16,0.5528071908684535,0.2911764705882353,1.1178324445470549
cluster,center0,1OB7,cluster_1OB7,4,16,0.6724887467664522,0.8520973609283643,0.991377503771913
cluster,center0,1OPD,cluster_1OPD,2,85,0.29315859883508616,0.4389018902822086,0.9848818433345337
cluster,center0,1P9I,cluster_1P9I,2,29,0.6620518858463206,0.5211822660098521,0.7663337105825514
cluster,center0,1PEF,cluster_1PEF,5,18,0.8498771769492477,0.8740970072239421,0.8115035631272192
cluster,center0,1PEN,cluster_1PEN,5,16,0.3347938285240203,0.2678440754558934,1.310020453296585
cluster,center0,1PMY,cluster_1PMY,4,123,0.5755986207293782,0.538562243257406,0.8318407180429009
cluster,center0,1PZ4,cluster_1PZ4,2,113,0.60619716973875,0.5336779484738123,0.8699165765837948
cluster,center0,1Q9B,cluster_1Q9B,2,43,0.621027081662272,0.7292358803986712,0.8175368068936187
cluster,center0,1QAU,cluster_1QAU,3,112,0.632508355848791,0.6263120242443256,0.8103404894683647
cluster,center0,1QKI,cluster_1QKI,1,3912,0.5424456520962234,0.5647565021322271,0.8405917293760641
cluster,center0,1QTO,cluster_1QTO,2,122,0.552962675971582,0.6148767431135282,0.8684091168943364
cluster,center0,1R29,cluster_1R29,5,122,0.5550458588027747,0.44006232270844087,0.846492929564278
cluster,center0,1R7J,cluster_1R7J,1,90,0.7142782251891879,0.5426191319685327,0.7242969440592729
cluster,center0,1RJU,cluster_1RJU,4,36,0.38186574841224347,0.22419562419562422,1.1432520404966204
cluster,center0,1RRO,cluster_1RRO,5,108,0.1574963694603444,0.11834085582836282,1.0472332411867213
cluster,center0,1SAU,cluster_1SAU,1,114,0.5798910422563135,0.569817740092542,0.8301289924080449
cluster,center0,1TGR,cluster_1TGR,1,104,0.6538471040156857,0.5987565247966528,0.831984404479791
cluster,center0,1TZV,cluster_1TZV,4,141,0.7510149836570683,0.7382712957729664,0.7076900873610793
cluster,center0,1U06,cluster_1U06,2,55,0.3633019393571931,0.248092498101292,1.0052644635630859
cluster,center0,1U7I,cluster_1U7I,3,267,0.7055015685370276,0.7614248193165855,0.7379663977990039
cluster,center0,1U9C,cluster_1U9C,1,221,0.5629545909738577,0.4310039090042795,0.837925488216089
cluster,center0,1UHA,cluster_1UHA,1,82,0.6385532451777547,0.6637969504941215,0.8003614557294708
cluster,center0,1UKU,cluster_1KR4,3,102,0.553438349671969,0.5286627085184884,0.8572494613912415
cluster,center0,1ULR,cluster_1ULR,4,87,0.6195686416093346,0.6076028961377611,0.8196325549861336
cluster,center0,1UOY,cluster_1UOY,5,64,0.6949507531143375,0.6208175460290668,0.7614843814507822
cluster,center0,1USE,cluster_1USE,3,40,0.0764987641707605,-0.0981238273921201,1.1617818258899002
cluster,center0,1USM,cluster_1USM,5,77,0.7189763049797557,0.7158414995783952,0.764784686151774
cluster,center0,1UTG,cluster_1UTG,4,70,0.5258365864819562,0.4992257827658686,0.9092585027792592
cluster,center0,1V05,cluster_1V05,4,96,0.5298832046962307,0.40651663753926676,0.8623345507368432
cluster,center0,1V70,cluster_1V70,4,105,0.5166638018917693,0.5925221341131435,0.8695300044188891
cluster,center0,1VRZ,cluster_1VRZ,3,21,0.7305533970155261,0.8421054409282267,1.2457842617721413
cluster,center0,1W2L,cluster_1W2L,4,97,0.41137091882040955,0.2852822249313774,0.949084747928708
cluster,center0,1WBE,cluster_1WBE,3,204,0.46053851981214633,0.572916409004163,0.903293161482427
cluster,center0,1WHI,cluster_1WHI,1,122,0.4684491419649503,0.6069086529176005,0.9073799294786036
cluster,center0,1WLY,cluster_1WLY,5,322,0.647117461607519,0.690850738357341,0.7810544640154828
cluster,center0,1WPA,cluster_1WPA,2,107,0.5135972018079026,0.30822395895597193,0.8724764220971766
cluster,center0,1X3O,cluster_1X3O,3,80,0.479348406682057,0.39635722197833667,0.9144074062516563
cluster,center0,1XY1,cluster_1XY1,3,16,0.09558329351303682,0.056174204163036826,1.7455646035935954
cluster,center0,1XY2,cluster_1XY2,3,8,0.40765547622639187,0.2545875386086578,1.6122157290718153
cluster,center0,1Y6X,cluster_1Y6X,5,87,0.5183531599223876,0.560839473102495,0.8879376017087507
cluster,center0,1YJO,cluster_1YJO,5,6,0.2629715778154755,0.08571428571428573,1.1362643800955157
cluster,center0,1YZM,cluster_1YZM,5,46,0.7733906375637376,0.7424448022015034,0.7510162675369872
cluster,center0,1Z21,cluster_1Z21,3,96,0.5791049217039712,0.6811382373341922,0.856496915495423
cluster,center0,1ZCE,cluster_1ZCE,2,146,0.780289807875832,0.7710716076400402,0.6796287029599721
cluster,center0,1ZVA,cluster_1ZVA,1,75,0.6236798821313954,0.5269289868551109,0.8228887345150201
cluster,center0,2A50,cluster_2A50,4,457,0.5600085289152443,0.6361048859523919,0.8322549310397858
cluster,center0,2AGK,cluster_2AGK,2,233,0.6261130987191391,0.6663283016595588,0.7901905619183185
cluster,center0,2AH1,cluster_2AH1,5,939,0.5086475896592497,0.5325927007150995,0.9114435445251142
cluster,center0,2B0A,cluster_2B0A,4,186,0.5305251365928929,0.5727074962671813,0.8590659920287154
cluster,center0,2BCM,cluster_2BCM,4,413,0.3715543802983691,0.31558871513543024,0.9469492079692865
cluster,center0,2BF9,cluster_2BF9,5,36,0.4704699160963349,0.6746894923553353,1.0559362405850465
cluster,center0,2BRF,cluster_2BRF,4,100,0.7589634164607807,0.6807145776237199,0.6838674727194856
cluster,center0,2C71,cluster_2C71,5,205,0.5248745797058686,0.6025628123336467,0.8643998550317477
cluster,center0,2CE0,cluster_2CE0,2,99,0.34508076061917864,0.38917972878041257,0.955815362127372
cluster,center0,2CG7,cluster_2CG7,5,90,0.4901614490656694,0.43883044415020644,0.9060351437191312
cluster,center0,2COV,cluster_2COV,3,534,0.6652321434799587,0.6470605445175583,0.7580541203378897
cluster,center0,2CWS,cluster_2CWS,4,227,0.6753284299343579,0.688923810337491,0.759627629551681
cluster,center0,2D5W,cluster_2D5W,5,1214,0.6272014138039607,0.5823529867656381,0.8301087970496193
cluster,center0,2DKO,cluster_2DKO,2,253,0.72589964998918,0.6426654573348717,0.6931291592496454
cluster,center0,2DPL,cluster_2DPL,5,565,0.401986881875471,0.45286991460358006,0.919069710932153
cluster,center0,2DSX,cluster_2DSX,4,52,0.3574947380709223,0.2757796330015483,0.9927344280965464
cluster,center0,2E10,cluster_2E10,5,439,0.7383194420437531,0.749380054891495,0.7068233137640584
cluster,center0,2E3H,cluster_2E3H,4,81,0.6502180458775707,0.7078943509374919,0.7726891220899624
cluster,center0,2EAQ,cluster_2EAQ,4,89,0.637760492531594,0.472299186698186,0.8137003582890879
cluster,center0,2EHP,cluster_2EHP,3,248,0.7398295584672128,0.7733988064739759,0.716908884274363
cluster,center0,2EHS,cluster_1X3O,3,75,0.6637339248956754,0.5940340545985726,0.8800042882975109
cluster,center0,2ERW,cluster_2ERW,3,53,0.13120365336022963,0.13901824438284993,1.073472706368615
cluster,center0,2ETX,cluster_2ETX,1,389,0.5558903002866017,0.535852414942438,0.8318052418831539
cluster,center0,2FB6,cluster_2FB6,5,116,0.7212663864957602,0.650544651855024,0.7519056302660546
cluster,center0,2FG1,cluster_2FG1,1,157,0.5663021069909294,0.4904508027621767,0.8256687662769798
cluster,center0,2FN9,cluster_2FN9,2,560,0.5998945237323622,0.6323445638098699,0.8245480617708683
cluster,center0,2FQ3,cluster_2FQ3,2,85,0.6096504435360762,0.6090873558725817,0.8920978320979686
cluster,center0,2G69,cluster_2G69,1,99,0.5632650353776743,0.5774680115633717,0.8958365877106984
cluster,center0,2G7O,cluster_2G7O,2,68,0.6998665042546095,0.35945448205350217,0.7909949081504203
cluster,center0,2G7S,cluster_2G7S,1,190,0.6044323954552442,0.5482270803414763,0.8214015569494331
cluster,center0,2GKG,cluster_2GKG,5,122,0.5384805897592482,0.5179320259432196,0.844973272185553
cluster,center0,2GOM,cluster_2GOM,4,121,0.4982796472318626,0.3918743384703768,0.8723847757913653
cluster,center0,2GXG,cluster_2GXG,1,140,0.6251807963048444,0.5940457876893428,0.8107050846808409
cluster,center0,2GZQ,cluster_2GZQ,5,191,0.24911482951927913,0.30651314032119303,1.002563631133265
cluster,center0,2HQK,cluster_2HQK,1,213,0.7099687538095666,0.7290510034652029,0.749937502817141
cluster,center0,2HYK,cluster_2HYK,1,237,0.49292848839720627,0.45991741195885666,0.8720941401815583
cluster,center0,2I24,cluster_2I24,4,113,0.45997500225825244,0.41385189942102063,0.8899451657223575
cluster,center0,2I49,cluster_2I49,3,398,0.5498199018677099,0.5877038224382286,0.8513575394200257
cluster,center0,2IBL,cluster_2IBL,2,108,0.4845077880027659,0.5234898050449435,1.0647552167730108
cluster,center0,2IGD,cluster_2IGD,1,61,0.5775683816951076,0.5693170101675578,0.9044721371861928
cluster,center0,2IMF,cluster_2IMF,3,203,0.6917908703168129,0.6581530535337258,0.7474042543263473
cluster,center0,2IP6,cluster_2IP6,5,87,0.33710214655017895,0.25624692442333574,0.9566581815162128
cluster,center0,2IVY,cluster_2IVY,3,88,0.35847143712361584,0.2860715465301834,1.0472237891521698
cluster,center0,2J32,cluster_2J32,4,244,0.7501394401775445,0.6920544825582509,0.6811562879293533
cluster,center0,2J9W,cluster_2J9W,1,200,0.6087977828172607,0.6024101265352416,0.8163833464434778
cluster,center0,2JKU,cluster_2JKU,1,35,-0.19809246503318803,-0.15421248024371279,1.7402560033667325
cluster,center0,2JLI,cluster_2JLI,4,100,0.4948651573647745,0.471135007439798,0.8797166194233893
cluster,center0,2JLJ,cluster_2JLI,4,115,0.658926710852763,0.5481177243954909,0.7678560730582477
cluster,center0,2MCM,cluster_1NOA,4,112,0.7247514728824096,0.6415585913356752,0.7289499613332133
cluster,center0,2NLS,cluster_2NLS,2,36,0.2609464019746827,0.10501930501930504,1.0494145810500513
cluster,center0,2NR7,cluster_2NR7,4,194,0.7184397771290941,0.6385976330964062,0.7352885394580579
cluster,center0,2NUH,cluster_1KR4,3,104,0.5561768042921478,0.5486218173403499,0.8370816847469376
cluster,center0,2O6X,cluster_2O6X,2,306,0.6886440772060602,0.7296625493612656,0.7581517050951468
cluster,center0,2OA2,cluster_2OA2,4,132,0.3862829725157879,0.3813414836727339,0.9281398949414421
cluster,center0,2OCT,cluster_2OCT,4,192,0.4666242466504076,0.5286786192504379,0.8904059077374571
cluster,center0,2OHW,cluster_2OHW,4,256,0.4993365569660073,0.5870708756379438,0.8782883832541074
cluster,center0,2OKT,cluster_2OKT,5,342,0.33649610217102316,0.34266841031151063,0.9670651773991913
cluster,center0,2OL9,cluster_2OL9,1,6,0.9195665579768322,0.942857142857143,0.6792073404123177
cluster,center0,2OLX,cluster_2OLX,3,4,0.19589888490437957,0.0,1.6636516274624966
cluster,center0,2PKT,cluster_2PKT,1,91,-0.010321780679138299,0.02134174263069435,1.1438438499197288
cluster,center0,2PLT,cluster_2PLT,2,98,0.4315933715163149,0.4235884423221865,0.906084305180786
cluster,center0,2PMR,cluster_2PMR,4,76,0.5774773979684714,0.6664069229183602,0.8349372351774488
cluster,center0,2POF,cluster_2POF,4,440,0.5817785564187625,0.636403439328395,0.8220406543472142
cluster,center0,2PPN,cluster_2PPN,5,107,0.6292984105226145,0.7250564535289792,0.7947331126307832
cluster,center0,2PSF,cluster_2PSF,4,608,0.5096514049291017,0.43143939033404805,0.8658837489066199
cluster,center0,2PTH,cluster_2PTH,3,193,0.6885423840509924,0.7510250275819371,0.7512789304148983
cluster,center0,2Q4N,cluster_2Q4N,2,153,0.5590726875434979,0.5026390717142623,0.8859774793513275
cluster,center0,2Q52,cluster_1WBE,3,412,0.721639514610626,0.718775546888911,0.761263654659952
cluster,center0,2QJL,cluster_2QJL,5,99,0.5402697535442379,0.6285247801180163,0.87241653271021
cluster,center0,2R16,cluster_2R16,1,175,0.48074059998636454,0.39813677607434417,0.8769401491630702
cluster,center0,2R6Q,cluster_2R6Q,3,138,0.5045599060821414,0.34808646852542396,0.8677020977837356
cluster,center0,2RB8,cluster_2RB8,4,93,0.6342303680755691,0.5530302183494901,0.807351054061755
cluster,center0,2RE2,cluster_2RE2,2,238,0.5651091433827872,0.39026145587527394,0.8289349536136317
cluster,center0,2RFR,cluster_2RFR,2,154,0.5638265124903268,0.4006910109336619,0.8361157760231034
cluster,center0,2V9V,cluster_2V9V,1,135,0.43246537211688707,0.343786201613919,0.9115003133468516
cluster,center0,2VE8,cluster_2VE8,1,515,0.5836327698966892,0.5264499543884517,0.8189228522726539
cluster,center0,2VH7,cluster_2VH7,5,94,0.6727763017280094,0.6879389071927725,0.7935150676731617
cluster,center0,2VIM,cluster_2VIM,5,104,0.29381314260392044,0.3994932184983782,0.9647289892748036
cluster,center0,2VPA,cluster_2VPA,2,204,0.69232419341442,0.7482355618836661,0.8017321120326777
cluster,center0,2VQ4,cluster_2VQ4,4,106,0.5956306463496446,0.73691741492777,0.82467550538573
cluster,center0,2VY8,cluster_2VY8,5,149,0.6413986135947878,0.6567947143004982,0.8098064879824296
cluster,center0,2VYO,cluster_2C71,5,206,0.6819230399683299,0.723184177134874,0.7492725815978712
cluster,center0,2W1V,cluster_2W1V,5,548,0.6130443436630875,0.6822666436395077,0.8239516325085648
cluster,center0,2W2A,cluster_2W2A,3,350,0.6248251457294203,0.6661620987759388,0.800275422214173
cluster,center0,2W6A,cluster_2W6A,3,117,0.5811515126382847,0.4166985127125305,0.8159278532643177
cluster,center0,2WJ5,cluster_2WJ5,2,96,0.409650467793958,0.4443999811008346,1.0806693948486412
cluster,center0,2WUJ,cluster_2WUJ,1,100,0.3526471951264082,0.12667342738558324,0.9499794824059711
cluster,center0,2WW7,cluster_2WW7,3,150,0.45957098258719636,0.5228342285498442,0.9515222943321257
cluster,center0,2WWE,cluster_2WWE,4,111,0.4422144851845356,0.41635441452864885,0.9424448784638738
cluster,center0,2X1Q,cluster_2X1Q,5,240,0.36672523815173763,0.3304377492857093,0.9407419820293577
cluster,center0,2X25,cluster_2X25,2,168,0.5707513804459946,0.609173329783781,0.8245346147841697
cluster,center0,2X3M,cluster_2X3M,3,166,0.6301675241997154,0.5452297610415167,0.8010754622333758
cluster,center0,2X5Y,cluster_2X5Y,4,171,0.6545885754349657,0.6387313047023876,0.7802887920942817
cluster,center0,2X9Z,cluster_2X9Z,5,262,0.5261322876740954,0.534863951828083,0.854517336346683
cluster,center0,2XHF,cluster_2XHF,5,310,0.4849445993253736,0.5970961730317899,0.8775025141754951
cluster,center0,2Y0T,cluster_2Y0T,3,101,0.6227458078804535,0.6468040992278451,0.7941781031210107
cluster,center0,2Y72,cluster_2Y72,5,170,0.6067693656203001,0.5822046924340561,0.8039489935593912
cluster,center0,2Y7L,cluster_2Y7L,4,319,0.6888232613461756,0.6940830502319052,0.7546950555232353
cluster,center0,2Y9F,cluster_2Y9F,4,149,0.6845855409793864,0.822424210555677,0.738054344982193
cluster,center0,2YLB,cluster_2YLB,2,400,0.6048253392232175,0.7035528429712905,0.8160674976353822
cluster,center0,2YNY,cluster_2YNY,1,315,0.7082186270259867,0.7431971050729979,0.7490362817058961
cluster,center0,2ZCM,cluster_2ZCM,1,357,0.29984000022077306,0.26435719815060316,0.9590402083514525
cluster,center0,2ZU1,cluster_2ZU1,2,360,0.6338263297947873,0.7181437056803965,0.7943557994610319
cluster,center0,3A0M,cluster_3A0M,1,148,0.7933849867908738,0.5819952653464578,0.7259323479306199
cluster,center0,3A7L,cluster_3A7L,4,128,0.6005525948900108,0.5616954555523458,0.809940548865916
cluster,center0,3AMC,cluster_3AMC,2,614,0.6920979275907992,0.7289809605328018,0.7751073066148696
cluster,center0,3AUB,cluster_3AUB,1,116,0.6391371439829445,0.6398602206804327,0.8159230674400209
cluster,center0,3B5O,cluster_3B5O,1,230,0.6032818901802662,0.5918259307373985,0.804911852868878
cluster,center0,3BA1,cluster_3BA1,4,312,0.600370020182098,0.5343344612549944,0.8091843091005195
cluster,center0,3BED,cluster_3BED,1,261,0.7946463026057031,0.812479256004629,0.6822655070981063
cluster,center0,3BQX,cluster_3BQX,4,139,0.391707725923616,0.40788284539420133,0.9633199622972818
cluster,center0,3BZQ,cluster_3BZQ,3,99,0.4825074862471489,0.5314998856000561,0.9331332765796878
cluster,center0,3BZZ,cluster_3BZZ,5,100,0.431014601192401,0.43285637571691815,0.9185078193792506
cluster,center0,3DRF,cluster_3DRF,4,547,0.4935596273838839,0.4616562980330028,0.8786166998886767
cluster,center0,3DWV,cluster_3DWV,2,325,0.682253166647183,0.7250576334764025,0.7486532775072363
cluster,center0,3E5T,cluster_2HQK,1,228,0.5103875052223664,0.5229248329566836,0.8626462946193393
cluster,center0,3E7R,cluster_3E7R,4,40,0.5953800140643768,0.5818830099373736,0.8901249260914083
cluster,center0,3EUR,cluster_3EUR,3,140,0.36497629198416537,0.3562333399740337,0.9451575389527211
cluster,center0,3F2Z,cluster_3F2Z,3,149,0.6805632397771811,0.6822997823358458,0.7726271924414077
cluster,center0,3F7E,cluster_3F7E,3,254,0.7525530945671863,0.8087905408849477,0.6861500378997782
cluster,center0,3FCN,cluster_3FCN,1,158,0.46153471889033076,0.40896077305040607,0.8942244016232597
cluster,center0,3FE7,cluster_3FE7,3,91,0.42760340436468486,0.4728516426317886,0.926166288017106
cluster,center0,3FKE,cluster_3FKE,5,250,0.5083148885261226,0.5100119791756655,0.8663539997145889
cluster,center0,3FMY,cluster_3FMY,2,66,0.41288705773409207,0.45211255854874227,0.9598332269886669
cluster,center0,3FOD,cluster_3FOD,1,48,0.3933000563699027,0.3881018298069304,1.6292577970638855
cluster,center0,3FSO,cluster_3FSO,2,221,0.7336485153048203,0.5451063077687474,0.7437282556532402
cluster,center0,3FTD,cluster_3FTD,1,240,0.5794464067875218,0.5937315534387202,0.8220990413878914
cluster,center0,3FVA,cluster_3FVA,1,6,0.8164355764095624,0.8451542547285165,0.6848953296170587
cluster,center0,3G1S,cluster_3G1S,1,418,0.6565630404266904,0.7265307768890107,0.7919494218293314
cluster,center0,3GBW,cluster_3GBW,4,161,0.7091731868009726,0.8300934056990208,0.7221577110403725
cluster,center0,3GHJ,cluster_3GHJ,5,116,0.4615659924847677,0.44870045247112955,0.9234306478879488
cluster,center0,3HFO,cluster_3HFO,4,197,0.6251527728302186,0.6586589116655217,0.785171412965802
cluster,center0,3HHP,cluster_3HHP,5,1234,0.6588531563142209,0.7048235991806888,0.8171252206385533
cluster,center0,3HNY,cluster_3HNY,5,156,0.7704000070003426,0.7398858548618393,0.6590844646424969
cluster,center0,3HP4,cluster_3HP4,4,183,0.5344557633921944,0.40895092328691185,0.8482891289832744
cluster,center0,3HWU,cluster_3HWU,2,144,0.6430211588651035,0.5870778135133462,0.7769132329934124
cluster,center0,3HYD,cluster_3HYD,5,7,0.6689175035566405,0.5,0.9081208378480234
cluster,center0,3HZ8,cluster_3HZ8,2,192,0.5252724554498395,0.4952503269224441,0.8513282179776714
cluster,center0,3I2V,cluster_3I2V,3,124,0.39283492712746215,0.3929780832687334,0.9360278979088136
cluster,center0,3I2Z,cluster_3I2Z,5,138,0.5188658865950047,0.4971934066541947,0.8723671090980862
cluster,center0,3I4O,cluster_3I4O,1,135,0.6046667626533759,0.6387460476970073,0.8050496321115245
cluster,center0,3I7M,cluster_3I7M,2,134,0.5649216139100852,0.4789059052031293,0.8397070659320427
cluster,center0,3IHS,cluster_1OPD,2,169,0.5869375672139736,0.5192035642596132,0.8251639685994744
cluster,center0,3IVV,cluster_3IVV,4,149,0.7703139759200958,0.7641306053678465,0.6982264015115212
cluster,center0,3K6Y,cluster_3K6Y,2,227,0.5277334790761152,0.549708574269736,0.8497986672932536
cluster,center0,3KBE,cluster_3KBE,5,140,0.641783952549056,0.7106451464923846,0.7861031875894171
cluster,center0,3KGK,cluster_3KGK,2,190,0.7695338525891794,0.7690583675772575,0.6888341092130528
cluster,center0,3KZD,cluster_3KZD,3,85,0.5835121151310114,0.6355570324315444,0.8738613935950952
cluster,center0,3L41,cluster_2ETX,1,220,0.6018314931548946,0.6093111437582363,0.8064848122112089
cluster,center0,3LAA,cluster_3LAA,3,169,0.5698736436876224,0.43360240570729625,0.938614995128694
cluster,center0,3LAX,cluster_3LAX,3,106,0.7580031293968397,0.7163416606622728,0.7447760962594626
cluster,center0,3LG3,cluster_3LG3,4,833,0.6305164702672756,0.6391559603142373,0.7832438242271944
cluster,center0,3LJI,cluster_3LJI,5,272,0.5740289977335156,0.5328602707817691,0.8318869177356448
cluster,center0,3M3P,cluster_3M3P,1,249,0.5594489456611111,0.5725548434195727,0.829065731070055
cluster,center0,3M8J,cluster_3M8J,1,178,0.6098276453724996,0.6014950160933598,0.8035441327636967
cluster,center0,3M9J,cluster_3M9J,3,210,0.47090487128801345,0.4870129281183748,0.8850939072894158
cluster,center0,3M9Q,cluster_3M9Q,2,176,0.4546379162735051,0.5087467800658794,0.9359873037803578
cluster,center0,3MAB,cluster_1OPD,2,173,0.5623493567659862,0.45986444854403663,0.8378259636068781
cluster,center0,3MD4,cluster_3MD4,2,12,0.41136367025640874,0.5709290716957522,1.7120686288206604
cluster,center0,3MD5,cluster_3MD5,5,12,0.5084273489424193,0.4055944055944056,1.624791306850284
cluster,center0,3MEA,cluster_3MEA,2,166,0.6686760936735191,0.6835311864776121,0.7620326841862091
cluster,center0,3MGN,cluster_3MGN,2,348,0.1403107771707424,0.17202498644647027,1.1444301283933114
cluster,center0,3MRE,cluster_3MRE,5,383,0.6178535479553678,0.714777759738047,0.7926227612113482
cluster,center0,3N11,cluster_3N11,1,325,0.4806791648164915,0.5716012604288339,0.8831500044060281
cluster,center0,3NE0,cluster_3NE0,1,208,0.5558813283380294,0.525264607983337,0.8480906187619213
cluster,center0,3NGG,cluster_3NGG,1,94,0.7366838341701498,0.6817518459293332,0.7016832534253067
cluster,center0,3NPV,cluster_3NPV,5,495,0.5422897103247919,0.5282603855175664,0.8657986272041567
cluster,center0,3NVG,cluster_3NVG,2,6,0.24792082430458168,0.4285714285714286,1.4478225167301595
cluster,center0,3NZL,cluster_3NZL,5,73,0.3808693177042323,0.5711773289927032,0.9709990873790401
cluster,center0,3O0P,cluster_3O0P,5,194,0.6767312208914344,0.6135511403691105,0.7442534037324776
cluster,center0,3O5P,cluster_3O5P,5,128,0.6548817424443041,0.6804817789441678,0.7696840474591328
cluster,center0,3OBQ,cluster_3OBQ,2,150,0.5138571420993502,0.3576426915523996,0.878167321378345
cluster,center0,3OQY,cluster_3OQY,3,234,0.6619306124150618,0.669025435561023,0.7641734675646064
cluster,center0,3P6J,cluster_3P6J,3,125,0.7536985633755507,0.7471535923556851,0.6869544767500917
cluster,center0,3PD7,cluster_3PD7,5,188,0.6606984204449784,0.71445509403672,0.7686457598312018
cluster,center0,3PES,cluster_3PES,3,165,0.505013160409562,0.5614307392178898,0.9055311353837046
cluster,center0,3PID,cluster_3PID,4,387,0.5199520515900221,0.46861402540522884,0.8542875616304698
cluster,center0,3PIW,cluster_3PIW,5,154,0.6384378473889002,0.6492415567572064,0.784282325627654
cluster,center0,3PKV,cluster_3PKV,3,221,0.541892967545382,0.6036573943156187,0.8423658952338415
cluster,center0,3PSM,cluster_3PSM,4,94,0.7826071625113326,0.7818557506252839,0.6738458125288608
cluster,center0,3PTL,cluster_3PTL,4,289,0.5119456968404866,0.63407719993151,0.8966682858150897
cluster,center0,3PVE,cluster_3PVE,1,347,0.6791827834519104,0.7096632395741715,0.7797359337598132
cluster,center0,3PZ9,cluster_3PZ9,4,357,0.654450875027681,0.6541567496468704,0.7882349104309156
cluster,center0,3PZZ,cluster_3PZZ,2,12,0.9093338239988726,0.8111888111888113,1.4014614707023036
cluster,center0,3Q2X,cluster_3Q2X,4,6,0.9830395177162354,0.8857142857142858,1.0123728010777764
cluster,center0,3Q6L,cluster_3Q6L,2,131,0.5665689313331284,0.5437591585695524,0.8654584731247799
cluster,center0,3QDS,cluster_3QDS,1,284,0.7112703150492788,0.7323182587737929,0.748844336805404
cluster,center0,3QPA,cluster_3QPA,5,197,0.3716561041813078,0.6808167321630921,0.9444094281276343
cluster,center0,3R6D,cluster_3R6D,4,221,0.5723804713549623,0.6382301014968605,0.8299367561357148
cluster,center0,3R87,cluster_3R87,5,132,0.4508620676763717,0.39721577969560196,0.9086950517274061
cluster,center0,3RQ9,cluster_3RQ9,1,162,0.573938603126,0.6320049453301911,0.858910450544284
cluster,center0,3RY0,cluster_3RY0,1,128,0.5983093290905778,0.6512199483611595,0.8489413509019837
cluster,center0,3RZY,cluster_3Q6L,2,139,0.6640603620550585,0.5986565246377002,0.793786515327817
cluster,center0,3S0A,cluster_3S0A,2,119,0.4529647224735235,0.4782828534721303,0.8945046611322377
cluster,center0,3SD2,cluster_3SD2,1,86,0.3192485765330497,0.46122348874992186,1.044691864633604
cluster,center0,3SEB,cluster_3SEB,3,238,0.610234565526673,0.6876699062048883,0.8085507161992991
cluster,center0,3SED,cluster_3SED,2,124,0.5963322654122083,0.574047002747923,0.8289027146605186
cluster,center0,3SO6,cluster_3SO6,1,150,0.6359288244947673,0.5657144990729233,0.7791669938026625
cluster,center0,3SR3,cluster_3SR3,5,637,0.4999294458585825,0.4988408663943089,0.8878925447820765
cluster,center0,3SUK,cluster_3SUK,2,248,0.5749090692199132,0.62149161119969,0.8363967745023683
cluster,center0,3SZH,cluster_3SZH,2,697,0.726185694490414,0.7329958041053635,0.7325525045529021
cluster,center0,3T0H,cluster_3T0H,5,208,0.7627621519916801,0.7594361685859106,0.7019048933519868
cluster,center0,3T3K,cluster_3T3K,3,122,0.5603367653019318,0.7177722226253279,0.8721660467433686
cluster,center0,3T47,cluster_3T47,4,141,0.3905500098339301,0.4531342644878778,0.9632860657079968
cluster,center0,3TDN,cluster_3TDN,3,357,0.4410879352189559,0.4707003415345386,0.9051719249484955
cluster,center0,3TOW,cluster_3TOW,1,152,0.501285514340471,0.6406505760709346,0.8918160247996049
cluster,center0,3TUA,cluster_3TUA,2,210,0.64109819027954,0.7359577206368524,0.7925585689904907
cluster,center0,3TYS,cluster_3TYS,3,75,0.5150175435828055,0.5105408406288235,0.9514709151289039
cluster,center0,3U6G,cluster_3U6G,4,248,0.6350198795044969,0.5835770775663989,0.7889703242292293
cluster,center0,3U97,cluster_3U97,5,77,0.6973786632544695,0.6079921130988629,0.7638605275867478
cluster,center0,3UCI,cluster_3UCI,3,72,0.5013494738855533,0.4205093575149528,0.9234305717424808
cluster,center0,3UR8,cluster_3UR8,4,637,0.6610914292867553,0.6082433412288328,0.7873220019480915
cluster,center0,3US6,cluster_3US6,5,148,0.42623072376276466,0.45648657154156147,0.908093608641231
cluster,center0,3V1A,cluster_3V1A,5,48,0.5034725950218593,0.5968950203453703,0.9090963028529523
cluster,center0,3V75,cluster_3V75,2,285,0.49399242399196114,0.4729508434709954,0.8775845450256903
cluster,center0,3VN0,cluster_3VN0,1,193,0.7512313087517065,0.6693463780137222,0.7085486361476622
cluster,center0,3VOR,cluster_3VOR,5,182,0.5739460096085236,0.6078774657140502,0.8353147547121815
cluster,center0,3VUB,cluster_3VUB,3,101,0.4341729290751948,0.5199506112529142,0.9470095399214822
cluster,center0,3VVV,cluster_3VVV,1,108,0.6488079614045485,0.644148210295209,0.8486918389332341
cluster,center0,3VZ9,cluster_3VZ9,5,163,0.6228861015934409,0.6435369823826692,0.7997277592302232
cluster,center0,3W4Q,cluster_1ES5,3,773,0.6593317479917096,0.6905115179796089,0.816732697369875
cluster,center0,3ZBD,cluster_3ZBD,1,213,0.5274211566738514,0.47961297909838907,0.8695558154346902
cluster,center0,3ZIT,cluster_3ZIT,3,152,0.39879683588030607,0.3912512697091001,0.9202935202981991
cluster,center0,3ZRX,cluster_3ZRX,3,221,0.49141343402402937,0.4991468537345657,0.8712298428069158
cluster,center0,3ZSL,cluster_3ZSL,2,138,0.6246864534134982,0.5883467681575151,0.7986547691753955
cluster,center0,3ZZP,cluster_3ZZP,2,74,0.3852788719693608,0.4598843366777799,0.9662098993317416
cluster,center0,3ZZY,cluster_3ZZY,3,226,0.6773961713923891,0.5849289434582241,0.7620777192926145
cluster,center0,4A02,cluster_4A02,2,166,0.3915977873311521,0.6138679448489773,0.9227610305914349
cluster,center0,4ACJ,cluster_4ACJ,1,167,0.6897891547346413,0.7685280321878306,0.7486865540540993
cluster,center0,4AE7,cluster_4AE7,3,186,0.7263304923870889,0.6594090666332235,0.705388413180712
cluster,center0,4AM1,cluster_4AM1,4,345,0.5531005831300854,0.5543682299734494,0.8441659361972356
cluster,center0,4ANN,cluster_4ANN,3,176,0.5617116255418126,0.5669772742725648,0.8476328114005215
cluster,center0,4AVR,cluster_4AVR,1,188,0.4847580331948618,0.6427191111648051,0.8874661974367981
cluster,center0,4AXY,cluster_4AXY,4,54,0.6265985521542834,0.3932301596208991,0.7796479254420752
cluster,center0,4B6G,cluster_4B6G,3,558,0.7421672319872584,0.7094312216729554,0.7474738529633829
cluster,center0,4B9G,cluster_4B9G,5,292,0.7700493556253666,0.7405622431943619,0.675088594242343
cluster,center0,4DD5,cluster_4DD5,1,387,0.5518028336252828,0.6252865883818486,0.8528843041615135
cluster,center0,4DKN,cluster_4DKN,3,423,0.6705601383937276,0.711907728389951,0.7915967887573618
cluster,center0,4DND,cluster_4DND,3,95,0.7099869477580798,0.681812296379792,0.8101529123133635
cluster,center0,4DPZ,cluster_4DPZ,1,109,0.7029387711265619,0.6243979288474807,0.7594574220044474
cluster,center0,4DQ7,cluster_4DQ7,3,328,0.7163500136462753,0.7409261151373329,0.7234545557120509
cluster,center0,4DT4,cluster_4DT4,4,160,0.698130458296475,0.6968551229771371,0.8217918697493666
cluster,center0,4EK3,cluster_4EK3,3,287,0.6384841125205699,0.6839388469799015,0.7856753084935663
cluster,center0,4ERY,cluster_4ERY,2,318,0.6602955933083537,0.690149538349618,0.8108505510557583
cluster,center0,4ES1,cluster_4ES1,1,95,0.6166301299448921,0.5700657562610945,0.9527072367614429
cluster,center0,4EUG,cluster_4EUG,1,225,0.5887433196094677,0.5957268045851656,0.8182340360853119
cluster,center0,4F01,cluster_4F01,3,448,0.3476335431037184,0.48260324615033884,0.9473679252421252
cluster,center0,4F3J,cluster_4F3J,3,143,0.5365891618282507,0.4606796445223849,0.8497864189621921
cluster,center0,4FR9,cluster_4FR9,2,141,0.685838311936669,0.693464561561114,0.7534328390162685
cluster,center0,4G14,cluster_4G14,1,15,0.6234184195480644,0.7071428571428571,1.1490030004516256
cluster,center0,4G2E,cluster_4G2E,4,151,0.7180434288994236,0.8223818416395936,0.7211844169900918
cluster,center0,4G5X,cluster_4G5X,1,550,0.6946362804763648,0.7224077869787865,0.7766294323709441
cluster,center0,4G6C,cluster_4G6C,3,658,0.4634514578052539,0.48837854596043634,0.9081975926136614
cluster,center0,4G7X,cluster_4G7X,3,194,0.6266300406090403,0.5792235978664662,0.7910623521327913
cluster,center0,4GA2,cluster_4GA2,5,144,0.475520807874766,0.5151676519921518,0.8814659693082025
cluster,center0,4GMQ,cluster_4GMQ,5,92,0.46388424721549054,0.4131436585854538,0.9048376257657919
cluster,center0,4GS3,cluster_4GS3,3,90,0.5416092018349941,0.653117501603495,0.9227739705400654
cluster,center0,4H4J,cluster_4H4J,4,236,0.6851590351913979,0.7501117245931109,0.7630890702202188
cluster,center0,4H89,cluster_4H89,4,168,0.5629350731812868,0.5472429561000325,0.8348847248770063
cluster,center0,4HDE,cluster_4HDE,5,168,0.5873622160404006,0.7495670584103157,0.8128679711980668
cluster,center0,4HJP,cluster_4HJP,4,281,0.6327730572151744,0.7334413572106152,0.7764153986734131
cluster,center0,4HWM,cluster_4HWM,4,117,0.4890158827453721,0.48916504943039835,0.8899273407072916
cluster,center0,4IL7,cluster_4IL7,2,85,0.18284762992763545,0.10391932694776888,1.0418518862600221
cluster,center0,4J11,cluster_4J11,5,357,0.5807329156554445,0.4945935920163297,0.8170130525325461
cluster,center0,4J5O,cluster_4J5O,2,220,0.7218382221259392,0.6700670200123544,0.7282913314132761
cluster,center0,4J5Q,cluster_2FG1,1,146,0.7262330638580434,0.7310396020854095,0.7148751606968098
cluster,center0,4J78,cluster_4J78,3,305,0.5863562885144946,0.7469110386437804,0.8159291843223473
cluster,center0,4JG2,cluster_4JG2,2,185,0.758053285494543,0.7853612471519816,0.7067028926956558
cluster,center0,4JVU,cluster_4JVU,4,207,0.6723834316347325,0.7757747336441374,0.7518397310540905
cluster,center0,4JYP,cluster_4JYP,2,534,0.5714801351553572,0.6256355649789075,0.8385380977659836
cluster,center0,4KEF,cluster_4KEF,3,133,0.42014805127751,0.3758972966160576,0.9263594215523829
cluster,center0,5CYT,cluster_1CCR,5,103,0.24845625110879982,0.23899726803023838,1.0004664151499647
cluster,center0,6RXN,cluster_6RXN,1,45,0.5142387461171938,0.5102766798418973,0.9930014447770364
cluster,graph+identity0,1ABA,cluster_1ABA,4,87,0.6381146777939685,0.7154417460542202,0.7740725578458676
cluster,graph+identity0,1AHO,cluster_1AHO,3,64,0.6322311323175778,0.7417438386914385,0.7778382076348765
cluster,graph+identity0,1AIE,cluster_1AIE,4,31,0.6772941841541283,0.5008064516129033,0.7444632743569131
cluster,graph+identity0,1AKG,cluster_1AKG,2,16,0.4892643369326703,0.7181753232004174,0.8942825089273309
cluster,graph+identity0,1ATG,cluster_1ATG,5,231,0.5258546718221113,0.5824077774496578,0.8576847815023434
cluster,graph+identity0,1BGF,cluster_1BGF,2,124,0.6131655672101646,0.45004429634527904,0.7925733342106053
cluster,graph+identity0,1BX7,cluster_1BX7,2,51,0.549705878522163,0.22497737556561084,0.8941351936340681
cluster,graph+identity0,1BYI,cluster_1BYI,5,224,0.5540454873882946,0.6019457333797316,0.837646863237008
cluster,graph+identity0,1CCR,cluster_1CCR,5,111,0.5118186575163314,0.519390031955727,0.85934995758652
cluster,graph+identity0,1CYO,cluster_1CYO,2,88,0.6179607856281124,0.5558686522840325,0.7936282455440156
cluster,graph+identity0,1DF4,cluster_1DF4,5,57,0.9166513436107055,0.8127430645579466,0.5626807445494096
cluster,graph+identity0,1E5K,cluster_1E5K,3,188,0.7593305354611728,0.7475413329749333,0.6615513799572124
cluster,graph+identity0,1ES5,cluster_1ES5,3,260,0.6471840292132434,0.7159440515716373,0.7721644638972284
cluster,graph+identity0,1ETL,cluster_1ETL,3,12,0.8031745214310714,0.6994565338373893,0.7196397285398652
cluster,graph+identity0,1ETM,cluster_1ETM,1,12,0.5969537545750244,0.4012018580146848,0.8235883262074208
cluster,graph+identity0,1ETN,cluster_1ETN,4,12,-0.24893267662335666,-0.0997839668231577,1.2523579150380155
cluster,graph+identity0,1EW4,cluster_1EW4,2,106,0.6414282447931364,0.6617409224392875,0.7706412296715384
cluster,graph+identity0,1F8R,cluster_1F8R,3,1932,0.7732936262468273,0.7561393134414046,0.680050653921491
cluster,graph+identity0,1FF4,cluster_1FF4,4,65,0.6065788125614964,0.5847528928768311,0.7977390618772328
cluster,graph+identity0,1FK5,cluster_1FK5,2,93,0.5332629671501808,0.5060932167353456,0.848866487752284
cluster,graph+identity0,1GCO,cluster_1GCO,4,1044,0.6612504820689793,0.6222811911404001,0.7539357398049313
cluster,graph+identity0,1GK7,cluster_1GK7,3,39,0.778921232642652,0.4818057600178176,0.6406266750731123
cluster,graph+identity0,1GVD,cluster_1GVD,3,52,0.7346453017161616,0.6009263410901189,0.699293045665569
cluster,graph+identity0,1GXU,cluster_1GXU,1,88,0.6187123172783208,0.5988420473830041,0.7942529717184985
cluster,graph+identity0,1H6V,cluster_1H6V,2,2927,0.4929501988514591,0.5515089693423719,0.8847516910981242
cluster,graph+identity0,1HJE,cluster_1HJE,4,13,0.6815904793119526,0.6208791208791209,0.7821703271142587
cluster,graph+identity0,1I71,cluster_1I71,3,83,0.583707436916689,0.5892286463429337,0.812076599866834
cluster,graph+identity0,1IDP,cluster_1IDP,2,441,0.7581122001604711,0.8705932130240505,0.6687734389415599
cluster,graph+identity0,1IFR,cluster_1IFR,3,113,0.6543424566277674,0.7210256879499103,0.7774661543573698
cluster,graph+identity0,1K8U,cluster_1K8U,2,89,0.5135752373791131,0.3503249503136526,0.8736780691927027
cluster,graph+identity0,1KMM,cluster_1KMM,4,1499,0.7124530215291816,0.7327845663962054,0.7112835815827161
cluster,graph+identity0,1KNG,cluster_1KNG,1,144,0.5565975092382098,0.5086016514137798,0.8375874266480242
cluster,graph+identity0,1KR4,cluster_1KR4,3,110,0.6110142942276334,0.5630714299110205,0.7943909829678739
cluster,graph+identity0,1KYC,cluster_1KYC,5,15,0.7926310057209632,0.7642857142857141,0.6998050138272661
cluster,graph+identity0,1LR7,cluster_1LR7,1,73,0.5974712472498594,0.667427707564186,0.820012332116466
cluster,graph+identity0,1MF7,cluster_1MF7,2,194,0.6741377020276164,0.762602852032901,0.7581165821657884
cluster,graph+identity0,1N7E,cluster_1N7E,5,95,0.5506495208946035,0.6664333682481787,0.8350482789843015
cluster,graph+identity0,1NKD,cluster_1NKD,1,59,0.681822658136012,0.7190367655043198,0.7853473066400707
cluster,graph+identity0,1NKO,cluster_1NKO,1,122,0.5073436003918103,0.7213075208800803,0.8788376820584985
cluster,graph+identity0,1NLS,cluster_1NLS,5,237,0.5205706561285913,0.7311241037207891,0.8626938521546288
cluster,graph+identity0,1NNX,cluster_1NNX,2,93,0.7919125357711796,0.808418257054223,0.6211852956214499
cluster,graph+identity0,1NOA,cluster_1NOA,4,113,0.556274074564649,0.5136508623419702,0.834245293080984
cluster,graph+identity0,1NOT,cluster_1NOT,3,13,0.6207555191115524,0.6208791208791209,0.8595261845835083
cluster,graph+identity0,1O06,cluster_1O06,1,20,0.9379047853062639,0.7097744360902255,0.36667008883022034
cluster,graph+identity0,1O08,cluster_1O08,5,221,0.3380172643924287,0.6020943209447697,0.9706898110002468
cluster,graph+identity0,1OB4,cluster_1OB4,1,16,0.5424386385579264,0.3852941176470588,0.9014647301422493
cluster,graph+identity0,1OB7,cluster_1OB7,4,16,0.5931832002942246,0.8329656412529433,0.8269223088372168
cluster,graph+identity0,1OPD,cluster_1OPD,2,85,0.4278381675337142,0.40822947151880384,0.9106098277939175
cluster,graph+identity0,1P9I,cluster_1P9I,2,29,0.6711761316559519,0.4660098522167487,0.7459511037737626
cluster,graph+identity0,1PEF,cluster_1PEF,5,18,0.8076260329050685,0.8493292053663571,0.6222898035828158
cluster,graph+identity0,1PEN,cluster_1PEN,5,16,0.5573653955029995,0.5268581264462079,0.8608269191251757
cluster,graph+identity0,1PMY,cluster_1PMY,4,123,0.6831798315119905,0.5944918451571767,0.7560312387061309
cluster,graph+identity0,1PZ4,cluster_1PZ4,2,113,0.7154420286204479,0.6785161034461562,0.715677587235689
cluster,graph+identity0,1Q9B,cluster_1Q9B,2,43,0.7804184656118267,0.7586831772878285,0.6487695356855224
cluster,graph+identity0,1QAU,cluster_1QAU,3,112,0.6676810792848695,0.6209859802301911,0.7531389231634859
cluster,graph+identity0,1QKI,cluster_1QKI,1,3912,0.5633176452895222,0.6346076744642151,0.8510132276840788
cluster,graph+identity0,1QTO,cluster_1QTO,2,122,0.6221279945879837,0.6107031921254678,0.7833205344808214
cluster,graph+identity0,1R29,cluster_1R29,5,122,0.6100491657099578,0.5856813116384095,0.7962632768034449
cluster,graph+identity0,1R7J,cluster_1R7J,1,90,0.7584587953764655,0.6250833450794833,0.6721646897837502
cluster,graph+identity0,1RJU,cluster_1RJU,4,36,0.4014654486344759,0.26203346203346206,0.9459299597709605
cluster,graph+identity0,1RRO,cluster_1RRO,5,108,0.30057968445902,0.23170380261431375,0.9661653254461173
cluster,graph+identity0,1SAU,cluster_1SAU,1,114,0.6390857203254195,0.6394532200582185,0.7827944236428244
cluster,graph+identity0,1TGR,cluster_1TGR,1,104,0.7208540660593454,0.6799478284744654,0.7116785390744053
cluster,graph+identity0,1TZV,cluster_1TZV,4,141,0.7990530823898399,0.7590899799325355,0.6228385121922873
cluster,graph+identity0,1U06,cluster_1U06,2,55,0.45805004585648024,0.2780713938293964,0.8974850915482216
cluster,graph+identity0,1U7I,cluster_1U7I,3,267,0.7592481068456739,0.7962796125522877,0.670350653982819
cluster,graph+identity0,1U9C,cluster_1U9C,1,221,0.5909610064544513,0.4331507431188666,0.8171046896033936
cluster,graph+identity0,1UHA,cluster_1UHA,1,82,0.6277293452551237,0.6935970136276849,0.7785778239816044
cluster,graph+identity0,1UKU,cluster_1KR4,3,102,0.697478744163735,0.528945433992058,0.7259382238322317
cluster,graph+identity0,1ULR,cluster_1ULR,4,87,0.602092309258395,0.6533314500608101,0.8164649365110698
cluster,graph+identity0,1UOY,cluster_1UOY,5,64,0.6607607451283507,0.6150253551840119,0.7681179912749463
cluster,graph+identity0,1USE,cluster_1USE,3,40,0.12661683081472985,0.05459662288930583,1.132137494793327
cluster,graph+identity0,1USM,cluster_1USM,5,77,0.820526750562879,0.7310500752699777,0.6156340772437867
cluster,graph+identity0,1UTG,cluster_1UTG,4,70,0.5726082852154164,0.5219361555282874,0.8323728763671946
cluster,graph+identity0,1V05,cluster_1V05,4,96,0.5977007506479775,0.5460600388462086,0.8108533843181391
cluster,graph+identity0,1V70,cluster_1V70,4,105,0.5407350928221875,0.6293931038695607,0.8442357671623305
cluster,graph+identity0,1VRZ,cluster_1VRZ,3,21,0.7461485925233664,0.749187942430745,0.7896119814324415
cluster,graph+identity0,1W2L,cluster_1W2L,4,97,0.5820073469623289,0.4161478023693616,0.8174066446174102
cluster,graph+identity0,1WBE,cluster_1WBE,3,204,0.5487867903585929,0.6081739994652688,0.8384328323129094
cluster,graph+identity0,1WHI,cluster_1WHI,1,122,0.5256160093357501,0.636120157095315,0.856870882757536
cluster,graph+identity0,1WLY,cluster_1WLY,5,322,0.6811390559185471,0.7249493916284674,0.7399970107545731
cluster,graph+identity0,1WPA,cluster_1WPA,2,107,0.5772312303706782,0.3655043876573011,0.8192753172097172
cluster,graph+identity0,1X3O,cluster_1X3O,3,80,0.5484083678340907,0.5765153335502978,0.8380664496654162
cluster,graph+identity0,1XY1,cluster_1XY1,3,16,0.647814080458462,0.6330984631347665,1.0988930369952354
cluster,graph+identity0,1XY2,cluster_1XY2,3,8,0.5738077574565065,0.5091750772173156,0.8780407633028294
cluster,graph+identity0,1Y6X,cluster_1Y6X,5,87,0.4891690148098437,0.5153391564314832,0.8844584385621768
cluster,graph+identity0,1YJO,cluster_1YJO,5,6,0.34909844783513083,0.2571428571428572,1.0524822829407166
cluster,graph+identity0,1YZM,cluster_1YZM,5,46,0.7605437436639195,0.6507339348752337,0.7457671452592767
cluster,graph+identity0,1Z21,cluster_1Z21,3,96,0.6248395314672778,0.6576640430078858,0.7839660692325972
cluster,graph+identity0,1ZCE,cluster_1ZCE,2,146,0.7665069079930957,0.7906316276926207,0.6791715768693443
cluster,graph+identity0,1ZVA,cluster_1ZVA,1,75,0.5625573719785084,0.5508990563146521,0.8274152990922078
cluster,graph+identity0,2A50,cluster_2A50,4,457,0.5547983399479519,0.6149240021260581,0.8453598307600155
cluster,graph+identity0,2AGK,cluster_2AGK,2,233,0.6823687760655386,0.7313114600949061,0.7395256446614898
cluster,graph+identity0,2AH1,cluster_2AH1,5,939,0.5428884664099164,0.5568756485737537,0.8589651426166318
cluster,graph+identity0,2B0A,cluster_2B0A,4,186,0.5934519950238394,0.6216155480857566,0.8251876187163834
cluster,graph+identity0,2BCM,cluster_2BCM,4,413,0.5559051223345458,0.4982617994028857,0.8317862761427286
cluster,graph+identity0,2BF9,cluster_2BF9,5,36,0.6147563694883095,0.4993886360814003,0.8424651631600646
cluster,graph+identity0,2BRF,cluster_2BRF,4,100,0.7584719774723084,0.7087023839835233,0.691381153611017
cluster,graph+identity0,2C71,cluster_2C71,5,205,0.6392328854455817,0.6716062865403237,0.8039111481222803
cluster,graph+identity0,2CE0,cluster_2CE0,2,99,0.5851954513995393,0.5746568418102296,0.8111969653650635
cluster,graph+identity0,2CG7,cluster_2CG7,5,90,0.533602390264671,0.5291071929964889,0.8493704534103145
cluster,graph+identity0,2COV,cluster_2COV,3,534,0.771958550614948,0.7144940748551896,0.6545995526668466
cluster,graph+identity0,2CWS,cluster_2CWS,4,227,0.6715533836323259,0.7198278084533832,0.7541452455988443
cluster,graph+identity0,2D5W,cluster_2D5W,5,1214,0.6941664578540659,0.66476233053493,0.7364212643262424
cluster,graph+identity0,2DKO,cluster_2DKO,2,253,0.7891241283991447,0.6795022136171445,0.6189220206012992
cluster,graph+identity0,2DPL,cluster_2DPL,5,565,0.4647485338080903,0.513519780215055,0.8956513435607469
cluster,graph+identity0,2DSX,cluster_2DSX,4,52,0.38064681917388776,0.28798907186198835,0.9253887795828449
cluster,graph+identity0,2E10,cluster_2E10,5,439,0.7788994951073698,0.7974348121089417,0.6403100294496451
cluster,graph+identity0,2E3H,cluster_2E3H,4,81,0.6949728014235571,0.6894090815523577,0.7241146324146651
cluster,graph+identity0,2EAQ,cluster_2EAQ,4,89,0.6987040623494252,0.477074528569641,0.7362174820866402
cluster,graph+identity0,2EHP,cluster_2EHP,3,248,0.7845978511226739,0.8028538480804926,0.6403073254325233
cluster,graph+identity0,2EHS,cluster_1X3O,3,75,0.6957907783776689,0.6944480007530583,0.7475266605124123
cluster,graph+identity0,2ERW,cluster_2ERW,3,53,0.3022494549638818,0.0952726541405668,1.0095593070309818
cluster,graph+identity0,2ETX,cluster_2ETX,1,389,0.54575736129004,0.5631698458784541,0.8459182152509815
cluster,graph+identity0,2FB6,cluster_2FB6,5,116,0.7822472847591426,0.6850824910718158,0.6817646306416546
cluster,graph+identity0,2FG1,cluster_2FG1,1,157,0.6221849262401667,0.5464164248796186,0.7860707174235282
cluster,graph+identity0,2FN9,cluster_2FN9,2,560,0.5943131441401057,0.5891962072795018,0.8058303726095277
cluster,graph+identity0,2FQ3,cluster_2FQ3,2,85,0.6810104028459807,0.6945866718780536,0.7525001711673112
cluster,graph+identity0,2G69,cluster_2G69,1,99,0.6267415325478891,0.6368128436290214,0.80073914049238
cluster,graph+identity0,2G7O,cluster_2G7O,2,68,0.7745184484980665,0.44740935956531924,0.6814766080107315
cluster,graph+identity0,2G7S,cluster_2G7S,1,190,0.6485211832609385,0.6069693827170058,0.778711322324446
cluster,graph+identity0,2GKG,cluster_2GKG,5,122,0.6843728528672132,0.5413644400713817,0.7511706929229433
cluster,graph+identity0,2GOM,cluster_2GOM,4,121,0.5835277844655478,0.4381726576218737,0.8179392915180999
cluster,graph+identity0,2GXG,cluster_2GXG,1,140,0.6985275565997138,0.6819386997760445,0.7312832831216717
cluster,graph+identity0,2GZQ,cluster_2GZQ,5,191,0.4223120028906294,0.37490779383399814,0.9262310910862607
cluster,graph+identity0,2HQK,cluster_2HQK,1,213,0.8014015700034799,0.7627805061796605,0.6710908097602767
cluster,graph+identity0,2HYK,cluster_2HYK,1,237,0.5877247572590097,0.5665337225701096,0.8113038569900601
cluster,graph+identity0,2I24,cluster_2I24,4,113,0.5025385126272083,0.4809654910046815,0.8677524831891921
cluster,graph+identity0,2I49,cluster_2I49,3,398,0.6736358877622975,0.676380131859063,0.7553436198377289
cluster,graph+identity0,2IBL,cluster_2IBL,2,108,0.6541009533568115,0.6400278186433542,0.878486222669545
cluster,graph+identity0,2IGD,cluster_2IGD,1,61,0.5555517532735649,0.54366852659213,0.8377562360066046
cluster,graph+identity0,2IMF,cluster_2IMF,3,203,0.6586355442974173,0.6494548660087109,0.75582185678367
cluster,graph+identity0,2IP6,cluster_2IP6,5,87,0.6308834801526682,0.4137095158067711,0.7808929625309867
cluster,graph+identity0,2IVY,cluster_2IVY,3,88,0.5025313313325479,0.4141507980548399,0.877463343762846
cluster,graph+identity0,2J32,cluster_2J32,4,244,0.8139826160600071,0.7003280988260691,0.5966918987569482
cluster,graph+identity0,2J9W,cluster_2J9W,1,200,0.6931077362100925,0.6705827910188921,0.7384308680912579
cluster,graph+identity0,2JKU,cluster_2JKU,1,35,0.45696182806457986,0.3066041046807332,0.9371655790545078
cluster,graph+identity0,2JLI,cluster_2JLI,4,100,0.5994077564109096,0.5066413037094767,0.8021625714089423
cluster,graph+identity0,2JLJ,cluster_2JLI,4,115,0.7419128576341496,0.6109253462221863,0.6817509527444925
cluster,graph+identity0,2MCM,cluster_1NOA,4,112,0.7656611638797484,0.7226615471170305,0.6967412298636824
cluster,graph+identity0,2NLS,cluster_2NLS,2,36,0.47916573470573204,0.3783783783783784,0.8805113051750224
cluster,graph+identity0,2NR7,cluster_2NR7,4,194,0.8146845422973353,0.7277806677523642,0.6133953498563063
cluster,graph+identity0,2NUH,cluster_1KR4,3,104,0.6463947345074769,0.5605552207357228,0.7708309944497566
cluster,graph+identity0,2O6X,cluster_2O6X,2,306,0.7960471953220096,0.8054950773467026,0.6190732498108187
cluster,graph+identity0,2OA2,cluster_2OA2,4,132,0.5198599726600984,0.3929277236773219,0.8578967633863673
cluster,graph+identity0,2OCT,cluster_2OCT,4,192,0.5223271534831619,0.5332233532170523,0.8790494667628358
cluster,graph+identity0,2OHW,cluster_2OHW,4,256,0.5834999576101898,0.657366241275528,0.821412681762199
cluster,graph+identity0,2OKT,cluster_2OKT,5,342,0.3950862729093049,0.3919236878368489,0.9545858024913252
cluster,graph+identity0,2OL9,cluster_2OL9,1,6,0.8390789677436304,0.5428571428571429,0.5631850543842899
cluster,graph+identity0,2OLX,cluster_2OLX,3,4,0.8789468472498708,0.7999999999999999,0.8118191459679233
cluster,graph+identity0,2PKT,cluster_2PKT,1,91,0.03829402332045875,0.06736982934913217,1.0788779410325076
cluster,graph+identity0,2PLT,cluster_2PLT,2,98,0.47581411380424843,0.528556309303816,0.8890874680217287
cluster,graph+identity0,2PMR,cluster_2PMR,4,76,0.6402250972568267,0.7549248794263789,0.7732917472801474
cluster,graph+identity0,2POF,cluster_2POF,4,440,0.6777137582387184,0.710002628690628,0.7393592606453242
cluster,graph+identity0,2PPN,cluster_2PPN,5,107,0.6347813179545272,0.7297049734984361,0.7899852333618302
cluster,graph+identity0,2PSF,cluster_2PSF,4,608,0.5479757788449295,0.4787351855369661,0.8401166048426456
cluster,graph+identity0,2PTH,cluster_2PTH,3,193,0.7361638289252208,0.8089290178140603,0.6959191572546567
cluster,graph+identity0,2Q4N,cluster_2Q4N,2,153,0.6844515119525009,0.5895621596002669,0.7425272013167754
cluster,graph+identity0,2Q52,cluster_1WBE,3,412,0.7589946746417761,0.7484606288696435,0.676545193071309
cluster,graph+identity0,2QJL,cluster_2QJL,5,99,0.6282740945010562,0.664017638584569,0.7975067568899299
cluster,graph+identity0,2R16,cluster_2R16,1,175,0.5437736021996602,0.4364312801190867,0.848471829368442
cluster,graph+identity0,2R6Q,cluster_2R6Q,3,138,0.5578446816917498,0.4287648463750102,0.8370368000878662
cluster,graph+identity0,2RB8,cluster_2RB8,4,93,0.6203896862183922,0.5110581425298482,0.7875794911222489
cluster,graph+identity0,2RE2,cluster_2RE2,2,238,0.6646765072805341,0.4700463414379443,0.7493464979611213
cluster,graph+identity0,2RFR,cluster_2RFR,2,154,0.675854595964053,0.46918914664589756,0.7383081237937155
cluster,graph+identity0,2V9V,cluster_2V9V,1,135,0.5293234869691862,0.4580141502599546,0.8491832133216612
cluster,graph+identity0,2VE8,cluster_2VE8,1,515,0.7100412562166484,0.6135625701103833,0.7098237026257675
cluster,graph+identity0,2VH7,cluster_2VH7,5,94,0.7340114007512567,0.7197352832370009,0.6990835196282182
cluster,graph+identity0,2VIM,cluster_2VIM,5,104,0.3583550957191988,0.37617059870248426,0.9447822478688229
cluster,graph+identity0,2VPA,cluster_2VPA,2,204,0.7533360441761366,0.7686292581084384,0.7594511564886709
cluster,graph+identity0,2VQ4,cluster_2VQ4,4,106,0.6959053754090612,0.7782919649601557,0.720193413003979
cluster,graph+identity0,2VY8,cluster_2VY8,5,149,0.7467662200088018,0.7591577974282793,0.6750420786869261
cluster,graph+identity0,2VYO,cluster_2C71,5,206,0.7133101997579943,0.724696261800646,0.7203569351962907
cluster,graph+identity0,2W1V,cluster_2W1V,5,548,0.70890255553813,0.7642329034505059,0.7240047418165759
cluster,graph+identity0,2W2A,cluster_2W2A,3,350,0.6481177289366521,0.6867156489475617,0.7632849079191641
cluster,graph+identity0,2W6A,cluster_2W6A,3,117,0.772039831662888,0.49766213342910187,0.6483867842325852
cluster,graph+identity0,2WJ5,cluster_2WJ5,2,96,0.5734674457122192,0.5687581815782968,0.8658090868101269
cluster,graph+identity0,2WUJ,cluster_2WUJ,1,100,0.47686555936037034,0.21029229098663024,0.8840049480441973
cluster,graph+identity0,2WW7,cluster_2WW7,3,150,0.46296170077312854,0.5207718853366116,0.9535809026862945
cluster,graph+identity0,2WWE,cluster_2WWE,4,111,0.5666755331177974,0.4919311671896036,0.8252583616627601
cluster,graph+identity0,2X1Q,cluster_2X1Q,5,240,0.45677774367028523,0.38016849625119675,0.9061869395151043
cluster,graph+identity0,2X25,cluster_2X25,2,168,0.6343453359718574,0.7026099149115567,0.787151843334686
cluster,graph+identity0,2X3M,cluster_2X3M,3,166,0.7292170781985127,0.6022786226847502,0.719615179073134
cluster,graph+identity0,2X5Y,cluster_2X5Y,4,171,0.7233479087673718,0.7007740645563025,0.7107215029287427
cluster,graph+identity0,2X9Z,cluster_2X9Z,5,262,0.5905163262557988,0.5962826375273809,0.8074503546626682
cluster,graph+identity0,2XHF,cluster_2XHF,5,310,0.5867262346590746,0.6365529577149217,0.810275742460221
cluster,graph+identity0,2Y0T,cluster_2Y0T,3,101,0.7766076253019276,0.7517509094641854,0.649152297883543
cluster,graph+identity0,2Y72,cluster_2Y72,5,170,0.7264693834516778,0.6913566225060688,0.7106614019112226
cluster,graph+identity0,2Y7L,cluster_2Y7L,4,319,0.7338221367635499,0.6971265493872284,0.6951940190882789
cluster,graph+identity0,2Y9F,cluster_2Y9F,4,149,0.7647389771728678,0.8468375485571522,0.6465704331972545
cluster,graph+identity0,2YLB,cluster_2YLB,2,400,0.7441756713063266,0.800559842550392,0.6710737951505613
cluster,graph+identity0,2YNY,cluster_2YNY,1,315,0.7300758357056583,0.7227578255586516,0.7162865184242914
cluster,graph+identity0,2ZCM,cluster_2ZCM,1,357,0.42390157618175994,0.354171166789411,0.9097360449464582
cluster,graph+identity0,2ZU1,cluster_2ZU1,2,360,0.7059692874702245,0.7571755837251215,0.7114456159739067
cluster,graph+identity0,3A0M,cluster_3A0M,1,148,0.717279415373263,0.5603560448831318,0.7500289846285288
cluster,graph+identity0,3A7L,cluster_3A7L,4,128,0.6795538844140928,0.5908056962140964,0.748839246926613
cluster,graph+identity0,3AMC,cluster_3AMC,2,614,0.736132236542063,0.7706626348089437,0.708833065280837
cluster,graph+identity0,3AUB,cluster_3AUB,1,116,0.6008039017651087,0.6530231737370936,0.8035263346609557
cluster,graph+identity0,3B5O,cluster_3B5O,1,230,0.6296951702752738,0.6168477463540143,0.7790439286379728
cluster,graph+identity0,3BA1,cluster_3BA1,4,312,0.6539399088414287,0.5749455137136689,0.7575340175574301
cluster,graph+identity0,3BED,cluster_3BED,1,261,0.8098849721871786,0.8237245105103994,0.619476671358433
cluster,graph+identity0,3BQX,cluster_3BQX,4,139,0.4774768860739374,0.4880183297048598,0.9061200117359826
cluster,graph+identity0,3BZQ,cluster_3BZQ,3,99,0.5743874308408591,0.561883499599487,0.8203919327018993
cluster,graph+identity0,3BZZ,cluster_3BZZ,5,100,0.45640659777162185,0.4358387365832406,0.9130777889194731
cluster,graph+identity0,3DRF,cluster_3DRF,4,547,0.5507470713674255,0.5530095497299469,0.8356945373485837
cluster,graph+identity0,3DWV,cluster_3DWV,2,325,0.6357420188742154,0.7094593880124116,0.7782844955584064
cluster,graph+identity0,3E5T,cluster_2HQK,1,228,0.5227662060466656,0.43886871522089205,0.8546543701685339
cluster,graph+identity0,3E7R,cluster_3E7R,4,40,0.7361417850361655,0.7866960719646693,0.7262809869364741
cluster,graph+identity0,3EUR,cluster_3EUR,3,140,0.39882633323779243,0.3838646686006935,0.9298728562393128
cluster,graph+identity0,3F2Z,cluster_3F2Z,3,149,0.7786053747691154,0.7492975530256484,0.6488183927022096
cluster,graph+identity0,3F7E,cluster_3F7E,3,254,0.7590579080519763,0.8034399838326421,0.662411450550456
cluster,graph+identity0,3FCN,cluster_3FCN,1,158,0.6390240397096082,0.5663006538497805,0.7710901309196447
cluster,graph+identity0,3FE7,cluster_3FE7,3,91,0.5036461724715603,0.5333237775955104,0.8641933685566224
cluster,graph+identity0,3FKE,cluster_3FKE,5,250,0.5272275722941949,0.514405810378096,0.8588110845483331
cluster,graph+identity0,3FMY,cluster_3FMY,2,66,0.6452021862357636,0.6708625585964045,0.7690865898596717
cluster,graph+identity0,3FOD,cluster_3FOD,1,48,0.405299113972002,0.41806437666754936,1.0139336746579863
cluster,graph+identity0,3FSO,cluster_3FSO,2,221,0.8036566381639972,0.5895372132867994,0.613364604395786
cluster,graph+identity0,3FTD,cluster_3FTD,1,240,0.7075493902235895,0.6780097849301622,0.7229288034918033
cluster,graph+identity0,3FVA,cluster_3FVA,1,6,0.7645517693842775,0.7775419143502353,0.6737101111220933
cluster,graph+identity0,3G1S,cluster_3G1S,1,418,0.6378131635161817,0.7011760434883936,0.7752353111077042
cluster,graph+identity0,3GBW,cluster_3GBW,4,161,0.7446559172033599,0.8384066759474208,0.6847164315558198
cluster,graph+identity0,3GHJ,cluster_3GHJ,5,116,0.5377176132976417,0.5015396207303454,0.8499198786011354
cluster,graph+identity0,3HFO,cluster_3HFO,4,197,0.6414712097840256,0.6695192168896175,0.7730088377435972
cluster,graph+identity0,3HHP,cluster_3HHP,5,1234,0.7489869998746752,0.7859907763772915,0.6809711636192499
cluster,graph+identity0,3HNY,cluster_3HNY,5,156,0.7180560883774104,0.7290924810349128,0.7033189709259299
cluster,graph+identity0,3HP4,cluster_3HP4,4,183,0.5299702049636856,0.4533188038674134,0.85454832711102
cluster,graph+identity0,3HWU,cluster_3HWU,2,144,0.7354902023805197,0.722557308939503,0.6795705537960611
cluster,graph+identity0,3HYD,cluster_3HYD,5,7,0.8354246582216716,0.6071428571428572,0.6195216733384958
cluster,graph+identity0,3HZ8,cluster_3HZ8,2,192,0.501471859667429,0.47191459872411146,0.8753026554479773
cluster,graph+identity0,3I2V,cluster_3I2V,3,124,0.42648461899246315,0.44620265116635993,0.9329481174895009
cluster,graph+identity0,3I2Z,cluster_3I2Z,5,138,0.5676339409454945,0.5724651330670797,0.8274720565668074
cluster,graph+identity0,3I4O,cluster_3I4O,1,135,0.7425868933383385,0.7089699207559966,0.6725086201984614
cluster,graph+identity0,3I7M,cluster_3I7M,2,134,0.6282847903114985,0.5403764193637656,0.7797832734406388
cluster,graph+identity0,3IHS,cluster_1OPD,2,169,0.6070096743334559,0.5025682654030604,0.7991825923529712
cluster,graph+identity0,3IVV,cluster_3IVV,4,149,0.7960376824342769,0.7823858210474894,0.6211851041711622
cluster,graph+identity0,3K6Y,cluster_3K6Y,2,227,0.6131700767713654,0.6162949626046192,0.792350431533027
cluster,graph+identity0,3KBE,cluster_3KBE,5,140,0.6897883940945155,0.6797840400577496,0.7244966902029838
cluster,graph+identity0,3KGK,cluster_3KGK,2,190,0.8016996921061149,0.7912886281833256,0.6143138562108666
cluster,graph+identity0,3KZD,cluster_3KZD,3,85,0.60923776545005,0.6656927604802962,0.7992975087836616
cluster,graph+identity0,3L41,cluster_2ETX,1,220,0.6870043819454256,0.6833835273277408,0.7300125937838823
cluster,graph+identity0,3LAA,cluster_3LAA,3,169,0.5833746303964866,0.5080451325857227,0.8915497918795869
cluster,graph+identity0,3LAX,cluster_3LAX,3,106,0.7231408830083907,0.718749921298616,0.7038703715414225
cluster,graph+identity0,3LG3,cluster_3LG3,4,833,0.6075474767565192,0.6231836516132382,0.8290145386330028
cluster,graph+identity0,3LJI,cluster_3LJI,5,272,0.5987960120530726,0.5388440678079471,0.8027535035245841
cluster,graph+identity0,3M3P,cluster_3M3P,1,249,0.621899807764816,0.6380781076457733,0.7834425074389525
cluster,graph+identity0,3M8J,cluster_3M8J,1,178,0.6846619234537559,0.7369986690549268,0.7317260532483956
cluster,graph+identity0,3M9J,cluster_3M9J,3,210,0.5081466153883004,0.5305392177878643,0.8642676280311951
cluster,graph+identity0,3M9Q,cluster_3M9Q,2,176,0.4772735475171006,0.5366394028794419,0.9308250695341862
cluster,graph+identity0,3MAB,cluster_1OPD,2,173,0.6413738632988721,0.5690125208743997,0.7677313048157464
cluster,graph+identity0,3MD4,cluster_3MD4,2,12,0.7323253914316851,0.7600712181471058,0.7258554306535844
cluster,graph+identity0,3MD5,cluster_3MD5,5,12,0.5701178120387157,0.6853146853146854,1.0210721037930541
cluster,graph+identity0,3MEA,cluster_3MEA,2,166,0.6647522215653332,0.7431140552399614,0.7631461130676929
cluster,graph+identity0,3MGN,cluster_3MGN,2,348,0.1890613892532962,0.2502276491009984,1.1804281388929363
cluster,graph+identity0,3MRE,cluster_3MRE,5,383,0.6646680888113817,0.7382988928315323,0.7558131150543184
cluster,graph+identity0,3N11,cluster_3N11,1,325,0.5561312497966031,0.6145330021343163,0.8374751590367026
cluster,graph+identity0,3NE0,cluster_3NE0,1,208,0.6974934331140641,0.7079611086505972,0.728212269397148
cluster,graph+identity0,3NGG,cluster_3NGG,1,94,0.7466480229952258,0.6246405710568036,0.6976329120728127
cluster,graph+identity0,3NPV,cluster_3NPV,5,495,0.5846256122775058,0.5408623751757881,0.8152694187490621
cluster,graph+identity0,3NVG,cluster_3NVG,2,6,0.6486343451673445,0.6571428571428573,0.7934214794181553
cluster,graph+identity0,3NZL,cluster_3NZL,5,73,0.5753176978705608,0.5918189470294427,0.8205643154899007
cluster,graph+identity0,3O0P,cluster_3O0P,5,194,0.7092414760481692,0.7176192436899911,0.7058104017168582
cluster,graph+identity0,3O5P,cluster_3O5P,5,128,0.7120070500071742,0.6634715942889028,0.7094498360501557
cluster,graph+identity0,3OBQ,cluster_3OBQ,2,150,0.6339334354833283,0.3901100854853594,0.7775321606018776
cluster,graph+identity0,3OQY,cluster_3OQY,3,234,0.6442583626426572,0.6174233271386781,0.7791912229811786
cluster,graph+identity0,3P6J,cluster_3P6J,3,125,0.7905699450919169,0.7671997984771456,0.6248631341703951
cluster,graph+identity0,3PD7,cluster_3PD7,5,188,0.7129648378660748,0.764382443423179,0.709095804880253
cluster,graph+identity0,3PES,cluster_3PES,3,165,0.5987956714579898,0.5741809708795539,0.8196166489560393
cluster,graph+identity0,3PID,cluster_3PID,4,387,0.5213656363162601,0.48484268775364653,0.8647347108931469
cluster,graph+identity0,3PIW,cluster_3PIW,5,154,0.757493024013135,0.7265874900145556,0.6770303138478542
cluster,graph+identity0,3PKV,cluster_3PKV,3,221,0.5649943248122788,0.6307618246693178,0.8251858755206778
cluster,graph+identity0,3PSM,cluster_3PSM,4,94,0.8029963445583964,0.8749539422788514,0.6128197613691717
cluster,graph+identity0,3PTL,cluster_3PTL,4,289,0.5249355831602571,0.6244357861489541,0.8839976388838015
cluster,graph+identity0,3PVE,cluster_3PVE,1,347,0.7031954396710082,0.7292442863950394,0.7263402816378969
cluster,graph+identity0,3PZ9,cluster_3PZ9,4,357,0.6972871563087771,0.6988165375803519,0.7278695041560089
cluster,graph+identity0,3PZZ,cluster_3PZZ,2,12,0.9584046434239674,0.8461538461538463,0.517183685379981
cluster,graph+identity0,3Q2X,cluster_3Q2X,4,6,0.9029742544187555,0.6571428571428573,0.4761867781477287
cluster,graph+identity0,3Q6L,cluster_3Q6L,2,131,0.5922072698090624,0.5789597308385637,0.8111450601521456
cluster,graph+identity0,3QDS,cluster_3QDS,1,284,0.7326471060837074,0.7328709595093169,0.7127248789745257
cluster,graph+identity0,3QPA,cluster_3QPA,5,197,0.4800194779615951,0.7031401876083438,0.9066218499830492
cluster,graph+identity0,3R6D,cluster_3R6D,4,221,0.6807360369074859,0.7549101465040372,0.7403465096715318
cluster,graph+identity0,3R87,cluster_3R87,5,132,0.43614828189649074,0.39378768234170636,0.9049259452486347
cluster,graph+identity0,3RQ9,cluster_3RQ9,1,162,0.4950173141308763,0.5901633329146208,0.9410491998637829
cluster,graph+identity0,3RY0,cluster_3RY0,1,128,0.620722744416875,0.6082560210641065,0.7906707807384525
cluster,graph+identity0,3RZY,cluster_3Q6L,2,139,0.6902612440348527,0.6321685635307434,0.7375549139861367
cluster,graph+identity0,3S0A,cluster_3S0A,2,119,0.511102142313508,0.5149231941676947,0.8626033894922058
cluster,graph+identity0,3SD2,cluster_3SD2,1,86,0.4292684125660096,0.5304834329243926,0.9086035437601887
cluster,graph+identity0,3SEB,cluster_3SEB,3,238,0.6446675026573327,0.7679679975595278,0.7698800263540119
cluster,graph+identity0,3SED,cluster_3SED,2,124,0.6755756457043641,0.654828126126689,0.7709167103807218
cluster,graph+identity0,3SO6,cluster_3SO6,1,150,0.6902713627117993,0.6636022123975075,0.7295010721476193
cluster,graph+identity0,3SR3,cluster_3SR3,5,637,0.5771119304221461,0.5804033606456076,0.8217938444613296
cluster,graph+identity0,3SUK,cluster_3SUK,2,248,0.6497527583155897,0.655819088425868,0.7694740121691933
cluster,graph+identity0,3SZH,cluster_3SZH,2,697,0.784994794849068,0.782100324256608,0.6287883378931822
cluster,graph+identity0,3T0H,cluster_3T0H,5,208,0.7613362942452739,0.7981073154824364,0.6621052889298235
cluster,graph+identity0,3T3K,cluster_3T3K,3,122,0.75104524962222,0.8100279068338732,0.6752860691013423
cluster,graph+identity0,3T47,cluster_3T47,4,141,0.5184328633595898,0.5233113929769401,0.865494553834836
cluster,graph+identity0,3TDN,cluster_3TDN,3,357,0.47839685946271593,0.49444920134112064,0.884245850353743
cluster,graph+identity0,3TOW,cluster_3TOW,1,152,0.5904689941984068,0.7232728367302903,0.8121378064652508
cluster,graph+identity0,3TUA,cluster_3TUA,2,210,0.6629386861169689,0.7847608533708174,0.758213447386369
cluster,graph+identity0,3TYS,cluster_3TYS,3,75,0.7578065033024477,0.6477709183537125,0.7280383023376482
cluster,graph+identity0,3U6G,cluster_3U6G,4,248,0.6087280941965856,0.5891736062789168,0.7987470989141161
cluster,graph+identity0,3U97,cluster_3U97,5,77,0.7033506389781747,0.6880052580285493,0.7186095614101313
cluster,graph+identity0,3UCI,cluster_3UCI,3,72,0.5559154140004782,0.48533667759984567,0.8504086090252979
cluster,graph+identity0,3UR8,cluster_3UR8,4,637,0.6852950652573839,0.6422244741084916,0.7332121703078297
cluster,graph+identity0,3US6,cluster_3US6,5,148,0.612978025836274,0.5048105576979566,0.8002752103057194
cluster,graph+identity0,3V1A,cluster_3V1A,5,48,0.36842582134178015,0.4674845321220743,0.9373975979790838
cluster,graph+identity0,3V75,cluster_3V75,2,285,0.5600897393358784,0.5286494161456551,0.8342477596542396
cluster,graph+identity0,3VN0,cluster_3VN0,1,193,0.8136937545767627,0.6558988564822971,0.647192375807496
cluster,graph+identity0,3VOR,cluster_3VOR,5,182,0.5693442195948053,0.5640042838868735,0.8378991312016045
cluster,graph+identity0,3VUB,cluster_3VUB,3,101,0.596746653763823,0.6274352209496101,0.8109564746800189
cluster,graph+identity0,3VVV,cluster_3VVV,1,108,0.705181032278888,0.568132938641686,0.7323492701204543
cluster,graph+identity0,3VZ9,cluster_3VZ9,5,163,0.7412547008471447,0.7364201084835347,0.6793167912099084
cluster,graph+identity0,3W4Q,cluster_1ES5,3,773,0.7066818732412959,0.7270039473656001,0.7288545031393943
cluster,graph+identity0,3ZBD,cluster_3ZBD,1,213,0.5240409269288292,0.46345709781733985,0.8597441704583513
cluster,graph+identity0,3ZIT,cluster_3ZIT,3,152,0.39686470036903254,0.4140354893946346,0.9359738580701368
cluster,graph+identity0,3ZRX,cluster_3ZRX,3,221,0.5524575587887814,0.5654718542429417,0.8342236533005412
cluster,graph+identity0,3ZSL,cluster_3ZSL,2,138,0.7120259619886329,0.5758371073595058,0.7188649770944358
cluster,graph+identity0,3ZZP,cluster_3ZZP,2,74,0.4993090419905598,0.5570208891612617,0.8667031814783399
cluster,graph+identity0,3ZZY,cluster_3ZZY,3,226,0.7280742190882172,0.622265076776436,0.6925928688040313
cluster,graph+identity0,4A02,cluster_4A02,2,166,0.4902056820999312,0.6354276524899667,0.8806148090719584
cluster,graph+identity0,4ACJ,cluster_4ACJ,1,167,0.7521229309036408,0.8070415252581024,0.6900398348890718
cluster,graph+identity0,4AE7,cluster_4AE7,3,186,0.7812640904776388,0.7189770234130495,0.6313374571628891
cluster,graph+identity0,4AM1,cluster_4AM1,4,345,0.6014749641763347,0.6138982407468914,0.7992765402788448
cluster,graph+identity0,4ANN,cluster_4ANN,3,176,0.5438903663766159,0.5612761674543343,0.8450547809406389
cluster,graph+identity0,4AVR,cluster_4AVR,1,188,0.6440588922735342,0.7440351596627613,0.7988500114423122
cluster,graph+identity0,4AXY,cluster_4AXY,4,54,0.6773057679360719,0.5842799424844068,0.7466421825416529
cluster,graph+identity0,4B6G,cluster_4B6G,3,558,0.74377379498127,0.7502566723228238,0.6901500166628116
cluster,graph+identity0,4B9G,cluster_4B9G,5,292,0.8033840681335608,0.7890325223883502,0.6225512392843383
cluster,graph+identity0,4DD5,cluster_4DD5,1,387,0.6350039890505959,0.6698067702857335,0.7805815970460189
cluster,graph+identity0,4DKN,cluster_4DKN,3,423,0.7114965099179292,0.7223049211464293,0.737316901509197
cluster,graph+identity0,4DND,cluster_4DND,3,95,0.7477748441731775,0.6781378714272744,0.6727662057002685
cluster,graph+identity0,4DPZ,cluster_4DPZ,1,109,0.7093169891382385,0.6499055915734846,0.7150744455323688
cluster,graph+identity0,4DQ7,cluster_4DQ7,3,328,0.7073283136570881,0.7289412977763303,0.7153356812473958
cluster,graph+identity0,4DT4,cluster_4DT4,4,160,0.7384993325991133,0.7244540998823714,0.7417957486183472
cluster,graph+identity0,4EK3,cluster_4EK3,3,287,0.6846694005697911,0.6997899322623669,0.7385476872590587
cluster,graph+identity0,4ERY,cluster_4ERY,2,318,0.7071081570429342,0.7509164576215392,0.7258039206367606
cluster,graph+identity0,4ES1,cluster_4ES1,1,95,0.7241102655361092,0.6839753215491804,0.7229501913097252
cluster,graph+identity0,4EUG,cluster_4EUG,1,225,0.584245993074573,0.6310330005660775,0.812470689499968
cluster,graph+identity0,4F01,cluster_4F01,3,448,0.343397559155585,0.5191931862490274,0.9950583165167514
cluster,graph+identity0,4F3J,cluster_4F3J,3,143,0.6055984430876539,0.5598254207007679,0.8003916770619977
cluster,graph+identity0,4FR9,cluster_4FR9,2,141,0.6310371379647722,0.6341828347579067,0.7844200370428397
cluster,graph+identity0,4G14,cluster_4G14,1,15,0.605621047022259,0.6142857142857142,0.8661283726559863
cluster,graph+identity0,4G2E,cluster_4G2E,4,151,0.7407444040155127,0.8013586722345164,0.6737076159895802
cluster,graph+identity0,4G5X,cluster_4G5X,1,550,0.7247128102259629,0.7490772887023964,0.7011692908346521
cluster,graph+identity0,4G6C,cluster_4G6C,3,658,0.5979069329592018,0.5732393624922314,0.810419042376447
cluster,graph+identity0,4G7X,cluster_4G7X,3,194,0.6168696210490803,0.5569752883898265,0.8012803457462372
cluster,graph+identity0,4GA2,cluster_4GA2,5,144,0.5321352958238101,0.5529702313774719,0.8475546573315585
cluster,graph+identity0,4GMQ,cluster_4GMQ,5,92,0.5996876454836281,0.5799207804817903,0.8029333612965343
cluster,graph+identity0,4GS3,cluster_4GS3,3,90,0.473736307894755,0.6505410200234957,0.9510425852750035
cluster,graph+identity0,4H4J,cluster_4H4J,4,236,0.8078287560048177,0.8337008794368873,0.6192759297688801
cluster,graph+identity0,4H89,cluster_4H89,4,168,0.611306640328583,0.5729997045292492,0.792197487859357
cluster,graph+identity0,4HDE,cluster_4HDE,5,168,0.7353118576621964,0.7879063593924613,0.6949480825595425
cluster,graph+identity0,4HJP,cluster_4HJP,4,281,0.6892884781020944,0.7799871712677373,0.7326894595728141
cluster,graph+identity0,4HWM,cluster_4HWM,4,117,0.6075119660659882,0.5846414950297876,0.8076735519555744
cluster,graph+identity0,4IL7,cluster_4IL7,2,85,0.3694972063781855,0.26849978992673185,0.9501565432184004
cluster,graph+identity0,4J11,cluster_4J11,5,357,0.6184203250951364,0.5100215201373969,0.7955043921268719
cluster,graph+identity0,4J5O,cluster_4J5O,2,220,0.7244947458249028,0.6607923557813526,0.6973029234703297
cluster,graph+identity0,4J5Q,cluster_2FG1,1,146,0.723569251477995,0.76440249878229,0.7071956941002311
cluster,graph+identity0,4J78,cluster_4J78,3,305,0.6280250379372699,0.7614567069713967,0.7798157036680392
cluster,graph+identity0,4JG2,cluster_4JG2,2,185,0.7763906842208649,0.8070011510037791,0.6803340075565275
cluster,graph+identity0,4JVU,cluster_4JVU,4,207,0.7330367523696708,0.8051743615828203,0.690657907153691
cluster,graph+identity0,4JYP,cluster_4JYP,2,534,0.6500046773165716,0.717380776436683,0.7645127258056101
cluster,graph+identity0,4KEF,cluster_4KEF,3,133,0.4965115261162315,0.44906339388726335,0.8877423466507628
cluster,graph+identity0,5CYT,cluster_1CCR,5,103,0.3581780762336741,0.30908416964022717,0.9353295347714786
cluster,graph+identity0,6RXN,cluster_6RXN,1,45,0.5437556350335626,0.567193675889328,0.8643392478204814
cluster,graph+geometric0,1ABA,cluster_1ABA,4,87,0.6331685768141064,0.730487082547304,0.7766769720737465
cluster,graph+geometric0,1AHO,cluster_1AHO,3,64,0.657955819761407,0.7395460113352121,0.7617946331606515
cluster,graph+geometric0,1AIE,cluster_1AIE,4,31,0.6854261419531528,0.4084677419354839,0.7436265203836773
cluster,graph+geometric0,1AKG,cluster_1AKG,2,16,0.5208909812135953,0.743193725852891,0.8625919065402649
cluster,graph+geometric0,1ATG,cluster_1ATG,5,231,0.5300500381866763,0.5869775904952813,0.8541571099196604
cluster,graph+geometric0,1BGF,cluster_1BGF,2,124,0.592264132148579,0.4179935892545076,0.8087433072505076
cluster,graph+geometric0,1BX7,cluster_1BX7,2,51,0.5793600970220063,0.23855203619909499,0.8761480435998624
cluster,graph+geometric0,1BYI,cluster_1BYI,5,224,0.536547009330601,0.6050233948164165,0.8491944158436379
cluster,graph+geometric0,1CCR,cluster_1CCR,5,111,0.5183431573796742,0.5263926886682475,0.855603225149794
cluster,graph+geometric0,1CYO,cluster_1CYO,2,88,0.6187677464723765,0.5745810623609208,0.7941194144955908
cluster,graph+geometric0,1DF4,cluster_1DF4,5,57,0.9118114360220883,0.798288825512056,0.554701564778113
cluster,graph+geometric0,1E5K,cluster_1E5K,3,188,0.7579301737024374,0.7509312277654201,0.6640672514301187
cluster,graph+geometric0,1ES5,cluster_1ES5,3,260,0.6394381095683854,0.718589080978376,0.7752369818709091
cluster,graph+geometric0,1ETL,cluster_1ETL,3,12,0.7930364720581147,0.6773684327688402,0.742172408262485
cluster,graph+geometric0,1ETM,cluster_1ETM,1,12,0.599228560255791,0.3854684518180305,0.8408904587376748
cluster,graph+geometric0,1ETN,cluster_1ETN,4,12,-0.17838343525659514,0.09608826434822593,1.1986500572704384
cluster,graph+geometric0,1EW4,cluster_1EW4,2,106,0.6036314852287407,0.6329270813101044,0.7994858780481044
cluster,graph+geometric0,1F8R,cluster_1F8R,3,1932,0.7929358335385989,0.7624985610903887,0.6582829366851403
cluster,graph+geometric0,1FF4,cluster_1FF4,4,65,0.6201545138497465,0.5927293786343631,0.7877993678586589
cluster,graph+geometric0,1FK5,cluster_1FK5,2,93,0.5592871182808522,0.5255273514326477,0.8338402487702502
cluster,graph+geometric0,1GCO,cluster_1GCO,4,1044,0.6784013991469596,0.6425236660031493,0.7418622107222034
cluster,graph+geometric0,1GK7,cluster_1GK7,3,39,0.8102272004525789,0.5669315256007975,0.6292835970486348
cluster,graph+geometric0,1GVD,cluster_1GVD,3,52,0.6898913968768341,0.5878209644676379,0.7366724937392772
cluster,graph+geometric0,1GXU,cluster_1GXU,1,88,0.6368506266342283,0.6222740782050812,0.7807303230234002
cluster,graph+geometric0,1H6V,cluster_1H6V,2,2927,0.4873802662263525,0.5512685119045247,0.8873565263903473
cluster,graph+geometric0,1HJE,cluster_1HJE,4,13,0.7119275983956079,0.6648351648351648,0.7645734343795227
cluster,graph+geometric0,1I71,cluster_1I71,3,83,0.5684508457101304,0.6012667863692125,0.8246570425664517
cluster,graph+geometric0,1IDP,cluster_1IDP,2,441,0.7600815141389096,0.8765273440576516,0.6629249691958239
cluster,graph+geometric0,1IFR,cluster_1IFR,3,113,0.6727662521215284,0.7328570299860016,0.7673095418248472
cluster,graph+geometric0,1K8U,cluster_1K8U,2,89,0.49790221950502916,0.37071148583705626,0.8873956698774387
cluster,graph+geometric0,1KMM,cluster_1KMM,4,1499,0.7286749744464098,0.7567106684529827,0.6928047812409819
cluster,graph+geometric0,1KNG,cluster_1KNG,1,144,0.5245455788571476,0.481650279228344,0.8577955796644204
cluster,graph+geometric0,1KR4,cluster_1KR4,3,110,0.6235654968922084,0.5728635060845308,0.785662349859822
cluster,graph+geometric0,1KYC,cluster_1KYC,5,15,0.7912733353459237,0.8107142857142855,0.7345207589513018
cluster,graph+geometric0,1LR7,cluster_1LR7,1,73,0.6172672046694172,0.6860320717227995,0.809965109178811
cluster,graph+geometric0,1MF7,cluster_1MF7,2,194,0.6852096856139989,0.7659541072128029,0.7524828648283243
cluster,graph+geometric0,1N7E,cluster_1N7E,5,95,0.5466219487257643,0.6950030970752937,0.8386660186523834
cluster,graph+geometric0,1NKD,cluster_1NKD,1,59,0.7036597255013485,0.715354493009866,0.7875356831493858
cluster,graph+geometric0,1NKO,cluster_1NKO,1,122,0.502738091115483,0.7188754157707591,0.8857151777434624
cluster,graph+geometric0,1NLS,cluster_1NLS,5,237,0.524424316117702,0.7251866197074371,0.8604666278780637
cluster,graph+geometric0,1NNX,cluster_1NNX,2,93,0.7449473656052917,0.7971829725898936,0.676027541251232
cluster,graph+geometric0,1NOA,cluster_1NOA,4,113,0.5317993760335611,0.4795372222895774,0.8493490106757735
cluster,graph+geometric0,1NOT,cluster_1NOT,3,13,0.603786253386679,0.6318681318681317,0.8612233389825934
cluster,graph+geometric0,1O06,cluster_1O06,1,20,0.9186614307855987,0.7112781954887217,0.42433447316581635
cluster,graph+geometric0,1O08,cluster_1O08,5,221,0.3324362543245886,0.6066148298638807,0.9701886043599491
cluster,graph+geometric0,1OB4,cluster_1OB4,1,16,0.5023466821633925,0.3911764705882353,0.9232285315162435
cluster,graph+geometric0,1OB7,cluster_1OB7,4,16,0.598979627115876,0.8447390072070483,0.8360703887029314
cluster,graph+geometric0,1OPD,cluster_1OPD,2,85,0.4583527347685167,0.4640534690961633,0.8917943178522402
cluster,graph+geometric0,1P9I,cluster_1P9I,2,29,0.6749442338880082,0.4871921182266009,0.7458390079789509
cluster,graph+geometric0,1PEF,cluster_1PEF,5,18,0.8568039111416081,0.87203302373581,0.613394177542926
cluster,graph+geometric0,1PEN,cluster_1PEN,5,16,0.5884270477376292,0.6048566758921547,0.8239414895533473
cluster,graph+geometric0,1PMY,cluster_1PMY,4,123,0.6723367308643298,0.587946034153629,0.765361469586969
cluster,graph+geometric0,1PZ4,cluster_1PZ4,2,113,0.7152959949059317,0.681360633651769,0.7112585852291128
cluster,graph+geometric0,1Q9B,cluster_1Q9B,2,43,0.7657582849495327,0.7624584717607973,0.6665514153131302
cluster,graph+geometric0,1QAU,cluster_1QAU,3,112,0.6517097097635657,0.6289643685368496,0.7654059689127464
cluster,graph+geometric0,1QKI,cluster_1QKI,1,3912,0.5558491969623396,0.6269082675356088,0.8693082498406032
cluster,graph+geometric0,1QTO,cluster_1QTO,2,122,0.6090566248661319,0.6173782301269581,0.7937241337124591
cluster,graph+geometric0,1R29,cluster_1R29,5,122,0.592466707818072,0.5717661015632036,0.8071853025049881
cluster,graph+geometric0,1R7J,cluster_1R7J,1,90,0.7574196088048663,0.6068832676999353,0.6725898518635873
cluster,graph+geometric0,1RJU,cluster_1RJU,4,36,0.4174677744154636,0.27413127413127414,0.9294921096906675
cluster,graph+geometric0,1RRO,cluster_1RRO,5,108,0.28159485593697253,0.20743828236355175,0.9775177999364189
cluster,graph+geometric0,1SAU,cluster_1SAU,1,114,0.640733688736615,0.6445038478437822,0.7842015525853828
cluster,graph+geometric0,1TGR,cluster_1TGR,1,104,0.717868371286594,0.6643923855359306,0.7144584939034344
cluster,graph+geometric0,1TZV,cluster_1TZV,4,141,0.8017273352742562,0.7703298432393314,0.6255968965317272
cluster,graph+geometric0,1U06,cluster_1U06,2,55,0.47865214675423695,0.28983206772513886,0.8790249316490464
cluster,graph+geometric0,1U7I,cluster_1U7I,3,267,0.7601778560403657,0.7971490122062994,0.6664099742085058
cluster,graph+geometric0,1U9C,cluster_1U9C,1,221,0.5783672876505944,0.414148870892318,0.8252569919066483
cluster,graph+geometric0,1UHA,cluster_1UHA,1,82,0.645412510017419,0.6973737199488487,0.7666358026998689
cluster,graph+geometric0,1UKU,cluster_1KR4,3,102,0.7052805787978491,0.5582188295254636,0.7209940829502941
cluster,graph+geometric0,1ULR,cluster_1ULR,4,87,0.5954371985991774,0.6356888672798171,0.8183576116786124
cluster,graph+geometric0,1UOY,cluster_1UOY,5,64,0.6746611494343676,0.6117515081846331,0.7603892166492532
cluster,graph+geometric0,1USE,cluster_1USE,3,40,0.12301690396250879,0.01876172607879925,1.1437323668750194
cluster,graph+geometric0,1USM,cluster_1USM,5,77,0.8085379091853229,0.7141326708490038,0.6134607513539044
cluster,graph+geometric0,1UTG,cluster_1UTG,4,70,0.5925079486166215,0.520553937155228,0.8193180937196881
cluster,graph+geometric0,1V05,cluster_1V05,4,96,0.6045650100697576,0.5683202431375173,0.8078207184654954
cluster,graph+geometric0,1V70,cluster_1V70,4,105,0.5536683161920065,0.6348410708615465,0.834323881107493
cluster,graph+geometric0,1VRZ,cluster_1VRZ,3,21,0.7533637060580851,0.7745290783846037,0.7577281133584582
cluster,graph+geometric0,1W2L,cluster_1W2L,4,97,0.5738552786549188,0.4043065189607095,0.8214695057459572
cluster,graph+geometric0,1WBE,cluster_1WBE,3,204,0.5586428787038891,0.6248048450159299,0.8303029257228006
cluster,graph+geometric0,1WHI,cluster_1WHI,1,122,0.5240116556189726,0.6334732775878094,0.8563079930334725
cluster,graph+geometric0,1WLY,cluster_1WLY,5,322,0.6772005220062676,0.718697747215526,0.7437130453134603
cluster,graph+geometric0,1WPA,cluster_1WPA,2,107,0.5676478233547142,0.3436874704830476,0.8314733157702988
cluster,graph+geometric0,1X3O,cluster_1X3O,3,80,0.5612828362488063,0.5590515650093947,0.8311515968148834
cluster,graph+geometric0,1XY1,cluster_1XY1,3,16,0.6636034246474198,0.5465598242890071,1.1227736155979113
cluster,graph+geometric0,1XY2,cluster_1XY2,3,8,0.6602191886204141,0.5576679417142028,0.8763328815725634
cluster,graph+geometric0,1Y6X,cluster_1Y6X,5,87,0.49032070312537274,0.5485553900116631,0.8837323575273558
cluster,graph+geometric0,1YJO,cluster_1YJO,5,6,0.3649893900242436,0.3714285714285715,1.0713330509048926
cluster,graph+geometric0,1YZM,cluster_1YZM,5,46,0.8014596739449681,0.6735537202893022,0.7218444373743478
cluster,graph+geometric0,1Z21,cluster_1Z21,3,96,0.631212419000978,0.6800530390989398,0.7794777494585317
cluster,graph+geometric0,1ZCE,cluster_1ZCE,2,146,0.7691077571439612,0.8012358771050597,0.6796318362722158
cluster,graph+geometric0,1ZVA,cluster_1ZVA,1,75,0.5880140339776282,0.5268578590525603,0.8097670280466635
cluster,graph+geometric0,2A50,cluster_2A50,4,457,0.566605719708268,0.630412628329252,0.8334120969743115
cluster,graph+geometric0,2AGK,cluster_2AGK,2,233,0.6727392994484234,0.7071019179168627,0.7490076894369642
cluster,graph+geometric0,2AH1,cluster_2AH1,5,939,0.5393345798577783,0.5540016942592203,0.860151859866697
cluster,graph+geometric0,2B0A,cluster_2B0A,4,186,0.6055263459152643,0.6300318618970178,0.8085147141628695
cluster,graph+geometric0,2BCM,cluster_2BCM,4,413,0.5621338850223029,0.5037836009155611,0.8279468854459612
cluster,graph+geometric0,2BF9,cluster_2BF9,5,36,0.5784967491348647,0.4968144678541766,0.848299423471943
cluster,graph+geometric0,2BRF,cluster_2BRF,4,100,0.7736193882018672,0.7171755363377348,0.6808020711655517
cluster,graph+geometric0,2C71,cluster_2C71,5,205,0.6295680644072015,0.6712058144707924,0.8071604328606631
cluster,graph+geometric0,2CE0,cluster_2CE0,2,99,0.5928976981694046,0.5851703656057244,0.8079770174674129
cluster,graph+geometric0,2CG7,cluster_2CG7,5,90,0.5267969695060364,0.5164715761934394,0.8533937110205734
cluster,graph+geometric0,2COV,cluster_2COV,3,534,0.7840360928542701,0.7440439664091729,0.6330023059898531
cluster,graph+geometric0,2CWS,cluster_2CWS,4,227,0.6715249929543383,0.7056376995684792,0.7528263142137097
cluster,graph+geometric0,2D5W,cluster_2D5W,5,1214,0.7047321332370352,0.6732354153291369,0.7268327522726503
cluster,graph+geometric0,2DKO,cluster_2DKO,2,253,0.7968499620126204,0.6858238399743707,0.609317243136357
cluster,graph+geometric0,2DPL,cluster_2DPL,5,565,0.47678868927944673,0.5346404874355692,0.8924190957924455
cluster,graph+geometric0,2DSX,cluster_2DSX,4,52,0.39385477004586966,0.2581485202415422,0.920614227983019
cluster,graph+geometric0,2E10,cluster_2E10,5,439,0.776547960736466,0.8069017559402958,0.6395241965325869
cluster,graph+geometric0,2E3H,cluster_2E3H,4,81,0.6939692079106733,0.697313595034089,0.7205849605289185
cluster,graph+geometric0,2EAQ,cluster_2EAQ,4,89,0.6732383215837727,0.48410560234115946,0.753663087313714
cluster,graph+geometric0,2EHP,cluster_2EHP,3,248,0.7675730290014418,0.7885055395973908,0.6582857707577859
cluster,graph+geometric0,2EHS,cluster_1X3O,3,75,0.6842397174227693,0.7068948349909355,0.7501954707587248
cluster,graph+geometric0,2ERW,cluster_2ERW,3,53,0.30241235140502115,0.1263179117318645,1.0095264118110236
cluster,graph+geometric0,2ETX,cluster_2ETX,1,389,0.5356689618590096,0.5471071247273632,0.8561388918888757
cluster,graph+geometric0,2FB6,cluster_2FB6,5,116,0.7888268875391461,0.6849056499538314,0.6774977659024345
cluster,graph+geometric0,2FG1,cluster_2FG1,1,157,0.6136026773516864,0.545265947206502,0.7912846697070093
cluster,graph+geometric0,2FN9,cluster_2FN9,2,560,0.6039363204437378,0.5934200392850639,0.8008197240972855
cluster,graph+geometric0,2FQ3,cluster_2FQ3,2,85,0.6994385003861778,0.6922610904827047,0.7435600178822753
cluster,graph+geometric0,2G69,cluster_2G69,1,99,0.6396589650917885,0.6495834853772048,0.7825974429520699
cluster,graph+geometric0,2G7O,cluster_2G7O,2,68,0.7742906141181273,0.4561323150824416,0.7159848690857814
cluster,graph+geometric0,2G7S,cluster_2G7S,1,190,0.6427727272696948,0.621047415064428,0.7830318840943458
cluster,graph+geometric0,2GKG,cluster_2GKG,5,122,0.6771250062793527,0.5253011252953281,0.758761219148999
cluster,graph+geometric0,2GOM,cluster_2GOM,4,121,0.5920605397046287,0.4464202548955509,0.8107617927105916
cluster,graph+geometric0,2GXG,cluster_2GXG,1,140,0.6969078168929523,0.6870206306037674,0.7347463466195178
cluster,graph+geometric0,2GZQ,cluster_2GZQ,5,191,0.4109331207563989,0.36555272647616693,0.9372011353332278
cluster,graph+geometric0,2HQK,cluster_2HQK,1,213,0.7852057107220196,0.7330316349086503,0.6866619602312792
cluster,graph+geometric0,2HYK,cluster_2HYK,1,237,0.5985862303744924,0.5708887202369887,0.8051973265651257
cluster,graph+geometric0,2I24,cluster_2I24,4,113,0.5169916917473861,0.47751374475270236,0.8574824803381463
cluster,graph+geometric0,2I49,cluster_2I49,3,398,0.6780611568842428,0.681894944197217,0.7494170053567155
cluster,graph+geometric0,2IBL,cluster_2IBL,2,108,0.6377091669310586,0.6580098746962462,0.8882350786389367
cluster,graph+geometric0,2IGD,cluster_2IGD,1,61,0.5302198196819312,0.537110976152227,0.8522865487396165
cluster,graph+geometric0,2IMF,cluster_2IMF,3,203,0.6259105314287432,0.6060442612774112,0.7811624972525679
cluster,graph+geometric0,2IP6,cluster_2IP6,5,87,0.6354986546760156,0.4184209088124564,0.777910404112062
cluster,graph+geometric0,2IVY,cluster_2IVY,3,88,0.5006224562709267,0.4322465603018781,0.8753790080076841
cluster,graph+geometric0,2J32,cluster_2J32,4,244,0.8209750337745424,0.7187765572456233,0.5922538671576846
cluster,graph+geometric0,2J9W,cluster_2J9W,1,200,0.6913726571398396,0.6832229423439847,0.7370919388519255
cluster,graph+geometric0,2JKU,cluster_2JKU,1,35,0.5913142628714185,0.3071643680058693,0.9165875592876215
cluster,graph+geometric0,2JLI,cluster_2JLI,4,100,0.6093916790907618,0.5096356660279776,0.7949117026481815
cluster,graph+geometric0,2JLJ,cluster_2JLI,4,115,0.7435556720434912,0.61941990051535,0.6820863658068932
cluster,graph+geometric0,2MCM,cluster_1NOA,4,112,0.7664422093846561,0.6976289269772377,0.6972446673151997
cluster,graph+geometric0,2NLS,cluster_2NLS,2,36,0.4275770372899488,0.3397683397683398,0.9057983758870137
cluster,graph+geometric0,2NR7,cluster_2NR7,4,194,0.8170484781551082,0.7287791416897506,0.6137034956692532
cluster,graph+geometric0,2NUH,cluster_1KR4,3,104,0.6464563410413594,0.5560688585294159,0.7733845742002036
cluster,graph+geometric0,2O6X,cluster_2O6X,2,306,0.7935584458007996,0.7930466048214565,0.6230838529290531
cluster,graph+geometric0,2OA2,cluster_2OA2,4,132,0.5066792741733221,0.39563317985493,0.8684229270029512
cluster,graph+geometric0,2OCT,cluster_2OCT,4,192,0.555647219284563,0.5700898689305618,0.8478289217651411
cluster,graph+geometric0,2OHW,cluster_2OHW,4,256,0.5871823687991977,0.660877504731387,0.8236146617854618
cluster,graph+geometric0,2OKT,cluster_2OKT,5,342,0.3863444973019445,0.38576413448058067,0.9582556967855015
cluster,graph+geometric0,2OL9,cluster_2OL9,1,6,0.8222953503309012,0.7142857142857143,0.5910172936363303
cluster,graph+geometric0,2OLX,cluster_2OLX,3,4,0.9167062710898063,0.7999999999999999,0.8473357715186569
cluster,graph+geometric0,2PKT,cluster_2PKT,1,91,0.013446449002430912,0.057566961745257265,1.0924887420697844
cluster,graph+geometric0,2PLT,cluster_2PLT,2,98,0.44371861361283516,0.5161685198513557,0.9049168510758854
cluster,graph+geometric0,2PMR,cluster_2PMR,4,76,0.6511630457289795,0.7678027041415221,0.7639730302492376
cluster,graph+geometric0,2POF,cluster_2POF,4,440,0.6837605048346791,0.7153737551825771,0.7345397092179039
cluster,graph+geometric0,2PPN,cluster_2PPN,5,107,0.6247453736780488,0.7235673596715346,0.796243347005593
cluster,graph+geometric0,2PSF,cluster_2PSF,4,608,0.5133546066485406,0.47846625101780366,0.8623413851737036
cluster,graph+geometric0,2PTH,cluster_2PTH,3,193,0.7268634059346347,0.7981047266322507,0.7069941838391618
cluster,graph+geometric0,2Q4N,cluster_2Q4N,2,153,0.6565663990516577,0.5640300522187484,0.7641804743248857
cluster,graph+geometric0,2Q52,cluster_1WBE,3,412,0.7681317046183569,0.7533452116933194,0.6653058733959838
cluster,graph+geometric0,2QJL,cluster_2QJL,5,99,0.6283060373531719,0.6854778614246002,0.7946146965246247
cluster,graph+geometric0,2R16,cluster_2R16,1,175,0.5618306524919862,0.4492181334314188,0.8364834762552269
cluster,graph+geometric0,2R6Q,cluster_2R6Q,3,138,0.5425560239573767,0.4167850114028352,0.8457802650703291
cluster,graph+geometric0,2RB8,cluster_2RB8,4,93,0.6507900524025253,0.5233080800513291,0.7656809251813632
cluster,graph+geometric0,2RE2,cluster_2RE2,2,238,0.6568853986803441,0.4691361596863326,0.7559703765624947
cluster,graph+geometric0,2RFR,cluster_2RFR,2,154,0.6877407114494531,0.4655467998041249,0.7281807683704251
cluster,graph+geometric0,2V9V,cluster_2V9V,1,135,0.5429592818724622,0.4412910244434876,0.8402689292625969
cluster,graph+geometric0,2VE8,cluster_2VE8,1,515,0.7206739754812407,0.6253762795112562,0.6993656752536347
cluster,graph+geometric0,2VH7,cluster_2VH7,5,94,0.736951175122678,0.7371687427677265,0.6932033667033781
cluster,graph+geometric0,2VIM,cluster_2VIM,5,104,0.38250867182760434,0.39820225921415897,0.9328539532780891
cluster,graph+geometric0,2VPA,cluster_2VPA,2,204,0.7422603088840202,0.758141576310504,0.7739394367754374
cluster,graph+geometric0,2VQ4,cluster_2VQ4,4,106,0.6881755003884324,0.7509843588744847,0.7268477385304907
cluster,graph+geometric0,2VY8,cluster_2VY8,5,149,0.7495414827592687,0.7748699647456319,0.6719226301841572
cluster,graph+geometric0,2VYO,cluster_2C71,5,206,0.716279199919523,0.7275138321833036,0.7150148277116142
cluster,graph+geometric0,2W1V,cluster_2W1V,5,548,0.6795106820597379,0.7451681229975525,0.7471959212667771
cluster,graph+geometric0,2W2A,cluster_2W2A,3,350,0.6255093606569186,0.6792663102775364,0.7805474272685358
cluster,graph+geometric0,2W6A,cluster_2W6A,3,117,0.7805819230484773,0.5264283842325185,0.647920171791611
cluster,graph+geometric0,2WJ5,cluster_2WJ5,2,96,0.5178606219029339,0.5601578980655931,0.9195209718139157
cluster,graph+geometric0,2WUJ,cluster_2WUJ,1,100,0.4915963940468443,0.2796596439272907,0.8742689123390095
cluster,graph+geometric0,2WW7,cluster_2WW7,3,150,0.4610540529567574,0.5254903843779214,0.960633267772618
cluster,graph+geometric0,2WWE,cluster_2WWE,4,111,0.5517405336916027,0.48689856717206426,0.8351146390451138
cluster,graph+geometric0,2X1Q,cluster_2X1Q,5,240,0.4594139497333983,0.3971156866602109,0.9002362234142642
cluster,graph+geometric0,2X25,cluster_2X25,2,168,0.6088584565030526,0.693235506110731,0.804328435608821
cluster,graph+geometric0,2X3M,cluster_2X3M,3,166,0.7251385411763718,0.6092754410610811,0.7214166780645505
cluster,graph+geometric0,2X5Y,cluster_2X5Y,4,171,0.7186657696462048,0.6978004473090393,0.7178133709110912
cluster,graph+geometric0,2X9Z,cluster_2X9Z,5,262,0.5779197267193137,0.5966122571903333,0.8167614297034392
cluster,graph+geometric0,2XHF,cluster_2XHF,5,310,0.5829277033765633,0.6310539781368384,0.8134260241016462
cluster,graph+geometric0,2Y0T,cluster_2Y0T,3,101,0.7812984331074943,0.7554027020175005,0.6409865238600839
cluster,graph+geometric0,2Y72,cluster_2Y72,5,170,0.7314795434067594,0.687428897050824,0.705472713171907
cluster,graph+geometric0,2Y7L,cluster_2Y7L,4,319,0.7146283396967232,0.6886010180779073,0.7128886978560762
cluster,graph+geometric0,2Y9F,cluster_2Y9F,4,149,0.7636840838889054,0.8586769019367219,0.647850135881801
cluster,graph+geometric0,2YLB,cluster_2YLB,2,400,0.7392208481308491,0.7949958236372627,0.6746992990191469
cluster,graph+geometric0,2YNY,cluster_2YNY,1,315,0.7197146450347641,0.7149146386181348,0.7297227222336211
cluster,graph+geometric0,2ZCM,cluster_2ZCM,1,357,0.44093237878455954,0.37037305176312535,0.899350118146451
cluster,graph+geometric0,2ZU1,cluster_2ZU1,2,360,0.7098467641301509,0.7582730771922911,0.7088220065739196
cluster,graph+geometric0,3A0M,cluster_3A0M,1,148,0.7023251190491662,0.545091426701535,0.7575181310889305
cluster,graph+geometric0,3A7L,cluster_3A7L,4,128,0.7013286782354319,0.608465260334828,0.7332161779046887
cluster,graph+geometric0,3AMC,cluster_3AMC,2,614,0.716000185594978,0.7682656337741355,0.7277263524893876
cluster,graph+geometric0,3AUB,cluster_3AUB,1,116,0.6121798174294167,0.6697459674860641,0.7986982419642156
cluster,graph+geometric0,3B5O,cluster_3B5O,1,230,0.6266547258013873,0.6155231519247543,0.7820900862839867
cluster,graph+geometric0,3BA1,cluster_3BA1,4,312,0.6481261096944988,0.5712918900396629,0.762172486548549
cluster,graph+geometric0,3BED,cluster_3BED,1,261,0.8182212635588181,0.8303406564375836,0.6084494897800199
cluster,graph+geometric0,3BQX,cluster_3BQX,4,139,0.48318198078335933,0.5006239115065364,0.8965610406917139
cluster,graph+geometric0,3BZQ,cluster_3BZQ,3,99,0.5830940238113703,0.5595891131159151,0.8166485818985915
cluster,graph+geometric0,3BZZ,cluster_3BZZ,5,100,0.4603285756085156,0.4498684341797437,0.9071981880104264
cluster,graph+geometric0,3DRF,cluster_3DRF,4,547,0.5611057879350116,0.5483389568881839,0.8290266778222948
cluster,graph+geometric0,3DWV,cluster_3DWV,2,325,0.6383791614447664,0.7193026321300929,0.775953203022068
cluster,graph+geometric0,3E5T,cluster_2HQK,1,228,0.5317371652390162,0.44988753874918175,0.8488752923519266
cluster,graph+geometric0,3E7R,cluster_3E7R,4,40,0.7085058254347046,0.7688699236434662,0.7298663282922555
cluster,graph+geometric0,3EUR,cluster_3EUR,3,140,0.410088559827786,0.39835384108251115,0.9226951734065993
cluster,graph+geometric0,3F2Z,cluster_3F2Z,3,149,0.7749681207062504,0.7470138060837649,0.6541557108135801
cluster,graph+geometric0,3F7E,cluster_3F7E,3,254,0.7427705957096743,0.8099592932363443,0.6772649424868362
cluster,graph+geometric0,3FCN,cluster_3FCN,1,158,0.6190834798519519,0.5389105413677375,0.788091427787221
cluster,graph+geometric0,3FE7,cluster_3FE7,3,91,0.4901525313348067,0.5184804724108413,0.8724775803358261
cluster,graph+geometric0,3FKE,cluster_3FKE,5,250,0.493423554768874,0.4889010833223519,0.8791743177898719
cluster,graph+geometric0,3FMY,cluster_3FMY,2,66,0.6629909540583797,0.6678356714881966,0.7605236032273486
cluster,graph+geometric0,3FOD,cluster_3FOD,1,48,0.44571904657979095,0.5279813284660156,0.9811761977359251
cluster,graph+geometric0,3FSO,cluster_3FSO,2,221,0.8069354958411316,0.6008250469301981,0.6191007655843899
cluster,graph+geometric0,3FTD,cluster_3FTD,1,240,0.7018695873988243,0.6701363570114776,0.7275831483932579
cluster,graph+geometric0,3FVA,cluster_3FVA,1,6,0.764024548649604,0.8451542547285165,0.6744543540313932
cluster,graph+geometric0,3G1S,cluster_3G1S,1,418,0.6475089875216925,0.706569607817491,0.7679495894936292
cluster,graph+geometric0,3GBW,cluster_3GBW,4,161,0.7363750356291987,0.844705610046044,0.6920691809343699
cluster,graph+geometric0,3GHJ,cluster_3GHJ,5,116,0.5794603705964494,0.5573734570196762,0.8177762274260147
cluster,graph+geometric0,3HFO,cluster_3HFO,4,197,0.6376320863408399,0.6673052465877548,0.7769614574413798
cluster,graph+geometric0,3HHP,cluster_3HHP,5,1234,0.7407615822187216,0.7894684207092476,0.6873824206764613
cluster,graph+geometric0,3HNY,cluster_3HNY,5,156,0.7226190787949923,0.7345926920347231,0.7019126026387809
cluster,graph+geometric0,3HP4,cluster_3HP4,4,183,0.522857787816864,0.44865056186441604,0.85742675866402
cluster,graph+geometric0,3HWU,cluster_3HWU,2,144,0.748270333224377,0.7287767580316573,0.6669105574086382
cluster,graph+geometric0,3HYD,cluster_3HYD,5,7,0.8986482872909615,0.4642857142857144,0.6095361911279948
cluster,graph+geometric0,3HZ8,cluster_3HZ8,2,192,0.5039726719633304,0.48348285341929964,0.8733052665610892
cluster,graph+geometric0,3I2V,cluster_3I2V,3,124,0.4138706423510435,0.43124425646334325,0.9435058445453502
cluster,graph+geometric0,3I2Z,cluster_3I2Z,5,138,0.5713015562401337,0.5769492895422952,0.8250209827016877
cluster,graph+geometric0,3I4O,cluster_3I4O,1,135,0.7506297216456028,0.7118526261097413,0.6634871499839227
cluster,graph+geometric0,3I7M,cluster_3I7M,2,134,0.6412964474264529,0.551798179064188,0.7695352545806406
cluster,graph+geometric0,3IHS,cluster_1OPD,2,169,0.6013021546557541,0.49835785162132784,0.8063131916266822
cluster,graph+geometric0,3IVV,cluster_3IVV,4,149,0.7886299136818237,0.7685293432477286,0.6310207092765779
cluster,graph+geometric0,3K6Y,cluster_3K6Y,2,227,0.6021999448065432,0.6085415632788322,0.8027993702522201
cluster,graph+geometric0,3KBE,cluster_3KBE,5,140,0.6941969246274984,0.6885374595332575,0.7200064937252635
cluster,graph+geometric0,3KGK,cluster_3KGK,2,190,0.7910321337692527,0.7825275680554422,0.6229509516383571
cluster,graph+geometric0,3KZD,cluster_3KZD,3,85,0.6070328262333174,0.6663376885124681,0.803552483121374
cluster,graph+geometric0,3L41,cluster_2ETX,1,220,0.6970007744993313,0.676006154595204,0.7205814740498819
cluster,graph+geometric0,3LAA,cluster_3LAA,3,169,0.6221101418774501,0.5222576717681595,0.8661506799957607
cluster,graph+geometric0,3LAX,cluster_3LAX,3,106,0.739330021634607,0.7214201684476996,0.6877592503503768
cluster,graph+geometric0,3LG3,cluster_3LG3,4,833,0.600312666877592,0.6152457509212128,0.8377018081775468
cluster,graph+geometric0,3LJI,cluster_3LJI,5,272,0.5981671373940984,0.5372748454376858,0.8027555907832947
cluster,graph+geometric0,3M3P,cluster_3M3P,1,249,0.6195656692115232,0.6316120241709838,0.7855374985299172
cluster,graph+geometric0,3M8J,cluster_3M8J,1,178,0.695337189965663,0.7492347777576974,0.7220829344988215
cluster,graph+geometric0,3M9J,cluster_3M9J,3,210,0.5187728970733313,0.5328347127090325,0.8586719176489774
cluster,graph+geometric0,3M9Q,cluster_3M9Q,2,176,0.46915578294284965,0.5386524087242909,0.9230124278278958
cluster,graph+geometric0,3MAB,cluster_1OPD,2,173,0.6544688942209667,0.5697391239932404,0.7579759891474825
cluster,graph+geometric0,3MD4,cluster_3MD4,2,12,0.7820083014596069,0.886165982448008,0.6757366953098186
cluster,graph+geometric0,3MD5,cluster_3MD5,5,12,0.49287851461367116,0.5944055944055945,1.0359260108274395
cluster,graph+geometric0,3MEA,cluster_3MEA,2,166,0.6630405265605553,0.7376401915289499,0.7651377830039587
cluster,graph+geometric0,3MGN,cluster_3MGN,2,348,0.1851852333074542,0.2444773381656389,1.1870948395453997
cluster,graph+geometric0,3MRE,cluster_3MRE,5,383,0.6861372097816446,0.7532973917963753,0.7379320717824638
cluster,graph+geometric0,3N11,cluster_3N11,1,325,0.555699994631718,0.6155855660065372,0.8386417579618017
cluster,graph+geometric0,3NE0,cluster_3NE0,1,208,0.694671322620602,0.6956058478956965,0.72979875583426
cluster,graph+geometric0,3NGG,cluster_3NGG,1,94,0.7442693346031443,0.6307887930576288,0.6971071116356533
cluster,graph+geometric0,3NPV,cluster_3NPV,5,495,0.5822170477947766,0.5585801665334769,0.81662533238683
cluster,graph+geometric0,3NVG,cluster_3NVG,2,6,0.6688112046014597,0.6571428571428573,0.763110089379689
cluster,graph+geometric0,3NZL,cluster_3NZL,5,73,0.592616368303145,0.611658349716473,0.8096330455262121
cluster,graph+geometric0,3O0P,cluster_3O0P,5,194,0.7136274660413571,0.7059243608892121,0.7009144948251012
cluster,graph+geometric0,3O5P,cluster_3O5P,5,128,0.7234834774027585,0.671992423540943,0.7002010593447543
cluster,graph+geometric0,3OBQ,cluster_3OBQ,2,150,0.6307620944282367,0.3779885932153495,0.7789527283023787
cluster,graph+geometric0,3OQY,cluster_3OQY,3,234,0.6460570811508681,0.6192679153164717,0.7740484271639768
cluster,graph+geometric0,3P6J,cluster_3P6J,3,125,0.7877777988499669,0.7687021118554437,0.6334357384269322
cluster,graph+geometric0,3PD7,cluster_3PD7,5,188,0.7025111638108446,0.7631645960993556,0.7191648475837988
cluster,graph+geometric0,3PES,cluster_3PES,3,165,0.6288752940262966,0.5989169810880413,0.7956546277167629
cluster,graph+geometric0,3PID,cluster_3PID,4,387,0.53888690646348,0.4928551038931099,0.8540574774661588
cluster,graph+geometric0,3PIW,cluster_3PIW,5,154,0.7556867181123427,0.7231012632388786,0.6804041665759625
cluster,graph+geometric0,3PKV,cluster_3PKV,3,221,0.5575133402682954,0.6200632486815557,0.8308414696298151
cluster,graph+geometric0,3PSM,cluster_3PSM,4,94,0.8108011826743268,0.88473626041473,0.6091504941916602
cluster,graph+geometric0,3PTL,cluster_3PTL,4,289,0.5253555922347323,0.6382508537604461,0.8822144645204264
cluster,graph+geometric0,3PVE,cluster_3PVE,1,347,0.6884045254084373,0.7161802986030569,0.7378934222025083
cluster,graph+geometric0,3PZ9,cluster_3PZ9,4,357,0.7003600486655294,0.705012659353578,0.7216575154789573
cluster,graph+geometric0,3PZZ,cluster_3PZZ,2,12,0.9200267642104274,0.8811188811188813,0.6084020158059877
cluster,graph+geometric0,3Q2X,cluster_3Q2X,4,6,0.9107562813118073,0.6571428571428573,0.4534978271783792
cluster,graph+geometric0,3Q6L,cluster_3Q6L,2,131,0.6027625019734705,0.5671087647425364,0.8020199284985201
cluster,graph+geometric0,3QDS,cluster_3QDS,1,284,0.7338687327352784,0.736304776543433,0.7153320940693577
cluster,graph+geometric0,3QPA,cluster_3QPA,5,197,0.46642849020753313,0.6970421265476772,0.9074851588116779
cluster,graph+geometric0,3R6D,cluster_3R6D,4,221,0.6787129574870492,0.7547778454892076,0.7417574541359505
cluster,graph+geometric0,3R87,cluster_3R87,5,132,0.4115440959624188,0.348194509315314,0.9168183922334958
cluster,graph+geometric0,3RQ9,cluster_3RQ9,1,162,0.5145213301293049,0.5888268062185791,0.9192168661434433
cluster,graph+geometric0,3RY0,cluster_3RY0,1,128,0.5898958889954229,0.6110199497913942,0.8149485200092925
cluster,graph+geometric0,3RZY,cluster_3Q6L,2,139,0.7126199205509822,0.618865631363987,0.7156389575197519
cluster,graph+geometric0,3S0A,cluster_3S0A,2,119,0.5108676545668382,0.5158276301770895,0.8638337921127911
cluster,graph+geometric0,3SD2,cluster_3SD2,1,86,0.45814973389691005,0.5575043401734981,0.8957065100130819
cluster,graph+geometric0,3SEB,cluster_3SEB,3,238,0.6457017195944642,0.7577678398259253,0.7686167145003592
cluster,graph+geometric0,3SED,cluster_3SED,2,124,0.6625173466382296,0.6394070763933264,0.780823297735065
cluster,graph+geometric0,3SO6,cluster_3SO6,1,150,0.6719038276320091,0.6377110997883806,0.749145705686962
cluster,graph+geometric0,3SR3,cluster_3SR3,5,637,0.5670810065886704,0.577541010902452,0.8304999741951546
cluster,graph+geometric0,3SUK,cluster_3SUK,2,248,0.6441922203726969,0.6475338238799182,0.7755191357850596
cluster,graph+geometric0,3SZH,cluster_3SZH,2,697,0.7697654000534666,0.7590099176836174,0.6468494797591537
cluster,graph+geometric0,3T0H,cluster_3T0H,5,208,0.7524256129513187,0.8003929924292498,0.6697188018439606
cluster,graph+geometric0,3T3K,cluster_3T3K,3,122,0.7564445488247733,0.8216730472863022,0.671297597336582
cluster,graph+geometric0,3T47,cluster_3T47,4,141,0.5128725658939418,0.5142484080136127,0.8683536835109025
cluster,graph+geometric0,3TDN,cluster_3TDN,3,357,0.47302890008751625,0.4870477848044574,0.8887458988759653
cluster,graph+geometric0,3TOW,cluster_3TOW,1,152,0.5643090616028718,0.7085154443629553,0.8356679672787061
cluster,graph+geometric0,3TUA,cluster_3TUA,2,210,0.653449791242051,0.7831754399516336,0.7706142012283586
cluster,graph+geometric0,3TYS,cluster_3TYS,3,75,0.7432300769361797,0.6703604657183982,0.7341143910983262
cluster,graph+geometric0,3U6G,cluster_3U6G,4,248,0.6183056512743544,0.6027922064073606,0.7890429854180733
cluster,graph+geometric0,3U97,cluster_3U97,5,77,0.6930617527472009,0.657509037191212,0.7269650806355685
cluster,graph+geometric0,3UCI,cluster_3UCI,3,72,0.5242922628528388,0.474821531931314,0.8799618672521047
cluster,graph+geometric0,3UR8,cluster_3UR8,4,637,0.6879583952106278,0.6490210163837518,0.7295138591428502
cluster,graph+geometric0,3US6,cluster_3US6,5,148,0.6346859508592226,0.5335073204284893,0.7871088695661294
cluster,graph+geometric0,3V1A,cluster_3V1A,5,48,0.4016031647155244,0.47747258993796626,0.9183827477623145
cluster,graph+geometric0,3V75,cluster_3V75,2,285,0.564724011842546,0.522862925094514,0.8310833898475799
cluster,graph+geometric0,3VN0,cluster_3VN0,1,193,0.8155608383328525,0.6550016317028604,0.6472705590458602
cluster,graph+geometric0,3VOR,cluster_3VOR,5,182,0.5521296181202954,0.5615309432144476,0.8476620776017169
cluster,graph+geometric0,3VUB,cluster_3VUB,3,101,0.6013486848764314,0.6363519880829424,0.8053341507501074
cluster,graph+geometric0,3VVV,cluster_3VVV,1,108,0.7152553591612911,0.5752590726430439,0.723625022648326
cluster,graph+geometric0,3VZ9,cluster_3VZ9,5,163,0.7453380656258825,0.7304790466431059,0.6735707119582534
cluster,graph+geometric0,3W4Q,cluster_1ES5,3,773,0.7109844591049546,0.7219951835243599,0.7238693970084602
cluster,graph+geometric0,3ZBD,cluster_3ZBD,1,213,0.5305107851999891,0.4255870166838365,0.8589457501155134
cluster,graph+geometric0,3ZIT,cluster_3ZIT,3,152,0.4248142855060281,0.44021812025036244,0.9191471062570165
cluster,graph+geometric0,3ZRX,cluster_3ZRX,3,221,0.5593543847295395,0.5473288419678325,0.8300108869967618
cluster,graph+geometric0,3ZSL,cluster_3ZSL,2,138,0.7061207052723022,0.5908993873895235,0.7291476272029241
cluster,graph+geometric0,3ZZP,cluster_3ZZP,2,74,0.5181161100613851,0.542181610980373,0.8554651280092039
cluster,graph+geometric0,3ZZY,cluster_3ZZY,3,226,0.7106950098817354,0.5993757212233444,0.7067446049395207
cluster,graph+geometric0,4A02,cluster_4A02,2,166,0.4723543452236727,0.6318466107608416,0.892294597970258
cluster,graph+geometric0,4ACJ,cluster_4ACJ,1,167,0.7446998929264037,0.7959541123537485,0.6993755352232072
cluster,graph+geometric0,4AE7,cluster_4AE7,3,186,0.7597981916064501,0.7064355175556437,0.6584127595718839
cluster,graph+geometric0,4AM1,cluster_4AM1,4,345,0.5985765740582335,0.6150164695122758,0.8013408586400346
cluster,graph+geometric0,4ANN,cluster_4ANN,3,176,0.5671218317253415,0.5853495862642099,0.828231319183429
cluster,graph+geometric0,4AVR,cluster_4AVR,1,188,0.6152627417613442,0.7270143019100564,0.8156489537892961
cluster,graph+geometric0,4AXY,cluster_4AXY,4,54,0.6858750545811577,0.6340245487567288,0.7279624674348217
cluster,graph+geometric0,4B6G,cluster_4B6G,3,558,0.7433098958144425,0.7516345933146021,0.6890485712807711
cluster,graph+geometric0,4B9G,cluster_4B9G,5,292,0.7952185884389373,0.7894371543275258,0.6304795163060781
cluster,graph+geometric0,4DD5,cluster_4DD5,1,387,0.6139203423347613,0.6656368852284621,0.7972248217543673
cluster,graph+geometric0,4DKN,cluster_4DKN,3,423,0.7314882505424802,0.7431332362269154,0.7185786687189999
cluster,graph+geometric0,4DND,cluster_4DND,3,95,0.7517207797332307,0.6852207629547937,0.674708157562063
cluster,graph+geometric0,4DPZ,cluster_4DPZ,1,109,0.7268295296416166,0.6551785652668893,0.6963431100680906
cluster,graph+geometric0,4DQ7,cluster_4DQ7,3,328,0.7164122787127681,0.7307732396398111,0.7058758112229675
cluster,graph+geometric0,4DT4,cluster_4DT4,4,160,0.7327426102925163,0.7315809057551935,0.7415711935189662
cluster,graph+geometric0,4EK3,cluster_4EK3,3,287,0.6838885111063583,0.6954718237324466,0.7365481629133714
cluster,graph+geometric0,4ERY,cluster_4ERY,2,318,0.7047022201414709,0.7604322795414237,0.7305014638977002
cluster,graph+geometric0,4ES1,cluster_4ES1,1,95,0.718817458894308,0.6700192125977553,0.7330513357762866
cluster,graph+geometric0,4EUG,cluster_4EUG,1,225,0.5865127553868983,0.6371381674652757,0.8108809622426852
cluster,graph+geometric0,4F01,cluster_4F01,3,448,0.37051229392704854,0.5395206786580199,0.9804469922116039
cluster,graph+geometric0,4F3J,cluster_4F3J,3,143,0.6037495293670632,0.5270784642449788,0.8033205689165135
cluster,graph+geometric0,4FR9,cluster_4FR9,2,141,0.6119169605426439,0.6292938849829104,0.7963121274510271
cluster,graph+geometric0,4G14,cluster_4G14,1,15,0.589240900019936,0.5642857142857142,0.8792310397875155
cluster,graph+geometric0,4G2E,cluster_4G2E,4,151,0.7375274346923704,0.7961704126540708,0.6799222274196489
cluster,graph+geometric0,4G5X,cluster_4G5X,1,550,0.7521534417961127,0.7449334703203812,0.6769827517335979
cluster,graph+geometric0,4G6C,cluster_4G6C,3,658,0.5817302869476757,0.5595293808629351,0.8194597844806918
cluster,graph+geometric0,4G7X,cluster_4G7X,3,194,0.6342725584214108,0.5740972744255738,0.7872153872632678
cluster,graph+geometric0,4GA2,cluster_4GA2,5,144,0.5358880703054025,0.5528134909356234,0.8452983964958801
cluster,graph+geometric0,4GMQ,cluster_4GMQ,5,92,0.6038554407821753,0.6100827643604643,0.7998636430822859
cluster,graph+geometric0,4GS3,cluster_4GS3,3,90,0.48860498561641735,0.6602295785527588,0.9328457945780615
cluster,graph+geometric0,4H4J,cluster_4H4J,4,236,0.8101795794319445,0.8226165233878657,0.6152539992797448
cluster,graph+geometric0,4H89,cluster_4H89,4,168,0.6124659891436987,0.5760190423376461,0.7920141970808058
cluster,graph+geometric0,4HDE,cluster_4HDE,5,168,0.754976913545141,0.7916546186098464,0.6812082594863762
cluster,graph+geometric0,4HJP,cluster_4HJP,4,281,0.673308245129189,0.7811813470646991,0.7498240726988192
cluster,graph+geometric0,4HWM,cluster_4HWM,4,117,0.5813286816768903,0.5725851772641765,0.8260361587996581
cluster,graph+geometric0,4IL7,cluster_4IL7,2,85,0.3844201768285409,0.29403257801460403,0.941449830124693
cluster,graph+geometric0,4J11,cluster_4J11,5,357,0.6098396201662835,0.5024275592787075,0.8007822490126005
cluster,graph+geometric0,4J5O,cluster_4J5O,2,220,0.7340254667593102,0.6464833729259042,0.6896325056689002
cluster,graph+geometric0,4J5Q,cluster_2FG1,1,146,0.744542628945406,0.7705375390787228,0.6848708020132126
cluster,graph+geometric0,4J78,cluster_4J78,3,305,0.6153467415116579,0.7545622014493568,0.7921352739417153
cluster,graph+geometric0,4JG2,cluster_4JG2,2,185,0.7833861406862892,0.8079980933664721,0.6590916043218166
cluster,graph+geometric0,4JVU,cluster_4JVU,4,207,0.7309192593347398,0.8024819888447633,0.6935069396851979
cluster,graph+geometric0,4JYP,cluster_4JYP,2,534,0.6451114539680287,0.6963214171051246,0.7685360246619637
cluster,graph+geometric0,4KEF,cluster_4KEF,3,133,0.4968159566574735,0.4380886068214147,0.883285043748794
cluster,graph+geometric0,5CYT,cluster_1CCR,5,103,0.35578813473246884,0.3167007591985641,0.935963746834903
cluster,graph+geometric0,6RXN,cluster_6RXN,1,45,0.5670998163564718,0.5660079051383399,0.8537087282629404
protein,graph+center0,1ABA,cluster_1ABA,4,87,0.6364081036550169,0.7172552057526597,0.7764723866349637
protein,graph+center0,1AHO,cluster_1AHO,4,64,0.6115499074187891,0.7419269909711241,0.7921964561887253
protein,graph+center0,1AIE,cluster_1AIE,3,31,0.6832384940306099,0.36572580645161296,0.7444548798151913
protein,graph+center0,1AKG,cluster_1AKG,1,16,0.3935101413480567,0.5901399684495233,0.9437942980595244
protein,graph+center0,1ATG,cluster_1ATG,1,231,0.5328172609299948,0.5768254791958004,0.8503970161680675
protein,graph+center0,1BGF,cluster_1BGF,4,124,0.5878205129024251,0.4195892008506408,0.810726522475004
protein,graph+center0,1BX7,cluster_1BX7,4,51,0.5647305791724972,0.2276923076923077,0.8771929342545823
protein,graph+center0,1BYI,cluster_1BYI,1,224,0.5346909144862934,0.6047623407934263,0.8484566988325221
protein,graph+center0,1CCR,cluster_1CCR,2,111,0.5215014607275629,0.5284548745422353,0.8535661759788071
protein,graph+center0,1CYO,cluster_1CYO,5,88,0.6658972918724912,0.5787286130179627,0.7561215096223917
protein,graph+center0,1DF4,cluster_1DF4,1,57,0.9036315976959507,0.7682784547575837,0.567564948823276
protein,graph+center0,1E5K,cluster_1E5K,2,188,0.7480682929135771,0.7405186340442949,0.6774659486928335
protein,graph+center0,1ES5,cluster_1ES5,5,260,0.6351992655611555,0.7177243598261731,0.7823434410556781
protein,graph+center0,1ETL,cluster_1ETL,3,12,0.7279573168311154,0.7068192341935722,0.7755193020259229
protein,graph+center0,1ETM,cluster_1ETM,5,12,0.6543909610853433,0.3854684518180305,0.8184737821098421
protein,graph+center0,1ETN,cluster_1ETN,4,12,-0.20433478055358303,-0.04804413217411296,1.231033333472964
protein,graph+center0,1EW4,cluster_1EW4,2,106,0.620757621451207,0.6533522101678957,0.7854405881888717
protein,graph+center0,1F8R,cluster_1F8R,3,1932,0.7852134996411755,0.7556009107709182,0.6702194711769677
protein,graph+center0,1FF4,cluster_1FF4,1,65,0.6080444409433053,0.5986079393707362,0.796859943153828
protein,graph+center0,1FK5,cluster_1FK5,4,93,0.5595254658005951,0.520297666817366,0.8319102677210393
protein,graph+center0,1GCO,cluster_1GCO,4,1044,0.6194697888854965,0.6168885987637283,0.7891581082479067
protein,graph+center0,1GK7,cluster_1GK7,4,39,0.6322060853647364,0.2950554181621719,0.782436749828129
protein,graph+center0,1GVD,cluster_1GVD,1,52,0.7111904523549711,0.5831252269156088,0.7231764012334316
protein,graph+center0,1GXU,cluster_1GXU,2,88,0.6408322926025753,0.6196763897073312,0.7786150559433803
protein,graph+center0,1H6V,cluster_1H6V,2,2927,0.4808560554506962,0.5508439643984812,0.8919777740282014
protein,graph+center0,1HJE,cluster_1HJE,5,13,0.6580763122101663,0.6813186813186813,0.8320424314968837
protein,graph+center0,1I71,cluster_1I71,3,83,0.5649695990834561,0.5889872538227904,0.8271731793907817
protein,graph+center0,1IDP,cluster_1IDP,4,441,0.7562203553041233,0.8706321797196286,0.6652881698905254
protein,graph+center0,1IFR,cluster_1IFR,2,113,0.6819159509210317,0.7431579910487072,0.7657274825432274
protein,graph+center0,1K8U,cluster_1K8U,4,89,0.47905994173107963,0.3889785026358971,0.8980985778915198
protein,graph+center0,1KMM,cluster_1KMM,4,1499,0.7121651500895705,0.7445435667848824,0.709707966030659
protein,graph+center0,1KNG,cluster_1KNG,4,144,0.5024704628504006,0.484057656493342,0.8693726286218515
protein,graph+center0,1KR4,cluster_1KR4,3,110,0.6136012116241971,0.5724081655258179,0.7925131752068173
protein,graph+center0,1KYC,cluster_1KYC,1,15,0.7891195075498404,0.7999999999999999,0.6538963567589832
protein,graph+center0,1LR7,cluster_1LR7,4,73,0.6057856793881331,0.6803396916444178,0.8177919555768797
protein,graph+center0,1MF7,cluster_1MF7,4,194,0.6780557115127541,0.7686397133746272,0.7572786331031336
protein,graph+center0,1N7E,cluster_1N7E,1,95,0.5355226646601806,0.666986285587067,0.8457719684712651
protein,graph+center0,1NKD,cluster_1NKD,4,59,0.6490163946859379,0.7115553229759055,0.7990601720217566
protein,graph+center0,1NKO,cluster_1NKO,5,122,0.4996479128941944,0.7160798166912948,0.8881644343717434
protein,graph+center0,1NLS,cluster_1NLS,1,237,0.505706187583581,0.7415698026511337,0.873792381827884
protein,graph+center0,1NNX,cluster_1NNX,2,93,0.7678027603917824,0.8053296728787699,0.6497768961801511
protein,graph+center0,1NOA,cluster_1NOA,3,113,0.5771546938241546,0.5300485318197935,0.8181629435421701
protein,graph+center0,1NOT,cluster_1NOT,2,13,0.6357529260731407,0.6318681318681317,0.8524341534074443
protein,graph+center0,1O06,cluster_1O06,2,20,0.8976232540361916,0.6842105263157895,0.48031157580251865
protein,graph+center0,1O08,cluster_1O08,4,221,0.34370352641903124,0.6071929569268264,0.9652759470383175
protein,graph+center0,1OB4,cluster_1OB4,5,16,0.44691442617453514,0.3147058823529411,0.9360525035601939
protein,graph+center0,1OB7,cluster_1OB7,2,16,0.5460910827948452,0.8373806534857325,0.877829577684285
protein,graph+center0,1OPD,cluster_1OPD,4,85,0.43464603040646155,0.4291891205304328,0.904719344895826
protein,graph+center0,1P9I,cluster_1P9I,4,29,0.6599273044151257,0.5083743842364531,0.7562450235237427
protein,graph+center0,1PEF,cluster_1PEF,4,18,0.8477994600721307,0.8926728586171312,0.5387014012913431
protein,graph+center0,1PEN,cluster_1PEN,3,16,0.4782698861532674,0.3826343935084191,0.8893844626973424
protein,graph+center0,1PMY,cluster_1PMY,4,123,0.6860742446992778,0.5960138268289374,0.7545730822534965
protein,graph+center0,1PZ4,cluster_1PZ4,5,113,0.6630091473455041,0.6855026688634509,0.7598823189925082
protein,graph+center0,1Q9B,cluster_1Q9B,4,43,0.8016554789129622,0.7555119299305345,0.6273041753999009
protein,graph+center0,1QAU,cluster_1QAU,5,112,0.6736355195134065,0.6454806573922289,0.7473923467628801
protein,graph+center0,1QKI,cluster_1QKI,1,3912,0.5572466770219935,0.6432873196898573,0.8724247334310957
protein,graph+center0,1QTO,cluster_1QTO,5,122,0.6130004861078853,0.6207620117673176,0.7913552560708922
protein,graph+center0,1R29,cluster_1R29,2,122,0.5762464866778952,0.5715744411062191,0.8184861150752929
protein,graph+center0,1R7J,cluster_1R7J,1,90,0.7755943966435984,0.6004049950189293,0.6688780879824483
protein,graph+center0,1RJU,cluster_1RJU,5,36,0.37286228493480866,0.22651222651222655,0.9376056832555638
protein,graph+center0,1RRO,cluster_1RRO,1,108,0.3101932349161781,0.2445082231942211,0.9626577720050654
protein,graph+center0,1SAU,cluster_1SAU,4,114,0.6472320670005542,0.6540745242329461,0.7786290874038873
protein,graph+center0,1TGR,cluster_1TGR,4,104,0.7166779871608655,0.6597513583217587,0.7174614527498047
protein,graph+center0,1TZV,cluster_1TZV,4,141,0.8142045340213984,0.766033822356311,0.6094159445675508
protein,graph+center0,1U06,cluster_1U06,5,55,0.4705794538261812,0.30253070947759697,0.8831140579927476
protein,graph+center0,1U7I,cluster_1U7I,2,267,0.7493605732894231,0.791222089691895,0.6780673385511197
protein,graph+center0,1U9C,cluster_1U9C,5,221,0.5702823787140135,0.41305043893726257,0.8317107524272311
protein,graph+center0,1UHA,cluster_1UHA,5,82,0.6479252299338806,0.6821907075049769,0.7646308892265723
protein,graph+center0,1UKU,cluster_1KR4,2,102,0.7343370241821938,0.5690698332010682,0.6894892912015878
protein,graph+center0,1ULR,cluster_1ULR,1,87,0.5919961413062192,0.6275145920966814,0.8215686956415332
protein,graph+center0,1UOY,cluster_1UOY,2,64,0.6831639854649084,0.6243203333780526,0.7511927690214893
protein,graph+center0,1USE,cluster_1USE,2,40,0.055245567523691884,-0.25759849906191373,1.2206715454218966
protein,graph+center0,1USM,cluster_1USM,3,77,0.8209716368405312,0.728053052575353,0.6060487806817771
protein,graph+center0,1UTG,cluster_1UTG,3,70,0.5841182048357868,0.5138003132058493,0.823411217879884
protein,graph+center0,1V05,cluster_1V05,3,96,0.598253945944923,0.5539141877095041,0.8123790624065562
protein,graph+center0,1V70,cluster_1V70,3,105,0.5235458808252283,0.6274388854528351,0.8565915718866014
protein,graph+center0,1VRZ,cluster_1VRZ,2,21,0.7962669869388831,0.7907733963037439,0.72366316875684
protein,graph+center0,1W2L,cluster_1W2L,4,97,0.5784699436038587,0.4136230645409761,0.818825626828049
protein,graph+center0,1WBE,cluster_1WBE,4,204,0.555816205352565,0.6191196415987561,0.8344753591552099
protein,graph+center0,1WHI,cluster_1WHI,4,122,0.5319886022379342,0.637118106672427,0.8502043669995317
protein,graph+center0,1WLY,cluster_1WLY,3,322,0.6851762973794269,0.7146835826203598,0.7363287937345157
protein,graph+center0,1WPA,cluster_1WPA,5,107,0.5657338870321199,0.36574930141094114,0.8287077663849924
protein,graph+center0,1X3O,cluster_1X3O,4,80,0.5547636299088917,0.5738430253440389,0.835454641145906
protein,graph+center0,1XY1,cluster_1XY1,3,16,0.6729632131345546,0.616398024059269,1.1027603689730325
protein,graph+center0,1XY2,cluster_1XY2,3,8,0.545969462133761,0.5091750772173156,0.8807722018109915
protein,graph+center0,1Y6X,cluster_1Y6X,3,87,0.508199616102691,0.5598279499399711,0.8722155831894962
protein,graph+center0,1YJO,cluster_1YJO,2,6,0.2867553285822239,0.2571428571428572,1.0895805194650314
protein,graph+center0,1YZM,cluster_1YZM,5,46,0.8198525443950626,0.6704082904079035,0.6934388694244723
protein,graph+center0,1Z21,cluster_1Z21,2,96,0.6302979859233131,0.6596580947651624,0.7802789218379242
protein,graph+center0,1ZCE,cluster_1ZCE,2,146,0.7586616027543389,0.788653453165864,0.6888078788800494
protein,graph+center0,1ZVA,cluster_1ZVA,3,75,0.6163495097332371,0.547001252734881,0.7887982593203617
protein,graph+center0,2A50,cluster_2A50,5,457,0.5492849868220521,0.6201968275931968,0.846639914795217
protein,graph+center0,2AGK,cluster_2AGK,2,233,0.678903659685813,0.7075297757295629,0.7461233780697814
protein,graph+center0,2AH1,cluster_2AH1,3,939,0.5286097699951045,0.5309812313521276,0.8624875679191971
protein,graph+center0,2B0A,cluster_2B0A,4,186,0.6202545357662776,0.6367874782899481,0.792420423683461
protein,graph+center0,2BCM,cluster_2BCM,4,413,0.5710848444713117,0.5084248782258912,0.8213495798250844
protein,graph+center0,2BF9,cluster_2BF9,1,36,0.5909573880352386,0.47737949773863764,0.8589968944250731
protein,graph+center0,2BRF,cluster_2BRF,3,100,0.7675579256521172,0.7047418453477022,0.6808764145834107
protein,graph+center0,2C71,cluster_2C71,2,205,0.6273004255692675,0.6706660477683809,0.8115696705705452
protein,graph+center0,2CE0,cluster_2CE0,3,99,0.6030859908038307,0.5834882017984452,0.7983278077530904
protein,graph+center0,2CG7,cluster_2CG7,3,90,0.507313934196528,0.49776921699048937,0.8697890593631253
protein,graph+center0,2COV,cluster_2COV,5,534,0.7748287075425144,0.7392726104480035,0.6446008160554688
protein,graph+center0,2CWS,cluster_2CWS,3,227,0.6682698292735554,0.7166448700291042,0.7524201968625798
protein,graph+center0,2D5W,cluster_2D5W,5,1214,0.6985529712911132,0.6725632627644199,0.7284612789676633
protein,graph+center0,2DKO,cluster_2DKO,2,253,0.7880303886804425,0.6882866139983117,0.6215236197692995
protein,graph+center0,2DPL,cluster_2DPL,1,565,0.4748817070974629,0.5309595423724642,0.8935701992902467
protein,graph+center0,2DSX,cluster_2DSX,5,52,0.3517439704826515,0.23304659699000807,0.9362410338321966
protein,graph+center0,2E10,cluster_2E10,3,439,0.7663607892633701,0.8008114665148318,0.6510908510635272
protein,graph+center0,2E3H,cluster_2E3H,1,81,0.7085121768249831,0.6904592526292161,0.7065996240191135
protein,graph+center0,2EAQ,cluster_2EAQ,1,89,0.6651643510091204,0.4610886247646633,0.7594230719287176
protein,graph+center0,2EHP,cluster_2EHP,2,248,0.7707762410530514,0.8014266880208164,0.6573690925903338
protein,graph+center0,2EHS,cluster_1X3O,1,75,0.69127051860232,0.7037937951465272,0.7579754935699665
protein,graph+center0,2ERW,cluster_2ERW,2,53,0.3332427376710331,0.14284850343632172,1.0025738165434113
protein,graph+center0,2ETX,cluster_2ETX,5,389,0.5328571202808283,0.5471523820850094,0.8544634820717473
protein,graph+center0,2FB6,cluster_2FB6,4,116,0.7808254996709986,0.6814226488039634,0.6865503382218866
protein,graph+center0,2FG1,cluster_2FG1,1,157,0.6151467063193755,0.5536542008608963,0.790247482979886
protein,graph+center0,2FN9,cluster_2FN9,5,560,0.5988653215891394,0.5828555394163623,0.8048548616729375
protein,graph+center0,2FQ3,cluster_2FQ3,1,85,0.7068898984006474,0.7087160445573578,0.7436106528595274
protein,graph+center0,2G69,cluster_2G69,4,99,0.6506937605991358,0.6401771192275743,0.7726832282376402
protein,graph+center0,2G7O,cluster_2G7O,2,68,0.7520908681425396,0.3298307906693138,0.6810280822946727
protein,graph+center0,2G7S,cluster_2G7S,5,190,0.6306610790907599,0.6128112456397725,0.7896057813725275
protein,graph+center0,2GKG,cluster_2GKG,1,122,0.685027717550654,0.543756918964174,0.7496900594295668
protein,graph+center0,2GOM,cluster_2GOM,1,121,0.5852647737599157,0.44906558280961334,0.8156190784780729
protein,graph+center0,2GXG,cluster_2GXG,3,140,0.7169977776224671,0.693963457788802,0.7150485990218455
protein,graph+center0,2GZQ,cluster_2GZQ,3,191,0.42664012576496907,0.3656458203004225,0.9255305035629363
protein,graph+center0,2HQK,cluster_2HQK,5,213,0.7852787462740914,0.7379442469786166,0.6858616497847907
protein,graph+center0,2HYK,cluster_2HYK,5,237,0.5972661899362177,0.5688743873273134,0.8057976215078317
protein,graph+center0,2I24,cluster_2I24,1,113,0.5115841764405934,0.4754801255753316,0.8612720828491963
protein,graph+center0,2I49,cluster_2I49,1,398,0.6809885614736012,0.6848679139935663,0.7451658542567858
protein,graph+center0,2IBL,cluster_2IBL,3,108,0.6772245786293828,0.6604725827702449,0.8374798490680772
protein,graph+center0,2IGD,cluster_2IGD,3,61,0.5234638055564814,0.5329860653916427,0.8546247769561862
protein,graph+center0,2IMF,cluster_2IMF,1,203,0.6351603997975457,0.6341342355531723,0.7754931327341613
protein,graph+center0,2IP6,cluster_2IP6,5,87,0.630228884108804,0.42448101780429526,0.7800378178929354
protein,graph+center0,2IVY,cluster_2IVY,3,88,0.47432534600468695,0.4047110622257281,0.8924306423890952
protein,graph+center0,2J32,cluster_2J32,4,244,0.8079124887748799,0.7114116302988176,0.6040293480949445
protein,graph+center0,2J9W,cluster_2J9W,3,200,0.6996632195326867,0.6818263980036701,0.7296701917257971
protein,graph+center0,2JKU,cluster_2JKU,1,35,0.4927786711465848,0.3236921360973844,0.9113605998057752
protein,graph+center0,2JLI,cluster_2JLI,2,100,0.6161081210326838,0.5135241365337664,0.7886597379631671
protein,graph+center0,2JLJ,cluster_2JLI,3,115,0.7510757688268639,0.6178535567836334,0.6736786815447291
protein,graph+center0,2MCM,cluster_1NOA,1,112,0.7728137677801953,0.7119027738475989,0.68219997344895
protein,graph+center0,2NLS,cluster_2NLS,5,36,0.4039225356730283,0.35881595881595885,0.9169500471985217
protein,graph+center0,2NR7,cluster_2NR7,1,194,0.8221826262046444,0.728950895642766,0.6112904076268744
protein,graph+center0,2NUH,cluster_1KR4,1,104,0.6611471122353306,0.5441567933609455,0.7633132619092892
protein,graph+center0,2O6X,cluster_2O6X,3,306,0.7804821926633432,0.7937495877348106,0.6369927674475544
protein,graph+center0,2OA2,cluster_2OA2,5,132,0.4825653883118102,0.38505398525492907,0.8848500965211333
protein,graph+center0,2OCT,cluster_2OCT,1,192,0.5598887804938242,0.5662334998176857,0.8456591928710099
protein,graph+center0,2OHW,cluster_2OHW,4,256,0.5909770181330387,0.6561066497200652,0.8221228617103898
protein,graph+center0,2OKT,cluster_2OKT,3,342,0.37813727613160225,0.3880829104536611,0.9601186108049432
protein,graph+center0,2OL9,cluster_2OL9,1,6,0.917705542577129,0.8285714285714287,0.5093755981014687
protein,graph+center0,2OLX,cluster_2OLX,4,4,0.7637139494398951,0.7999999999999999,0.7640058767718435
protein,graph+center0,2PKT,cluster_2PKT,5,91,0.04055675896404757,0.05546464082939782,1.0812583738193322
protein,graph+center0,2PLT,cluster_2PLT,1,98,0.4590135077675468,0.5253685096505838,0.8979334231271023
protein,graph+center0,2PMR,cluster_2PMR,4,76,0.5901854342231907,0.7334344967807255,0.8095409401080259
protein,graph+center0,2POF,cluster_2POF,2,440,0.6739995815855058,0.7068327800837538,0.7440416372751205
protein,graph+center0,2PPN,cluster_2PPN,2,107,0.6391781170339371,0.7332758597552689,0.7877834341834983
protein,graph+center0,2PSF,cluster_2PSF,2,608,0.48170337430795357,0.47265716929864615,0.8820508954325069
protein,graph+center0,2PTH,cluster_2PTH,5,193,0.73026385649125,0.7969454282706551,0.7055207306601595
protein,graph+center0,2Q4N,cluster_2Q4N,4,153,0.6697339904498018,0.5753234863302192,0.7511210043522474
protein,graph+center0,2Q52,cluster_1WBE,2,412,0.7531352671323355,0.7449741659710484,0.6781303162600008
protein,graph+center0,2QJL,cluster_2QJL,1,99,0.5871432227909819,0.6634672178834847,0.8191478243403627
protein,graph+center0,2R16,cluster_2R16,2,175,0.5552054077068506,0.4348772872640376,0.8413210140846391
protein,graph+center0,2R6Q,cluster_2R6Q,2,138,0.5497869759300031,0.42571452056543796,0.842097524692942
protein,graph+center0,2RB8,cluster_2RB8,1,93,0.6345173509099487,0.5300000373940625,0.7775652105364402
protein,graph+center0,2RE2,cluster_2RE2,2,238,0.6628838538910307,0.46304706602188306,0.750626964031648
protein,graph+center0,2RFR,cluster_2RFR,3,154,0.6981411848157885,0.47131508115796517,0.7179110989388521
protein,graph+center0,2V9V,cluster_2V9V,5,135,0.5559964726726004,0.47672980834885176,0.8318244727147914
protein,graph+center0,2VE8,cluster_2VE8,3,515,0.7077338695859053,0.6202032928482025,0.7135565858705527
protein,graph+center0,2VH7,cluster_2VH7,5,94,0.7152959918119405,0.7284411757917146,0.7108254574647375
protein,graph+center0,2VIM,cluster_2VIM,5,104,0.36931251845800883,0.39159276106065655,0.9375095347624215
protein,graph+center0,2VPA,cluster_2VPA,5,204,0.7562432956510255,0.7682490186848054,0.7483371946447269
protein,graph+center0,2VQ4,cluster_2VQ4,4,106,0.6725517575445049,0.7707294710976849,0.7413436936586584
protein,graph+center0,2VY8,cluster_2VY8,2,149,0.7419653090192875,0.7643945818943606,0.6827534778975346
protein,graph+center0,2VYO,cluster_2C71,3,206,0.6935840731269298,0.7144514248867494,0.7350010981416366
protein,graph+center0,2W1V,cluster_2W1V,2,548,0.6787801418875997,0.7462524846692442,0.7469924257249354
protein,graph+center0,2W2A,cluster_2W2A,5,350,0.6371292266410358,0.6864959546605824,0.7719374371546501
protein,graph+center0,2W6A,cluster_2W6A,5,117,0.7760904015671677,0.4815855533043999,0.6545355015229377
protein,graph+center0,2WJ5,cluster_2WJ5,5,96,0.5167579969067542,0.5453447914474978,0.9095475847354798
protein,graph+center0,2WUJ,cluster_2WUJ,5,100,0.4412335787809226,0.21018427953741467,0.9018564763580791
protein,graph+center0,2WW7,cluster_2WW7,4,150,0.4650559287804746,0.5269215794526216,0.9538309456444946
protein,graph+center0,2WWE,cluster_2WWE,4,111,0.5395122004333719,0.46854954077855987,0.8439522735031694
protein,graph+center0,2X1Q,cluster_2X1Q,5,240,0.46632472357604526,0.40089925377447677,0.8954465017926444
protein,graph+center0,2X25,cluster_2X25,4,168,0.6107188575057562,0.6943351769055364,0.8053562266975447
protein,graph+center0,2X3M,cluster_2X3M,2,166,0.7124035687382612,0.597132668712057,0.7313754527440914
protein,graph+center0,2X5Y,cluster_2X5Y,1,171,0.7246954342048777,0.70114246669307,0.7092457955145505
protein,graph+center0,2X9Z,cluster_2X9Z,3,262,0.5875106193214915,0.6038465413719754,0.8096173593265946
protein,graph+center0,2XHF,cluster_2XHF,2,310,0.5903497573902476,0.6356470349173458,0.8090535185834014
protein,graph+center0,2Y0T,cluster_2Y0T,1,101,0.7796023426775267,0.745606346236518,0.6555361547682124
protein,graph+center0,2Y72,cluster_2Y72,5,170,0.7260541993555429,0.6874447740504877,0.7079195552371231
protein,graph+center0,2Y7L,cluster_2Y7L,2,319,0.7215769055050192,0.6909316072221723,0.7064281749792588
protein,graph+center0,2Y9F,cluster_2Y9F,5,149,0.7543946155952556,0.8554572218005589,0.6566253833880147
protein,graph+center0,2YLB,cluster_2YLB,3,400,0.7394071497728509,0.7896014937539868,0.6739129354722636
protein,graph+center0,2YNY,cluster_2YNY,1,315,0.7160561140294901,0.7003005911989002,0.7329054207326583
protein,graph+center0,2ZCM,cluster_2ZCM,3,357,0.4467105758485668,0.3630362396551532,0.8963726103094594
protein,graph+center0,2ZU1,cluster_2ZU1,5,360,0.7021526563589339,0.7554932062306862,0.7181418309366969
protein,graph+center0,3A0M,cluster_3A0M,3,148,0.6607477924657309,0.4936466834325518,0.7807591458784743
protein,graph+center0,3A7L,cluster_3A7L,2,128,0.66023244404019,0.5790803407755419,0.7654919807315849
protein,graph+center0,3AMC,cluster_3AMC,3,614,0.7187853745259145,0.7665631549372063,0.7256708605540109
protein,graph+center0,3AUB,cluster_3AUB,2,116,0.6074039911356817,0.6657555629087234,0.8015437682290917
protein,graph+center0,3B5O,cluster_3B5O,5,230,0.6184423299802405,0.6042823457369078,0.7880043178753385
protein,graph+center0,3BA1,cluster_3BA1,4,312,0.6520972129128892,0.5679482336817872,0.7589126690898427
protein,graph+center0,3BED,cluster_3BED,1,261,0.798153555697347,0.8205293220565061,0.6236091524358585
protein,graph+center0,3BQX,cluster_3BQX,4,139,0.46988301988945946,0.4883110151383974,0.9100123160393692
protein,graph+center0,3BZQ,cluster_3BZQ,2,99,0.5419524437520425,0.5252166061733472,0.8441243065258532
protein,graph+center0,3BZZ,cluster_3BZZ,5,100,0.42258101653619357,0.41921072459012254,0.9376327111965608
protein,graph+center0,3DRF,cluster_3DRF,1,547,0.5510245139151944,0.5452316560454423,0.8366249307483948
protein,graph+center0,3DWV,cluster_3DWV,1,325,0.6335406588419181,0.7162101447699443,0.7779816476821004
protein,graph+center0,3E5T,cluster_2HQK,4,228,0.5457696151586555,0.4539258165808994,0.8388419419077513
protein,graph+center0,3E7R,cluster_3E7R,3,40,0.7137432405488248,0.7578927691509358,0.7407969086197023
protein,graph+center0,3EUR,cluster_3EUR,1,140,0.4126169758882562,0.38238863608858564,0.9208236078699076
protein,graph+center0,3F2Z,cluster_3F2Z,4,149,0.7782318963617155,0.7503024742375652,0.6580620800406948
protein,graph+center0,3F7E,cluster_3F7E,3,254,0.7558165576718596,0.8085459523602821,0.6643123873887734
protein,graph+center0,3FCN,cluster_3FCN,4,158,0.6341735204313994,0.5496764300672886,0.7756145089746194
protein,graph+center0,3FE7,cluster_3FE7,4,91,0.4507042952257619,0.5157809657275779,0.8935319708850319
protein,graph+center0,3FKE,cluster_3FKE,4,250,0.4901344990662102,0.5013725442523758,0.8826862567784131
protein,graph+center0,3FMY,cluster_3FMY,5,66,0.6563047009954266,0.6660195392232717,0.7652029824927197
protein,graph+center0,3FOD,cluster_3FOD,2,48,0.41445295989855124,0.4423818060037039,0.9890858202049421
protein,graph+center0,3FSO,cluster_3FSO,1,221,0.8001985262055376,0.5817431270308114,0.6264535111295936
protein,graph+center0,3FTD,cluster_3FTD,1,240,0.7061976152147602,0.6804837948053828,0.723965940501016
protein,graph+center0,3FVA,cluster_3FVA,5,6,0.6866106285998556,0.7775419143502353,0.7503268362650959
protein,graph+center0,3G1S,cluster_3G1S,1,418,0.6325902214684247,0.6974731807928918,0.7797303894992549
protein,graph+center0,3GBW,cluster_3GBW,2,161,0.7740649287283431,0.8468364067440948,0.6690781571640838
protein,graph+center0,3GHJ,cluster_3GHJ,1,116,0.5429506603810492,0.5299947333861996,0.8413828781867856
protein,graph+center0,3HFO,cluster_3HFO,2,197,0.6464584098433941,0.6704225418869388,0.7692521564873707
protein,graph+center0,3HHP,cluster_3HHP,5,1234,0.7655656009479995,0.7954297491198508,0.6590770850691395
protein,graph+center0,3HNY,cluster_3HNY,2,156,0.7126502122800807,0.7275040580306571,0.7075075390291112
protein,graph+center0,3HP4,cluster_3HP4,2,183,0.5389009767116111,0.45524269135396755,0.8491798743042336
protein,graph+center0,3HWU,cluster_3HWU,2,144,0.7433738159428028,0.7323677614331694,0.6740432197812989
protein,graph+center0,3HYD,cluster_3HYD,5,7,0.7814201899195499,0.3571428571428572,0.7484008758513117
protein,graph+center0,3HZ8,cluster_3HZ8,2,192,0.4986123758254936,0.4736075347219343,0.8757899100902516
protein,graph+center0,3I2V,cluster_3I2V,2,124,0.4054788606607391,0.4235494794701019,0.9415275062770051
protein,graph+center0,3I2Z,cluster_3I2Z,4,138,0.5727570086453453,0.5832394377547284,0.825401569685715
protein,graph+center0,3I4O,cluster_3I4O,1,135,0.756180132166632,0.7186399095272299,0.6590825238593123
protein,graph+center0,3I7M,cluster_3I7M,2,134,0.6436083696384901,0.558656222552433,0.7693320158684087
protein,graph+center0,3IHS,cluster_1OPD,4,169,0.5998756492668353,0.49852940080995467,0.8091860992676095
protein,graph+center0,3IVV,cluster_3IVV,3,149,0.786652313901466,0.7774864433099381,0.6269276288474407
protein,graph+center0,3K6Y,cluster_3K6Y,2,227,0.6061721671595558,0.611100723664962,0.7971338002060641
protein,graph+center0,3KBE,cluster_3KBE,2,140,0.7068665892718086,0.6946362072018041,0.7087266915070188
protein,graph+center0,3KGK,cluster_3KGK,4,190,0.7772256164928196,0.7710756421309168,0.6394343576780447
protein,graph+center0,3KZD,cluster_3KZD,5,85,0.634838096830507,0.6689858020991127,0.7789281486576167
protein,graph+center0,3L41,cluster_2ETX,1,220,0.6942354831494111,0.6729615514120468,0.7242254216655949
protein,graph+center0,3LAA,cluster_3LAA,3,169,0.6060186185239039,0.49630887942195234,0.8717320929719986
protein,graph+center0,3LAX,cluster_3LAX,1,106,0.7335631135532038,0.7089657326882004,0.694796928114937
protein,graph+center0,3LG3,cluster_3LG3,5,833,0.5680856690312156,0.60087011565857,0.8800742895288252
protein,graph+center0,3LJI,cluster_3LJI,4,272,0.5860744681598165,0.5273114909393667,0.8133283218142623
protein,graph+center0,3M3P,cluster_3M3P,1,249,0.5972329959644423,0.6375806269192164,0.804617573720217
protein,graph+center0,3M8J,cluster_3M8J,4,178,0.6785135043946924,0.7278723895616334,0.7377431121197017
protein,graph+center0,3M9J,cluster_3M9J,3,210,0.511764461070445,0.5245047160391314,0.8630892387803508
protein,graph+center0,3M9Q,cluster_3M9Q,1,176,0.45760898715113985,0.5192190329984859,0.9351587026615694
protein,graph+center0,3MAB,cluster_1OPD,3,173,0.6306772898642268,0.5565826244586322,0.7763448142946265
protein,graph+center0,3MD4,cluster_3MD4,2,12,0.719158700847434,0.756568585805414,0.7500557210442899
protein,graph+center0,3MD5,cluster_3MD5,1,12,0.6877145852897796,0.7202797202797203,0.8744125428019298
protein,graph+center0,3MEA,cluster_3MEA,3,166,0.6562475064705137,0.7338715813104651,0.7725709015750731
protein,graph+center0,3MGN,cluster_3MGN,4,348,0.17147052686199954,0.23964744714107666,1.21780022667965
protein,graph+center0,3MRE,cluster_3MRE,2,383,0.6731074483386162,0.7478472077472663,0.7501161537576037
protein,graph+center0,3N11,cluster_3N11,5,325,0.5503290138128192,0.6097929689807523,0.8422661208101742
protein,graph+center0,3NE0,cluster_3NE0,4,208,0.7052249935496195,0.7045552440021335,0.7163149426008252
protein,graph+center0,3NGG,cluster_3NGG,3,94,0.7353243175091271,0.6167150721908752,0.7028756153171208
protein,graph+center0,3NPV,cluster_3NPV,2,495,0.590604881824579,0.55992435501827,0.8111336281935136
protein,graph+center0,3NVG,cluster_3NVG,3,6,0.6280980427640758,0.5428571428571429,0.8506107705722199
protein,graph+center0,3NZL,cluster_3NZL,1,73,0.5951397762332871,0.6074621463487654,0.8090286751969638
protein,graph+center0,3O0P,cluster_3O0P,2,194,0.708936085503703,0.712598933168597,0.70566369602954
protein,graph+center0,3O5P,cluster_3O5P,1,128,0.7268205346941121,0.6626876093274994,0.697320875935063
protein,graph+center0,3OBQ,cluster_3OBQ,1,150,0.6323807050007765,0.38441735766949375,0.7771629808476197
protein,graph+center0,3OQY,cluster_3OQY,3,234,0.6495517007624338,0.6115898580016443,0.7711552127841468
protein,graph+center0,3P6J,cluster_3P6J,5,125,0.7858861205331938,0.7698572648825194,0.6414290542731045
protein,graph+center0,3PD7,cluster_3PD7,1,188,0.6935705846063417,0.7452867161594942,0.7248914835334735
protein,graph+center0,3PES,cluster_3PES,4,165,0.6110869220532882,0.5759515821259006,0.8094112163291877
protein,graph+center0,3PID,cluster_3PID,3,387,0.5459786955083235,0.4922821229715087,0.8476544831432068
protein,graph+center0,3PIW,cluster_3PIW,1,154,0.7455059880907461,0.7227086109300254,0.6886182304458535
protein,graph+center0,3PKV,cluster_3PKV,3,221,0.555637975947403,0.6194328743092121,0.8328337896358187
protein,graph+center0,3PSM,cluster_3PSM,2,94,0.7914798114326038,0.8756764177689458,0.6232014942883838
protein,graph+center0,3PTL,cluster_3PTL,5,289,0.5152512217879173,0.6221307062230623,0.8899135562037532
protein,graph+center0,3PVE,cluster_3PVE,1,347,0.6921397773893693,0.7168206310302262,0.7341833507964569
protein,graph+center0,3PZ9,cluster_3PZ9,2,357,0.6913401506105551,0.7039212895030859,0.7314919802953664
protein,graph+center0,3PZZ,cluster_3PZZ,4,12,0.8927859533959959,0.8531468531468532,0.5665531321378975
protein,graph+center0,3Q2X,cluster_3Q2X,1,6,0.9499932670938984,0.8285714285714287,0.4393658944789842
protein,graph+center0,3Q6L,cluster_3Q6L,4,131,0.6313066262083483,0.5938561816903496,0.7885708301268324
protein,graph+center0,3QDS,cluster_3QDS,5,284,0.7303194757574418,0.7276538312868369,0.7193819129715973
protein,graph+center0,3QPA,cluster_3QPA,5,197,0.45634541969198716,0.7025782555981203,0.9123985384625086
protein,graph+center0,3R6D,cluster_3R6D,2,221,0.6894184424767322,0.7552775875578285,0.7341076404937081
protein,graph+center0,3R87,cluster_3R87,1,132,0.4066982545116977,0.34543950870213763,0.9193040937784591
protein,graph+center0,3RQ9,cluster_3RQ9,3,162,0.48615060745951855,0.5647566237465734,0.9410948809011779
protein,graph+center0,3RY0,cluster_3RY0,3,128,0.6034490637318252,0.6127309532892391,0.8070732412594616
protein,graph+center0,3RZY,cluster_3Q6L,5,139,0.7053249393768897,0.6334555116207755,0.7212218877222517
protein,graph+center0,3S0A,cluster_3S0A,3,119,0.5220108921948099,0.5205527742104243,0.8574321181186102
protein,graph+center0,3SD2,cluster_3SD2,2,86,0.45408667718866663,0.5447203564714946,0.8953201113906105
protein,graph+center0,3SEB,cluster_3SEB,3,238,0.6441838926088371,0.7585458255017408,0.7697944573288841
protein,graph+center0,3SED,cluster_3SED,3,124,0.6669160323529353,0.6551271056623359,0.777416457039756
protein,graph+center0,3SO6,cluster_3SO6,5,150,0.6861894693559935,0.6739156330007859,0.7343551790205147
protein,graph+center0,3SR3,cluster_3SR3,5,637,0.569921341814861,0.5703875855368984,0.8249168465767291
protein,graph+center0,3SUK,cluster_3SUK,3,248,0.6451501646282397,0.6479126440184496,0.7727842166817234
protein,graph+center0,3SZH,cluster_3SZH,3,697,0.7717390370030384,0.7641880604691058,0.6472122342409087
protein,graph+center0,3T0H,cluster_3T0H,5,208,0.7598472725687242,0.7979739621016422,0.6634354681565587
protein,graph+center0,3T3K,cluster_3T3K,3,122,0.754005721166933,0.7942818528452738,0.6767889263451858
protein,graph+center0,3T47,cluster_3T47,1,141,0.5024793559826828,0.4981238294286468,0.8766839463102859
protein,graph+center0,3TDN,cluster_3TDN,4,357,0.47773839038291926,0.4950585792732007,0.8863929596741501
protein,graph+center0,3TOW,cluster_3TOW,3,152,0.5782069854914805,0.7040456818953219,0.8233079049635319
protein,graph+center0,3TUA,cluster_3TUA,2,210,0.643339415679557,0.783802607989954,0.7790297775252737
protein,graph+center0,3TYS,cluster_3TYS,5,75,0.6751696139880823,0.6775441693828606,0.7769003530981606
protein,graph+center0,3U6G,cluster_3U6G,5,248,0.6187648227521085,0.5988785307089814,0.790529290351484
protein,graph+center0,3U97,cluster_3U97,2,77,0.7151799819225941,0.6776733487276237,0.7074853175246949
protein,graph+center0,3UCI,cluster_3UCI,5,72,0.5446148634539891,0.507170879156216,0.8557484964319002
protein,graph+center0,3UR8,cluster_3UR8,4,637,0.7075507897786936,0.6569123621459311,0.7161075775298633
protein,graph+center0,3US6,cluster_3US6,1,148,0.649388776304354,0.5202287745158963,0.77789538703563
protein,graph+center0,3V1A,cluster_3V1A,3,48,0.43648255340467296,0.5664965835143948,0.9045329664727499
protein,graph+center0,3V75,cluster_3V75,2,285,0.5704462943957923,0.5245528655941082,0.826663138483301
protein,graph+center0,3VN0,cluster_3VN0,4,193,0.812323871568676,0.6520345302229562,0.6530295414580773
protein,graph+center0,3VOR,cluster_3VOR,3,182,0.5454382790575085,0.5530031432621961,0.8493031342035707
protein,graph+center0,3VUB,cluster_3VUB,4,101,0.5821767562503815,0.6250007280288181,0.8237616975758767
protein,graph+center0,3VVV,cluster_3VVV,5,108,0.6706821962812981,0.5806274904368478,0.7643543445021109
protein,graph+center0,3VZ9,cluster_3VZ9,5,163,0.733220293046954,0.7300564664515642,0.687780968301154
protein,graph+center0,3W4Q,cluster_1ES5,4,773,0.7053446408233062,0.7240138295812361,0.723366238157344
protein,graph+center0,3ZBD,cluster_3ZBD,4,213,0.5081757001201598,0.4353997587194131,0.8738602190462781
protein,graph+center0,3ZIT,cluster_3ZIT,5,152,0.39583436426000057,0.42599229249619974,0.9358064616508158
protein,graph+center0,3ZRX,cluster_3ZRX,3,221,0.5564779280442973,0.5505124019684315,0.8312679700802972
protein,graph+center0,3ZSL,cluster_3ZSL,3,138,0.7085970397616924,0.5762503668237219,0.7220510963339788
protein,graph+center0,3ZZP,cluster_3ZZP,2,74,0.5178394858791374,0.5136582080099223,0.8565838417830843
protein,graph+center0,3ZZY,cluster_3ZZY,4,226,0.7194487959088898,0.6107832333606931,0.6980067257780703
protein,graph+center0,4A02,cluster_4A02,1,166,0.4885333557916592,0.6304482992285165,0.8840971971822893
protein,graph+center0,4ACJ,cluster_4ACJ,1,167,0.7542720941366372,0.7996013893619085,0.6841148244918078
protein,graph+center0,4AE7,cluster_4AE7,1,186,0.7605790151830804,0.6988201660063922,0.6563703931659266
protein,graph+center0,4AM1,cluster_4AM1,2,345,0.5813582904245471,0.5957722098043217,0.8138335397099512
protein,graph+center0,4ANN,cluster_4ANN,5,176,0.5590596426415179,0.585528984027023,0.8338321084476703
protein,graph+center0,4AVR,cluster_4AVR,3,188,0.631263096921786,0.729443401987237,0.8024449447811106
protein,graph+center0,4AXY,cluster_4AXY,3,54,0.6578847657519262,0.6361973016743704,0.7827507118333195
protein,graph+center0,4B6G,cluster_4B6G,4,558,0.742827869935724,0.751175942470196,0.6865982429541687
protein,graph+center0,4B9G,cluster_4B9G,1,292,0.7971953443581249,0.7879947944966943,0.6283695940822729
protein,graph+center0,4DD5,cluster_4DD5,4,387,0.606991375522421,0.6549734039379164,0.8055082629861384
protein,graph+center0,4DKN,cluster_4DKN,5,423,0.7138171703911352,0.7271997369107122,0.729633547655904
protein,graph+center0,4DND,cluster_4DND,5,95,0.7395488272774339,0.6662047389624323,0.6831879465701822
protein,graph+center0,4DPZ,cluster_4DPZ,4,109,0.7286765837733308,0.6557901931469678,0.6934861862649903
protein,graph+center0,4DQ7,cluster_4DQ7,4,328,0.724464083889955,0.7352711381097069,0.7019636555360304
protein,graph+center0,4DT4,cluster_4DT4,5,160,0.7044703230413554,0.7236982043365594,0.7660097435393399
protein,graph+center0,4EK3,cluster_4EK3,3,287,0.6740541598795704,0.705218469571362,0.7456932728872567
protein,graph+center0,4ERY,cluster_4ERY,5,318,0.7079573068157562,0.7613398277339398,0.7294094935502881
protein,graph+center0,4ES1,cluster_4ES1,4,95,0.6930203601970784,0.6855991015274806,0.7536107890213568
protein,graph+center0,4EUG,cluster_4EUG,5,225,0.5762097082964333,0.6352860736932671,0.8177438557934248
protein,graph+center0,4F01,cluster_4F01,1,448,0.3417215404341216,0.5347262774466863,1.0101230913373314
protein,graph+center0,4F3J,cluster_4F3J,3,143,0.6025782938392042,0.5455562098984897,0.8031673147495579
protein,graph+center0,4FR9,cluster_4FR9,5,141,0.6172719181604613,0.6239704094617124,0.7920742246211046
protein,graph+center0,4G14,cluster_4G14,4,15,0.4828088356077434,0.3928571428571428,0.9352834372139431
protein,graph+center0,4G2E,cluster_4G2E,2,151,0.7210920429306131,0.7909438118876092,0.6960591783096035
protein,graph+center0,4G5X,cluster_4G5X,3,550,0.732980375132201,0.7422043794614117,0.7008364045486246
protein,graph+center0,4G6C,cluster_4G6C,2,658,0.5865757491639066,0.5625039897093203,0.8178074957825554
protein,graph+center0,4G7X,cluster_4G7X,3,194,0.6237921345221812,0.5668868925931934,0.7951387176404437
protein,graph+center0,4GA2,cluster_4GA2,1,144,0.5020303877430082,0.5506653430851605,0.8680611225752388
protein,graph+center0,4GMQ,cluster_4GMQ,3,92,0.6058805525571129,0.5859778370297304,0.7979060341193048
protein,graph+center0,4GS3,cluster_4GS3,2,90,0.49042501293903357,0.6554470360672007,0.9335255198593563
protein,graph+center0,4H4J,cluster_4H4J,4,236,0.806131775925036,0.8276739148987425,0.617822325810929
protein,graph+center0,4H89,cluster_4H89,2,168,0.6224600226257594,0.582114662716124,0.7838448732098925
protein,graph+center0,4HDE,cluster_4HDE,5,168,0.7381286914374614,0.7961381035548821,0.6968593548751669
protein,graph+center0,4HJP,cluster_4HJP,1,281,0.6889498572386152,0.7793186924248727,0.7320414903948556
protein,graph+center0,4HWM,cluster_4HWM,2,117,0.6070729614127701,0.5837872873074261,0.8047705766407781
protein,graph+center0,4IL7,cluster_4IL7,2,85,0.397894395768052,0.3323952745446407,0.9370190600727388
protein,graph+center0,4J11,cluster_4J11,1,357,0.6222744620192462,0.5056018417749655,0.7909535529079907
protein,graph+center0,4J5O,cluster_4J5O,2,220,0.7162839992361553,0.6440034046847815,0.7063607839318088
protein,graph+center0,4J5Q,cluster_2FG1,5,146,0.7407600304384535,0.7781687425649835,0.6905133160002658
protein,graph+center0,4J78,cluster_4J78,4,305,0.6269096594445178,0.7578846840043156,0.784119179797132
protein,graph+center0,4JG2,cluster_4JG2,5,185,0.7732960979595656,0.8109178456663357,0.670539455000232
protein,graph+center0,4JVU,cluster_4JVU,1,207,0.7182059036882923,0.8082834432672701,0.706520896218088
protein,graph+center0,4JYP,cluster_4JYP,4,534,0.6476174202109409,0.7002136969282376,0.7654445312057265
protein,graph+center0,4KEF,cluster_4KEF,3,133,0.4955260459519779,0.4440440164887995,0.8809122882430299
protein,graph+center0,5CYT,cluster_1CCR,3,103,0.3675810973745852,0.3339273211628777,0.9308898539154928
protein,graph+center0,6RXN,cluster_6RXN,1,45,0.5208306778543543,0.5281949934123846,0.8728432829288617
protein,graph,1ABA,cluster_1ABA,4,87,0.6194098327408526,0.7251378320800477,0.7863114256403394
protein,graph,1AHO,cluster_1AHO,4,64,0.5909736067535052,0.7074256802853621,0.8070955631922142
protein,graph,1AIE,cluster_1AIE,3,31,0.6107610639276451,0.4717741935483871,0.8077304216693733
protein,graph,1AKG,cluster_1AKG,1,16,0.5425499112575852,0.7476087380856804,0.8483679194202958
protein,graph,1ATG,cluster_1ATG,1,231,0.530666124135946,0.5685128782818554,0.8528335432866212
protein,graph,1BGF,cluster_1BGF,4,124,0.5550329668732031,0.4465792699797115,0.832109142463755
protein,graph,1BX7,cluster_1BX7,4,51,0.5661369971391141,0.3085972850678733,0.8812954509711599
protein,graph,1BYI,cluster_1BYI,1,224,0.5304290369552768,0.6150555567796748,0.8513881882365705
protein,graph,1CCR,cluster_1CCR,2,111,0.5298573245730792,0.5510774923428345,0.8496000695169781
protein,graph,1CYO,cluster_1CYO,5,88,0.6740552467079152,0.5824799008733766,0.7439314891942727
protein,graph,1DF4,cluster_1DF4,1,57,0.8977559833826216,0.8125486129115893,0.5812021458679937
protein,graph,1E5K,cluster_1E5K,2,188,0.7462505136285902,0.7407452892367329,0.6780710083293975
protein,graph,1ES5,cluster_1ES5,5,260,0.6614738190544367,0.7212003135457669,0.762439601728077
protein,graph,1ETL,cluster_1ETL,3,12,0.7035216797235907,0.662643032056474,0.7597274389973464
protein,graph,1ETM,cluster_1ETM,5,12,0.6584738171862965,0.5192024044895921,0.8154886876782318
protein,graph,1ETN,cluster_1ETN,4,12,-0.1424316244254035,-0.003695702474931766,1.244863921569417
protein,graph,1EW4,cluster_1EW4,2,106,0.600580242113087,0.6381467245011927,0.8005069917559342
protein,graph,1F8R,cluster_1F8R,3,1932,0.7599368099768916,0.735882987032802,0.6857389366576482
protein,graph,1FF4,cluster_1FF4,1,65,0.5568142912792957,0.582043073057834,0.8331960830763109
protein,graph,1FK5,cluster_1FK5,4,93,0.5481913772118345,0.5103679803367099,0.8387950726078939
protein,graph,1GCO,cluster_1GCO,4,1044,0.6258934261009658,0.6247527494760162,0.7847369515790779
protein,graph,1GK7,cluster_1GK7,4,39,0.6097078126717382,0.16306493264468575,0.8179433588688027
protein,graph,1GVD,cluster_1GVD,1,52,0.7317350607299897,0.635845553067935,0.7018983531415904
protein,graph,1GXU,cluster_1GXU,2,88,0.656593842180735,0.6261485966424032,0.7684545258694666
protein,graph,1H6V,cluster_1H6V,2,2927,0.46615477343149386,0.5464833805762426,0.9073992544226404
protein,graph,1HJE,cluster_1HJE,5,13,0.56670814377451,0.532967032967033,0.8447133051980199
protein,graph,1I71,cluster_1I71,3,83,0.5559526377391029,0.5552867589453874,0.8339007993658039
protein,graph,1IDP,cluster_1IDP,4,441,0.7308399220836003,0.8474893235086894,0.6871843908993635
protein,graph,1IFR,cluster_1IFR,2,113,0.6728394628629782,0.7151661586251817,0.7686005336864795
protein,graph,1K8U,cluster_1K8U,4,89,0.5210348486004377,0.41228469648269417,0.8602508730546656
protein,graph,1KMM,cluster_1KMM,4,1499,0.6987806264306377,0.7300866976875819,0.7213009428179474
protein,graph,1KNG,cluster_1KNG,4,144,0.5174834744009267,0.4906749297267627,0.8612323811534436
protein,graph,1KR4,cluster_1KR4,3,110,0.6018753279941478,0.5687879826679316,0.8021094165980058
protein,graph,1KYC,cluster_1KYC,1,15,0.7907326557574365,0.7678571428571428,0.6709720566794136
protein,graph,1LR7,cluster_1LR7,4,73,0.6354106412690481,0.6885928714328573,0.7908873989241682
protein,graph,1MF7,cluster_1MF7,4,194,0.6838202626521916,0.7588727521649328,0.7576194464382978
protein,graph,1N7E,cluster_1N7E,1,95,0.5481925369886489,0.6486770228208414,0.8369318541288069
protein,graph,1NKD,cluster_1NKD,4,59,0.679788934374437,0.7408673810071539,0.7965695955797658
protein,graph,1NKO,cluster_1NKO,5,122,0.4954279849231956,0.7083572220710724,0.8876126812865897
protein,graph,1NLS,cluster_1NLS,1,237,0.5057456242631724,0.7446329728746774,0.8717559130626616
protein,graph,1NNX,cluster_1NNX,2,93,0.7769660754512878,0.8117530327219223,0.6440358149896176
protein,graph,1NOA,cluster_1NOA,3,113,0.5904677456841048,0.5480805619632989,0.8091386442701041
protein,graph,1NOT,cluster_1NOT,2,13,0.5102389623556989,0.37912087912087916,0.8712948288875545
protein,graph,1O06,cluster_1O06,2,20,0.9021783961157557,0.6977443609022556,0.4515700723681964
protein,graph,1O08,cluster_1O08,4,221,0.35864136953353215,0.6172028934868894,0.9578620816645695
protein,graph,1OB4,cluster_1OB4,5,16,0.5247686377708571,0.2735294117647059,0.8762159385968801
protein,graph,1OB7,cluster_1OB7,2,16,0.5489353659439726,0.8182489338103116,0.8452086788889701
protein,graph,1OPD,cluster_1OPD,4,85,0.400170744265914,0.41140517591450515,0.9262454342141236
protein,graph,1P9I,cluster_1P9I,4,29,0.6414623137086262,0.41527093596059106,0.8082749714482073
protein,graph,1PEF,cluster_1PEF,4,18,0.8350084562270754,0.9009287925696594,0.5737272228624197
protein,graph,1PEN,cluster_1PEN,3,16,0.5899880072084207,0.5312731386789974,0.815378704835077
protein,graph,1PMY,cluster_1PMY,4,123,0.6882158531179653,0.588755393051112,0.7482709431098703
protein,graph,1PZ4,cluster_1PZ4,5,113,0.6901542824948553,0.696390066638735,0.7343634519372636
protein,graph,1Q9B,cluster_1Q9B,4,43,0.7528598489890969,0.7358803986710963,0.7001801566958891
protein,graph,1QAU,cluster_1QAU,5,112,0.6523350423020218,0.6261582651549038,0.7640159817939471
protein,graph,1QKI,cluster_1QKI,1,3912,0.4791939686106429,0.5427504077247031,0.9711174952812932
protein,graph,1QTO,cluster_1QTO,5,122,0.6049677019003952,0.6054788183233111,0.7971734984345026
protein,graph,1R29,cluster_1R29,2,122,0.5941712956891743,0.559433742503439,0.8068407336696273
protein,graph,1R7J,cluster_1R7J,1,90,0.7714951655822307,0.5920252217161794,0.6755109090292319
protein,graph,1RJU,cluster_1RJU,5,36,0.35900044567628864,0.1626769626769627,0.9438068232880045
protein,graph,1RRO,cluster_1RRO,1,108,0.2801687762648893,0.21210179715065341,0.9790682813644412
protein,graph,1SAU,cluster_1SAU,4,114,0.6436477099016246,0.635747266229998,0.7857153220376726
protein,graph,1TGR,cluster_1TGR,4,104,0.71405961443822,0.6499465215175655,0.7172776957165652
protein,graph,1TZV,cluster_1TZV,4,141,0.8145487397371959,0.7637049380908771,0.6077651338456548
protein,graph,1U06,cluster_1U06,5,55,0.4649860775981163,0.27882898325212824,0.8935842366741518
protein,graph,1U7I,cluster_1U7I,2,267,0.7417325339149103,0.774472118692779,0.6846672024178296
protein,graph,1U9C,cluster_1U9C,5,221,0.5632777061578187,0.40468934833200504,0.8373500598638691
protein,graph,1UHA,cluster_1UHA,5,82,0.6868264775702598,0.6954581570885466,0.7295101375362244
protein,graph,1UKU,cluster_1KR4,2,102,0.7003401281535024,0.5175685609356138,0.7209904641708341
protein,graph,1ULR,cluster_1ULR,1,87,0.5815085219116312,0.6099813641676368,0.8354812261443363
protein,graph,1UOY,cluster_1UOY,2,64,0.6802063332886599,0.6136288190514098,0.7532981549749592
protein,graph,1USE,cluster_1USE,2,40,0.03054381985866187,-0.3230769230769231,1.2111126206235725
protein,graph,1USM,cluster_1USM,3,77,0.8266674710595026,0.7153814303050975,0.5962902136799652
protein,graph,1UTG,cluster_1UTG,3,70,0.5856994422299672,0.4817293476638509,0.8173632551676412
protein,graph,1V05,cluster_1V05,3,96,0.5890894231038801,0.5692697948135633,0.8208797956682444
protein,graph,1V70,cluster_1V70,3,105,0.5338247827024317,0.633275622686875,0.8519878557596371
protein,graph,1VRZ,cluster_1VRZ,2,21,0.6313911258429961,0.6465238531817791,0.8171078931347466
protein,graph,1W2L,cluster_1W2L,4,97,0.5825046037494209,0.4366810217392785,0.8151039786829817
protein,graph,1WBE,cluster_1WBE,4,204,0.5417848514969515,0.5887005522060207,0.843388740866044
protein,graph,1WHI,cluster_1WHI,4,122,0.5290225080770428,0.624313290078689,0.8558937638569922
protein,graph,1WLY,cluster_1WLY,3,322,0.6795930023025968,0.705756487440574,0.7399121071274507
protein,graph,1WPA,cluster_1WPA,5,107,0.5534350423240653,0.36511252565147706,0.8346497470143824
protein,graph,1X3O,cluster_1X3O,4,80,0.5153425159502207,0.556332374203026,0.8626843174853047
protein,graph,1XY1,cluster_1XY1,3,16,0.668665599196637,0.5374504938841903,1.1417886825324972
protein,graph,1XY2,cluster_1XY2,3,8,0.5155616441648089,0.5091750772173156,0.9076688050265982
protein,graph,1Y6X,cluster_1Y6X,3,87,0.5182934388511828,0.5236135981573551,0.8594578907133408
protein,graph,1YJO,cluster_1YJO,2,6,0.3661184755992307,0.2571428571428572,1.0847534500987013
protein,graph,1YZM,cluster_1YZM,5,46,0.8047452877216209,0.6439496743467268,0.7470699482119125
protein,graph,1Z21,cluster_1Z21,2,96,0.6245348691429328,0.6107699142670359,0.782318549049346
protein,graph,1ZCE,cluster_1ZCE,2,146,0.7437235199637096,0.7808930706413063,0.701007271207711
protein,graph,1ZVA,cluster_1ZVA,3,75,0.5640280067784407,0.555536589040949,0.8264783159871525
protein,graph,2A50,cluster_2A50,5,457,0.5355567906045822,0.5953177550836433,0.8622481551160928
protein,graph,2AGK,cluster_2AGK,2,233,0.678613613576416,0.710890024892721,0.7424270636642458
protein,graph,2AH1,cluster_2AH1,3,939,0.5151307860147609,0.5148610920657698,0.8683681891101621
protein,graph,2B0A,cluster_2B0A,4,186,0.6287553599231235,0.6529925655629271,0.7816505259260389
protein,graph,2BCM,cluster_2BCM,4,413,0.5639514928353577,0.5070259877732586,0.828523628269935
protein,graph,2BF9,cluster_2BF9,1,36,0.5702219994868696,0.4225497144987725,0.8483763691819752
protein,graph,2BRF,cluster_2BRF,3,100,0.7620260913238961,0.6842310558670398,0.6865259893089293
protein,graph,2C71,cluster_2C71,2,205,0.6328459802695302,0.6712531746459719,0.8062919701056188
protein,graph,2CE0,cluster_2CE0,3,99,0.6023227483358725,0.600402606257668,0.8005439648635643
protein,graph,2CG7,cluster_2CG7,3,90,0.4851735969164789,0.4823677583334825,0.8815388735691803
protein,graph,2COV,cluster_2COV,5,534,0.7683912361311896,0.7195668366018301,0.6541150301158525
protein,graph,2CWS,cluster_2CWS,3,227,0.6735545408116493,0.7128007216726907,0.7506668091389331
protein,graph,2D5W,cluster_2D5W,5,1214,0.6838829774521371,0.657871578421046,0.735966727854419
protein,graph,2DKO,cluster_2DKO,2,253,0.7905822342270085,0.6769082793698734,0.6162960126871575
protein,graph,2DPL,cluster_2DPL,1,565,0.4632928286659844,0.5134048109774761,0.9039265881251667
protein,graph,2DSX,cluster_2DSX,5,52,0.37668236396436544,0.28192704277743424,0.9268212788698641
protein,graph,2E10,cluster_2E10,3,439,0.7683277421630388,0.7952729886173663,0.6492375855875947
protein,graph,2E3H,cluster_2E3H,1,81,0.6795708906101604,0.689115485337322,0.7363744388228796
protein,graph,2EAQ,cluster_2EAQ,1,89,0.6941582071867026,0.4549598437531701,0.740785507653138
protein,graph,2EHP,cluster_2EHP,2,248,0.7703341189510283,0.798216758007873,0.6586513260857739
protein,graph,2EHS,cluster_1X3O,1,75,0.6879029431909612,0.7080043813572834,0.7637918642186808
protein,graph,2ERW,cluster_2ERW,2,53,0.30731156138200877,0.1567583915778772,1.019282225151521
protein,graph,2ETX,cluster_2ETX,5,389,0.5188264644031101,0.5380074672616482,0.8665191590556353
protein,graph,2FB6,cluster_2FB6,4,116,0.7624913204331858,0.6556768886487035,0.7011569092900897
protein,graph,2FG1,cluster_2FG1,1,157,0.6336903992583233,0.5799585859342418,0.7760197354205569
protein,graph,2FN9,cluster_2FN9,5,560,0.5672616958478508,0.5552884066785305,0.8249528675909543
protein,graph,2FQ3,cluster_2FQ3,1,85,0.698054120419484,0.7262067617744773,0.7408268066495425
protein,graph,2G69,cluster_2G69,4,99,0.6002759279004829,0.6298678408768617,0.8235408138041591
protein,graph,2G7O,cluster_2G7O,2,68,0.7620912866251911,0.42358824690586877,0.6774162661102576
protein,graph,2G7S,cluster_2G7S,5,190,0.5981707160862133,0.5667026935383666,0.8108445000371656
protein,graph,2GKG,cluster_2GKG,1,122,0.6827165150909765,0.5483832593646009,0.7523198320776384
protein,graph,2GOM,cluster_2GOM,1,121,0.5944513692702458,0.45296075195323915,0.8117095128920249
protein,graph,2GXG,cluster_2GXG,3,140,0.7344022714129448,0.6936441970741514,0.7001720571201117
protein,graph,2GZQ,cluster_2GZQ,3,191,0.43523121561030564,0.3655199712417066,0.9181851799185972
protein,graph,2HQK,cluster_2HQK,5,213,0.7887771502675021,0.7261557165488413,0.6783185347927467
protein,graph,2HYK,cluster_2HYK,5,237,0.6027492394972914,0.5783704637965548,0.8011502589524007
protein,graph,2I24,cluster_2I24,1,113,0.4917351781638288,0.4592153308867892,0.8744367488167631
protein,graph,2I49,cluster_2I49,1,398,0.6791152570884084,0.6747696383929697,0.745694622781469
protein,graph,2IBL,cluster_2IBL,3,108,0.6529739106735412,0.6583147360438978,0.8629048091316275
protein,graph,2IGD,cluster_2IGD,3,61,0.5284182795425909,0.5316110951381147,0.8524402394859938
protein,graph,2IMF,cluster_2IMF,1,203,0.6290083596021397,0.6407667200954178,0.7786847125009787
protein,graph,2IP6,cluster_2IP6,5,87,0.6144259815118774,0.4020176062781556,0.7973155463251024
protein,graph,2IVY,cluster_2IVY,3,88,0.5139974785798272,0.45710511836678736,0.8660569518811422
protein,graph,2J32,cluster_2J32,4,244,0.8061932003179177,0.6991786068349883,0.6005851380270152
protein,graph,2J9W,cluster_2J9W,3,200,0.6831274092039308,0.6802730986863813,0.7389101128864853
protein,graph,2JKU,cluster_2JKU,1,35,0.46456571365523003,0.28083199172447243,0.9423764795513665
protein,graph,2JLI,cluster_2JLI,2,100,0.6181364187400502,0.5283759336044871,0.7871920775390578
protein,graph,2JLJ,cluster_2JLI,3,115,0.7491020535705354,0.6098285110649639,0.6708261497108192
protein,graph,2MCM,cluster_1NOA,1,112,0.7664039853603672,0.7085713553679814,0.6936972051118714
protein,graph,2NLS,cluster_2NLS,5,36,0.458185897099127,0.4007722007722008,0.892049998219725
protein,graph,2NR7,cluster_2NR7,1,194,0.8084965076089441,0.7356731316985858,0.6297625291220079
protein,graph,2NUH,cluster_1KR4,1,104,0.6899299067338986,0.5874200484063082,0.7390689087124126
protein,graph,2O6X,cluster_2O6X,3,306,0.7764292130867,0.7927128083472573,0.640071523194128
protein,graph,2OA2,cluster_2OA2,5,132,0.49832995686309434,0.3746600243951501,0.8719308186630524
protein,graph,2OCT,cluster_2OCT,1,192,0.5355602112801163,0.5444754058077764,0.865063037995257
protein,graph,2OHW,cluster_2OHW,4,256,0.5915981271973416,0.6611317834355136,0.819466042438502
protein,graph,2OKT,cluster_2OKT,3,342,0.3774071010110754,0.3767518221986369,0.955566766699048
protein,graph,2OL9,cluster_2OL9,1,6,0.9161812542169662,0.7142857142857143,0.4678523481377688
protein,graph,2OLX,cluster_2OLX,4,4,0.8942224119380591,0.7999999999999999,0.7992303829217434
protein,graph,2PKT,cluster_2PKT,5,91,-0.011123663246322702,0.010615127957729691,1.1182443914449802
protein,graph,2PLT,cluster_2PLT,1,98,0.4710007708481002,0.5276764765995239,0.8930453067199744
protein,graph,2PMR,cluster_2PMR,4,76,0.634349875149755,0.71132893142575,0.7888932727498823
protein,graph,2POF,cluster_2POF,2,440,0.6702450645394933,0.7002165496248756,0.745726650628184
protein,graph,2PPN,cluster_2PPN,2,107,0.622074404233578,0.7251642169002416,0.8025393515264072
protein,graph,2PSF,cluster_2PSF,2,608,0.46240953202206725,0.45446527341332266,0.8966418440356932
protein,graph,2PTH,cluster_2PTH,5,193,0.7274038005632905,0.794014214558687,0.7040494614602372
protein,graph,2Q4N,cluster_2Q4N,4,153,0.6938798378001046,0.5800914901102587,0.7304119779174247
protein,graph,2Q52,cluster_1WBE,2,412,0.7478394177176038,0.734609666857807,0.6818497720398098
protein,graph,2QJL,cluster_2QJL,1,99,0.5886283533496554,0.6663677494431315,0.8211856707528338
protein,graph,2R16,cluster_2R16,2,175,0.5495920834992655,0.4247942471685238,0.8481237338082865
protein,graph,2R6Q,cluster_2R6Q,2,138,0.5433490141785648,0.4225363367877997,0.8489550807727071
protein,graph,2RB8,cluster_2RB8,1,93,0.6361547522073648,0.530492422215267,0.7765874993222576
protein,graph,2RE2,cluster_2RE2,2,238,0.6732220569937464,0.45732694090124093,0.7413391820815309
protein,graph,2RFR,cluster_2RFR,3,154,0.6799220433770891,0.4500968089606292,0.733482397001907
protein,graph,2V9V,cluster_2V9V,5,135,0.5339728387869611,0.4471905783810746,0.8475331806480945
protein,graph,2VE8,cluster_2VE8,3,515,0.6999309731215976,0.6113670499010978,0.723000863309686
protein,graph,2VH7,cluster_2VH7,5,94,0.718509186827797,0.7209996244793868,0.710736442185935
protein,graph,2VIM,cluster_2VIM,5,104,0.36841915407346887,0.3802248510000321,0.9410912796656925
protein,graph,2VPA,cluster_2VPA,5,204,0.7528110987105133,0.7659583942015449,0.7598375379537671
protein,graph,2VQ4,cluster_2VQ4,4,106,0.6921595333474557,0.774775228973477,0.7233796814548381
protein,graph,2VY8,cluster_2VY8,2,149,0.7397763167033343,0.7365690627708108,0.6809917394015939
protein,graph,2VYO,cluster_2C71,3,206,0.6745899479809195,0.71367238898314,0.7480333441781345
protein,graph,2W1V,cluster_2W1V,2,548,0.6864245129388039,0.7519937858141601,0.7364700771360425
protein,graph,2W2A,cluster_2W2A,5,350,0.6230766907632687,0.6782275008045917,0.7822895260775082
protein,graph,2W6A,cluster_2W6A,5,117,0.7809396255182494,0.4790004122449628,0.6402481570831579
protein,graph,2WJ5,cluster_2WJ5,5,96,0.5495202723909589,0.5473524286081921,0.8822203073676624
protein,graph,2WUJ,cluster_2WUJ,5,100,0.4921854859521306,0.23933536955348117,0.871797595028665
protein,graph,2WW7,cluster_2WW7,4,150,0.45791401761330985,0.5235080458583056,0.9721779439714363
protein,graph,2WWE,cluster_2WWE,4,111,0.5627403673700712,0.5010530289476369,0.8278610952533932
protein,graph,2X1Q,cluster_2X1Q,5,240,0.453103131340578,0.39847780521271886,0.9084565283880277
protein,graph,2X25,cluster_2X25,4,168,0.6493472540593558,0.7120273488067705,0.7816382055167516
protein,graph,2X3M,cluster_2X3M,2,166,0.7133398622667789,0.6031968403194394,0.7366975171525046
protein,graph,2X5Y,cluster_2X5Y,1,171,0.7136324982501276,0.6904684047824945,0.7168147770417019
protein,graph,2X9Z,cluster_2X9Z,3,262,0.5819345201670465,0.6118484924002304,0.813683284956017
protein,graph,2XHF,cluster_2XHF,2,310,0.6045325892867974,0.6416110602356697,0.7976931672843985
protein,graph,2Y0T,cluster_2Y0T,1,101,0.7810344414831017,0.7395957403114444,0.6591148434248785
protein,graph,2Y72,cluster_2Y72,5,170,0.7432166847355609,0.7039556323929796,0.6928660404524388
protein,graph,2Y7L,cluster_2Y7L,2,319,0.7160168896982764,0.6653788570565702,0.7097752104542753
protein,graph,2Y9F,cluster_2Y9F,5,149,0.7772631388364479,0.8544849690946527,0.6309134443954987
protein,graph,2YLB,cluster_2YLB,3,400,0.7520308931818925,0.7939468826465583,0.6611936082679293
protein,graph,2YNY,cluster_2YNY,1,315,0.7149159731280078,0.6631054908434985,0.7212234180959233
protein,graph,2ZCM,cluster_2ZCM,3,357,0.4517532379185752,0.3759959278051094,0.8936580829525475
protein,graph,2ZU1,cluster_2ZU1,5,360,0.707635279115178,0.7555568644526511,0.709501506136005
protein,graph,3A0M,cluster_3A0M,3,148,0.6072844253959464,0.4287271711127592,0.8083200628361256
protein,graph,3A7L,cluster_3A7L,2,128,0.6932373325638694,0.5784852031642146,0.7372071651072742
protein,graph,3AMC,cluster_3AMC,3,614,0.7101846165504389,0.7542904255815346,0.7303321913238436
protein,graph,3AUB,cluster_3AUB,2,116,0.6024892040977213,0.6536997741278565,0.8024411535534436
protein,graph,3B5O,cluster_3B5O,5,230,0.6179375544214398,0.605079765391455,0.787213715940278
protein,graph,3BA1,cluster_3BA1,4,312,0.648952891069462,0.5579615174308582,0.7619718546040432
protein,graph,3BED,cluster_3BED,1,261,0.7963188544478992,0.8143829376764088,0.6270614992281213
protein,graph,3BQX,cluster_3BQX,4,139,0.4747567980972791,0.48554726031941947,0.9060804709159195
protein,graph,3BZQ,cluster_3BZQ,2,99,0.545520146582257,0.5199661098807526,0.8414374411051083
protein,graph,3BZZ,cluster_3BZZ,5,100,0.4397148221719533,0.4162823702586026,0.9227211327780578
protein,graph,3DRF,cluster_3DRF,1,547,0.5301274949118613,0.535532118949248,0.8492136448858
protein,graph,3DWV,cluster_3DWV,1,325,0.6108985789163179,0.6882692766192928,0.7965092329336045
protein,graph,3E5T,cluster_2HQK,4,228,0.5168479207166592,0.40793744086738165,0.861662413660237
protein,graph,3E7R,cluster_3E7R,3,40,0.660989606345773,0.7400666208297328,0.834926040948862
protein,graph,3EUR,cluster_3EUR,1,140,0.3939455152411266,0.3647090466657822,0.9317487174356281
protein,graph,3F2Z,cluster_3F2Z,4,149,0.7792723224838878,0.7407031185453916,0.6581003150597157
protein,graph,3F7E,cluster_3F7E,3,254,0.7547655288682626,0.7982325916203731,0.667687240113367
protein,graph,3FCN,cluster_3FCN,4,158,0.6346245983929603,0.5576127931230408,0.774902591807372
protein,graph,3FE7,cluster_3FE7,4,91,0.4592349420611238,0.5101271316711857,0.8907465909104562
protein,graph,3FKE,cluster_3FKE,4,250,0.5103358344341034,0.5101058732602786,0.8723411261442231
protein,graph,3FMY,cluster_3FMY,5,66,0.6385271168784725,0.6588385104975922,0.77501694750365
protein,graph,3FOD,cluster_3FOD,2,48,0.43196899584440057,0.45334636119545213,1.0765738372347797
protein,graph,3FSO,cluster_3FSO,1,221,0.8104245494976774,0.5818693132928547,0.6112517761019013
protein,graph,3FTD,cluster_3FTD,1,240,0.701544856190957,0.6678264130542978,0.7277252273574645
protein,graph,3FVA,cluster_3FVA,5,6,0.6867697897069078,0.7775419143502353,0.7340397921637224
protein,graph,3G1S,cluster_3G1S,1,418,0.6271475504975669,0.7002800942113157,0.7847821784759434
protein,graph,3GBW,cluster_3GBW,2,161,0.7755385589444922,0.8343866303551472,0.6706687730559265
protein,graph,3GHJ,cluster_3GHJ,1,116,0.5616226299036875,0.5204456250591067,0.8295828141808864
protein,graph,3HFO,cluster_3HFO,2,197,0.6456602027530428,0.6643456996156443,0.7708145782852057
protein,graph,3HHP,cluster_3HHP,5,1234,0.7405987994742733,0.7860553213984941,0.6788861070499138
protein,graph,3HNY,cluster_3HNY,2,156,0.7001667202415678,0.7180825759128787,0.7177729085603806
protein,graph,3HP4,cluster_3HP4,2,183,0.5373388650540455,0.45983260714886093,0.850341268929507
protein,graph,3HWU,cluster_3HWU,2,144,0.7384403216656279,0.7362682301529986,0.6766000442757492
protein,graph,3HYD,cluster_3HYD,5,7,0.6824653151320957,0.3214285714285715,0.7636715540803133
protein,graph,3HZ8,cluster_3HZ8,2,192,0.48801142441819606,0.4476616162695723,0.8860096847897668
protein,graph,3I2V,cluster_3I2V,2,124,0.4071176432894626,0.4181930334813508,0.9464118290107093
protein,graph,3I2Z,cluster_3I2Z,4,138,0.5727478488379961,0.5864084852025896,0.8266981725474052
protein,graph,3I4O,cluster_3I4O,1,135,0.7424566655395408,0.7125111121042516,0.6754407055176043
protein,graph,3I7M,cluster_3I7M,2,134,0.6333197753068311,0.5678659514986469,0.7765001668842519
protein,graph,3IHS,cluster_1OPD,4,169,0.583781502580861,0.49863444190845996,0.8182497628778577
protein,graph,3IVV,cluster_3IVV,3,149,0.7861623143232297,0.7655708519149088,0.627661415639689
protein,graph,3K6Y,cluster_3K6Y,2,227,0.61291388125988,0.6107867917835607,0.7927760441998812
protein,graph,3KBE,cluster_3KBE,2,140,0.6892727948024088,0.6739914324657884,0.7245651520874665
protein,graph,3KGK,cluster_3KGK,4,190,0.7798094641098207,0.7586535698577324,0.6368722857354425
protein,graph,3KZD,cluster_3KZD,5,85,0.6464200193765762,0.6467260133523367,0.7655016399072345
protein,graph,3L41,cluster_2ETX,1,220,0.6716909798373815,0.6677232335903495,0.7458890896752706
protein,graph,3LAA,cluster_3LAA,3,169,0.6110952995546511,0.5063283901199704,0.8662254017055105
protein,graph,3LAX,cluster_3LAX,1,106,0.7368264330422509,0.7166590673988619,0.6950398610600184
protein,graph,3LG3,cluster_3LG3,5,833,0.600180641613723,0.6104882102514244,0.845072922557965
protein,graph,3LJI,cluster_3LJI,4,272,0.5946848821882347,0.5268606712122461,0.8060443784225171
protein,graph,3M3P,cluster_3M3P,1,249,0.6170283746784817,0.6459853306003082,0.7872825138228984
protein,graph,3M8J,cluster_3M8J,4,178,0.6820134889141976,0.7197366167375235,0.7345390378276938
protein,graph,3M9J,cluster_3M9J,3,210,0.4867577382094801,0.5063156885435411,0.8777299829519706
protein,graph,3M9Q,cluster_3M9Q,1,176,0.4719493240026952,0.523071149158667,0.9265930649716843
protein,graph,3MAB,cluster_1OPD,3,173,0.6394170511357088,0.5725690519297781,0.7693893440045956
protein,graph,3MD4,cluster_3MD4,2,12,0.7486983856298578,0.7600712181471058,0.7281462453748587
protein,graph,3MD5,cluster_3MD5,1,12,0.6914387712475097,0.7482517482517484,1.0835231237699217
protein,graph,3MEA,cluster_3MEA,3,166,0.6575074043799799,0.727676264198769,0.7768544384411692
protein,graph,3MGN,cluster_3MGN,4,348,0.14237666841343616,0.18016326384181441,1.209799636024021
protein,graph,3MRE,cluster_3MRE,2,383,0.6667646370631222,0.7324703261263773,0.7583670391983217
protein,graph,3N11,cluster_3N11,5,325,0.5486319685632955,0.6110940791542516,0.8429112309834067
protein,graph,3NE0,cluster_3NE0,4,208,0.6832912146875219,0.7010173587584473,0.7350612571370563
protein,graph,3NGG,cluster_3NGG,3,94,0.7259654711781347,0.6086089557573547,0.7142817747170701
protein,graph,3NPV,cluster_3NPV,2,495,0.595826140033288,0.5660065951925981,0.8099177845738109
protein,graph,3NVG,cluster_3NVG,3,6,0.5849325598540501,0.5428571428571429,0.9041053985297051
protein,graph,3NZL,cluster_3NZL,1,73,0.6215968248103368,0.5863885662006442,0.7876909261601294
protein,graph,3O0P,cluster_3O0P,2,194,0.7191037531692338,0.7333811614834659,0.6951300967606632
protein,graph,3O5P,cluster_3O5P,1,128,0.7100224794037628,0.6622555592210326,0.7081941077385716
protein,graph,3OBQ,cluster_3OBQ,1,150,0.6387175438166576,0.4012981979604505,0.7707788366996267
protein,graph,3OQY,cluster_3OQY,3,234,0.6408488239349883,0.5854331387178558,0.7819636824824399
protein,graph,3P6J,cluster_3P6J,5,125,0.80362047850687,0.7727512918812038,0.6202794297411813
protein,graph,3PD7,cluster_3PD7,1,188,0.6894108386984519,0.7367593130584594,0.7284224122340388
protein,graph,3PES,cluster_3PES,4,165,0.6139828246105492,0.5635055216904781,0.8046074245148335
protein,graph,3PID,cluster_3PID,3,387,0.5289175606352994,0.48618833888280527,0.8595766484544028
protein,graph,3PIW,cluster_3PIW,1,154,0.7393589869846813,0.7220596667375689,0.6933972825529373
protein,graph,3PKV,cluster_3PKV,3,221,0.5462677344763244,0.6119884531501085,0.8394866873488611
protein,graph,3PSM,cluster_3PSM,2,94,0.8118669095020813,0.8787830623763517,0.592619300225979
protein,graph,3PTL,cluster_3PTL,5,289,0.5289576465069303,0.6304116430904445,0.8866017877547201
protein,graph,3PVE,cluster_3PVE,1,347,0.6992822949685098,0.7231097897312537,0.7267341827506467
protein,graph,3PZ9,cluster_3PZ9,2,357,0.6939459620631591,0.6900536658349194,0.7297413907532037
protein,graph,3PZZ,cluster_3PZZ,4,12,0.8845389466320215,0.7132867132867133,0.5359375689522086
protein,graph,3Q2X,cluster_3Q2X,1,6,0.9236197341834965,0.8285714285714287,0.4674883971723537
protein,graph,3Q6L,cluster_3Q6L,4,131,0.6154922679020692,0.5911923834552515,0.7961684082780566
protein,graph,3QDS,cluster_3QDS,5,284,0.7206925567042627,0.711428714813845,0.7208503228759058
protein,graph,3QPA,cluster_3QPA,5,197,0.4624740582206836,0.6975608933895175,0.9112116891365833
protein,graph,3R6D,cluster_3R6D,2,221,0.6809868447496583,0.7608220006750971,0.7409165581402736
protein,graph,3R87,cluster_3R87,1,132,0.41141371143580474,0.34861454255273955,0.9173890025765894
protein,graph,3RQ9,cluster_3RQ9,3,162,0.49931097514303024,0.575293591341765,0.9331040878453588
protein,graph,3RY0,cluster_3RY0,3,128,0.6186872374523749,0.6094148110584662,0.7922242014474605
protein,graph,3RZY,cluster_3Q6L,5,139,0.7027389054839056,0.6288327762071009,0.7260809050777218
protein,graph,3S0A,cluster_3S0A,3,119,0.5321741957609203,0.5404930956773981,0.8516059862022892
protein,graph,3SD2,cluster_3SD2,2,86,0.3985640919602197,0.4925843461856855,0.9263950786434583
protein,graph,3SEB,cluster_3SEB,3,238,0.6587222942619424,0.7618059771466766,0.7596512083818774
protein,graph,3SED,cluster_3SED,3,124,0.6647966450606595,0.6608706598997618,0.776143531719531
protein,graph,3SO6,cluster_3SO6,5,150,0.6762793505447429,0.6864336117057824,0.7426399929020329
protein,graph,3SR3,cluster_3SR3,5,637,0.5750276537822253,0.5836907672480407,0.8201104161819444
protein,graph,3SUK,cluster_3SUK,3,248,0.6392791833424438,0.6477210703866066,0.7745978575433862
protein,graph,3SZH,cluster_3SZH,3,697,0.7842778425751293,0.7683615480870929,0.6293624750293775
protein,graph,3T0H,cluster_3T0H,5,208,0.7563082983731666,0.7961536884538005,0.6665282126982862
protein,graph,3T3K,cluster_3T3K,3,122,0.7300559109320222,0.7878545548373356,0.6955371268862592
protein,graph,3T47,cluster_3T47,1,141,0.49583651005163837,0.4977428158898012,0.8821895416564841
protein,graph,3TDN,cluster_3TDN,4,357,0.49361510051642293,0.5012689329484603,0.8767381704958371
protein,graph,3TOW,cluster_3TOW,3,152,0.5742477286625025,0.7018791456533651,0.8288379604527981
protein,graph,3TUA,cluster_3TUA,2,210,0.6402958626603452,0.7733558544260317,0.777278832624397
protein,graph,3TYS,cluster_3TYS,5,75,0.6492750221403538,0.651554809788855,0.7752156279843997
protein,graph,3U6G,cluster_3U6G,5,248,0.6138972081720148,0.5982986977630159,0.7922157174329632
protein,graph,3U97,cluster_3U97,2,77,0.712850540581739,0.682865593223636,0.7088178579028223
protein,graph,3UCI,cluster_3UCI,5,72,0.533223141373858,0.5111261174352049,0.876907274614079
protein,graph,3UR8,cluster_3UR8,4,637,0.6941706401290717,0.6517815052385945,0.7259185546136745
protein,graph,3US6,cluster_3US6,1,148,0.6182469004540251,0.5082662372656749,0.8036874652574323
protein,graph,3V1A,cluster_3V1A,3,48,0.4660829381704441,0.5170448407411471,0.8902240928800651
protein,graph,3V75,cluster_3V75,2,285,0.5563522376165136,0.5113840301703538,0.8374455333215505
protein,graph,3VN0,cluster_3VN0,4,193,0.8076390955927556,0.6416450845909315,0.6517045268046857
protein,graph,3VOR,cluster_3VOR,3,182,0.528630896911084,0.526359740260116,0.8595242392831428
protein,graph,3VUB,cluster_3VUB,4,101,0.5856880127001024,0.6290252127375917,0.8184861082320054
protein,graph,3VVV,cluster_3VVV,5,108,0.6995765626473222,0.5742015848433772,0.7393810096432625
protein,graph,3VZ9,cluster_3VZ9,5,163,0.7365353430403104,0.734922373444005,0.685868842850615
protein,graph,3W4Q,cluster_1ES5,4,773,0.6916006346617104,0.7106872727295079,0.7333730220326286
protein,graph,3ZBD,cluster_3ZBD,4,213,0.5310323780932913,0.4530402177154119,0.8596362790101457
protein,graph,3ZIT,cluster_3ZIT,5,152,0.3896400011805186,0.4285996205232057,0.9449285172560845
protein,graph,3ZRX,cluster_3ZRX,3,221,0.5796794520647863,0.5870558018076801,0.8151019856634791
protein,graph,3ZSL,cluster_3ZSL,3,138,0.6988458333575137,0.5569253496683374,0.7273674759582308
protein,graph,3ZZP,cluster_3ZZP,2,74,0.5119400732643337,0.5000629411735393,0.8622441433305401
protein,graph,3ZZY,cluster_3ZZY,4,226,0.7316667606089692,0.6177532201578183,0.6865781490047577
protein,graph,4A02,cluster_4A02,1,166,0.5199492707839822,0.6458048030830469,0.8719531916974219
protein,graph,4ACJ,cluster_4ACJ,1,167,0.7532406164353113,0.7928079977462149,0.6807932361268202
protein,graph,4AE7,cluster_4AE7,1,186,0.7405774933773607,0.7003139572616757,0.6775822714842871
protein,graph,4AM1,cluster_4AM1,2,345,0.5821832306954358,0.5891087177598165,0.8135931397563404
protein,graph,4ANN,cluster_4ANN,5,176,0.5538505309033133,0.5579589597419509,0.8378062782418928
protein,graph,4AVR,cluster_4AVR,3,188,0.6444724104820891,0.7463387411857679,0.789274763055151
protein,graph,4AXY,cluster_4AXY,3,54,0.602278723555141,0.5033068405816307,0.8282091634436207
protein,graph,4B6G,cluster_4B6G,4,558,0.7175258727753191,0.7406658024594442,0.7038687458535737
protein,graph,4B9G,cluster_4B9G,1,292,0.788984493341671,0.7856123100710298,0.638958370020337
protein,graph,4DD5,cluster_4DD5,4,387,0.6302950794394492,0.6724529459475587,0.7885282436846343
protein,graph,4DKN,cluster_4DKN,5,423,0.6846875501704519,0.675144302746375,0.7470480783821759
protein,graph,4DND,cluster_4DND,5,95,0.7447392093272424,0.6430313655952223,0.6739995835103151
protein,graph,4DPZ,cluster_4DPZ,4,109,0.7216665680753898,0.6586120217755121,0.7046761469738475
protein,graph,4DQ7,cluster_4DQ7,4,328,0.7375342028410581,0.729636565112489,0.6905210207049637
protein,graph,4DT4,cluster_4DT4,5,160,0.7384556788764642,0.7344301631904737,0.7317504734738733
protein,graph,4EK3,cluster_4EK3,3,287,0.6609238502746756,0.6847360713902043,0.757837660806123
protein,graph,4ERY,cluster_4ERY,5,318,0.7054630501275718,0.7525421704918913,0.7278361316966938
protein,graph,4ES1,cluster_4ES1,4,95,0.7209358311738484,0.6872158824541501,0.7352512429714834
protein,graph,4EUG,cluster_4EUG,5,225,0.5601140148435114,0.6283043754981009,0.8289191653305785
protein,graph,4F01,cluster_4F01,1,448,0.3167155368682234,0.5091111172948745,1.0258349570648433
protein,graph,4F3J,cluster_4F3J,3,143,0.6077775946683067,0.5740022940733506,0.8040401410432104
protein,graph,4FR9,cluster_4FR9,5,141,0.6238209058767665,0.6210892683070955,0.7903444841072773
protein,graph,4G14,cluster_4G14,4,15,0.49426131565591697,0.47142857142857136,0.9031843218387354
protein,graph,4G2E,cluster_4G2E,2,151,0.7477204003449596,0.7809036494949498,0.6677591347205488
protein,graph,4G5X,cluster_4G5X,3,550,0.7330632728734686,0.7321800912231329,0.6950835026517699
protein,graph,4G6C,cluster_4G6C,2,658,0.5881467480704184,0.5597657464211944,0.8162668534839778
protein,graph,4G7X,cluster_4G7X,3,194,0.6165992283361073,0.5468163255209085,0.8009773586996564
protein,graph,4GA2,cluster_4GA2,1,144,0.5067819090649286,0.552564313822941,0.8650380173423154
protein,graph,4GMQ,cluster_4GMQ,3,92,0.6156270242020004,0.6092350846909051,0.7910660049739279
protein,graph,4GS3,cluster_4GS3,2,90,0.48817918911794994,0.6434783324974909,0.9540887129826172
protein,graph,4H4J,cluster_4H4J,4,236,0.8105884322883465,0.8345353330592253,0.6162705723192945
protein,graph,4H89,cluster_4H89,2,168,0.6150778381799675,0.5681847085690855,0.7888644520394875
protein,graph,4HDE,cluster_4HDE,5,168,0.7434174391053907,0.7961697397737999,0.6883726580779471
protein,graph,4HJP,cluster_4HJP,1,281,0.7013898577254243,0.7827749335618674,0.7223194901733452
protein,graph,4HWM,cluster_4HWM,2,117,0.6284240870714488,0.6027184786280082,0.7908511827489398
protein,graph,4IL7,cluster_4IL7,2,85,0.40554594155123685,0.3503356491827323,0.93329631570411
protein,graph,4J11,cluster_4J11,1,357,0.629735931418913,0.5209713507549151,0.7810750475753732
protein,graph,4J5O,cluster_4J5O,2,220,0.7329573362153295,0.6301215556459137,0.6860984629909515
protein,graph,4J5Q,cluster_2FG1,5,146,0.7135405136724183,0.7626788262414317,0.7114489710868103
protein,graph,4J78,cluster_4J78,4,305,0.638470209057351,0.7581741931773626,0.7737596229095941
protein,graph,4JG2,cluster_4JG2,5,185,0.7713897403070273,0.8100459949309009,0.6754102461341706
protein,graph,4JVU,cluster_4JVU,1,207,0.6969663431580863,0.8058873668255118,0.7305986161705635
protein,graph,4JYP,cluster_4JYP,4,534,0.6432301686031667,0.706318691601643,0.7688370857292987
protein,graph,4KEF,cluster_4KEF,3,133,0.5013473748743155,0.45570488715230395,0.8856294303883014
protein,graph,5CYT,cluster_1CCR,3,103,0.3594012368731123,0.32765063632857416,0.93583629242773
protein,graph,6RXN,cluster_6RXN,1,45,0.5182781785548009,0.5025032938076416,0.8709912832884701
protein,native0,1ABA,cluster_1ABA,4,87,0.5651893772161445,0.675290472529976,0.8945131786451411
protein,native0,1AHO,cluster_1AHO,4,64,0.5852289975022134,0.6956810403505275,0.8664531099286512
protein,native0,1AIE,cluster_1AIE,3,31,0.7164641497165498,0.42033081273832346,0.8435673784943368
protein,native0,1AKG,cluster_1AKG,1,16,0.27505867589346517,0.49889638230520805,1.2369676458811818
protein,native0,1ATG,cluster_1ATG,1,231,0.5259438891818502,0.5711730858121422,0.8535957518161034
protein,native0,1BGF,cluster_1BGF,4,124,0.6438730900656051,0.4500505906711021,0.795175634412027
protein,native0,1BX7,cluster_1BX7,4,51,0.49334429949489556,0.18895927601809953,1.0648248137648488
protein,native0,1BYI,cluster_1BYI,1,224,0.5123294510930649,0.6076494167777441,0.8604872228031404
protein,native0,1CCR,cluster_1CCR,2,111,0.4808999734857183,0.47930464866901745,0.8929324503601141
protein,native0,1CYO,cluster_1CYO,5,88,0.6563689898760596,0.5394105372564071,0.8183749347971401
protein,native0,1DF4,cluster_1DF4,1,57,0.8927173274382036,0.7157464883922008,0.5984048815322399
protein,native0,1E5K,cluster_1E5K,2,188,0.7277048461322952,0.7153626167098829,0.6952516067424828
protein,native0,1ES5,cluster_1ES5,5,260,0.6376141877904568,0.7166312539717103,0.7835497048395611
protein,native0,1ETL,cluster_1ETL,3,12,0.5653638006473268,0.8319851402486841,1.2036401806077872
protein,native0,1ETM,cluster_1ETM,5,12,0.1661522777980098,0.22026768675316025,1.2586351910391052
protein,native0,1ETN,cluster_1ETN,4,12,0.028576621377838576,0.051739834649044726,1.3860247077921906
protein,native0,1EW4,cluster_1EW4,2,106,0.6162727311871059,0.6572165599049272,0.8259930891223761
protein,native0,1F8R,cluster_1F8R,3,1932,0.7681512682839347,0.7326181472156038,0.7193821171774221
protein,native0,1FF4,cluster_1FF4,1,65,0.6491311609224385,0.617423704404257,0.8556950187614992
protein,native0,1FK5,cluster_1FK5,4,93,0.5329184238698349,0.4856593991015989,0.8651970443494628
protein,native0,1GCO,cluster_1GCO,4,1044,0.6224724537652886,0.6201560665130413,0.794925258108721
protein,native0,1GK7,cluster_1GK7,4,39,0.777019511376082,0.394745834579366,0.6741894347561684
protein,native0,1GVD,cluster_1GVD,1,52,0.7049424460841092,0.5507246378066082,0.8222144564938065
protein,native0,1GXU,cluster_1GXU,2,88,0.62186896724512,0.630912493175565,0.8120881506656443
protein,native0,1H6V,cluster_1H6V,2,2927,0.49557766693744665,0.5269959361100193,0.8929601283088899
protein,native0,1HJE,cluster_1HJE,5,13,0.6670478118815946,0.576923076923077,1.2143846689349485
protein,native0,1I71,cluster_1I71,3,83,0.5175501070834385,0.5433220862078478,0.8898670849101146
protein,native0,1IDP,cluster_1IDP,4,441,0.7046903903196697,0.8410509648769583,0.7173150389382247
protein,native0,1IFR,cluster_1IFR,2,113,0.6809643186917388,0.7124214536185666,0.7566406723477886
protein,native0,1K8U,cluster_1K8U,4,89,0.5219790688143149,0.42472090875814006,0.8955876093388757
protein,native0,1KMM,cluster_1KMM,4,1499,0.6629705340325945,0.7011104009425717,0.7707735218534298
protein,native0,1KNG,cluster_1KNG,4,144,0.4949247740088314,0.47590914663560685,0.870694864742976
protein,native0,1KR4,cluster_1KR4,3,110,0.5711288303931864,0.5294089801811835,0.8473734736721644
protein,native0,1KYC,cluster_1KYC,1,15,0.7476224165659411,0.7917786897127636,0.986632361003812
protein,native0,1LR7,cluster_1LR7,4,73,0.5640578193199304,0.6790284387808339,0.9740080041783893
protein,native0,1MF7,cluster_1MF7,4,194,0.6504798005630125,0.7465253737740486,0.7741661973376711
protein,native0,1N7E,cluster_1N7E,1,95,0.5785304310548118,0.6095248760646235,0.8527412165668833
protein,native0,1NKD,cluster_1NKD,4,59,0.7456778480882784,0.7496931452398927,0.7735975278043807
protein,native0,1NKO,cluster_1NKO,5,122,0.5012249024336071,0.7092329120900536,0.9065516089302008
protein,native0,1NLS,cluster_1NLS,1,237,0.5245283867083819,0.7369606239127646,0.8564513353653521
protein,native0,1NNX,cluster_1NNX,2,93,0.7606802586032481,0.8016591815398256,0.7311588758047182
protein,native0,1NOA,cluster_1NOA,3,113,0.6075986926256725,0.5440882305662128,0.8095260312658012
protein,native0,1NOT,cluster_1NOT,2,13,0.634630156849407,0.6208791208791209,1.1979347319884963
protein,native0,1O06,cluster_1O06,2,20,0.8387182990925267,0.6983827671944354,0.7651099607247062
protein,native0,1O08,cluster_1O08,4,221,0.35920134340458604,0.600370501692659,0.9541491154239524
protein,native0,1OB4,cluster_1OB4,5,16,0.5144501225649476,0.3382352941176471,1.0929648664063356
protein,native0,1OB7,cluster_1OB7,2,16,0.5461481943150684,0.6887419083151545,1.215565329715705
protein,native0,1OPD,cluster_1OPD,4,85,0.24932727201309432,0.3415396792090753,0.9917262913739195
protein,native0,1P9I,cluster_1P9I,4,29,0.6744889050757158,0.522800241529939,0.8129790641843491
protein,native0,1PEF,cluster_1PEF,4,18,0.8692171977775225,0.8782249742002064,0.8532941110915477
protein,native0,1PEN,cluster_1PEN,3,16,0.39216735900321953,0.4709346381642081,1.2042641057298202
protein,native0,1PMY,cluster_1PMY,4,123,0.7130379761071998,0.6207653762196922,0.7321910178270986
protein,native0,1PZ4,cluster_1PZ4,5,113,0.6746782749689926,0.7008190500729129,0.7982479291880186
protein,native0,1Q9B,cluster_1Q9B,4,43,0.6188898320734294,0.7677438840229537,0.8110348028232373
protein,native0,1QAU,cluster_1QAU,5,112,0.6278248428156766,0.5968842429633422,0.8267157967607102
protein,native0,1QKI,cluster_1QKI,1,3912,0.5565357879354528,0.6006999570286063,0.8347387796579983
protein,native0,1QTO,cluster_1QTO,5,122,0.5802787233154262,0.5767629370198697,0.8379252766076618
protein,native0,1R29,cluster_1R29,2,122,0.5513019633115297,0.5421776923935543,0.860092558941446
protein,native0,1R7J,cluster_1R7J,1,90,0.8181467740523308,0.7015319776270419,0.6303263098275235
protein,native0,1RJU,cluster_1RJU,5,36,0.3888545482635212,0.3528957528957529,1.059517928561984
protein,native0,1RRO,cluster_1RRO,1,108,0.3443037494855686,0.18506865474329687,0.9624057920281579
protein,native0,1SAU,cluster_1SAU,4,114,0.6528976478654331,0.6693600649408191,0.7723643323464326
protein,native0,1TGR,cluster_1TGR,4,104,0.7051107293006504,0.659121885665124,0.7875525631526401
protein,native0,1TZV,cluster_1TZV,4,141,0.8069638040417273,0.7881368176916712,0.6247933265949994
protein,native0,1U06,cluster_1U06,5,55,0.5019939250166706,0.29711935645808357,0.92345914767601
protein,native0,1U7I,cluster_1U7I,2,267,0.7376596681176357,0.7620732439316332,0.6995837370647243
protein,native0,1U9C,cluster_1U9C,5,221,0.5339049666689151,0.3849142378213057,0.8512536244481024
protein,native0,1UHA,cluster_1UHA,5,82,0.6617109818099982,0.6915943797282781,0.7788193415639421
protein,native0,1UKU,cluster_1KR4,2,102,0.6511295647395705,0.4540470852353042,0.8022899479032197
protein,native0,1ULR,cluster_1ULR,1,87,0.6363176928640446,0.67240475882146,0.7915247965441715
protein,native0,1UOY,cluster_1UOY,2,64,0.6644774570949711,0.6509003079674153,0.7753667097969938
protein,native0,1USE,cluster_1USE,2,40,0.026004154179858532,-0.20161548185586847,1.2961286890865407
protein,native0,1USM,cluster_1USM,3,77,0.8052665274905619,0.7401068675357516,0.677441112242081
protein,native0,1UTG,cluster_1UTG,3,70,0.610032051976756,0.5499002694474578,0.8631554161022496
protein,native0,1V05,cluster_1V05,3,96,0.5500272020614114,0.4917185529284863,0.8519338512673417
protein,native0,1V70,cluster_1V70,3,105,0.5240001631437573,0.6371166726783702,0.875795821221494
protein,native0,1VRZ,cluster_1VRZ,2,21,0.6498562455411199,0.7024043068236214,1.0348084385755616
protein,native0,1W2L,cluster_1W2L,4,97,0.5210034086302701,0.3553765738595501,0.8863683345011082
protein,native0,1WBE,cluster_1WBE,4,204,0.5793421465335212,0.5934415199487362,0.8224548672551598
protein,native0,1WHI,cluster_1WHI,4,122,0.5010934374779659,0.6323970656268588,0.8905791118886245
protein,native0,1WLY,cluster_1WLY,3,322,0.6586664591743371,0.688197213095538,0.768624783929872
protein,native0,1WPA,cluster_1WPA,5,107,0.5744267471805337,0.4147761366146014,0.8533437986643805
protein,native0,1X3O,cluster_1X3O,4,80,0.6182292642661185,0.5987376860023464,0.8278479918134575
protein,native0,1XY1,cluster_1XY1,3,16,0.43752791023411186,0.43724785943120564,1.826374798378996
protein,native0,1XY2,cluster_1XY2,3,8,0.10289371769420794,-0.0853722022142036,1.9288130159571146
protein,native0,1Y6X,cluster_1Y6X,3,87,0.535989445868825,0.5364171120613751,0.9051348203338488
protein,native0,1YJO,cluster_1YJO,2,6,0.43960254458332043,0.35856858280031817,1.125156130005981
protein,native0,1YZM,cluster_1YZM,5,46,0.8111938447006886,0.6555445923409021,0.7344255744199139
protein,native0,1Z21,cluster_1Z21,2,96,0.5749142660395796,0.6252505282186868,0.8654898021943913
protein,native0,1ZCE,cluster_1ZCE,2,146,0.7509901694826965,0.7737959357163631,0.6917487490429423
protein,native0,1ZVA,cluster_1ZVA,3,75,0.6024386425375201,0.5910435880741921,0.8721942340269397
protein,native0,2A50,cluster_2A50,5,457,0.5477772764937964,0.5825812008849619,0.8404452864436168
protein,native0,2AGK,cluster_2AGK,2,233,0.657465540366394,0.7097198195446817,0.7556179483177099
protein,native0,2AH1,cluster_2AH1,3,939,0.5090389890490742,0.5136248032592747,0.9061442880736192
protein,native0,2B0A,cluster_2B0A,4,186,0.6499621735846703,0.6673097590412487,0.772731845743692
protein,native0,2BCM,cluster_2BCM,4,413,0.5545632388549352,0.5007127967281625,0.8379293723544691
protein,native0,2BF9,cluster_2BF9,1,36,0.3668612089081044,0.44610335377786947,1.2488972807198357
protein,native0,2BRF,cluster_2BRF,3,100,0.7271190907735963,0.6968447713405191,0.7155006923481437
protein,native0,2C71,cluster_2C71,2,205,0.6276304103594336,0.6667170449262206,0.8023395252317899
protein,native0,2CE0,cluster_2CE0,3,99,0.5471979526703178,0.5788869890314757,0.8603685426357328
protein,native0,2CG7,cluster_2CG7,3,90,0.5227258077602608,0.4938920993916383,0.9368981665232692
protein,native0,2COV,cluster_2COV,5,534,0.723921201537753,0.7093435512898445,0.7014553804236451
protein,native0,2CWS,cluster_2CWS,3,227,0.7102426190748676,0.7258612849636764,0.7204127091389977
protein,native0,2D5W,cluster_2D5W,5,1214,0.7005755966845143,0.6643620639980862,0.7831332038443195
protein,native0,2DKO,cluster_2DKO,2,253,0.7864761249239617,0.6865937578955004,0.6263206135707245
protein,native0,2DPL,cluster_2DPL,1,565,0.4392886578499591,0.5163902606222923,0.9055994382923995
protein,native0,2DSX,cluster_2DSX,5,52,0.3039774013411763,0.22267284299320061,1.0149695745061844
protein,native0,2E10,cluster_2E10,3,439,0.7648356896090497,0.7910049753438222,0.6626529542043108
protein,native0,2E3H,cluster_2E3H,1,81,0.6571815304384862,0.6783766391642844,0.7986119840143114
protein,native0,2EAQ,cluster_2EAQ,1,89,0.6061783168490396,0.44683069671709247,0.8269389441215496
protein,native0,2EHP,cluster_2EHP,2,248,0.785838077931292,0.7977274010304095,0.6524415305579601
protein,native0,2EHS,cluster_1X3O,1,75,0.7011312124350334,0.6852871307539807,0.7831952033193551
protein,native0,2ERW,cluster_2ERW,2,53,0.1697488734296793,0.110835601452568,1.1512850906449483
protein,native0,2ETX,cluster_2ETX,5,389,0.5372047577052352,0.5500399340529387,0.8441082991595125
protein,native0,2FB6,cluster_2FB6,4,116,0.7818839263011956,0.6865971736910741,0.687089269634811
protein,native0,2FG1,cluster_2FG1,1,157,0.5879315873402182,0.529936064788573,0.8097650195059459
protein,native0,2FN9,cluster_2FN9,5,560,0.5687144162931261,0.5815089766796424,0.8312092348430393
protein,native0,2FQ3,cluster_2FQ3,1,85,0.6512408780119825,0.697576705100645,0.8345919516091581
protein,native0,2G69,cluster_2G69,4,99,0.55989681201928,0.6012220236480069,0.9310690912623817
protein,native0,2G7O,cluster_2G7O,2,68,0.6412606138528689,0.37634685761729514,0.8797161652743285
protein,native0,2G7S,cluster_2G7S,5,190,0.6123958021132274,0.5854503671379194,0.8053127889812256
protein,native0,2GKG,cluster_2GKG,1,122,0.6745091632311222,0.5495167127627054,0.7514316028009473
protein,native0,2GOM,cluster_2GOM,1,121,0.5527657045136783,0.45597188705644204,0.8406558480547677
protein,native0,2GXG,cluster_2GXG,3,140,0.6425382840223897,0.6059301649354315,0.7996897624054465
protein,native0,2GZQ,cluster_2GZQ,3,191,0.3570041008635118,0.36002829759048177,0.9569733269380689
protein,native0,2HQK,cluster_2HQK,5,213,0.7849679760492543,0.7983963227804375,0.6887821706488574
protein,native0,2HYK,cluster_2HYK,5,237,0.6223127450274921,0.6061469832771413,0.7870808666514599
protein,native0,2I24,cluster_2I24,1,113,0.5074123562214325,0.4641059978654969,0.8758296738133092
protein,native0,2I49,cluster_2I49,1,398,0.6590893423595786,0.6757262079372139,0.7870340549657713
protein,native0,2IBL,cluster_2IBL,3,108,0.6484663824094998,0.642891852589858,0.9758194846059183
protein,native0,2IGD,cluster_2IGD,3,61,0.4711113358850752,0.5214839103861675,0.9904356862766592
protein,native0,2IMF,cluster_2IMF,1,203,0.6048853204283483,0.6185044669081984,0.8004733870187922
protein,native0,2IP6,cluster_2IP6,5,87,0.5811213990722609,0.37167149658969906,0.8336388915780986
protein,native0,2IVY,cluster_2IVY,3,88,0.47047434435371865,0.42729774357057126,0.982747298868657
protein,native0,2J32,cluster_2J32,4,244,0.7742831978377347,0.6968003190575385,0.6606459526729873
protein,native0,2J9W,cluster_2J9W,3,200,0.6981752169500133,0.6746711708250441,0.736023017722816
protein,native0,2JKU,cluster_2JKU,1,35,0.15179128828120683,0.021009874692603923,1.5269481253369408
protein,native0,2JLI,cluster_2JLI,2,100,0.48430748305582305,0.4601896830531335,0.8947717288941066
protein,native0,2JLJ,cluster_2JLI,3,115,0.7285711484706527,0.6207258445334817,0.708432377309032
protein,native0,2MCM,cluster_1NOA,1,112,0.77987427147582,0.7224394525517226,0.6753727088256509
protein,native0,2NLS,cluster_2NLS,5,36,0.5763428668560621,0.4751608751608752,0.90223621725463
protein,native0,2NR7,cluster_2NR7,1,194,0.7930556845882725,0.7191740689488676,0.6594130660184122
protein,native0,2NUH,cluster_1KR4,1,104,0.5653880820768441,0.5250924881706079,0.8416242080470643
protein,native0,2O6X,cluster_2O6X,3,306,0.7681804018017032,0.7731848769743009,0.6654076236450807
protein,native0,2OA2,cluster_2OA2,5,132,0.4614634682778068,0.36323814672343513,0.8916070684517376
protein,native0,2OCT,cluster_2OCT,1,192,0.5205683298231727,0.5506172818734584,0.8886863304533221
protein,native0,2OHW,cluster_2OHW,4,256,0.5956788231161656,0.6642789702999038,0.8127234652226958
protein,native0,2OKT,cluster_2OKT,3,342,0.4081827381620231,0.4130044648330747,0.9232776740103572
protein,native0,2OL9,cluster_2OL9,1,6,0.8972271854442097,0.8366600265340757,0.8612256287137169
protein,native0,2OLX,cluster_2OLX,4,4,0.885452898836174,0.8944271909999159,1.3142240143080741
protein,native0,2PKT,cluster_2PKT,5,91,0.09022275281447546,0.040167070831799365,1.0866748319441941
protein,native0,2PLT,cluster_2PLT,1,98,0.4176442602409817,0.5160665102624522,0.9184067117591411
protein,native0,2PMR,cluster_2PMR,4,76,0.7463359035711721,0.725724206823888,0.7340300718855316
protein,native0,2POF,cluster_2POF,2,440,0.6617760856938869,0.6963909382792952,0.7669421439712095
protein,native0,2PPN,cluster_2PPN,2,107,0.6580023990487751,0.7431704965711837,0.7744770495796363
protein,native0,2PSF,cluster_2PSF,2,608,0.4820800729017545,0.4591322632997304,0.8862067138442558
protein,native0,2PTH,cluster_2PTH,5,193,0.7218585298969123,0.7837240853289443,0.7149050388238459
protein,native0,2Q4N,cluster_2Q4N,4,153,0.6651978837776827,0.5556433245578637,0.7645868710595193
protein,native0,2Q52,cluster_1WBE,2,412,0.7581421752663943,0.7382117817973329,0.6993641025481131
protein,native0,2QJL,cluster_2QJL,1,99,0.5473678005119552,0.6266632449379445,0.8610960834372863
protein,native0,2R16,cluster_2R16,2,175,0.5219078496507571,0.41156291607272316,0.854564223902341
protein,native0,2R6Q,cluster_2R6Q,2,138,0.5050339135094915,0.40404487815626816,0.8642116036036461
protein,native0,2RB8,cluster_2RB8,1,93,0.6140887097644707,0.5112073500514253,0.8109504185759734
protein,native0,2RE2,cluster_2RE2,2,238,0.6182729142354642,0.48311779760571133,0.7891967830577199
protein,native0,2RFR,cluster_2RFR,3,154,0.5894689342862444,0.41570234295588854,0.8129399101037569
protein,native0,2V9V,cluster_2V9V,5,135,0.5470845769428578,0.46847677382020597,0.8517625855997024
protein,native0,2VE8,cluster_2VE8,3,515,0.6536322829123989,0.5992778031881366,0.759451597898452
protein,native0,2VH7,cluster_2VH7,5,94,0.7119582444393148,0.7255946017945717,0.7207314869609851
protein,native0,2VIM,cluster_2VIM,5,104,0.3898549978249067,0.3924889642001145,0.9262125867719013
protein,native0,2VPA,cluster_2VPA,5,204,0.7230088660893418,0.7647402020540287,0.7983148569348951
protein,native0,2VQ4,cluster_2VQ4,4,106,0.7179751047715044,0.8079373439653381,0.7411039736773555
protein,native0,2VY8,cluster_2VY8,2,149,0.7365613703263475,0.7233619177422211,0.7118925195237864
protein,native0,2VYO,cluster_2C71,3,206,0.6745178699883267,0.7095205051232875,0.75349663819045
protein,native0,2W1V,cluster_2W1V,2,548,0.6695302154491826,0.76584296471504,0.7823683295913363
protein,native0,2W2A,cluster_2W2A,5,350,0.6272055685211434,0.6581063920863851,0.7797841123766134
protein,native0,2W6A,cluster_2W6A,5,117,0.7763529084851808,0.5177148723987403,0.6943704486442044
protein,native0,2WJ5,cluster_2WJ5,5,96,0.5579399171463815,0.5751537123297982,0.9548816898582635
protein,native0,2WUJ,cluster_2WUJ,5,100,0.48270579430211785,0.23002838301274028,0.9003561534236659
protein,native0,2WW7,cluster_2WW7,4,150,0.4948554607956116,0.5327930933126758,0.9560229315435663
protein,native0,2WWE,cluster_2WWE,4,111,0.4870013193306267,0.45807629209341044,0.903105365861478
protein,native0,2X1Q,cluster_2X1Q,5,240,0.4090075984765354,0.36483595093765814,0.923091362947063
protein,native0,2X25,cluster_2X25,4,168,0.6410884875514904,0.7077581887207655,0.777695006312778
protein,native0,2X3M,cluster_2X3M,2,166,0.7058207804031491,0.5903916395339609,0.7329907728959439
protein,native0,2X5Y,cluster_2X5Y,1,171,0.7077441393416678,0.7046272869053591,0.7181998455349832
protein,native0,2X9Z,cluster_2X9Z,3,262,0.5663375128292617,0.5992598904344539,0.8251867855482184
protein,native0,2XHF,cluster_2XHF,2,310,0.5947971434845106,0.6381821283484461,0.8109472844819908
protein,native0,2Y0T,cluster_2Y0T,1,101,0.7808689536592696,0.7629101351932952,0.6673476078215282
protein,native0,2Y72,cluster_2Y72,5,170,0.7034580879120754,0.6723946101557521,0.7238437294001034
protein,native0,2Y7L,cluster_2Y7L,2,319,0.6955656334633602,0.6526364916813228,0.7457167771642383
protein,native0,2Y9F,cluster_2Y9F,5,149,0.774596831801566,0.8519346196459511,0.6496333053341558
protein,native0,2YLB,cluster_2YLB,3,400,0.7617248278391797,0.8179323253378489,0.684252609936305
protein,native0,2YNY,cluster_2YNY,1,315,0.7081523048753795,0.6449860708769799,0.7433680165717838
protein,native0,2ZCM,cluster_2ZCM,3,357,0.4424253407385613,0.35993514551590744,0.8981095288123209
protein,native0,2ZU1,cluster_2ZU1,5,360,0.7171760074740017,0.7524267165688773,0.712710141805929
protein,native0,3A0M,cluster_3A0M,3,148,0.6531455229955715,0.5135441789402718,0.827572842686895
protein,native0,3A7L,cluster_3A7L,2,128,0.6549100490110566,0.5708943373812752,0.763266694860959
protein,native0,3AMC,cluster_3AMC,3,614,0.6890905030200138,0.7570403906941141,0.7708403686347414
protein,native0,3AUB,cluster_3AUB,2,116,0.5924783400986572,0.6224005137413181,0.8300531476128831
protein,native0,3B5O,cluster_3B5O,5,230,0.6005931146625337,0.5830922869018823,0.7998958714358252
protein,native0,3BA1,cluster_3BA1,4,312,0.6394135967499902,0.5719329632970517,0.7703236418420091
protein,native0,3BED,cluster_3BED,1,261,0.8056599844137474,0.8330439507315731,0.6304850697596102
protein,native0,3BQX,cluster_3BQX,4,139,0.45351473760619976,0.4131176695986196,0.9646633564251705
protein,native0,3BZQ,cluster_3BZQ,2,99,0.5723880912559179,0.5348332395478871,0.8628441296939215
protein,native0,3BZZ,cluster_3BZZ,5,100,0.4217367562687088,0.4089854873341596,0.9386818277483354
protein,native0,3DRF,cluster_3DRF,1,547,0.548632699887462,0.5500745141852236,0.8559064450091785
protein,native0,3DWV,cluster_3DWV,1,325,0.632069758507725,0.6695383436531026,0.776891742347785
protein,native0,3E5T,cluster_2HQK,4,228,0.5375571264744717,0.42026955777353225,0.8440040910901171
protein,native0,3E7R,cluster_3E7R,3,40,0.7053749902663575,0.7269315641720043,0.7959001496317704
protein,native0,3EUR,cluster_3EUR,1,140,0.35725186701886086,0.33812078101434534,0.9527029434534311
protein,native0,3F2Z,cluster_3F2Z,4,149,0.7913312341281787,0.7656991732389202,0.6375454983116035
protein,native0,3F7E,cluster_3F7E,3,254,0.7738529797375807,0.7965835584237081,0.6555236101780315
protein,native0,3FCN,cluster_3FCN,4,158,0.6057762096472434,0.5341064327746637,0.818038683928805
protein,native0,3FE7,cluster_3FE7,4,91,0.5350996930390828,0.5265869556071896,0.8732767053604812
protein,native0,3FKE,cluster_3FKE,4,250,0.5404312715115144,0.5440407434508944,0.8468534262870024
protein,native0,3FMY,cluster_3FMY,5,66,0.5574736074158546,0.5661948899029243,0.8975291872026254
protein,native0,3FOD,cluster_3FOD,2,48,0.45851719308699024,0.4555422863966996,1.3729456619110316
protein,native0,3FSO,cluster_3FSO,1,221,0.7895988981407401,0.5612898348474563,0.6386791680697957
protein,native0,3FTD,cluster_3FTD,1,240,0.6736189128307618,0.6476567220189463,0.7505547086738705
protein,native0,3FVA,cluster_3FVA,5,6,0.7185257534098991,0.8485281374238571,0.948441227774997
protein,native0,3G1S,cluster_3G1S,1,418,0.6036488926855605,0.6908506109095488,0.8169411101290691
protein,native0,3GBW,cluster_3GBW,2,161,0.8036109824548816,0.8502683984568121,0.6232548546465795
protein,native0,3GHJ,cluster_3GHJ,1,116,0.49710965580552624,0.47134306440614454,0.908669440505807
protein,native0,3HFO,cluster_3HFO,2,197,0.7056377445900954,0.6753925366526184,0.7134982448847055
protein,native0,3HHP,cluster_3HHP,5,1234,0.7319789330079447,0.7877518186341511,0.7471569181110244
protein,native0,3HNY,cluster_3HNY,2,156,0.6902669167057092,0.729560315073977,0.7258477438090677
protein,native0,3HP4,cluster_3HP4,2,183,0.5103150023786787,0.44254405486510917,0.8602578502769048
protein,native0,3HWU,cluster_3HWU,2,144,0.7267925417304331,0.7424253842784788,0.7063679824906476
protein,native0,3HYD,cluster_3HYD,5,7,0.7880068321575651,0.36711154910717625,0.8541878128909814
protein,native0,3HZ8,cluster_3HZ8,2,192,0.47140133809331247,0.45327789117471834,0.8918188975903555
protein,native0,3I2V,cluster_3I2V,2,124,0.3779026031952483,0.38137140124375435,0.9809232723389075
protein,native0,3I2Z,cluster_3I2Z,4,138,0.5645329022719839,0.5669626803658223,0.8543814350783135
protein,native0,3I4O,cluster_3I4O,1,135,0.6841079000310765,0.7085138582338728,0.7580288644235489
protein,native0,3I7M,cluster_3I7M,2,134,0.6593927067987997,0.6058719815935026,0.7691466871478312
protein,native0,3IHS,cluster_1OPD,4,169,0.565560518718365,0.4617711152387006,0.8264781038195845
protein,native0,3IVV,cluster_3IVV,3,149,0.7865157053603051,0.7846278169318334,0.6418880205472021
protein,native0,3K6Y,cluster_3K6Y,2,227,0.6154033662270538,0.6132374779776308,0.7902576983966925
protein,native0,3KBE,cluster_3KBE,2,140,0.6653584826701752,0.6816864819622441,0.7616311327817261
protein,native0,3KGK,cluster_3KGK,4,190,0.7422307151899205,0.7465158055767156,0.6943919050010648
protein,native0,3KZD,cluster_3KZD,5,85,0.5615150517078408,0.605733996762027,0.8684732660739225
protein,native0,3L41,cluster_2ETX,1,220,0.7024176151344831,0.6779648887548662,0.7211473759338654
protein,native0,3LAA,cluster_3LAA,3,169,0.5253727992948107,0.44596077098120723,0.9508369572174836
protein,native0,3LAX,cluster_3LAX,1,106,0.7459958404997745,0.7628190756628316,0.7263483961866901
protein,native0,3LG3,cluster_3LG3,5,833,0.6419098795538285,0.6284137873222374,0.7685555467155055
protein,native0,3LJI,cluster_3LJI,4,272,0.6160555084144633,0.5257383924735678,0.79140788995345
protein,native0,3M3P,cluster_3M3P,1,249,0.6140459908875353,0.6329451170554299,0.7906806444845068
protein,native0,3M8J,cluster_3M8J,4,178,0.7003791537449401,0.7278935231486777,0.740246758121276
protein,native0,3M9J,cluster_3M9J,3,210,0.4915696046008411,0.5176355682013174,0.8721557262392157
protein,native0,3M9Q,cluster_3M9Q,1,176,0.45873789863142606,0.5028497405269508,0.9694605821810255
protein,native0,3MAB,cluster_1OPD,3,173,0.6270974806351939,0.5291724947589588,0.783825605181354
protein,native0,3MD4,cluster_3MD4,2,12,0.5917023139544776,0.5989501304292861,1.421705180411301
protein,native0,3MD5,cluster_3MD5,1,12,0.756661931816723,0.7902097902097903,1.7915906978301952
protein,native0,3MEA,cluster_3MEA,3,166,0.66740695468964,0.7255805900176189,0.7738876124354389
protein,native0,3MGN,cluster_3MGN,4,348,0.136785136331361,0.18822928946065376,1.1547117598376941
protein,native0,3MRE,cluster_3MRE,2,383,0.6932302938026598,0.7490165308353407,0.7314335531829137
protein,native0,3N11,cluster_3N11,5,325,0.5301040530712301,0.6047881343880628,0.8579202334747152
protein,native0,3NE0,cluster_3NE0,4,208,0.627494812466293,0.6937875642433158,0.7835900803958871
protein,native0,3NGG,cluster_3NGG,3,94,0.6703545855699896,0.5575519817505026,0.8792707148106429
protein,native0,3NPV,cluster_3NPV,2,495,0.6023623283030745,0.5799727605407669,0.8324192913620866
protein,native0,3NVG,cluster_3NVG,3,6,0.4882120328260073,0.2571428571428572,2.053365822708717
protein,native0,3NZL,cluster_3NZL,1,73,0.5672159676493611,0.6313743346573945,0.8918339579755592
protein,native0,3O0P,cluster_3O0P,2,194,0.7097371342757691,0.7249964457771664,0.7059588871165147
protein,native0,3O5P,cluster_3O5P,1,128,0.7388050481450754,0.6836806664874119,0.6957377924912455
protein,native0,3OBQ,cluster_3OBQ,1,150,0.6725484751702216,0.4384147122052431,0.7552401999684283
protein,native0,3OQY,cluster_3OQY,3,234,0.6409883645836648,0.599892153151031,0.775712356719065
protein,native0,3P6J,cluster_3P6J,5,125,0.7663860422619291,0.7457138687780316,0.662458611712471
protein,native0,3PD7,cluster_3PD7,1,188,0.700787472611954,0.7407561924886443,0.7275427380956697
protein,native0,3PES,cluster_3PES,4,165,0.589449521632389,0.558198418550722,0.8548860891343473
protein,native0,3PID,cluster_3PID,3,387,0.5589040533758842,0.4979658659706978,0.8295188605259229
protein,native0,3PIW,cluster_3PIW,1,154,0.7361374076452888,0.7231965512468849,0.7040072607505319
protein,native0,3PKV,cluster_3PKV,3,221,0.5645557260824398,0.6101745981439739,0.8255129861676423
protein,native0,3PSM,cluster_3PSM,2,94,0.8183905063733565,0.8757775643375589,0.6377210857429136
protein,native0,3PTL,cluster_3PTL,5,289,0.5196790833000786,0.6127950455202915,0.8944728742815506
protein,native0,3PVE,cluster_3PVE,1,347,0.7108451371853935,0.735328785477205,0.7387330177235897
protein,native0,3PZ9,cluster_3PZ9,2,357,0.7022043543871448,0.6999925690359691,0.7438597182130516
protein,native0,3PZZ,cluster_3PZZ,4,12,0.6007376405876131,0.6842147381769412,1.4592325971730715
protein,native0,3Q2X,cluster_3Q2X,1,6,0.8438055035591491,0.7171371656006363,0.9117075002384013
protein,native0,3Q6L,cluster_3Q6L,4,131,0.6280809553589981,0.6225574065621026,0.8040854888938919
protein,native0,3QDS,cluster_3QDS,5,284,0.7307476429317581,0.7168091140241676,0.7117319208515912
protein,native0,3QPA,cluster_3QPA,5,197,0.4724344330502976,0.7093504781068067,0.8919908361667973
protein,native0,3R6D,cluster_3R6D,2,221,0.6837373186352256,0.7611194000151551,0.7422077765907271
protein,native0,3R87,cluster_3R87,1,132,0.41129149099262113,0.3831407528887018,0.9345111983789393
protein,native0,3RQ9,cluster_3RQ9,3,162,0.48418890684494337,0.6112160981995758,0.9557611420095893
protein,native0,3RY0,cluster_3RY0,3,128,0.5898047454088878,0.6160536992660451,0.8600977266403349
protein,native0,3RZY,cluster_3Q6L,5,139,0.6670259107435101,0.6607808156851742,0.7807390986150979
protein,native0,3S0A,cluster_3S0A,3,119,0.5192422500561885,0.5219414751697313,0.8610108954902151
protein,native0,3SD2,cluster_3SD2,2,86,0.3943559039595704,0.4360128314185947,0.9855080133794132
protein,native0,3SEB,cluster_3SEB,3,238,0.6129255356767717,0.7646949388295815,0.794010009017102
protein,native0,3SED,cluster_3SED,3,124,0.6462976573207229,0.6355392253479584,0.7786290008727884
protein,native0,3SO6,cluster_3SO6,5,150,0.6701287565948317,0.6967843675672352,0.7470946959095337
protein,native0,3SR3,cluster_3SR3,5,637,0.5664939690121169,0.5846201415368203,0.8478486491795344
protein,native0,3SUK,cluster_3SUK,3,248,0.6439691208704188,0.6420058510809789,0.7768427657513228
protein,native0,3SZH,cluster_3SZH,3,697,0.75835903067592,0.7770303991525109,0.6938853965139489
protein,native0,3T0H,cluster_3T0H,5,208,0.7294958094762534,0.7975538989521401,0.6902870615994693
protein,native0,3T3K,cluster_3T3K,3,122,0.7492289114886871,0.7652383967055466,0.6958211844893164
protein,native0,3T47,cluster_3T47,1,141,0.5207950847647138,0.5011569540609178,0.8762694166358458
protein,native0,3TDN,cluster_3TDN,4,357,0.4485278494515951,0.4682008810997319,0.9023268947616825
protein,native0,3TOW,cluster_3TOW,3,152,0.5113493429557605,0.6700337966962746,0.8925196596669618
protein,native0,3TUA,cluster_3TUA,2,210,0.6257943035010224,0.7703359884894501,0.7838710249311363
protein,native0,3TYS,cluster_3TYS,5,75,0.587606113264419,0.6848985749165777,0.9218922008273739
protein,native0,3U6G,cluster_3U6G,5,248,0.627655447033289,0.6036494865948407,0.7838354907976103
protein,native0,3U97,cluster_3U97,2,77,0.7072274883343258,0.7351560960214496,0.8136069281075329
protein,native0,3UCI,cluster_3UCI,5,72,0.5457057309211049,0.5091324200913242,0.9444894585084501
protein,native0,3UR8,cluster_3UR8,4,637,0.6769255859992279,0.6458621660455638,0.7547357988137685
protein,native0,3US6,cluster_3US6,1,148,0.6029611766389832,0.48350454403753584,0.8038230778887503
protein,native0,3V1A,cluster_3V1A,3,48,0.4134962961960414,0.4693844344240103,0.975960705881312
protein,native0,3V75,cluster_3V75,2,285,0.5808459963447811,0.5262267361073566,0.8244291366949937
protein,native0,3VN0,cluster_3VN0,4,193,0.8510506295826732,0.6614268586488098,0.6245125405920291
protein,native0,3VOR,cluster_3VOR,3,182,0.527099344542063,0.5472990324397925,0.8518017892693297
protein,native0,3VUB,cluster_3VUB,4,101,0.5338738760841811,0.6388680190441437,0.9241441054630238
protein,native0,3VVV,cluster_3VVV,5,108,0.6443181671156938,0.5536282073354459,0.8560132450911172
protein,native0,3VZ9,cluster_3VZ9,5,163,0.6870164725999148,0.7256671744948294,0.7607287340327894
protein,native0,3W4Q,cluster_1ES5,4,773,0.6814180989312826,0.709140706179995,0.7838022519613249
protein,native0,3ZBD,cluster_3ZBD,4,213,0.4259609889871184,0.4075113050829946,0.9256416146009142
protein,native0,3ZIT,cluster_3ZIT,5,152,0.4574195746164963,0.4652226099823488,0.911689386577266
protein,native0,3ZRX,cluster_3ZRX,3,221,0.5722912451024057,0.5785701996758233,0.8219665484630568
protein,native0,3ZSL,cluster_3ZSL,3,138,0.6382447882035285,0.5509821762685897,0.7748691128800014
protein,native0,3ZZP,cluster_3ZZP,2,74,0.5925514432140673,0.5519559858300601,0.8451512425738933
protein,native0,3ZZY,cluster_3ZZY,4,226,0.7160730775654345,0.6014453542679957,0.7079210549596996
protein,native0,4A02,cluster_4A02,1,166,0.5439665549626598,0.6368548222340283,0.8440823536657194
protein,native0,4ACJ,cluster_4ACJ,1,167,0.7223780917992604,0.7837986695519148,0.7118060645828012
protein,native0,4AE7,cluster_4AE7,1,186,0.7222696351080417,0.6937410892476346,0.7096346588198819
protein,native0,4AM1,cluster_4AM1,2,345,0.5816882973572338,0.5797409034900746,0.8183975007996989
protein,native0,4ANN,cluster_4ANN,5,176,0.5644257085790131,0.5881252988888387,0.8451050768215236
protein,native0,4AVR,cluster_4AVR,3,188,0.6222127979705364,0.7365067554458637,0.794294337531575
protein,native0,4AXY,cluster_4AXY,3,54,0.590693494336112,0.5392239082975221,0.9328809879364861
protein,native0,4B6G,cluster_4B6G,4,558,0.7319546486420924,0.7259795033068219,0.7301331811114397
protein,native0,4B9G,cluster_4B9G,1,292,0.7889084746133238,0.7786073791288556,0.6401857424665545
protein,native0,4DD5,cluster_4DD5,4,387,0.652979642965975,0.6578197870846787,0.7864650267399966
protein,native0,4DKN,cluster_4DKN,5,423,0.7121062810251049,0.7377218854244667,0.7469478909848735
protein,native0,4DND,cluster_4DND,5,95,0.7199795976468534,0.664790960218797,0.7375876264517074
protein,native0,4DPZ,cluster_4DPZ,4,109,0.7172246634999602,0.6801302026473672,0.803774361865738
protein,native0,4DQ7,cluster_4DQ7,4,328,0.703908640170195,0.7293602605340449,0.7142656259351593
protein,native0,4DT4,cluster_4DT4,5,160,0.7531175019432339,0.7716975714956309,0.7756669251910719
protein,native0,4EK3,cluster_4EK3,3,287,0.6427010807180171,0.6807867521210831,0.7686887814115412
protein,native0,4ERY,cluster_4ERY,5,318,0.7272778875118587,0.7595206264845501,0.7287744648173704
protein,native0,4ES1,cluster_4ES1,4,95,0.687135868070999,0.6440199895033731,0.853916321265984
protein,native0,4EUG,cluster_4EUG,5,225,0.5726439616606972,0.6207722114349745,0.8216410955120453
protein,native0,4F01,cluster_4F01,1,448,0.341229244927051,0.4992086347810731,0.9617347696148423
protein,native0,4F3J,cluster_4F3J,3,143,0.5944790019593545,0.5709284836359314,0.8200466305809107
protein,native0,4FR9,cluster_4FR9,5,141,0.6355853471121856,0.6438665513875406,0.8125110391094059
protein,native0,4G14,cluster_4G14,4,15,0.544178096754665,0.6035714285714285,1.219462900437641
protein,native0,4G2E,cluster_4G2E,2,151,0.7000668075408639,0.7869493574172092,0.7263954928453268
protein,native0,4G5X,cluster_4G5X,3,550,0.7143430040905304,0.710843432804576,0.7451223615755997
protein,native0,4G6C,cluster_4G6C,2,658,0.5720374184705429,0.5521397023981278,0.8555890744922591
protein,native0,4G7X,cluster_4G7X,3,194,0.5954541218071796,0.5412363742282411,0.8285295380462286
protein,native0,4GA2,cluster_4GA2,1,144,0.5534144048099428,0.5393096990225172,0.8413502947647421
protein,native0,4GMQ,cluster_4GMQ,3,92,0.6259146067453787,0.5789806266664611,0.8142103452594872
protein,native0,4GS3,cluster_4GS3,2,90,0.5598413718369049,0.660545096867205,0.9490151824277985
protein,native0,4H4J,cluster_4H4J,4,236,0.7666978816609722,0.8404965638328095,0.6610214934210707
protein,native0,4H89,cluster_4H89,2,168,0.5459012120206251,0.5520706064516814,0.8482449021392596
protein,native0,4HDE,cluster_4HDE,5,168,0.6740644896228757,0.759421107878843,0.7455590358446932
protein,native0,4HJP,cluster_4HJP,1,281,0.7153603655611951,0.7788918496945416,0.7023836694113975
protein,native0,4HWM,cluster_4HWM,2,117,0.6322954779070753,0.6059067714864717,0.8199453038087425
protein,native0,4IL7,cluster_4IL7,2,85,0.3986060349899315,0.35855343516891697,0.9581292765468914
protein,native0,4J11,cluster_4J11,1,357,0.6258010822860701,0.5247162418823602,0.7887266802220169
protein,native0,4J5O,cluster_4J5O,2,220,0.6830630589382402,0.6056712439026022,0.7383164156693937
protein,native0,4J5Q,cluster_2FG1,5,146,0.6954462515583189,0.7530193190493738,0.7319993395481461
protein,native0,4J78,cluster_4J78,4,305,0.6501189018125815,0.7455821302117671,0.7745508453706561
protein,native0,4JG2,cluster_4JG2,5,185,0.7676681615680753,0.8085676393360333,0.6905485732794209
protein,native0,4JVU,cluster_4JVU,1,207,0.7152274423738074,0.8038890580144012,0.7248362076797137
protein,native0,4JYP,cluster_4JYP,4,534,0.6145343143865349,0.7103617324897682,0.81026282880006
protein,native0,4KEF,cluster_4KEF,3,133,0.5115595023221777,0.4768893122903328,0.8883201812678854
protein,native0,5CYT,cluster_1CCR,3,103,0.29709827471399813,0.2590299419370972,0.9752434822579716
protein,native0,6RXN,cluster_6RXN,1,45,0.6217105713706989,0.5756258234519104,0.9809929477241595
protein,graph+native0,1ABA,cluster_1ABA,4,87,0.6021446290272325,0.7024559165553441,0.8007691213398861
protein,graph+native0,1AHO,cluster_1AHO,4,64,0.5798681310201326,0.7031673897826736,0.8150646164373195
protein,graph+native0,1AIE,cluster_1AIE,3,31,0.6753164399674296,0.4737903225806452,0.7469463256758297
protein,graph+native0,1AKG,cluster_1AKG,1,16,0.38172621013597874,0.6269317370561021,0.9357692622190603
protein,graph+native0,1ATG,cluster_1ATG,1,231,0.5379369380296721,0.5766390456213997,0.8483162982611483
protein,graph+native0,1BGF,cluster_1BGF,4,124,0.5825593504521442,0.4431740397094626,0.8134328859431164
protein,graph+native0,1BX7,cluster_1BX7,4,51,0.5437796466136396,0.2647963800904977,0.8916245222265307
protein,graph+native0,1BYI,cluster_1BYI,1,224,0.5256786138531114,0.6146210005941655,0.8552084672350682
protein,graph+native0,1CCR,cluster_1CCR,2,111,0.5160619669808589,0.5247868162642484,0.8572009259695424
protein,graph+native0,1CYO,cluster_1CYO,5,88,0.68197060680946,0.5704511233839511,0.7370711279908712
protein,graph+native0,1DF4,cluster_1DF4,1,57,0.8899906016513779,0.7990018148820328,0.6014600384647388
protein,graph+native0,1E5K,cluster_1E5K,2,188,0.7594048013371603,0.7434552184499057,0.6666846492714767
protein,graph+native0,1ES5,cluster_1ES5,5,260,0.6519195738353212,0.7149202463069485,0.770299028904978
protein,graph+native0,1ETL,cluster_1ETL,3,12,0.7941867297722179,0.6847311331250231,0.703809231531453
protein,graph+native0,1ETM,cluster_1ETM,5,12,0.6319126280681304,0.5270691075879192,0.8270416991013172
protein,graph+native0,1ETN,cluster_1ETN,4,12,-0.11932841329774097,0.07391404949863534,1.2233954197810104
protein,graph+native0,1EW4,cluster_1EW4,2,106,0.6146999362273347,0.644399212146116,0.7891291612827657
protein,graph+native0,1F8R,cluster_1F8R,3,1932,0.7748988590750122,0.742284615136018,0.6743459790738693
protein,graph+native0,1FF4,cluster_1FF4,1,65,0.5851197374773872,0.5953080781395379,0.812937031699724
protein,graph+native0,1FK5,cluster_1FK5,4,93,0.5514564459614577,0.49514146635698125,0.8346820165960951
protein,graph+native0,1GCO,cluster_1GCO,4,1044,0.6495933358561442,0.6412740281540243,0.76224825722788
protein,graph+native0,1GK7,cluster_1GK7,4,39,0.6237274994919924,0.1597246826277555,0.7992495412965358
protein,graph+native0,1GVD,cluster_1GVD,1,52,0.7234995499192203,0.6011824722293205,0.7091816427327543
protein,graph+native0,1GXU,cluster_1GXU,2,88,0.6578339500050707,0.635068794771965,0.7666942785266754
protein,graph+native0,1H6V,cluster_1H6V,2,2927,0.4677243838943447,0.5444418527813248,0.9109871852102698
protein,graph+native0,1HJE,cluster_1HJE,5,13,0.4976810746718791,0.6098901098901099,0.8942411486537503
protein,graph+native0,1I71,cluster_1I71,3,83,0.5547557151349053,0.5559164785631526,0.8341289001262902
protein,graph+native0,1IDP,cluster_1IDP,4,441,0.7265627206505857,0.8541101593925222,0.6925480519433374
protein,graph+native0,1IFR,cluster_1IFR,2,113,0.6612514306559553,0.7101300408024379,0.774995308427443
protein,graph+native0,1K8U,cluster_1K8U,4,89,0.5244962909207553,0.4013636421709921,0.8568769285815002
protein,graph+native0,1KMM,cluster_1KMM,4,1499,0.6928871108496248,0.7259382950448926,0.7258741686903579
protein,graph+native0,1KNG,cluster_1KNG,4,144,0.5179156527264369,0.49683604716790103,0.8605682124243247
protein,graph+native0,1KR4,cluster_1KR4,3,110,0.6055175155938279,0.56855354990503,0.7990251360611867
protein,graph+native0,1KYC,cluster_1KYC,1,15,0.7419338669685874,0.7499999999999999,0.685705007318509
protein,graph+native0,1LR7,cluster_1LR7,4,73,0.6172919550800133,0.7010420603847654,0.8112084727630389
protein,graph+native0,1MF7,cluster_1MF7,4,194,0.6813973631235184,0.7648109988373141,0.7586594351909665
protein,graph+native0,1N7E,cluster_1N7E,1,95,0.5083387706519611,0.617895624638173,0.8622774350873739
protein,graph+native0,1NKD,cluster_1NKD,4,59,0.7384382375842683,0.7440528389587053,0.7636019496944083
protein,graph+native0,1NKO,cluster_1NKO,5,122,0.4905273958686493,0.6955952792284116,0.8949818276806919
protein,graph+native0,1NLS,cluster_1NLS,1,237,0.5108671543574076,0.7446816518599838,0.8690729244100589
protein,graph+native0,1NNX,cluster_1NNX,2,93,0.7781218458250692,0.8071947599412415,0.641414654673024
protein,graph+native0,1NOA,cluster_1NOA,3,113,0.5769021228042241,0.5333214118296963,0.8199098954799623
protein,graph+native0,1NOT,cluster_1NOT,2,13,0.6275245228133006,0.5384615384615384,0.8296577966303958
protein,graph+native0,1O06,cluster_1O06,2,20,0.881944741870157,0.7263157894736841,0.485736245434158
protein,graph+native0,1O08,cluster_1O08,4,221,0.3653549082803965,0.6229535900889801,0.95677363116981
protein,graph+native0,1OB4,cluster_1OB4,5,16,0.505256581153953,0.2676470588235294,0.9001023031828814
protein,graph+native0,1OB7,cluster_1OB7,2,16,0.5569235952463448,0.8373806534857325,0.860063046793398
protein,graph+native0,1OPD,cluster_1OPD,4,85,0.38339245606471345,0.4018780627274011,0.9346554942537607
protein,graph+native0,1P9I,cluster_1P9I,4,29,0.6931654926451273,0.5103448275862068,0.7734324209594434
protein,graph+native0,1PEF,cluster_1PEF,4,18,0.8143621892614152,0.9071207430340558,0.6022792065566817
protein,graph+native0,1PEN,cluster_1PEN,3,16,0.5495214609004129,0.5209714434691554,0.8382213295538468
protein,graph+native0,1PMY,cluster_1PMY,4,123,0.7210164073417534,0.5995156744889636,0.7251263772289437
protein,graph+native0,1PZ4,cluster_1PZ4,5,113,0.6921746436864673,0.6937950566265971,0.7325513948748001
protein,graph+native0,1Q9B,cluster_1Q9B,4,43,0.7499340142518984,0.7592872244035035,0.7044709510324708
protein,graph+native0,1QAU,cluster_1QAU,5,112,0.6637258902342066,0.6168771956739783,0.7548497565763929
protein,graph+native0,1QKI,cluster_1QKI,1,3912,0.4942601309141195,0.5596334330851371,0.9441964779617407
protein,graph+native0,1QTO,cluster_1QTO,5,122,0.5972972323472017,0.5882558984897626,0.8030003993598464
protein,graph+native0,1R29,cluster_1R29,2,122,0.6053880859018037,0.5808336238729555,0.800389807231599
protein,graph+native0,1R7J,cluster_1R7J,1,90,0.7955105443084022,0.631849723915299,0.6531955824557749
protein,graph+native0,1RJU,cluster_1RJU,5,36,0.4270246658992424,0.24350064350064354,0.9139059757009675
protein,graph+native0,1RRO,cluster_1RRO,1,108,0.30720935451523745,0.2077479130695391,0.9666626011416573
protein,graph+native0,1SAU,cluster_1SAU,4,114,0.653176056191821,0.6469096801650531,0.7771012206787226
protein,graph+native0,1TGR,cluster_1TGR,4,104,0.715388961631744,0.6635175252334891,0.7115623769801293
protein,graph+native0,1TZV,cluster_1TZV,4,141,0.8228820029913243,0.7724061463068599,0.59920931069599
protein,graph+native0,1U06,cluster_1U06,5,55,0.4660703618519323,0.3130287343354531,0.8905003986479905
protein,graph+native0,1U7I,cluster_1U7I,2,267,0.7446815679207066,0.7733754394337847,0.6822806367856046
protein,graph+native0,1U9C,cluster_1U9C,5,221,0.5719746560585295,0.3985712602260637,0.8314375106768519
protein,graph+native0,1UHA,cluster_1UHA,5,82,0.6469855209670454,0.6949574986136949,0.764772660561981
protein,graph+native0,1UKU,cluster_1KR4,2,102,0.7020973525245786,0.5222787673252848,0.718259316186883
protein,graph+native0,1ULR,cluster_1ULR,1,87,0.5798251989288143,0.620916849362467,0.8353072793302937
protein,graph+native0,1UOY,cluster_1UOY,2,64,0.6660427829624525,0.6220080358470228,0.7670419498969903
protein,graph+native0,1USE,cluster_1USE,2,40,0.05475845650448161,-0.2205544352536573,1.2036565731856916
protein,graph+native0,1USM,cluster_1USM,3,77,0.8408807470554971,0.7438400010676527,0.5783832241463333
protein,graph+native0,1UTG,cluster_1UTG,3,70,0.5909331652816839,0.5128904985805443,0.8194664369137703
protein,graph+native0,1V05,cluster_1V05,3,96,0.5814768002384734,0.535777750697024,0.8249090890016221
protein,graph+native0,1V70,cluster_1V70,3,105,0.5432340158436693,0.6427460657833146,0.8446463593647893
protein,graph+native0,1VRZ,cluster_1VRZ,2,21,0.6177489714250008,0.6419754441644199,0.8356667799103695
protein,graph+native0,1W2L,cluster_1W2L,4,97,0.5783347230935271,0.43079654164447356,0.8199284672480837
protein,graph+native0,1WBE,cluster_1WBE,4,204,0.5645703449991815,0.603380731243579,0.8276783706850697
protein,graph+native0,1WHI,cluster_1WHI,4,122,0.5104047607632648,0.6353997828972672,0.8702123163763344
protein,graph+native0,1WLY,cluster_1WLY,3,322,0.6701095453099638,0.7023849917472843,0.7477864209403515
protein,graph+native0,1WPA,cluster_1WPA,5,107,0.565321438707178,0.39457565021437213,0.8274425709606071
protein,graph+native0,1X3O,cluster_1X3O,4,80,0.5550974261758361,0.5651697443237246,0.8348876895034649
protein,graph+native0,1XY1,cluster_1XY1,3,16,0.6815308068199154,0.5738878155034574,1.1931213172952828
protein,graph+native0,1XY2,cluster_1XY2,3,8,0.6044549790763452,0.5091750772173156,0.9232909372414805
protein,graph+native0,1Y6X,cluster_1Y6X,3,87,0.5301626202994554,0.5498038465275711,0.8529325089277018
protein,graph+native0,1YJO,cluster_1YJO,2,6,0.3602367161917449,0.2571428571428572,1.0788102836298383
protein,graph+native0,1YZM,cluster_1YZM,5,46,0.8377631009161425,0.672135193087887,0.6930849167392304
protein,graph+native0,1Z21,cluster_1Z21,2,96,0.6089292604227242,0.6122349318846267,0.7958866136269414
protein,graph+native0,1ZCE,cluster_1ZCE,2,146,0.7693025638352892,0.7810897312667735,0.681292932583371
protein,graph+native0,1ZVA,cluster_1ZVA,3,75,0.5576702206677556,0.5629054293851878,0.8301700232396659
protein,graph+native0,2A50,cluster_2A50,5,457,0.5366041091711347,0.5927870116359624,0.8644124520072446
protein,graph+native0,2AGK,cluster_2AGK,2,233,0.6749110187006329,0.7109274980270928,0.7452883405705797
protein,graph+native0,2AH1,cluster_2AH1,3,939,0.5209222545981642,0.521976386794578,0.8670379726057226
protein,graph+native0,2B0A,cluster_2B0A,4,186,0.6398804743310418,0.6625800393727418,0.7741269496609899
protein,graph+native0,2BCM,cluster_2BCM,4,413,0.5585583174803799,0.5011232901266223,0.831589606519853
protein,graph+native0,2BF9,cluster_2BF9,1,36,0.5587900842474447,0.43670763974850285,0.8589226658443704
protein,graph+native0,2BRF,cluster_2BRF,3,100,0.7576905555603914,0.6864813619101201,0.6888553787607327
protein,graph+native0,2C71,cluster_2C71,2,205,0.6421935110319341,0.6744583441485505,0.8071916050307769
protein,graph+native0,2CE0,cluster_2CE0,3,99,0.5990947353842431,0.5843787591081813,0.8017794380372989
protein,graph+native0,2CG7,cluster_2CG7,3,90,0.48116383142158287,0.4804909370754399,0.8888130069835096
protein,graph+native0,2COV,cluster_2COV,5,534,0.7745688106316128,0.7374359104305359,0.6458307389450314
protein,graph+native0,2CWS,cluster_2CWS,3,227,0.6961572500691956,0.7271719066677914,0.7302885991310757
protein,graph+native0,2D5W,cluster_2D5W,5,1214,0.6890501377131982,0.660550754808534,0.7352533754748349
protein,graph+native0,2DKO,cluster_2DKO,2,253,0.8014473802571677,0.6873066174143906,0.6026089187415753
protein,graph+native0,2DPL,cluster_2DPL,1,565,0.4576339652609834,0.5183109635116535,0.9078482159350248
protein,graph+native0,2DSX,cluster_2DSX,5,52,0.37825123057235754,0.2518730394286587,0.9258640893216705
protein,graph+native0,2E10,cluster_2E10,3,439,0.772884277269097,0.7959164699110938,0.6442644923975265
protein,graph+native0,2E3H,cluster_2E3H,1,81,0.7130858174079723,0.686958682373021,0.702850491290523
protein,graph+native0,2EAQ,cluster_2EAQ,1,89,0.6783062556260501,0.45069523363267294,0.7509974164999617
protein,graph+native0,2EHP,cluster_2EHP,2,248,0.7873858401906747,0.8036075522354927,0.6424391146992973
protein,graph+native0,2EHS,cluster_1X3O,1,75,0.7270485887994331,0.7245622271320138,0.7382674623158695
protein,graph+native0,2ERW,cluster_2ERW,2,53,0.2675632386570629,0.10926317931482694,1.0343609048016298
protein,graph+native0,2ETX,cluster_2ETX,5,389,0.5347634040753497,0.5500450738987781,0.8533680668675779
protein,graph+native0,2FB6,cluster_2FB6,4,116,0.7796371846558194,0.6794005090635324,0.6920495943229462
protein,graph+native0,2FG1,cluster_2FG1,1,157,0.6372846414759321,0.5727068553720231,0.7733249256961265
protein,graph+native0,2FN9,cluster_2FN9,5,560,0.5716042497702438,0.5643666567592142,0.8223812655563175
protein,graph+native0,2FQ3,cluster_2FQ3,1,85,0.7048385576808497,0.7216923978893883,0.7361083586270295
protein,graph+native0,2G69,cluster_2G69,4,99,0.5907231288439638,0.6258418419528581,0.8311556074807184
protein,graph+native0,2G7O,cluster_2G7O,2,68,0.736956788583174,0.3943272166919765,0.6940878832695319
protein,graph+native0,2G7S,cluster_2G7S,5,190,0.6104121510350875,0.5884867711817835,0.8032738680048424
protein,graph+native0,2GKG,cluster_2GKG,1,122,0.6893441711714244,0.5388265619088619,0.7477049293286442
protein,graph+native0,2GOM,cluster_2GOM,1,121,0.5720592302732281,0.4526728481469712,0.8265392286739623
protein,graph+native0,2GXG,cluster_2GXG,3,140,0.7296678117591585,0.7055180715984782,0.7051030291219703
protein,graph+native0,2GZQ,cluster_2GZQ,3,191,0.42201503746205327,0.3810312987183649,0.9255651658990942
protein,graph+native0,2HQK,cluster_2HQK,5,213,0.7969188103706798,0.7562082110885844,0.6775049111651352
protein,graph+native0,2HYK,cluster_2HYK,5,237,0.6208504061730328,0.5922832885723318,0.7879572103800413
protein,graph+native0,2I24,cluster_2I24,1,113,0.5186508708636984,0.4816683164463495,0.8568314753213692
protein,graph+native0,2I49,cluster_2I49,1,398,0.6833326492260346,0.6787809301202418,0.7442172692801985
protein,graph+native0,2IBL,cluster_2IBL,3,108,0.6639262292989384,0.6613490591447434,0.8671713592879059
protein,graph+native0,2IGD,cluster_2IGD,3,61,0.5017774014061367,0.5342552687025918,0.8743726179767302
protein,graph+native0,2IMF,cluster_2IMF,1,203,0.6306139180930046,0.6327836387765908,0.7776103456818273
protein,graph+native0,2IP6,cluster_2IP6,5,87,0.5959046789775378,0.39250369080826114,0.8080683503176058
protein,graph+native0,2IVY,cluster_2IVY,3,88,0.4885137753156521,0.4493472757684221,0.8862517889006742
protein,graph+native0,2J32,cluster_2J32,4,244,0.8163827820416055,0.7088251700587359,0.5936113758182912
protein,graph+native0,2J9W,cluster_2J9W,3,200,0.6984846487379087,0.6838282115612961,0.727480926907096
protein,graph+native0,2JKU,cluster_2JKU,1,35,0.43995434161519836,0.3137474620762185,0.9329470046821973
protein,graph+native0,2JLI,cluster_2JLI,2,100,0.5895516485610663,0.49019931422512325,0.8093127811681651
protein,graph+native0,2JLJ,cluster_2JLI,3,115,0.7527603360731604,0.621483370973002,0.6723672239776064
protein,graph+native0,2MCM,cluster_1NOA,1,112,0.7706238615108641,0.7222557974304102,0.6875819839010121
protein,graph+native0,2NLS,cluster_2NLS,5,36,0.43523073374427645,0.3464607464607465,0.9009349299860897
protein,graph+native0,2NR7,cluster_2NR7,1,194,0.8215070503947096,0.7340977617084874,0.6150362698415422
protein,graph+native0,2NUH,cluster_1KR4,1,104,0.6643624129960068,0.5729633996796827,0.758730915073021
protein,graph+native0,2O6X,cluster_2O6X,3,306,0.7784146671046508,0.7876457611162683,0.6384451965979583
protein,graph+native0,2OA2,cluster_2OA2,5,132,0.49746550047964994,0.3793691356782578,0.8723570292500358
protein,graph+native0,2OCT,cluster_2OCT,1,192,0.5291106380900161,0.5451798777209003,0.867800931542765
protein,graph+native0,2OHW,cluster_2OHW,4,256,0.6052095726851784,0.6761592035414501,0.8118155379121543
protein,graph+native0,2OKT,cluster_2OKT,3,342,0.387295554542587,0.39256071749967786,0.9521867772209199
protein,graph+native0,2OL9,cluster_2OL9,1,6,0.9251181801991805,0.8285714285714287,0.44091505904098854
protein,graph+native0,2OLX,cluster_2OLX,4,4,0.8761964242000558,0.6000000000000001,0.7160658312255622
protein,graph+native0,2PKT,cluster_2PKT,5,91,0.0282725119766366,0.03562796885437558,1.0901197857620144
protein,graph+native0,2PLT,cluster_2PLT,1,98,0.46091746825774393,0.5178006732738106,0.895664265598799
protein,graph+native0,2PMR,cluster_2PMR,4,76,0.6443388903212357,0.7050267263369165,0.7816880682072292
protein,graph+native0,2POF,cluster_2POF,2,440,0.6767698260624094,0.7045467672282532,0.7413157093218269
protein,graph+native0,2PPN,cluster_2PPN,2,107,0.6361087686535749,0.7323108877489642,0.7932086754687714
protein,graph+native0,2PSF,cluster_2PSF,2,608,0.4772243138245494,0.4573866326913124,0.8868543186185718
protein,graph+native0,2PTH,cluster_2PTH,5,193,0.7208644417600232,0.7934917373993213,0.7133188748006564
protein,graph+native0,2Q4N,cluster_2Q4N,4,153,0.7031755461191456,0.5768815480011387,0.719693826517397
protein,graph+native0,2Q52,cluster_1WBE,2,412,0.7600240439718873,0.7443917875928299,0.6722871835148726
protein,graph+native0,2QJL,cluster_2QJL,1,99,0.5874969986649395,0.6629044281778815,0.821471760768855
protein,graph+native0,2R16,cluster_2R16,2,175,0.5522729097291582,0.4334498082365248,0.844373215995762
protein,graph+native0,2R6Q,cluster_2R6Q,2,138,0.5497484967720572,0.43105715708819187,0.8441223179280994
protein,graph+native0,2RB8,cluster_2RB8,1,93,0.649033815113859,0.5212713973818015,0.765166450712113
protein,graph+native0,2RE2,cluster_2RE2,2,238,0.6548854276973426,0.4672895366606911,0.7575025496459659
protein,graph+native0,2RFR,cluster_2RFR,3,154,0.6729097891995153,0.4469555517836021,0.7399918263702054
protein,graph+native0,2V9V,cluster_2V9V,5,135,0.536320030530563,0.4549436507116198,0.8459537746879513
protein,graph+native0,2VE8,cluster_2VE8,3,515,0.6894161888121453,0.6074680368902258,0.7307165937287108
protein,graph+native0,2VH7,cluster_2VH7,5,94,0.7122406798098779,0.7126405226654416,0.7180884979430842
protein,graph+native0,2VIM,cluster_2VIM,5,104,0.37686101586540743,0.39010975824655353,0.936331381751703
protein,graph+native0,2VPA,cluster_2VPA,5,204,0.7571671917053524,0.7707212817031472,0.7641204098261722
protein,graph+native0,2VQ4,cluster_2VQ4,4,106,0.6986898820754787,0.7849526024592808,0.7180949238576467
protein,graph+native0,2VY8,cluster_2VY8,2,149,0.7464796272056963,0.7411274414903337,0.6748202056558371
protein,graph+native0,2VYO,cluster_2C71,3,206,0.6869180459032411,0.7203549383730434,0.7384325346065075
protein,graph+native0,2W1V,cluster_2W1V,2,548,0.6934056793946214,0.7583088817857652,0.7304970331942539
protein,graph+native0,2W2A,cluster_2W2A,5,350,0.6278138044800008,0.6662057371499848,0.7785570342539248
protein,graph+native0,2W6A,cluster_2W6A,5,117,0.790537611838297,0.5157656140076522,0.6323481243031603
protein,graph+native0,2WJ5,cluster_2WJ5,5,96,0.57741653580303,0.5781723720480387,0.8563871370916599
protein,graph+native0,2WUJ,cluster_2WUJ,5,100,0.494244228497458,0.23086247142612715,0.8712739648278186
protein,graph+native0,2WW7,cluster_2WW7,4,150,0.48088662593065884,0.546709407007173,0.9493380992008693
protein,graph+native0,2WWE,cluster_2WWE,4,111,0.5449337088967097,0.4892722695343038,0.8396574976845016
protein,graph+native0,2X1Q,cluster_2X1Q,5,240,0.4486891692588628,0.37979790447232564,0.911450924270979
protein,graph+native0,2X25,cluster_2X25,4,168,0.6448489249581353,0.7062759060422251,0.7880697463602886
protein,graph+native0,2X3M,cluster_2X3M,2,166,0.7294039732819357,0.6004225113232002,0.7272368960292976
protein,graph+native0,2X5Y,cluster_2X5Y,1,171,0.7134911385719443,0.6914752106220643,0.715954993177031
protein,graph+native0,2X9Z,cluster_2X9Z,3,262,0.588243594121405,0.6109326968791731,0.8088956692772153
protein,graph+native0,2XHF,cluster_2XHF,2,310,0.6044143289276683,0.6419993704076854,0.7984165655291231
protein,graph+native0,2Y0T,cluster_2Y0T,1,101,0.7849150139112155,0.7559676523806131,0.6467701857960243
protein,graph+native0,2Y72,cluster_2Y72,5,170,0.7290933123757036,0.693973511072384,0.6987719085324846
protein,graph+native0,2Y7L,cluster_2Y7L,2,319,0.7121619745688578,0.6669275925978341,0.7147486781332065
protein,graph+native0,2Y9F,cluster_2Y9F,5,149,0.7799759918870055,0.8488473545238387,0.6267790287260615
protein,graph+native0,2YLB,cluster_2YLB,3,400,0.7606938507033086,0.8051120932063203,0.6528457730153187
protein,graph+native0,2YNY,cluster_2YNY,1,315,0.723082093255581,0.677549839624668,0.7174524922232167
protein,graph+native0,2ZCM,cluster_2ZCM,3,357,0.4428431540261096,0.36018965783470086,0.8993286056944155
protein,graph+native0,2ZU1,cluster_2ZU1,5,360,0.7180479605633461,0.7555130438699738,0.7002976291423787
protein,graph+native0,3A0M,cluster_3A0M,3,148,0.6586038470856583,0.5282202014408032,0.7767904285595826
protein,graph+native0,3A7L,cluster_3A7L,2,128,0.6982764835402545,0.5760817628107773,0.7336957405430773
protein,graph+native0,3AMC,cluster_3AMC,3,614,0.7083386885897611,0.7596633980601223,0.7310048605221162
protein,graph+native0,3AUB,cluster_3AUB,2,116,0.6089918789933458,0.6324791255084734,0.7995860922821201
protein,graph+native0,3B5O,cluster_3B5O,5,230,0.6192301836051238,0.6072787104994486,0.7855663807268677
protein,graph+native0,3BA1,cluster_3BA1,4,312,0.6478927200951139,0.569473770721404,0.7629695107533144
protein,graph+native0,3BED,cluster_3BED,1,261,0.8041491698070421,0.8275504348346273,0.6151819967074632
protein,graph+native0,3BQX,cluster_3BQX,4,139,0.46647144301564053,0.4601506548001607,0.9145296410631409
protein,graph+native0,3BZQ,cluster_3BZQ,2,99,0.5522406828151881,0.5151299637078329,0.8364300183807871
protein,graph+native0,3BZZ,cluster_3BZZ,5,100,0.44143117720029884,0.42593153781000426,0.9216754041386789
protein,graph+native0,3DRF,cluster_3DRF,1,547,0.5417638519474222,0.5457612829363706,0.8419950923646015
protein,graph+native0,3DWV,cluster_3DWV,1,325,0.6119337011777367,0.6844501440217439,0.799087265676189
protein,graph+native0,3E5T,cluster_2HQK,4,228,0.5188035396150967,0.42958325803280545,0.8608750934640528
protein,graph+native0,3E7R,cluster_3E7R,3,40,0.6814587352774254,0.7430689194943565,0.8122561943393951
protein,graph+native0,3EUR,cluster_3EUR,1,140,0.3857277922467284,0.36541098212709566,0.9374170260968252
protein,graph+native0,3F2Z,cluster_3F2Z,4,149,0.7830390193271456,0.7513454881308005,0.6587332453651306
protein,graph+native0,3F7E,cluster_3F7E,3,254,0.762043372835102,0.8024224516319745,0.6586986900366174
protein,graph+native0,3FCN,cluster_3FCN,4,158,0.6290579720596784,0.5546265786935906,0.7798162077017469
protein,graph+native0,3FE7,cluster_3FE7,4,91,0.46661596865277605,0.5342395394497148,0.8854954745503807
protein,graph+native0,3FKE,cluster_3FKE,4,250,0.5273812712928058,0.5217995200417558,0.8600269561080143
protein,graph+native0,3FMY,cluster_3FMY,5,66,0.6386081381792053,0.6647879092964838,0.77589395805591
protein,graph+native0,3FOD,cluster_3FOD,2,48,0.44132077841978834,0.44704988395662637,1.0861395572731443
protein,graph+native0,3FSO,cluster_3FSO,1,221,0.8061210554955978,0.5813351062539841,0.6130669624789562
protein,graph+native0,3FTD,cluster_3FTD,1,240,0.7026192481958475,0.6679006333505544,0.7255761370836002
protein,graph+native0,3FVA,cluster_3FVA,5,6,0.7486988226462956,0.80075721739621,0.6901207491168759
protein,graph+native0,3G1S,cluster_3G1S,1,418,0.6347814398118227,0.7045373689570167,0.7796599312736564
protein,graph+native0,3GBW,cluster_3GBW,2,161,0.7804740445109406,0.8379624005225237,0.6626043925522133
protein,graph+native0,3GHJ,cluster_3GHJ,1,116,0.5437082052247346,0.506706288037758,0.8418869077518366
protein,graph+native0,3HFO,cluster_3HFO,2,197,0.6697901611623474,0.6715793629521446,0.7488197628431982
protein,graph+native0,3HHP,cluster_3HHP,5,1234,0.7459927208949954,0.7883803300634079,0.6761355574031533
protein,graph+native0,3HNY,cluster_3HNY,2,156,0.7085191991416756,0.7218062819805664,0.7111635766347941
protein,graph+native0,3HP4,cluster_3HP4,2,183,0.5384873228687143,0.45176011232614416,0.8502928052198243
protein,graph+native0,3HWU,cluster_3HWU,2,144,0.7385342360191399,0.7442319383120318,0.6757584562438868
protein,graph+native0,3HYD,cluster_3HYD,5,7,0.8040913674670708,0.5,0.6421169513958619
protein,graph+native0,3HZ8,cluster_3HZ8,2,192,0.4914838837395308,0.46301418057631855,0.8824270819203173
protein,graph+native0,3I2V,cluster_3I2V,2,124,0.3895079424659643,0.3952314412757522,0.9600848701804763
protein,graph+native0,3I2Z,cluster_3I2Z,4,138,0.5555323552097665,0.5571861233256629,0.840770967266405
protein,graph+native0,3I4O,cluster_3I4O,1,135,0.7281920036158536,0.7099161895184778,0.6890189320030861
protein,graph+native0,3I7M,cluster_3I7M,2,134,0.6496212269663683,0.5779959051892837,0.763207448980988
protein,graph+native0,3IHS,cluster_1OPD,4,169,0.5840554553324404,0.49427205606093394,0.8191240216492055
protein,graph+native0,3IVV,cluster_3IVV,3,149,0.7741773250659778,0.7696721081402341,0.6410121226704115
protein,graph+native0,3K6Y,cluster_3K6Y,2,227,0.6096293646354051,0.6114941644378947,0.7963618310878733
protein,graph+native0,3KBE,cluster_3KBE,2,140,0.6784229508709817,0.6731845346925027,0.7346730298600681
protein,graph+native0,3KGK,cluster_3KGK,4,190,0.7817039126781242,0.763162257216605,0.6362145652029181
protein,graph+native0,3KZD,cluster_3KZD,5,85,0.6355388752328354,0.645084378361354,0.7755267839964274
protein,graph+native0,3L41,cluster_2ETX,1,220,0.6915936902882768,0.681705417337098,0.7262355167017577
protein,graph+native0,3LAA,cluster_3LAA,3,169,0.6150473631617059,0.5259323211010802,0.861029648636155
protein,graph+native0,3LAX,cluster_3LAX,1,106,0.7365077704097033,0.7336781143226438,0.6902549005701689
protein,graph+native0,3LG3,cluster_3LG3,5,833,0.5957010612531038,0.6124157603336324,0.8424686298432267
protein,graph+native0,3LJI,cluster_3LJI,4,272,0.6072567748973589,0.5352169368685153,0.795968968831842
protein,graph+native0,3M3P,cluster_3M3P,1,249,0.6202270696796767,0.639897798865883,0.78454529602906
protein,graph+native0,3M8J,cluster_3M8J,4,178,0.6867681017784447,0.7230943385935311,0.7305252675467402
protein,graph+native0,3M9J,cluster_3M9J,3,210,0.5148842346506084,0.533349789892868,0.86251192165769
protein,graph+native0,3M9Q,cluster_3M9Q,1,176,0.4698079095711994,0.5190594453289926,0.93381127635802
protein,graph+native0,3MAB,cluster_1OPD,3,173,0.6459852618557363,0.5569453465897282,0.7643563732705738
protein,graph+native0,3MD4,cluster_3MD4,2,12,0.6753935934381471,0.7040291006800381,0.781491387648004
protein,graph+native0,3MD5,cluster_3MD5,1,12,0.7452362366079771,0.8741258741258742,0.9386104376011525
protein,graph+native0,3MEA,cluster_3MEA,3,166,0.6761728874889562,0.7374211320418329,0.7569579364542666
protein,graph+native0,3MGN,cluster_3MGN,4,348,0.1513499786642529,0.19508901521198557,1.211226275764137
protein,graph+native0,3MRE,cluster_3MRE,2,383,0.6735882506019255,0.7401578057615736,0.7515924459785122
protein,graph+native0,3N11,cluster_3N11,5,325,0.5499153744027012,0.6149706673511945,0.8428629815776876
protein,graph+native0,3NE0,cluster_3NE0,4,208,0.6882890811284381,0.6992464158245555,0.7320161288291365
protein,graph+native0,3NGG,cluster_3NGG,3,94,0.7112144481803662,0.5962763882421862,0.7327862097741118
protein,graph+native0,3NPV,cluster_3NPV,2,495,0.601909829233483,0.5780786662931463,0.8067049615474934
protein,graph+native0,3NVG,cluster_3NVG,3,6,0.6060494898711253,0.6571428571428573,0.9198264002219794
protein,graph+native0,3NZL,cluster_3NZL,1,73,0.6219340648671929,0.6075855640948743,0.7887108918192149
protein,graph+native0,3O0P,cluster_3O0P,2,194,0.7199576104605356,0.7301022223804438,0.6941766460723252
protein,graph+native0,3O5P,cluster_3O5P,1,128,0.7157234728238256,0.6737549590746089,0.7027445390727751
protein,graph+native0,3OBQ,cluster_3OBQ,1,150,0.657974633037457,0.41441351747876426,0.7531488314499677
protein,graph+native0,3OQY,cluster_3OQY,3,234,0.6418874135390965,0.5946949475476104,0.78027992649404
protein,graph+native0,3P6J,cluster_3P6J,5,125,0.80737238209319,0.7684563346156402,0.6168095931045052
protein,graph+native0,3PD7,cluster_3PD7,1,188,0.6956650842200504,0.7421139606587565,0.7242167892824094
protein,graph+native0,3PES,cluster_3PES,4,165,0.6133138334248129,0.571391075096339,0.8076892905340484
protein,graph+native0,3PID,cluster_3PID,3,387,0.539474995214177,0.49261990738834427,0.8525169578349435
protein,graph+native0,3PIW,cluster_3PIW,1,154,0.7456842096979974,0.7183187909749787,0.6861925513086672
protein,graph+native0,3PKV,cluster_3PKV,3,221,0.5574159163991607,0.6151141983844006,0.8316104271626806
protein,graph+native0,3PSM,cluster_3PSM,2,94,0.8187404349477998,0.8768468280628988,0.58203433096719
protein,graph+native0,3PTL,cluster_3PTL,5,289,0.527806685363686,0.6241735345236101,0.8884499854495777
protein,graph+native0,3PVE,cluster_3PVE,1,347,0.7065500608510016,0.7228179854047213,0.720795373888648
protein,graph+native0,3PZ9,cluster_3PZ9,2,357,0.7017164130109189,0.6970172806639533,0.7243670999863462
protein,graph+native0,3PZZ,cluster_3PZZ,4,12,0.841878467878176,0.7342657342657343,0.6171412766724511
protein,graph+native0,3Q2X,cluster_3Q2X,1,6,0.914708493693815,0.8285714285714287,0.46272890941253475
protein,graph+native0,3Q6L,cluster_3Q6L,4,131,0.630516674558156,0.6063077035007028,0.7863338426970845
protein,graph+native0,3QDS,cluster_3QDS,5,284,0.7250372203666179,0.7201439118141001,0.7147189337568912
protein,graph+native0,3QPA,cluster_3QPA,5,197,0.4780912139473141,0.7036942714061342,0.9029127950599085
protein,graph+native0,3R6D,cluster_3R6D,2,221,0.6817430209551373,0.7624268453381766,0.7406451678543042
protein,graph+native0,3R87,cluster_3R87,1,132,0.4162815036988784,0.36356355156173636,0.91544552941841
protein,graph+native0,3RQ9,cluster_3RQ9,3,162,0.48298907206628866,0.567606093017226,0.9472106525529485
protein,graph+native0,3RY0,cluster_3RY0,3,128,0.6227322570322982,0.6105020708062606,0.7914335846760931
protein,graph+native0,3RZY,cluster_3Q6L,5,139,0.7235449039968774,0.6580013652962853,0.7071032972146056
protein,graph+native0,3S0A,cluster_3S0A,3,119,0.5420449379626415,0.5523326615484139,0.8450077110073337
protein,graph+native0,3SD2,cluster_3SD2,2,86,0.41151359944832905,0.519605253434791,0.9193320783219915
protein,graph+native0,3SEB,cluster_3SEB,3,238,0.6649673536327907,0.7742399507309183,0.7535992002095774
protein,graph+native0,3SED,cluster_3SED,3,124,0.6529823514013363,0.661179080894429,0.7841289133688852
protein,graph+native0,3SO6,cluster_3SO6,5,150,0.683740831400305,0.6916587699807413,0.7364802670424467
protein,graph+native0,3SR3,cluster_3SR3,5,637,0.5802927928058147,0.5853507101621365,0.8172185043536343
protein,graph+native0,3SUK,cluster_3SUK,3,248,0.64200745576408,0.6479413603944754,0.7737812605750356
protein,graph+native0,3SZH,cluster_3SZH,3,697,0.778976912902027,0.7725604518789647,0.6338148495005412
protein,graph+native0,3T0H,cluster_3T0H,5,208,0.7560151107875154,0.7995882047761566,0.6623361018088784
protein,graph+native0,3T3K,cluster_3T3K,3,122,0.7456565441238728,0.7841832293428268,0.6817501295880276
protein,graph+native0,3T47,cluster_3T47,1,141,0.5105711193601054,0.5098367849599004,0.8686464046634563
protein,graph+native0,3TDN,cluster_3TDN,4,357,0.4831317604852058,0.49327251246686193,0.8844216544096284
protein,graph+native0,3TOW,cluster_3TOW,3,152,0.5648164399997754,0.6986054205432791,0.838593963584115
protein,graph+native0,3TUA,cluster_3TUA,2,210,0.6298814633654692,0.7719324162233563,0.7858797833676433
protein,graph+native0,3TYS,cluster_3TYS,5,75,0.6976293038271574,0.6837036618317958,0.7522565037620363
protein,graph+native0,3U6G,cluster_3U6G,5,248,0.6196302401994521,0.6069592148175457,0.7896230007039599
protein,graph+native0,3U97,cluster_3U97,2,77,0.7068538438066639,0.7040946435047997,0.721473693876133
protein,graph+native0,3UCI,cluster_3UCI,5,72,0.526337039275376,0.5012862563508907,0.8730204761365117
protein,graph+native0,3UR8,cluster_3UR8,4,637,0.7071460554476737,0.6549279829486941,0.7151200663937252
protein,graph+native0,3US6,cluster_3US6,1,148,0.6259059311164984,0.5074425750226997,0.797404484905205
protein,graph+native0,3V1A,cluster_3V1A,3,48,0.4422955583938869,0.49755727141557515,0.8999642728774848
protein,graph+native0,3V75,cluster_3V75,2,285,0.5869170383030576,0.5309904502855834,0.8149666181967371
protein,graph+native0,3VN0,cluster_3VN0,4,193,0.8290373994864716,0.6540852104862824,0.6336184592082406
protein,graph+native0,3VOR,cluster_3VOR,3,182,0.545613168730025,0.5333517797867928,0.8491161499798435
protein,graph+native0,3VUB,cluster_3VUB,4,101,0.5727318055526383,0.6318440992774563,0.8332529306485291
protein,graph+native0,3VVV,cluster_3VVV,5,108,0.7036988895685186,0.5650843251651693,0.7358571655536058
protein,graph+native0,3VZ9,cluster_3VZ9,5,163,0.7245176206224768,0.7308572905522565,0.7000940328729579
protein,graph+native0,3W4Q,cluster_1ES5,4,773,0.6971288730614262,0.7130155589687343,0.7300754063352285
protein,graph+native0,3ZBD,cluster_3ZBD,4,213,0.5086132772193884,0.44993570555533335,0.8746065178929388
protein,graph+native0,3ZIT,cluster_3ZIT,5,152,0.41969518971911146,0.445091055724164,0.92223218013273
protein,graph+native0,3ZRX,cluster_3ZRX,3,221,0.5815825715055656,0.5848800634032199,0.813564217533578
protein,graph+native0,3ZSL,cluster_3ZSL,3,138,0.6805904756198007,0.5535393619035176,0.7414112925577504
protein,graph+native0,3ZZP,cluster_3ZZP,2,74,0.5420998968266444,0.5392492985254668,0.8414014263013321
protein,graph+native0,3ZZY,cluster_3ZZY,4,226,0.7346982319338453,0.6182402719610031,0.6827339459699445
protein,graph+native0,4A02,cluster_4A02,1,166,0.5107792643975468,0.6311828718909012,0.8751000203704936
protein,graph+native0,4ACJ,cluster_4ACJ,1,167,0.7594005278916764,0.803650626958746,0.6786409656104324
protein,graph+native0,4AE7,cluster_4AE7,1,186,0.7456905988317536,0.6990234409712184,0.6726145876442748
protein,graph+native0,4AM1,cluster_4AM1,2,345,0.5879434248292709,0.5935683362294758,0.8093415120836118
protein,graph+native0,4ANN,cluster_4ANN,5,176,0.5654800584064652,0.5717769898776427,0.8305629569973694
protein,graph+native0,4AVR,cluster_4AVR,3,188,0.6396835053400782,0.7485330583558603,0.7933075560292288
protein,graph+native0,4AXY,cluster_4AXY,3,54,0.6187298670329278,0.5812304647052606,0.8159296491317073
protein,graph+native0,4B6G,cluster_4B6G,4,558,0.7336217382075065,0.7377921164480222,0.6904621235877448
protein,graph+native0,4B9G,cluster_4B9G,1,292,0.7893609138082489,0.7814536866389777,0.6356493603326392
protein,graph+native0,4DD5,cluster_4DD5,4,387,0.6241696052278619,0.6580836593075873,0.7946264317084352
protein,graph+native0,4DKN,cluster_4DKN,5,423,0.7109275447248888,0.7053368078446456,0.732542940677132
protein,graph+native0,4DND,cluster_4DND,5,95,0.7418591835369542,0.643710259348354,0.6759565683437364
protein,graph+native0,4DPZ,cluster_4DPZ,4,109,0.7368394826836713,0.6847915484606933,0.6974867945797073
protein,graph+native0,4DQ7,cluster_4DQ7,4,328,0.7163437239173084,0.7359764374274828,0.712548684989579
protein,graph+native0,4DT4,cluster_4DT4,5,160,0.7627553027182774,0.734245584045566,0.7169087288168439
protein,graph+native0,4EK3,cluster_4EK3,3,287,0.6767100415384849,0.700674214288949,0.7445607084470507
protein,graph+native0,4ERY,cluster_4ERY,5,318,0.7150641022569583,0.7605298633622884,0.7226704707413644
protein,graph+native0,4ES1,cluster_4ES1,4,95,0.7213862832570751,0.6917652660140431,0.7315743538195415
protein,graph+native0,4EUG,cluster_4EUG,5,225,0.5679719302168074,0.6294959102285571,0.8232237056484067
protein,graph+native0,4F01,cluster_4F01,1,448,0.30814854800684144,0.50109406810308,1.0343543792941103
protein,graph+native0,4F3J,cluster_4F3J,3,143,0.6044459171962095,0.5734277500663564,0.8048638310307376
protein,graph+native0,4FR9,cluster_4FR9,5,141,0.6152322754140968,0.632327003122652,0.7981102196831699
protein,graph+native0,4G14,cluster_4G14,4,15,0.47516475710897554,0.5,0.9263458766926128
protein,graph+native0,4G2E,cluster_4G2E,2,151,0.7350605627018746,0.7865955728371519,0.683404861626877
protein,graph+native0,4G5X,cluster_4G5X,3,550,0.7223794479407583,0.7323744953160285,0.7078452145679581
protein,graph+native0,4G6C,cluster_4G6C,2,658,0.5890466347506449,0.5592194288072547,0.8164721294721348
protein,graph+native0,4G7X,cluster_4G7X,3,194,0.6215113990555073,0.5370748317619572,0.7986680428114619
protein,graph+native0,4GA2,cluster_4GA2,1,144,0.5209391294275133,0.5483262934144975,0.8556842118475835
protein,graph+native0,4GMQ,cluster_4GMQ,3,92,0.6246506782161777,0.5906169566758627,0.7850799143371063
protein,graph+native0,4GS3,cluster_4GS3,2,90,0.5196095506271668,0.6659587516507766,0.925579227342474
protein,graph+native0,4H4J,cluster_4H4J,4,236,0.8032479932285373,0.839378176866328,0.6199577629152931
protein,graph+native0,4H89,cluster_4H89,2,168,0.6125975426104386,0.5803202700035058,0.7915167798876679
protein,graph+native0,4HDE,cluster_4HDE,5,168,0.7350166935949165,0.7882277833766668,0.6964260960267671
protein,graph+native0,4HJP,cluster_4HJP,1,281,0.712414643138864,0.7844488348714674,0.711060193719161
protein,graph+native0,4HWM,cluster_4HWM,2,117,0.6404936313903211,0.5979678848036468,0.7802018240718527
protein,graph+native0,4IL7,cluster_4IL7,2,85,0.3950773213478575,0.33660676771948683,0.9370785556945155
protein,graph+native0,4J11,cluster_4J11,1,357,0.6406935322913591,0.5244271792247307,0.7744265234021722
protein,graph+native0,4J5O,cluster_4J5O,2,220,0.7326594230298618,0.6233026291097115,0.6869725372387423
protein,graph+native0,4J5Q,cluster_2FG1,5,146,0.7233605196169188,0.7586762040995731,0.7030668648226917
protein,graph+native0,4J78,cluster_4J78,4,305,0.6470524754558483,0.7591072205487889,0.7675301884238451
protein,graph+native0,4JG2,cluster_4JG2,5,185,0.7748063694823797,0.8117186216135557,0.6766317385350282
protein,graph+native0,4JVU,cluster_4JVU,1,207,0.7053149877531033,0.8010336546658235,0.7219302543118536
protein,graph+native0,4JYP,cluster_4JYP,4,534,0.6449933496672546,0.7094769877319113,0.7679111941418032
protein,graph+native0,4KEF,cluster_4KEF,3,133,0.49679882448840723,0.4574698308310321,0.8902941655600972
protein,graph+native0,5CYT,cluster_1CCR,3,103,0.3520529613340256,0.30455375407740964,0.9382694795116795
protein,graph+native0,6RXN,cluster_6RXN,1,45,0.5520450330228364,0.5138339920948616,0.8580995569550193
protein,center0,1ABA,cluster_1ABA,4,87,0.6484910872692243,0.695885542472053,0.8125206448288855
protein,center0,1AHO,cluster_1AHO,4,64,0.6032688457048642,0.6867981547857793,0.8347906295688394
protein,center0,1AIE,cluster_1AIE,3,31,0.5923331097189856,0.27983870967741936,0.9562855283275858
protein,center0,1AKG,cluster_1AKG,1,16,0.5376429456999647,0.6254600663118389,1.2470553399152835
protein,center0,1ATG,cluster_1ATG,1,231,0.5273779459958927,0.5846371919947106,0.8534961236426875
protein,center0,1BGF,cluster_1BGF,4,124,0.4910882416360293,0.24311833491379584,0.8940245102445075
protein,center0,1BX7,cluster_1BX7,4,51,0.5184643778854425,0.2858823529411765,1.0643610716574092
protein,center0,1BYI,cluster_1BYI,1,224,0.5061805225068987,0.5036746423817203,0.8647832334956925
protein,center0,1CCR,cluster_1CCR,2,111,0.38286445076975906,0.34215173753074557,0.9408261210220427
protein,center0,1CYO,cluster_1CYO,5,88,0.4987400623210259,0.5284824897715044,0.9724072533162986
protein,center0,1DF4,cluster_1DF4,1,57,0.8574593788030556,0.8145579465906145,0.6909316759196253
protein,center0,1E5K,cluster_1E5K,2,188,0.7322395861360005,0.7135466661441745,0.6971727476739437
protein,center0,1ES5,cluster_1ES5,5,260,0.5592663715519094,0.6131634251460283,0.8539894716557762
protein,center0,1ETL,cluster_1ETL,3,12,-0.5200253126961266,-0.5742906277822775,1.3678880783530758
protein,center0,1ETM,cluster_1ETM,5,12,0.24824737717634965,0.023600109294981457,1.3534645810816495
protein,center0,1ETN,cluster_1ETN,4,12,0.15505335172005372,0.07021834702370357,1.4354030183324409
protein,center0,1EW4,cluster_1EW4,2,106,0.553131257002064,0.5837435322450433,0.8704749133548383
protein,center0,1F8R,cluster_1F8R,3,1932,0.6792856609865208,0.6293012306855249,0.7846923038323393
protein,center0,1FF4,cluster_1FF4,1,65,0.6440339562841498,0.5576546946868591,0.8629512199087832
protein,center0,1FK5,cluster_1FK5,4,93,0.4427954585919777,0.4229927075632737,0.9083859029939183
protein,center0,1GCO,cluster_1GCO,4,1044,0.6372066752869119,0.5914324182300609,0.800264659470491
protein,center0,1GK7,cluster_1GK7,4,39,0.7503098579371313,0.505693608623743,0.6779219425735357
protein,center0,1GVD,cluster_1GVD,1,52,0.7184118248910899,0.5295938188224775,0.8361950413684035
protein,center0,1GXU,cluster_1GXU,2,88,0.5732629211035614,0.50069345078666,0.8481763580566729
protein,center0,1H6V,cluster_1H6V,2,2927,0.5019312418271028,0.5023608927362261,0.8906622469008828
protein,center0,1HJE,cluster_1HJE,5,13,0.6777140186298595,0.6538461538461539,1.2928173552259787
protein,center0,1I71,cluster_1I71,3,83,0.570649713614357,0.6279983841433469,0.8585404496140359
protein,center0,1IDP,cluster_1IDP,4,441,0.7106251134841615,0.7910246198168098,0.738798755407273
protein,center0,1IFR,cluster_1IFR,2,113,0.6983178593225715,0.7443057767787463,0.7699158940129162
protein,center0,1K8U,cluster_1K8U,4,89,0.37001386193416214,0.2830961997650758,1.0127764150661358
protein,center0,1KMM,cluster_1KMM,4,1499,0.5669444105232778,0.5999698185895,0.8351289059711554
protein,center0,1KNG,cluster_1KNG,4,144,0.4307144834786878,0.4433532876454306,0.9038183006468348
protein,center0,1KR4,cluster_1KR4,3,110,0.5451143228909809,0.5564351793919564,0.8626689850333746
protein,center0,1KYC,cluster_1KYC,1,15,0.702221769982174,0.7035714285714285,1.151666684077436
protein,center0,1LR7,cluster_1LR7,4,73,0.7030912941937644,0.7820774873542481,0.8353225207871544
protein,center0,1MF7,cluster_1MF7,4,194,0.6651961529921472,0.7449623312649329,0.7649870684500123
protein,center0,1N7E,cluster_1N7E,1,95,0.6776521362778912,0.6700868220570356,0.8136847152140049
protein,center0,1NKD,cluster_1NKD,4,59,0.4971847090861299,0.6126307801685522,0.8711198049851603
protein,center0,1NKO,cluster_1NKO,5,122,0.5408424874091378,0.7317331888419123,0.8789052739024058
protein,center0,1NLS,cluster_1NLS,1,237,0.4767632029874822,0.6486988625819697,0.882202160466544
protein,center0,1NNX,cluster_1NNX,2,93,0.7087538257193173,0.7399621015132627,0.7583664826615879
protein,center0,1NOA,cluster_1NOA,3,113,0.508353102549751,0.38775518694198424,0.877954550391478
protein,center0,1NOT,cluster_1NOT,2,13,0.7851723381053524,0.6043956043956044,1.3909654720035487
protein,center0,1O06,cluster_1O06,2,20,0.8406790835481232,0.6556390977443608,0.7033857678034288
protein,center0,1O08,cluster_1O08,4,221,0.2328326603220876,0.45167066218892776,1.0005393761672554
protein,center0,1OB4,cluster_1OB4,5,16,0.42515816823327574,0.2823529411764706,1.1215851256124323
protein,center0,1OB7,cluster_1OB7,2,16,0.613834217114004,0.8550407024168906,1.0256340903295786
protein,center0,1OPD,cluster_1OPD,4,85,0.2591266446745354,0.41258751508952013,0.9893894530537012
protein,center0,1P9I,cluster_1P9I,4,29,0.6813849414305133,0.5586206896551724,0.7651376466826115
protein,center0,1PEF,cluster_1PEF,4,18,0.8614144589305756,0.9050567595459237,0.6598504627549352
protein,center0,1PEN,cluster_1PEN,3,16,0.2394982180925153,0.1398087207049993,1.352762536982569
protein,center0,1PMY,cluster_1PMY,4,123,0.5649235859381593,0.5374078588538247,0.8366667815210672
protein,center0,1PZ4,cluster_1PZ4,5,113,0.6059643682201449,0.5392547247979743,0.8618095422937809
protein,center0,1Q9B,cluster_1Q9B,4,43,0.6418409419550787,0.7349743279975839,0.8049736111910087
protein,center0,1QAU,cluster_1QAU,5,112,0.657344447452109,0.6320438214111006,0.7966144064613743
protein,center0,1QKI,cluster_1QKI,1,3912,0.5490674922067967,0.5689581523011645,0.8366236664312426
protein,center0,1QTO,cluster_1QTO,5,122,0.551091304812937,0.6193642191561144,0.8666737697977621
protein,center0,1R29,cluster_1R29,2,122,0.5148858231622441,0.44305949571680264,0.8695304537856736
protein,center0,1R7J,cluster_1R7J,1,90,0.7216267875205358,0.5521760247037906,0.7174154279571191
protein,center0,1RJU,cluster_1RJU,5,36,0.3739195521010585,0.20514800514800519,1.1426075426997273
protein,center0,1RRO,cluster_1RRO,1,108,0.16445294863665633,0.1383572900831139,1.0433806814244326
protein,center0,1SAU,cluster_1SAU,4,114,0.5941786314234595,0.5734588903565532,0.8222713040245379
protein,center0,1TGR,cluster_1TGR,4,104,0.657181627510879,0.5886209481220244,0.8351135074185828
protein,center0,1TZV,cluster_1TZV,4,141,0.7593173900419248,0.7371625071245336,0.7032086002209801
protein,center0,1U06,cluster_1U06,5,55,0.3850973737807297,0.2644708599070193,0.9936138748154448
protein,center0,1U7I,cluster_1U7I,2,267,0.7199564236394547,0.7746902566770343,0.7263327102291541
protein,center0,1U9C,cluster_1U9C,5,221,0.5375747510807172,0.41051893128375927,0.8542716412290525
protein,center0,1UHA,cluster_1UHA,5,82,0.6577620630090204,0.6834532375719942,0.7861578775098239
protein,center0,1UKU,cluster_1KR4,2,102,0.6366493952564078,0.5705456601731019,0.8134539922011352
protein,center0,1ULR,cluster_1ULR,1,87,0.6093411899053961,0.5945623300429259,0.8260550636176339
protein,center0,1UOY,cluster_1UOY,2,64,0.6968436342299529,0.6197415263859143,0.7629620082670677
protein,center0,1USE,cluster_1USE,2,40,-0.041860729704289716,-0.33789868667917455,1.2602544209115856
protein,center0,1USM,cluster_1USM,3,77,0.7200184100252311,0.7328903523631685,0.7676430221470286
protein,center0,1UTG,cluster_1UTG,3,70,0.4704028714847514,0.4587215355046978,0.9435003913541805
protein,center0,1V05,cluster_1V05,3,96,0.5227211526802089,0.41739578674196604,0.8648378784066268
protein,center0,1V70,cluster_1V70,3,105,0.4986356147763928,0.5875562422213049,0.8826363773301951
protein,center0,1VRZ,cluster_1VRZ,2,21,0.6530495034940819,0.7615336240492916,1.3299054288745278
protein,center0,1W2L,cluster_1W2L,4,97,0.3939071889830656,0.2721259739037746,0.9591458675839588
protein,center0,1WBE,cluster_1WBE,4,204,0.46863521583972456,0.5743666871508611,0.9023022841349466
protein,center0,1WHI,cluster_1WHI,4,122,0.47179919727705816,0.6170864168166231,0.9030363442833539
protein,center0,1WLY,cluster_1WLY,3,322,0.6281237517614923,0.676893536943041,0.789843676540448
protein,center0,1WPA,cluster_1WPA,5,107,0.5066677715652268,0.320327596660862,0.8778580625699308
protein,center0,1X3O,cluster_1X3O,4,80,0.5334484615612599,0.44091913338270833,0.8910375963439457
protein,center0,1XY1,cluster_1XY1,3,16,-0.0027942349474444628,0.11386663006020979,1.8019264545392375
protein,center0,1XY2,cluster_1XY2,3,8,0.16636010167102921,0.2545875386086578,1.668320689440801
protein,center0,1Y6X,cluster_1Y6X,3,87,0.4607284664242367,0.5140451358091552,0.9297191290645556
protein,center0,1YJO,cluster_1YJO,2,6,-0.010215160374918642,-0.08571428571428573,1.1880860960073745
protein,center0,1YZM,cluster_1YZM,5,46,0.788269982828689,0.7304798336330459,0.7057576665744646
protein,center0,1Z21,cluster_1Z21,2,96,0.587227812574146,0.690742241716177,0.8519291832405762
protein,center0,1ZCE,cluster_1ZCE,2,146,0.7776357626896135,0.7730864150284037,0.6800145892781937
protein,center0,1ZVA,cluster_1ZVA,3,75,0.6378989600296644,0.542363720008584,0.8212189004017887
protein,center0,2A50,cluster_2A50,5,457,0.5455383309628339,0.6323089997947692,0.8408501404445048
protein,center0,2AGK,cluster_2AGK,2,233,0.6296826789735701,0.6763573457104695,0.7896601213472709
protein,center0,2AH1,cluster_2AH1,3,939,0.5043951068531677,0.5196211640731148,0.9089915081597988
protein,center0,2B0A,cluster_2B0A,4,186,0.5227652585461179,0.5669001837902773,0.8659554929237521
protein,center0,2BCM,cluster_2BCM,4,413,0.37257988769860906,0.31836418056952,0.9457552308975395
protein,center0,2BF9,cluster_2BF9,1,36,0.46244848812450995,0.7099555970683,1.065714890496451
protein,center0,2BRF,cluster_2BRF,3,100,0.7601458024162333,0.6837449897617346,0.6786977998325563
protein,center0,2C71,cluster_2C71,2,205,0.5162785975364941,0.6012938382281059,0.86751428870275
protein,center0,2CE0,cluster_2CE0,3,99,0.3339730688124503,0.3945168882130667,0.9719134634793711
protein,center0,2CG7,cluster_2CG7,3,90,0.46151797320026144,0.4277012233569017,0.9238653765713737
protein,center0,2COV,cluster_2COV,5,534,0.670173821228193,0.6521693088831135,0.7525495116354987
protein,center0,2CWS,cluster_2CWS,3,227,0.6761924594072801,0.6846354356030877,0.7549688926016571
protein,center0,2D5W,cluster_2D5W,5,1214,0.6213398542496623,0.5726402054767787,0.8337430658015055
protein,center0,2DKO,cluster_2DKO,2,253,0.7191207194572025,0.6396020880509925,0.7001797710740947
protein,center0,2DPL,cluster_2DPL,1,565,0.3977736229360118,0.4477013886964907,0.9216018984373266
protein,center0,2DSX,cluster_2DSX,5,52,0.38312890907228786,0.30848043778160805,0.9835531833948231
protein,center0,2E10,cluster_2E10,3,439,0.7274175887972144,0.7412969486133749,0.712787085209937
protein,center0,2E3H,cluster_2E3H,1,81,0.6409470575702618,0.692062739649796,0.7834067502824502
protein,center0,2EAQ,cluster_2EAQ,1,89,0.6065151934750964,0.4529084045534898,0.8287236803283821
protein,center0,2EHP,cluster_2EHP,2,248,0.7596829663770011,0.7988351415838959,0.6960460505257289
protein,center0,2EHS,cluster_1X3O,1,75,0.643025421928926,0.5751717663706581,0.8904922194631861
protein,center0,2ERW,cluster_2ERW,2,53,0.14043405423443964,0.14659812545708886,1.0726955428395233
protein,center0,2ETX,cluster_2ETX,5,389,0.5553873683804263,0.540463059218139,0.8330362362952213
protein,center0,2FB6,cluster_2FB6,4,116,0.7152494856756518,0.6351863851952863,0.7555994933357457
protein,center0,2FG1,cluster_2FG1,1,157,0.5670855067005707,0.49341537595759294,0.8253673897697474
protein,center0,2FN9,cluster_2FN9,5,560,0.5861740617105464,0.6110471957083143,0.8294757084716469
protein,center0,2FQ3,cluster_2FQ3,1,85,0.6269810332318899,0.6238616376783271,0.8742314727579629
protein,center0,2G69,cluster_2G69,4,99,0.5953183786163918,0.6253594642015949,0.8533419270187383
protein,center0,2G7O,cluster_2G7O,2,68,0.6080778716678386,0.31862646925016525,0.8404749667580489
protein,center0,2G7S,cluster_2G7S,5,190,0.6165832832533356,0.5715472932488012,0.8154973341965266
protein,center0,2GKG,cluster_2GKG,1,122,0.5383149076662377,0.5186028453012815,0.8462093486906788
protein,center0,2GOM,cluster_2GOM,1,121,0.49940154721608015,0.4023201659825003,0.8717760560304906
protein,center0,2GXG,cluster_2GXG,3,140,0.6149795265072657,0.5845379412009868,0.8161438027225111
protein,center0,2GZQ,cluster_2GZQ,3,191,0.2568907021255026,0.3280798762737348,0.9964978274914517
protein,center0,2HQK,cluster_2HQK,5,213,0.7007946423786378,0.72969674620443,0.754166385911963
protein,center0,2HYK,cluster_2HYK,5,237,0.4749205407434445,0.44688306891074947,0.8832410974985889
protein,center0,2I24,cluster_2I24,1,113,0.4525214446973244,0.4164095186318244,0.8935488728061746
protein,center0,2I49,cluster_2I49,1,398,0.5483242829305275,0.5794050510603534,0.8514711870143791
protein,center0,2IBL,cluster_2IBL,3,108,0.5243644667548922,0.5215510774122211,1.0292812999701342
protein,center0,2IGD,cluster_2IGD,3,61,0.5628466873662512,0.5867421139574616,0.9053201052435219
protein,center0,2IMF,cluster_2IMF,1,203,0.6641646038600645,0.6620778892009872,0.7688953430181588
protein,center0,2IP6,cluster_2IP6,5,87,0.35248776727721753,0.27612225932739687,0.9491650615345636
protein,center0,2IVY,cluster_2IVY,3,88,0.3792100942897474,0.32196367641773926,1.0477661556700406
protein,center0,2J32,cluster_2J32,4,244,0.7538225777058042,0.6955430234697377,0.6785996525370268
protein,center0,2J9W,cluster_2J9W,3,200,0.6247511296044375,0.6143407553329777,0.807278775631734
protein,center0,2JKU,cluster_2JKU,1,35,0.24170664736056768,0.014846978116106772,1.60577336851035
protein,center0,2JLI,cluster_2JLI,2,100,0.5478661909989297,0.503352905812606,0.8475004938463949
protein,center0,2JLJ,cluster_2JLI,3,115,0.6739556953527417,0.5462949264003949,0.7582013512518601
protein,center0,2MCM,cluster_1NOA,1,112,0.7375759275936723,0.6546109180968434,0.7171768450316025
protein,center0,2NLS,cluster_2NLS,5,36,0.3033288126387402,0.15830115830115832,1.0300307493403684
protein,center0,2NR7,cluster_2NR7,1,194,0.7172569896980827,0.6358832632073629,0.7377352544902872
protein,center0,2NUH,cluster_1KR4,1,104,0.6147029816124483,0.5599204084853656,0.8043021810585615
protein,center0,2O6X,cluster_2O6X,3,306,0.6681652913728752,0.7081984309114928,0.7709420638950175
protein,center0,2OA2,cluster_2OA2,5,132,0.366430938083935,0.37497048657946586,0.9409595907451318
protein,center0,2OCT,cluster_2OCT,1,192,0.4731399118182049,0.5269577071160924,0.8887738348268823
protein,center0,2OHW,cluster_2OHW,4,256,0.49589074520032594,0.5845659979393458,0.8800313434895819
protein,center0,2OKT,cluster_2OKT,3,342,0.3287879705946393,0.3378477142122264,0.9698713612014468
protein,center0,2OL9,cluster_2OL9,1,6,0.8968570633247676,0.942857142857143,0.7538612475312187
protein,center0,2OLX,cluster_2OLX,4,4,0.49632219059018223,0.6000000000000001,1.2752762463330243
protein,center0,2PKT,cluster_2PKT,5,91,0.03231919843007536,0.07168595789608603,1.1052803938403126
protein,center0,2PLT,cluster_2PLT,1,98,0.4264735225986967,0.4255776293058034,0.908111764677468
protein,center0,2PMR,cluster_2PMR,4,76,0.5629499686082124,0.6631806313761375,0.8527346011955325
protein,center0,2POF,cluster_2POF,2,440,0.5828325004655428,0.6365671334857262,0.8219563047494632
protein,center0,2PPN,cluster_2PPN,2,107,0.6332617557479335,0.7176746625975021,0.7937215408336827
protein,center0,2PSF,cluster_2PSF,2,608,0.5230202836692092,0.4433546524683884,0.8588718650646454
protein,center0,2PTH,cluster_2PTH,5,193,0.6882096827755423,0.7688251400065229,0.7443179687340291
protein,center0,2Q4N,cluster_2Q4N,4,153,0.6028754971523513,0.5228486393877044,0.861376628943229
protein,center0,2Q52,cluster_1WBE,2,412,0.7367217955803087,0.7264734428239839,0.7546242110482727
protein,center0,2QJL,cluster_2QJL,1,99,0.5219199748317045,0.6035332064878821,0.8821991220702083
protein,center0,2R16,cluster_2R16,2,175,0.4756941752693219,0.3954878228358381,0.8796682592950896
protein,center0,2R6Q,cluster_2R6Q,2,138,0.4934404808204337,0.331177252248708,0.8737917307273528
protein,center0,2RB8,cluster_2RB8,1,93,0.6429191483973378,0.5649145974431071,0.8031898014201071
protein,center0,2RE2,cluster_2RE2,2,238,0.5501939709005675,0.3788176450207803,0.8380433740346048
protein,center0,2RFR,cluster_2RFR,3,154,0.5729572238939168,0.3978011200474742,0.832137661907903
protein,center0,2V9V,cluster_2V9V,5,135,0.4100349110233928,0.3368257522803625,0.9238346165613686
protein,center0,2VE8,cluster_2VE8,3,515,0.5816758809230375,0.529779760083105,0.8215437470703716
protein,center0,2VH7,cluster_2VH7,5,94,0.670589347031926,0.6998887381350932,0.7997191596916816
protein,center0,2VIM,cluster_2VIM,5,104,0.29134099181551987,0.38340423832810916,0.9654888953394521
protein,center0,2VPA,cluster_2VPA,5,204,0.692782128618248,0.7491854536780205,0.8055614695694305
protein,center0,2VQ4,cluster_2VQ4,4,106,0.58657947175777,0.7329321166964478,0.8308355899257731
protein,center0,2VY8,cluster_2VY8,2,149,0.6568309976085063,0.6793036365171949,0.800023704108867
protein,center0,2VYO,cluster_2C71,3,206,0.6881177424569787,0.724777940454857,0.7477754760469552
protein,center0,2W1V,cluster_2W1V,2,548,0.6197677267879628,0.7011570304965776,0.8205235349263623
protein,center0,2W2A,cluster_2W2A,5,350,0.6299151241818279,0.6826344812577952,0.797779394429823
protein,center0,2W6A,cluster_2W6A,5,117,0.5931115533423429,0.4052152411948862,0.809403993275658
protein,center0,2WJ5,cluster_2WJ5,5,96,0.36979738124031536,0.4136546457987164,1.0806247766442607
protein,center0,2WUJ,cluster_2WUJ,5,100,0.33640099360726167,0.12232296623662313,0.9566771461531264
protein,center0,2WW7,cluster_2WW7,4,150,0.4648203700281827,0.5273251586848663,0.9443902123041592
protein,center0,2WWE,cluster_2WWE,4,111,0.43679733129432147,0.40450345319702397,0.9534110689441943
protein,center0,2X1Q,cluster_2X1Q,5,240,0.3617312633596353,0.3253229672650016,0.9426554429709446
protein,center0,2X25,cluster_2X25,4,168,0.5497366191881334,0.612693794859901,0.8358755253597443
protein,center0,2X3M,cluster_2X3M,2,166,0.6217790206868983,0.5099269164666772,0.8001602608128447
protein,center0,2X5Y,cluster_2X5Y,1,171,0.6526869701021789,0.6453913433312458,0.7786666507162701
protein,center0,2X9Z,cluster_2X9Z,3,262,0.5340972728417671,0.5322076443823057,0.8500458146291529
protein,center0,2XHF,cluster_2XHF,2,310,0.47792374503435764,0.5965703027729035,0.8809195171005333
protein,center0,2Y0T,cluster_2Y0T,1,101,0.6240674359832082,0.6611375306053707,0.7942317740533129
protein,center0,2Y72,cluster_2Y72,5,170,0.5936675770504785,0.5758941957216028,0.8139239028204485
protein,center0,2Y7L,cluster_2Y7L,2,319,0.6986254624199243,0.70392534869673,0.7486075175762638
protein,center0,2Y9F,cluster_2Y9F,5,149,0.6740604805488937,0.815248405136713,0.7464447377393145
protein,center0,2YLB,cluster_2YLB,3,400,0.6050014559974024,0.6857314635503485,0.8193251200028819
protein,center0,2YNY,cluster_2YNY,1,315,0.7058663073776823,0.7364986160722784,0.7457997237420837
protein,center0,2ZCM,cluster_2ZCM,3,357,0.30611330037251827,0.2708754828167358,0.9562163838525162
protein,center0,2ZU1,cluster_2ZU1,5,360,0.6495744734563307,0.7210797000389013,0.7872662148727387
protein,center0,3A0M,cluster_3A0M,3,148,0.7886618838192021,0.5430387455370641,0.7226777060711502
protein,center0,3A7L,cluster_3A7L,2,128,0.5974566530892932,0.5485709544794689,0.8101546901835148
protein,center0,3AMC,cluster_3AMC,3,614,0.6687076178745176,0.7299189569041776,0.7853735001023594
protein,center0,3AUB,cluster_3AUB,2,116,0.6345301390035971,0.6495555967344335,0.8231021927320198
protein,center0,3B5O,cluster_3B5O,5,230,0.6036727714682153,0.5830414927000156,0.806420324180644
protein,center0,3BA1,cluster_3BA1,4,312,0.6092890419267091,0.5303914162182534,0.8017648719250752
protein,center0,3BED,cluster_3BED,1,261,0.7797566990426713,0.811856956943689,0.6842733930065079
protein,center0,3BQX,cluster_3BQX,4,139,0.38694495606615564,0.4051570726543846,0.9706290953246566
protein,center0,3BZQ,cluster_3BZQ,2,99,0.5025367650388888,0.5563856301011165,0.9225040049185158
protein,center0,3BZZ,cluster_3BZZ,5,100,0.4223065236487393,0.41860465125511537,0.9266487310685445
protein,center0,3DRF,cluster_3DRF,1,547,0.48051373771348505,0.4531420517679496,0.8837583680072713
protein,center0,3DWV,cluster_3DWV,1,325,0.6748481766503374,0.7224458074083135,0.755286491087564
protein,center0,3E5T,cluster_2HQK,4,228,0.5370729859283778,0.517669047517434,0.8474636768963616
protein,center0,3E7R,cluster_3E7R,3,40,0.6099123484460535,0.6110616000841849,0.868156304432439
protein,center0,3EUR,cluster_3EUR,1,140,0.38472325834316995,0.3698084656557608,0.9366517826530428
protein,center0,3F2Z,cluster_3F2Z,4,149,0.6919580059374569,0.6926646195287937,0.7655821093921624
protein,center0,3F7E,cluster_3F7E,3,254,0.7549167487788422,0.8048547893106487,0.6855025190233551
protein,center0,3FCN,cluster_3FCN,4,158,0.4734870830729308,0.4174812962390716,0.8874305190407619
protein,center0,3FE7,cluster_3FE7,4,91,0.4326123583472075,0.46121748551011393,0.9261469464130776
protein,center0,3FKE,cluster_3FKE,4,250,0.5034756295690046,0.5007815543711889,0.8702678354538278
protein,center0,3FMY,cluster_3FMY,5,66,0.4223773442031147,0.4624874750506688,0.9538306328909013
protein,center0,3FOD,cluster_3FOD,2,48,0.3967232474101381,0.3697009178762242,1.471908886922429
protein,center0,3FSO,cluster_3FSO,1,221,0.7334144431139626,0.5632526704918394,0.7476681039368755
protein,center0,3FTD,cluster_3FTD,1,240,0.5859640838045039,0.6003623339411318,0.8170561639862489
protein,center0,3FVA,cluster_3FVA,5,6,0.6327863061150562,0.7775419143502353,0.8532878368155762
protein,center0,3G1S,cluster_3G1S,1,418,0.6658352192068776,0.7337502293128026,0.7885257205899638
protein,center0,3GBW,cluster_3GBW,2,161,0.7253169404148917,0.8357654657353297,0.7149946898694273
protein,center0,3GHJ,cluster_3GHJ,1,116,0.44579140671834944,0.44367986653103964,0.9327991933226223
protein,center0,3HFO,cluster_3HFO,2,197,0.6440540584489339,0.6602254074905901,0.7713672811564299
protein,center0,3HHP,cluster_3HHP,5,1234,0.6645219885247698,0.7087746237567721,0.8071625298504318
protein,center0,3HNY,cluster_3HNY,2,156,0.7689200830172942,0.7426138330761132,0.6612144584873304
protein,center0,3HP4,cluster_3HP4,2,183,0.524190498459377,0.3932269370100372,0.8531178527725636
protein,center0,3HWU,cluster_3HWU,2,144,0.648869140255832,0.5947963608357905,0.7734545777839473
protein,center0,3HYD,cluster_3HYD,5,7,0.27074001270863196,-0.3214285714285715,1.0911100981060202
protein,center0,3HZ8,cluster_3HZ8,2,192,0.5224770630375206,0.48172294599241916,0.8528058770043123
protein,center0,3I2V,cluster_3I2V,2,124,0.3949919094261688,0.40472323980811037,0.9337729442661176
protein,center0,3I2Z,cluster_3I2Z,4,138,0.5124020216905703,0.4920882264716173,0.8789924117312415
protein,center0,3I4O,cluster_3I4O,1,135,0.5911559456142411,0.6436212828933996,0.8143521584579844
protein,center0,3I7M,cluster_3I7M,2,134,0.5624040552452446,0.48427014212793473,0.8383294904826841
protein,center0,3IHS,cluster_1OPD,4,169,0.580207257581332,0.5183992720491671,0.823665799383417
protein,center0,3IVV,cluster_3IVV,3,149,0.7699864990094379,0.7580775792626232,0.6999341124973214
protein,center0,3K6Y,cluster_3K6Y,2,227,0.5365772309170804,0.5499440231807871,0.8446503239033727
protein,center0,3KBE,cluster_3KBE,2,140,0.6506739066218616,0.7015899603699568,0.779761466931564
protein,center0,3KGK,cluster_3KGK,4,190,0.7634740043865585,0.7655600670828584,0.6889938009833025
protein,center0,3KZD,cluster_3KZD,5,85,0.6131928266165242,0.65116233648273,0.8657351902625899
protein,center0,3L41,cluster_2ETX,1,220,0.598073293993968,0.6082686644154932,0.8104013128457008
protein,center0,3LAA,cluster_3LAA,3,169,0.5645915487371904,0.45293533751568066,0.9393796524109315
protein,center0,3LAX,cluster_3LAX,1,106,0.7839574760403556,0.7289321278803103,0.7232171317436138
protein,center0,3LG3,cluster_3LG3,5,833,0.6305900007425997,0.6364175379470717,0.7807768358022339
protein,center0,3LJI,cluster_3LJI,4,272,0.5553965783482666,0.521601704051564,0.8392098320544099
protein,center0,3M3P,cluster_3M3P,1,249,0.5287294535183975,0.5810839172823038,0.8506236180313012
protein,center0,3M8J,cluster_3M8J,4,178,0.5899291768933276,0.6008853916879439,0.8164835143823607
protein,center0,3M9J,cluster_3M9J,3,210,0.4640213582658893,0.48561347312833153,0.8880767603237879
protein,center0,3M9Q,cluster_3M9Q,1,176,0.4418697735706672,0.5005032514830919,0.9452337576167332
protein,center0,3MAB,cluster_1OPD,3,173,0.557990571970683,0.45661385564395945,0.8407846148460727
protein,center0,3MD4,cluster_3MD4,2,12,0.5873731051824076,0.6129606597960531,1.6749694354379927
protein,center0,3MD5,cluster_3MD5,1,12,0.4119115363620793,0.39860139860139865,1.7538826784839197
protein,center0,3MEA,cluster_3MEA,3,166,0.6581895867281624,0.6691755755374466,0.773623301945154
protein,center0,3MGN,cluster_3MGN,4,348,0.13291561134028948,0.15650156720537464,1.1495911503202025
protein,center0,3MRE,cluster_3MRE,2,383,0.6332734619027176,0.722384180260644,0.7831936374110978
protein,center0,3N11,cluster_3N11,5,325,0.4837814596959368,0.561142564908726,0.8821105570907519
protein,center0,3NE0,cluster_3NE0,4,208,0.5745564003889961,0.5868208774324705,0.8346977750776626
protein,center0,3NGG,cluster_3NGG,3,94,0.7165741009890587,0.6599404684669465,0.7183357740788205
protein,center0,3NPV,cluster_3NPV,2,495,0.539155703611016,0.5356533727143103,0.8672758026319531
protein,center0,3NVG,cluster_3NVG,3,6,0.32936955836199244,0.4285714285714286,1.47244935136871
protein,center0,3NZL,cluster_3NZL,1,73,0.3828961796383789,0.5634328654243602,0.9729643607398155
protein,center0,3O0P,cluster_3O0P,2,194,0.6702930191129385,0.6146605558550954,0.749569802977491
protein,center0,3O5P,cluster_3O5P,1,128,0.6260417392538971,0.6856091550421048,0.791919773415861
protein,center0,3OBQ,cluster_3OBQ,1,150,0.5386164347550547,0.3767831998801974,0.8631909912517748
protein,center0,3OQY,cluster_3OQY,3,234,0.6740973495041396,0.6613333295928994,0.753367296365305
protein,center0,3P6J,cluster_3P6J,5,125,0.7418864626726627,0.74622271105993,0.696280636613215
protein,center0,3PD7,cluster_3PD7,1,188,0.6503175800836564,0.7125515395911582,0.7778820591517146
protein,center0,3PES,cluster_3PES,4,165,0.49116157352049106,0.543264658494042,0.9160285170133189
protein,center0,3PID,cluster_3PID,3,387,0.5170608568929103,0.4641698259571242,0.8560405638815668
protein,center0,3PIW,cluster_3PIW,1,154,0.6273205963333519,0.6437394957431902,0.7937234703529085
protein,center0,3PKV,cluster_3PKV,3,221,0.5518885942136725,0.610363043392849,0.8361611295381683
protein,center0,3PSM,cluster_3PSM,2,94,0.772239987387771,0.7798183697432177,0.673073349343519
protein,center0,3PTL,cluster_3PTL,5,289,0.4988459135278785,0.6198984601608917,0.902697571904893
protein,center0,3PVE,cluster_3PVE,1,347,0.6810682570367155,0.7091261587763215,0.7762881867512214
protein,center0,3PZ9,cluster_3PZ9,2,357,0.6463393220745937,0.6625416772173981,0.7985739302869655
protein,center0,3PZZ,cluster_3PZZ,4,12,0.8997741094347379,0.8251748251748254,1.5193601198403925
protein,center0,3Q2X,cluster_3Q2X,1,6,0.9302000442087722,0.7714285714285715,1.2501660959553216
protein,center0,3Q6L,cluster_3Q6L,4,131,0.588678340551515,0.5539846205321383,0.8525235909964349
protein,center0,3QDS,cluster_3QDS,5,284,0.7197406127655289,0.7364755636901447,0.7419914422243291
protein,center0,3QPA,cluster_3QPA,5,197,0.3825996275981457,0.6857556122473618,0.9365774073976676
protein,center0,3R6D,cluster_3R6D,2,221,0.5674271854233432,0.6414742557932693,0.832702101487301
protein,center0,3R87,cluster_3R87,1,132,0.4379519252960275,0.39825934053392636,0.9176865898690734
protein,center0,3RQ9,cluster_3RQ9,3,162,0.5568802232620512,0.6260392659804892,0.8672645893791688
protein,center0,3RY0,cluster_3RY0,3,128,0.5610388582918404,0.6603872647609836,0.872981483902403
protein,center0,3RZY,cluster_3Q6L,5,139,0.6576195484722924,0.6214909160962575,0.7960821345151803
protein,center0,3S0A,cluster_3S0A,3,119,0.44417944292023703,0.4702355094515301,0.8984687145707505
protein,center0,3SD2,cluster_3SD2,2,86,0.3141712541428706,0.43764623762718624,1.0391970092289395
protein,center0,3SEB,cluster_3SEB,3,238,0.6072823780240993,0.6854067156090524,0.809368416815966
protein,center0,3SED,cluster_3SED,3,124,0.5742296165999566,0.5680894421060341,0.8401459665477374
protein,center0,3SO6,cluster_3SO6,5,150,0.6528757525943089,0.5855075195135885,0.7674911037651393
protein,center0,3SR3,cluster_3SR3,5,637,0.48624243521456023,0.49394394953056514,0.8935287100360265
protein,center0,3SUK,cluster_3SUK,3,248,0.5624204343536029,0.6176141136861857,0.8449093158905272
protein,center0,3SZH,cluster_3SZH,3,697,0.7263750592839346,0.7342456242619849,0.7361973770273982
protein,center0,3T0H,cluster_3T0H,5,208,0.7489867280011544,0.7532539058522889,0.7138792986776545
protein,center0,3T3K,cluster_3T3K,3,122,0.5618067616471846,0.7124321128151334,0.8687988777126346
protein,center0,3T47,cluster_3T47,1,141,0.39543887674389955,0.44279766685256644,0.9568140552701491
protein,center0,3TDN,cluster_3TDN,4,357,0.432261146055886,0.468966759561995,0.9101805887976643
protein,center0,3TOW,cluster_3TOW,3,152,0.5026738824817173,0.6450571194210974,0.886396267915547
protein,center0,3TUA,cluster_3TUA,2,210,0.6534900915376918,0.7413417768335898,0.7861415864558716
protein,center0,3TYS,cluster_3TYS,5,75,0.6092344323462803,0.5188767819107543,0.9223375765286045
protein,center0,3U6G,cluster_3U6G,5,248,0.6185934188527163,0.570170899277047,0.8014302525908978
protein,center0,3U97,cluster_3U97,2,77,0.6813219148041785,0.6162734144469331,0.781271434169397
protein,center0,3UCI,cluster_3UCI,5,72,0.49149443338747856,0.4111518425622227,0.9226711398934091
protein,center0,3UR8,cluster_3UR8,4,637,0.6614708416453616,0.6102097534201779,0.7891386503457561
protein,center0,3US6,cluster_3US6,1,148,0.4480734908974201,0.46322024174368204,0.8992258732279479
protein,center0,3V1A,cluster_3V1A,3,48,0.4990807484158937,0.6546520503242239,0.9001814016506918
protein,center0,3V75,cluster_3V75,2,285,0.49427767504906805,0.47320329777262204,0.8793213211608786
protein,center0,3VN0,cluster_3VN0,4,193,0.7572061589819744,0.6654820517543815,0.6993539405726842
protein,center0,3VOR,cluster_3VOR,3,182,0.5713887786160583,0.5991078058892032,0.8385406341124225
protein,center0,3VUB,cluster_3VUB,4,101,0.42845115048794097,0.5261649747612521,0.954496272690567
protein,center0,3VVV,cluster_3VVV,5,108,0.6434644795306669,0.6313535606109526,0.8377306604652823
protein,center0,3VZ9,cluster_3VZ9,5,163,0.6127716977055507,0.6533159036675915,0.8065984584947753
protein,center0,3W4Q,cluster_1ES5,4,773,0.6612461658572808,0.6899524476523264,0.8132608375581444
protein,center0,3ZBD,cluster_3ZBD,4,213,0.5220558335348419,0.47659663508365663,0.869776609000082
protein,center0,3ZIT,cluster_3ZIT,5,152,0.3874166025635514,0.3741020223912367,0.9257004778712403
protein,center0,3ZRX,cluster_3ZRX,3,221,0.4678332373056273,0.46291419425507513,0.8838204267639244
protein,center0,3ZSL,cluster_3ZSL,3,138,0.6122987561609197,0.581099886724246,0.8063853063511631
protein,center0,3ZZP,cluster_3ZZP,2,74,0.3684382847993428,0.428784053065139,0.9708378833858866
protein,center0,3ZZY,cluster_3ZZY,4,226,0.7045237430239504,0.5945155991744877,0.7424223129160835
protein,center0,4A02,cluster_4A02,1,166,0.4305181310377062,0.6415364112198332,0.902783569150179
protein,center0,4ACJ,cluster_4ACJ,1,167,0.685363153245135,0.7745922260689362,0.7511561214460055
protein,center0,4AE7,cluster_4AE7,1,186,0.7336698223896367,0.655968311494649,0.6991825373489134
protein,center0,4AM1,cluster_4AM1,2,345,0.5453761654643371,0.5436469395435406,0.8474560429534861
protein,center0,4ANN,cluster_4ANN,5,176,0.5549564305846799,0.558770101773811,0.8517100901748009
protein,center0,4AVR,cluster_4AVR,3,188,0.4908830572247253,0.6503378164998134,0.8854833864803996
protein,center0,4AXY,cluster_4AXY,3,54,0.6021743502473272,0.34329496098738044,0.8009186618038291
protein,center0,4B6G,cluster_4B6G,4,558,0.7435678992321044,0.7140659055501891,0.7449051835845049
protein,center0,4B9G,cluster_4B9G,1,292,0.7732428045102461,0.7405441685097649,0.6720902852589671
protein,center0,4DD5,cluster_4DD5,4,387,0.5334373184422622,0.6067648080276614,0.8645037283579242
protein,center0,4DKN,cluster_4DKN,5,423,0.6773541491967736,0.7150267118125754,0.7874487081124856
protein,center0,4DND,cluster_4DND,5,95,0.7037338637371958,0.6869354945993021,0.8236809842584463
protein,center0,4DPZ,cluster_4DPZ,4,109,0.6961675399821329,0.6197551172123389,0.7554205585992243
protein,center0,4DQ7,cluster_4DQ7,4,328,0.7287532731575411,0.744522325496774,0.7096098182181899
protein,center0,4DT4,cluster_4DT4,5,160,0.6887035503232843,0.7006624340693188,0.833104611808932
protein,center0,4EK3,cluster_4EK3,3,287,0.6219198619544066,0.6834302071460122,0.7953880424527036
protein,center0,4ERY,cluster_4ERY,5,318,0.6652170558581381,0.683289936838586,0.8093292766536068
protein,center0,4ES1,cluster_4ES1,4,95,0.6645855969345078,0.6173303519225657,0.9102101715099497
protein,center0,4EUG,cluster_4EUG,5,225,0.5911257086429944,0.6019857858704352,0.8181971638790788
protein,center0,4F01,cluster_4F01,1,448,0.34732821282212567,0.4917885335952067,0.9497841973715836
protein,center0,4F3J,cluster_4F3J,3,143,0.5393103018251404,0.45014907365133344,0.8468128041934229
protein,center0,4FR9,cluster_4FR9,5,141,0.6948419089039324,0.6950785143327196,0.7483290217029246
protein,center0,4G14,cluster_4G14,4,15,0.5535332506307628,0.5107142857142856,1.0614017869498715
protein,center0,4G2E,cluster_4G2E,2,151,0.7240811553680484,0.8195149665943021,0.7145572879129043
protein,center0,4G5X,cluster_4G5X,3,550,0.7032607653877903,0.7193061982079269,0.7731419078431592
protein,center0,4G6C,cluster_4G6C,2,658,0.4762227566500121,0.5077273088280129,0.9069056778196025
protein,center0,4G7X,cluster_4G7X,3,194,0.6400221295477678,0.5873658890899931,0.7801421160926768
protein,center0,4GA2,cluster_4GA2,1,144,0.4783332184632352,0.5416507581860245,0.8787475070387151
protein,center0,4GMQ,cluster_4GMQ,3,92,0.47545265566504025,0.4201716936639798,0.8972279656466492
protein,center0,4GS3,cluster_4GS3,2,90,0.5763024533505665,0.6725357765147367,0.8891273344254377
protein,center0,4H4J,cluster_4H4J,4,236,0.6869077109824956,0.7500236230892208,0.7585181925283664
protein,center0,4H89,cluster_4H89,2,168,0.5374958633110402,0.5382633999020506,0.8510031424149124
protein,center0,4HDE,cluster_4HDE,5,168,0.5801296299937629,0.7445432268461636,0.8183910930066257
protein,center0,4HJP,cluster_4HJP,1,281,0.6425571663954441,0.7347474869885422,0.7695840154065199
protein,center0,4HWM,cluster_4HWM,2,117,0.5153014661720772,0.5002847359214903,0.869482589375917
protein,center0,4IL7,cluster_4IL7,2,85,0.18076581152742166,0.09781217327194797,1.0382268703280244
protein,center0,4J11,cluster_4J11,1,357,0.5805808452097769,0.48501707276585193,0.817863074204406
protein,center0,4J5O,cluster_4J5O,2,220,0.702630734186532,0.6636774812970417,0.7409842592523765
protein,center0,4J5Q,cluster_2FG1,5,146,0.7029364522616741,0.7277021555885128,0.7323658750709124
protein,center0,4J78,cluster_4J78,4,305,0.5766720004462502,0.7448576171169106,0.8235871612538016
protein,center0,4JG2,cluster_4JG2,5,185,0.7463559902192066,0.7804134942283891,0.7150102556540386
protein,center0,4JVU,cluster_4JVU,1,207,0.6931057039309041,0.7862682225669366,0.734726817339197
protein,center0,4JYP,cluster_4JYP,4,534,0.5621943034561765,0.6223662091161065,0.8450984132547916
protein,center0,4KEF,cluster_4KEF,3,133,0.40686657862257447,0.37253319154056275,0.9303965589137084
protein,center0,5CYT,cluster_1CCR,3,103,0.2448054811321385,0.22539503851617884,1.0032278702797295
protein,center0,6RXN,cluster_6RXN,1,45,0.4975379912114055,0.4993412384716732,1.0017297061992203
protein,graph+identity0,1ABA,cluster_1ABA,4,87,0.629780855209924,0.7144848954595661,0.7802740578816297
protein,graph+identity0,1AHO,cluster_1AHO,4,64,0.6131206670699971,0.7354250850422877,0.7913519156804075
protein,graph+identity0,1AIE,cluster_1AIE,3,31,0.6455793135443478,0.46895161290322585,0.7722276219141078
protein,graph+identity0,1AKG,cluster_1AKG,1,16,0.40600959907324624,0.6328184200331547,0.937369527728579
protein,graph+identity0,1ATG,cluster_1ATG,1,231,0.5197247572378545,0.5783612440188662,0.8594911045432387
protein,graph+identity0,1BGF,cluster_1BGF,4,124,0.5565355659424552,0.44651632672148145,0.8311227010898733
protein,graph+identity0,1BX7,cluster_1BX7,4,51,0.5517383931775592,0.2444343891402715,0.8846106440846098
protein,graph+identity0,1BYI,cluster_1BYI,1,224,0.5390249661140163,0.607370745612098,0.8463492751043844
protein,graph+identity0,1CCR,cluster_1CCR,2,111,0.5226021080638815,0.5208774383627097,0.8535782138496777
protein,graph+identity0,1CYO,cluster_1CYO,5,88,0.6715357632058834,0.5871205785724449,0.7506594789653661
protein,graph+identity0,1DF4,cluster_1DF4,1,57,0.9073175940041248,0.7943349753694582,0.5694433164819988
protein,graph+identity0,1E5K,cluster_1E5K,2,188,0.7561015867110961,0.7393555587938562,0.6666949570365991
protein,graph+identity0,1ES5,cluster_1ES5,5,260,0.652819986146615,0.7164742181525183,0.7709329344092978
protein,graph+identity0,1ETL,cluster_1ETL,3,12,0.8029799987841496,0.7068192341935722,0.7310467673642509
protein,graph+identity0,1ETM,cluster_1ETM,5,12,0.6752863742545337,0.4012018580146848,0.7850757379752114
protein,graph+identity0,1ETN,cluster_1ETN,4,12,-0.17776534876042033,0.04065272722424943,1.2200774495158504
protein,graph+identity0,1EW4,cluster_1EW4,2,106,0.6279065820117607,0.6594132437189373,0.7805950162338093
protein,graph+identity0,1F8R,cluster_1F8R,3,1932,0.7756667592127645,0.7552485806149944,0.6774384634586932
protein,graph+identity0,1FF4,cluster_1FF4,1,65,0.5729123133204954,0.5872223254538205,0.821852145321248
protein,graph+identity0,1FK5,cluster_1FK5,4,93,0.5306689467777268,0.5048398829045792,0.8479168963345854
protein,graph+identity0,1GCO,cluster_1GCO,4,1044,0.6350369772243117,0.6165853770348214,0.773464236856005
protein,graph+identity0,1GK7,cluster_1GK7,4,39,0.5148318286617596,0.236246773924703,0.8734413424258491
protein,graph+identity0,1GVD,cluster_1GVD,1,52,0.7624424199816289,0.5994749313013099,0.6833557496520788
protein,graph+identity0,1GXU,cluster_1GXU,2,88,0.6324810775332507,0.6011139241030702,0.7814432956574506
protein,graph+identity0,1H6V,cluster_1H6V,2,2927,0.48921208727986265,0.547433607296333,0.8877384216652814
protein,graph+identity0,1HJE,cluster_1HJE,5,13,0.5758349804078193,0.5714285714285714,0.864966254293673
protein,graph+identity0,1I71,cluster_1I71,3,83,0.5646965765969616,0.5922198145273185,0.8268202293391875
protein,graph+identity0,1IDP,cluster_1IDP,4,441,0.7654943084306689,0.8659082152405608,0.6603061785491057
protein,graph+identity0,1IFR,cluster_1IFR,2,113,0.6774322658135743,0.7343042380803985,0.7631792691701328
protein,graph+identity0,1K8U,cluster_1K8U,4,89,0.4940646597461515,0.36771521840313637,0.8888787756905847
protein,graph+identity0,1KMM,cluster_1KMM,4,1499,0.7025729976857702,0.7290988132061161,0.7217435103543636
protein,graph+identity0,1KNG,cluster_1KNG,4,144,0.5242537624853072,0.4932792376862263,0.8563253713917227
protein,graph+identity0,1KR4,cluster_1KR4,3,110,0.6199383596760306,0.5798604223926744,0.7877665781223955
protein,graph+identity0,1KYC,cluster_1KYC,1,15,0.7999049825635103,0.7642857142857141,0.6433633630359755
protein,graph+identity0,1LR7,cluster_1LR7,4,73,0.6265502912380788,0.704034802214592,0.7978651563292619
protein,graph+identity0,1MF7,cluster_1MF7,4,194,0.6767659838069361,0.7608401148183621,0.7574644559403759
protein,graph+identity0,1N7E,cluster_1N7E,1,95,0.5186810819457341,0.6606732293886206,0.8556158117212128
protein,graph+identity0,1NKD,cluster_1NKD,4,59,0.6398977560976579,0.7274533883487859,0.7986498656399628
protein,graph+identity0,1NKO,cluster_1NKO,5,122,0.5107201096209774,0.719466919594901,0.878735842367504
protein,graph+identity0,1NLS,cluster_1NLS,1,237,0.5020303099319052,0.7298674647297296,0.875278283510974
protein,graph+identity0,1NNX,cluster_1NNX,2,93,0.7801271716917516,0.8108876323249355,0.6354147365158516
protein,graph+identity0,1NOA,cluster_1NOA,3,113,0.5744648611119603,0.5273038039842969,0.8210238494903856
protein,graph+identity0,1NOT,cluster_1NOT,2,13,0.6061529307549274,0.47802197802197804,0.8611770276924169
protein,graph+identity0,1O06,cluster_1O06,2,20,0.9262328410196818,0.7007518796992479,0.40012178894781175
protein,graph+identity0,1O08,cluster_1O08,4,221,0.3282592009659052,0.5970985248729485,0.9765058297212259
protein,graph+identity0,1OB4,cluster_1OB4,5,16,0.4904181018062383,0.28529411764705886,0.9224019677392858
protein,graph+identity0,1OB7,cluster_1OB7,2,16,0.5632773311619224,0.8256072875316274,0.865945683506522
protein,graph+identity0,1OPD,cluster_1OPD,4,85,0.4371213135259564,0.3936016885022963,0.9058184498132856
protein,graph+identity0,1P9I,cluster_1P9I,4,29,0.6284549571742093,0.43891625615763535,0.787333160948364
protein,graph+identity0,1PEF,cluster_1PEF,4,18,0.8362865699983059,0.87203302373581,0.5575312319832069
protein,graph+identity0,1PEN,cluster_1PEN,3,16,0.5331168506465449,0.5430465046331027,0.862720560901085
protein,graph+identity0,1PMY,cluster_1PMY,4,123,0.6889364702256656,0.6044717885345068,0.7533625987819215
protein,graph+identity0,1PZ4,cluster_1PZ4,5,113,0.6594126677863781,0.6890832836398144,0.7630420366484207
protein,graph+identity0,1Q9B,cluster_1Q9B,4,43,0.7775438713787753,0.7327091513138025,0.6565723389074589
protein,graph+identity0,1QAU,cluster_1QAU,5,112,0.6657278715398113,0.6176887019792594,0.7515348549106845
protein,graph+identity0,1QKI,cluster_1QKI,1,3912,0.5518737969389881,0.6290989017962688,0.863295729254346
protein,graph+identity0,1QTO,cluster_1QTO,5,122,0.6195601892504728,0.6058588328629999,0.7856084991287767
protein,graph+identity0,1R29,cluster_1R29,2,122,0.5795680194751205,0.5859654978332487,0.8167080734789743
protein,graph+identity0,1R7J,cluster_1R7J,1,90,0.7548924150269706,0.6102911519311126,0.6840054881459126
protein,graph+identity0,1RJU,cluster_1RJU,5,36,0.41196240680541096,0.26872586872586873,0.9339087850319084
protein,graph+identity0,1RRO,cluster_1RRO,1,108,0.28052935539781165,0.2145788427985522,0.9778566451306762
protein,graph+identity0,1SAU,cluster_1SAU,4,114,0.6529540948615468,0.6446375051949639,0.7729338233151383
protein,graph+identity0,1TGR,cluster_1TGR,4,104,0.7235163302738891,0.6697268995752088,0.7122914340278981
protein,graph+identity0,1TZV,cluster_1TZV,4,141,0.8011792667260866,0.7666096218667907,0.6199254208673696
protein,graph+identity0,1U06,cluster_1U06,5,55,0.4506761635274961,0.2849979256943735,0.8978782032862394
protein,graph+identity0,1U7I,cluster_1U7I,2,267,0.7581758951241017,0.7970074746991741,0.6706303743729877
protein,graph+identity0,1U9C,cluster_1U9C,5,221,0.583867880296598,0.4228284845290769,0.8235299437251219
protein,graph+identity0,1UHA,cluster_1UHA,5,82,0.6436706251556026,0.7076589864430844,0.76660892579195
protein,graph+identity0,1UKU,cluster_1KR4,2,102,0.7345360236179558,0.5458863443683537,0.6888002598532463
protein,graph+identity0,1ULR,cluster_1ULR,1,87,0.6082709399420998,0.6594006443439409,0.812711431090052
protein,graph+identity0,1UOY,cluster_1UOY,2,64,0.6823241508140483,0.6324477157890981,0.7524692478152425
protein,graph+identity0,1USE,cluster_1USE,2,40,0.027550496424179196,-0.2844277673545967,1.2240052602299263
protein,graph+identity0,1USM,cluster_1USM,3,77,0.826749980722882,0.7322594002169316,0.6009337713212262
protein,graph+identity0,1UTG,cluster_1UTG,3,70,0.5395943375751254,0.48610345643935543,0.8469496163064795
protein,graph+identity0,1V05,cluster_1V05,3,96,0.6021352442453791,0.5608459149446404,0.8083105317185282
protein,graph+identity0,1V70,cluster_1V70,3,105,0.5382408454086057,0.6403616082987157,0.8458484898111707
protein,graph+identity0,1VRZ,cluster_1VRZ,2,21,0.711701969622225,0.7121508975751054,0.7947132816645529
protein,graph+identity0,1W2L,cluster_1W2L,4,97,0.5831991303796986,0.41468818831232623,0.8148845333100376
protein,graph+identity0,1WBE,cluster_1WBE,4,204,0.5432218146905392,0.6051292634730777,0.8430979419369021
protein,graph+identity0,1WHI,cluster_1WHI,4,122,0.5166940360291837,0.6377393468065231,0.8639934766755616
protein,graph+identity0,1WLY,cluster_1WLY,3,322,0.6842331383303207,0.7215290128419699,0.7363774291555547
protein,graph+identity0,1WPA,cluster_1WPA,5,107,0.5522346024242554,0.3389998212383776,0.8346236267074422
protein,graph+identity0,1X3O,cluster_1X3O,4,80,0.5642580741101897,0.5848135537697338,0.8296892375063111
protein,graph+identity0,1XY1,cluster_1XY1,3,16,0.5793757586705992,0.616398024059269,1.1696553449937588
protein,graph+identity0,1XY2,cluster_1XY2,3,8,0.5171365767609154,0.5576679417142028,0.9123638970229361
protein,graph+identity0,1Y6X,cluster_1Y6X,3,87,0.4815551987231951,0.5247527008178551,0.8915241607880395
protein,graph+identity0,1YJO,cluster_1YJO,2,6,0.27768931323968865,0.2571428571428572,1.0854539400191505
protein,graph+identity0,1YZM,cluster_1YZM,5,46,0.8344192880778101,0.6747255471078624,0.7049225262629175
protein,graph+identity0,1Z21,cluster_1Z21,2,96,0.62663156660831,0.6568026669086542,0.78268444284728
protein,graph+identity0,1ZCE,cluster_1ZCE,2,146,0.7772460498867225,0.789094975550491,0.6767563887309929
protein,graph+identity0,1ZVA,cluster_1ZVA,3,75,0.5943877801166825,0.5567315361237986,0.8045837265604153
protein,graph+identity0,2A50,cluster_2A50,5,457,0.5498021315099337,0.610657700677165,0.8508693941233999
protein,graph+identity0,2AGK,cluster_2AGK,2,233,0.6818699447445646,0.7273117959300631,0.7436994207252818
protein,graph+identity0,2AH1,cluster_2AH1,3,939,0.5377343977959804,0.5415764404047704,0.8583917859455363
protein,graph+identity0,2B0A,cluster_2B0A,4,186,0.5995949383748147,0.6250525669987091,0.8145552249579009
protein,graph+identity0,2BCM,cluster_2BCM,4,413,0.547142879575807,0.4888498661535386,0.8383974926850074
protein,graph+identity0,2BF9,cluster_2BF9,1,36,0.5675421891969584,0.4475191463028425,0.9028856807779135
protein,graph+identity0,2BRF,cluster_2BRF,3,100,0.7700952295427149,0.7091644468243691,0.6747971162787256
protein,graph+identity0,2C71,cluster_2C71,2,205,0.6302705725459109,0.6692758873322342,0.8092498688899298
protein,graph+identity0,2CE0,cluster_2CE0,3,99,0.5951506885104876,0.5797960996184979,0.8040826362912801
protein,graph+identity0,2CG7,cluster_2CG7,3,90,0.5332424332812078,0.5069310681317232,0.8515174307144466
protein,graph+identity0,2COV,cluster_2COV,5,534,0.7686120123204522,0.7158805897370688,0.6576256739439736
protein,graph+identity0,2CWS,cluster_2CWS,3,227,0.6823291110239038,0.7190988873412317,0.7420349279412661
protein,graph+identity0,2D5W,cluster_2D5W,5,1214,0.6844052122618858,0.6614102174601313,0.7404563365139137
protein,graph+identity0,2DKO,cluster_2DKO,2,253,0.7882885041868651,0.6798682766133314,0.6207164497902982
protein,graph+identity0,2DPL,cluster_2DPL,1,565,0.46383596115958586,0.5162263476830552,0.8991686756069972
protein,graph+identity0,2DSX,cluster_2DSX,5,52,0.31806770943116963,0.22224593953654187,0.9500794731768791
protein,graph+identity0,2E10,cluster_2E10,3,439,0.775415853967118,0.7986978750322798,0.6432345410535317
protein,graph+identity0,2E3H,cluster_2E3H,1,81,0.7100815499944253,0.6832887296850744,0.7058492720035588
protein,graph+identity0,2EAQ,cluster_2EAQ,1,89,0.6878534489916597,0.46857084491619433,0.7440563355036843
protein,graph+identity0,2EHP,cluster_2EHP,2,248,0.7953778654022469,0.8132880874914394,0.6355385235338796
protein,graph+identity0,2EHS,cluster_1X3O,1,75,0.6830872676215277,0.7100812245558321,0.7618505324186874
protein,graph+identity0,2ERW,cluster_2ERW,2,53,0.2854709538342487,0.1045459129016038,1.0278927082579505
protein,graph+identity0,2ETX,cluster_2ETX,5,389,0.5488822903277691,0.5630355008324681,0.8413459686881944
protein,graph+identity0,2FB6,cluster_2FB6,4,116,0.7759142286424969,0.6742836497583732,0.6847208735294371
protein,graph+identity0,2FG1,cluster_2FG1,1,157,0.622559021389385,0.5588422039528746,0.7864813547297398
protein,graph+identity0,2FN9,cluster_2FN9,5,560,0.5897758896411744,0.587679901198041,0.8100256478870739
protein,graph+identity0,2FQ3,cluster_2FQ3,1,85,0.7038599331383091,0.706390463162009,0.7390858108777447
protein,graph+identity0,2G69,cluster_2G69,4,99,0.6507812433627876,0.6498617802337027,0.7723949646228482
protein,graph+identity0,2G7O,cluster_2G7O,2,68,0.7537392268044656,0.3182828955098847,0.6753702124048475
protein,graph+identity0,2G7S,cluster_2G7S,5,190,0.6514654384307239,0.6137770163296099,0.7752176504952126
protein,graph+identity0,2GKG,cluster_2GKG,1,122,0.6852019351747961,0.5538059912196727,0.7485762422324602
protein,graph+identity0,2GOM,cluster_2GOM,1,121,0.5873818682928822,0.45851221475880677,0.8146311832773897
protein,graph+identity0,2GXG,cluster_2GXG,3,140,0.7267452544451034,0.6911163519636319,0.707964233977115
protein,graph+identity0,2GZQ,cluster_2GZQ,3,191,0.40404709304585357,0.37539739839119407,0.9382375688458483
protein,graph+identity0,2HQK,cluster_2HQK,5,213,0.7866323139530966,0.7563870321548318,0.6791801871597746
protein,graph+identity0,2HYK,cluster_2HYK,5,237,0.5885484309794153,0.5626821954470003,0.8107708075924509
protein,graph+identity0,2I24,cluster_2I24,1,113,0.48232881071219363,0.47142120468143806,0.8814671812040941
protein,graph+identity0,2I49,cluster_2I49,1,398,0.6758343009600586,0.6784773327820526,0.7521129373992926
protein,graph+identity0,2IBL,cluster_2IBL,3,108,0.6471483248045978,0.6266282097223516,0.8668082936360825
protein,graph+identity0,2IGD,cluster_2IGD,3,61,0.5045620833511474,0.5509135621587973,0.8722513833585605
protein,graph+identity0,2IMF,cluster_2IMF,1,203,0.6583146840589406,0.6549562347162943,0.756849588243891
protein,graph+identity0,2IP6,cluster_2IP6,5,87,0.628113499822688,0.42317786654740364,0.7812955482002722
protein,graph+identity0,2IVY,cluster_2IVY,3,88,0.4788648491538867,0.3972085856152773,0.8953546674114806
protein,graph+identity0,2J32,cluster_2J32,4,244,0.8045672269316526,0.7052160212919147,0.6048939462452689
protein,graph+identity0,2J9W,cluster_2J9W,3,200,0.7017226843826282,0.679399320943918,0.7284932372661539
protein,graph+identity0,2JKU,cluster_2JKU,1,35,0.5155380654426241,0.23475033323202782,0.8979027010347804
protein,graph+identity0,2JLI,cluster_2JLI,2,100,0.6022685936890586,0.4999084890374167,0.7993435640093836
protein,graph+identity0,2JLJ,cluster_2JLI,3,115,0.7351521820425969,0.6135964160115369,0.6900686143979538
protein,graph+identity0,2MCM,cluster_1NOA,1,112,0.7739516342871845,0.7274024118764861,0.687550896196221
protein,graph+identity0,2NLS,cluster_2NLS,5,36,0.4628700409790018,0.4007722007722008,0.8897316937372283
protein,graph+identity0,2NR7,cluster_2NR7,1,194,0.8169939070611109,0.727822579004057,0.6135799016318434
protein,graph+identity0,2NUH,cluster_1KR4,1,104,0.6604979598221791,0.5636012526260931,0.7601255287454519
protein,graph+identity0,2O6X,cluster_2O6X,3,306,0.7869557661105374,0.8016729611314687,0.6278699567926125
protein,graph+identity0,2OA2,cluster_2OA2,5,132,0.5236694698465835,0.38858647094873955,0.8546020218755833
protein,graph+identity0,2OCT,cluster_2OCT,1,192,0.5327734233504287,0.5460835685264236,0.8677176103263085
protein,graph+identity0,2OHW,cluster_2OHW,4,256,0.5764207132638448,0.6503326276692563,0.8302047935481704
protein,graph+identity0,2OKT,cluster_2OKT,3,342,0.3887111763996385,0.3920592835079573,0.9563176306775258
protein,graph+identity0,2OL9,cluster_2OL9,1,6,0.8730019631333549,0.6571428571428573,0.5296117338909591
protein,graph+identity0,2OLX,cluster_2OLX,4,4,0.8476982593037465,0.6000000000000001,0.8813541842063785
protein,graph+identity0,2PKT,cluster_2PKT,5,91,0.05823134385154146,0.05751918172444228,1.0726675220877575
protein,graph+identity0,2PLT,cluster_2PLT,1,98,0.4619394953116928,0.5273704478328136,0.8955088731648547
protein,graph+identity0,2PMR,cluster_2PMR,4,76,0.634915317536136,0.7499897470249279,0.7775699823611384
protein,graph+identity0,2POF,cluster_2POF,2,440,0.6738990102779835,0.7089060046220009,0.7441974452583032
protein,graph+identity0,2PPN,cluster_2PPN,2,107,0.6238795086365203,0.727314585990433,0.7960689019814683
protein,graph+identity0,2PSF,cluster_2PSF,2,608,0.5035852896410162,0.47707523433570315,0.8690483167568895
protein,graph+identity0,2PTH,cluster_2PTH,5,193,0.7383268085068776,0.8065403123346603,0.6983426520478934
protein,graph+identity0,2Q4N,cluster_2Q4N,4,153,0.6885886535975254,0.588044305972468,0.7383001350658588
protein,graph+identity0,2Q52,cluster_1WBE,2,412,0.7628826611053908,0.7511600916410439,0.671566958443171
protein,graph+identity0,2QJL,cluster_2QJL,1,99,0.6117361656341301,0.6583835570262784,0.8057272487018559
protein,graph+identity0,2R16,cluster_2R16,2,175,0.5399535301455557,0.43988409997857647,0.8504485537540454
protein,graph+identity0,2R6Q,cluster_2R6Q,2,138,0.5659718403619385,0.43642719174695993,0.8317391756053002
protein,graph+identity0,2RB8,cluster_2RB8,1,93,0.6385198992981647,0.519488367498955,0.7747185830768288
protein,graph+identity0,2RE2,cluster_2RE2,2,238,0.6811574585539762,0.4792247121380597,0.7342959976943375
protein,graph+identity0,2RFR,cluster_2RFR,3,154,0.678119745653667,0.4552194239595679,0.7355762693489867
protein,graph+identity0,2V9V,cluster_2V9V,5,135,0.5410660552569392,0.46258453640259123,0.8415626395080856
protein,graph+identity0,2VE8,cluster_2VE8,3,515,0.6975500847078816,0.600467111961251,0.7213179293621319
protein,graph+identity0,2VH7,cluster_2VH7,5,94,0.7223893236681637,0.7170043061534476,0.7080830321777623
protein,graph+identity0,2VIM,cluster_2VIM,5,104,0.34707169646245445,0.36455196514451144,0.9489746526978569
protein,graph+identity0,2VPA,cluster_2VPA,5,204,0.7466918478318545,0.77342677708171,0.7749339815133489
protein,graph+identity0,2VQ4,cluster_2VQ4,4,106,0.6788802992918609,0.7751228719291803,0.7366659158721698
protein,graph+identity0,2VY8,cluster_2VY8,2,149,0.7502417612048988,0.7696767143381531,0.6718242265286261
protein,graph+identity0,2VYO,cluster_2C71,3,206,0.7125842029237484,0.7222170744140056,0.7209346167116342
protein,graph+identity0,2W1V,cluster_2W1V,2,548,0.7027948111958707,0.7678656070519073,0.7272442601259704
protein,graph+identity0,2W2A,cluster_2W2A,5,350,0.6538304675554025,0.6934646204502525,0.7580601148604588
protein,graph+identity0,2W6A,cluster_2W6A,5,117,0.771774212002424,0.4915027538613997,0.6534307203926772
protein,graph+identity0,2WJ5,cluster_2WJ5,5,96,0.5202221697809899,0.5520323936111617,0.8927936599454382
protein,graph+identity0,2WUJ,cluster_2WUJ,5,100,0.4529395712865941,0.18031311319324445,0.8963633393654866
protein,graph+identity0,2WW7,cluster_2WW7,4,150,0.4631006770029676,0.5310853792848552,0.9463491149993581
protein,graph+identity0,2WWE,cluster_2WWE,4,111,0.5567024489873927,0.4763331784691569,0.8328612021555932
protein,graph+identity0,2X1Q,cluster_2X1Q,5,240,0.4661257948363228,0.3867112865526448,0.9001474643897126
protein,graph+identity0,2X25,cluster_2X25,4,168,0.6271048138475449,0.7064277593165366,0.7930614966978632
protein,graph+identity0,2X3M,cluster_2X3M,2,166,0.7161860789278394,0.5909661814253806,0.7314645631216661
protein,graph+identity0,2X5Y,cluster_2X5Y,1,171,0.7212785754980141,0.7002208613476713,0.7104714471460153
protein,graph+identity0,2X9Z,cluster_2X9Z,3,262,0.5932464687734711,0.6013063347791409,0.8053104245519869
protein,graph+identity0,2XHF,cluster_2XHF,2,310,0.587936934581617,0.6287619813746297,0.8097653588699993
protein,graph+identity0,2Y0T,cluster_2Y0T,1,101,0.7811555247199987,0.7593049364843604,0.6565959686982709
protein,graph+identity0,2Y72,cluster_2Y72,5,170,0.7210542412246221,0.6852390924049117,0.7122308395930291
protein,graph+identity0,2Y7L,cluster_2Y7L,2,319,0.7320347358775584,0.6987802714170277,0.6980725407143951
protein,graph+identity0,2Y9F,cluster_2Y9F,5,149,0.762976317809835,0.8521105683632514,0.6474198724830772
protein,graph+identity0,2YLB,cluster_2YLB,3,400,0.7431384501522607,0.7987950766399177,0.6713175914121283
protein,graph+identity0,2YNY,cluster_2YNY,1,315,0.7368360113770576,0.7220976517845507,0.7111577373287928
protein,graph+identity0,2ZCM,cluster_2ZCM,3,357,0.42511747214523027,0.35364869124171194,0.9096984259793975
protein,graph+identity0,2ZU1,cluster_2ZU1,5,360,0.709833336395173,0.7595551152019244,0.7092894326796565
protein,graph+identity0,3A0M,cluster_3A0M,3,148,0.695194695724699,0.5294455169781157,0.75945190112424
protein,graph+identity0,3A7L,cluster_3A7L,2,128,0.6560994946215575,0.5746425598372309,0.7670648861586631
protein,graph+identity0,3AMC,cluster_3AMC,3,614,0.7365632191333662,0.7711518901080765,0.706581198210914
protein,graph+identity0,3AUB,cluster_3AUB,2,116,0.6205364271655861,0.6679622028195071,0.7905982143838459
protein,graph+identity0,3B5O,cluster_3B5O,5,230,0.6300744453523985,0.6100280083189293,0.7801327577635611
protein,graph+identity0,3BA1,cluster_3BA1,4,312,0.6515772116971451,0.5730531128715955,0.7596192099008214
protein,graph+identity0,3BED,cluster_3BED,1,261,0.8014995992670687,0.8180846721663494,0.6251539871407392
protein,graph+identity0,3BQX,cluster_3BQX,4,139,0.474939041996021,0.4946227429990385,0.9088508457928872
protein,graph+identity0,3BZQ,cluster_3BZQ,2,99,0.5648359889424449,0.5438005182572652,0.8276268238126836
protein,graph+identity0,3BZZ,cluster_3BZZ,5,100,0.44917691067079824,0.4357727285962596,0.9174397586025071
protein,graph+identity0,3DRF,cluster_3DRF,1,547,0.5502221353751676,0.5464445518498561,0.8366622971125919
protein,graph+identity0,3DWV,cluster_3DWV,1,325,0.637548677480438,0.712349822843971,0.7751610725267288
protein,graph+identity0,3E5T,cluster_2HQK,4,228,0.5292291451168554,0.4393030692862817,0.8499746319672925
protein,graph+identity0,3E7R,cluster_3E7R,3,40,0.716317660810394,0.8005817032885537,0.7498641953169598
protein,graph+identity0,3EUR,cluster_3EUR,1,140,0.3890181895597321,0.37708147918949547,0.9343827834615281
protein,graph+identity0,3F2Z,cluster_3F2Z,4,149,0.7798127524663975,0.7549679207304358,0.6553230864387629
protein,graph+identity0,3F7E,cluster_3F7E,3,254,0.7575906307030886,0.8064332640559091,0.6620510269141269
protein,graph+identity0,3FCN,cluster_3FCN,4,158,0.6345071434491698,0.5606994100753354,0.7738904544236533
protein,graph+identity0,3FE7,cluster_3FE7,4,91,0.504505465656334,0.5400207838510398,0.864298372326002
protein,graph+identity0,3FKE,cluster_3FKE,4,250,0.5051014755646005,0.5095527043882063,0.875855936814856
protein,graph+identity0,3FMY,cluster_3FMY,5,66,0.6527877573527846,0.681237475098331,0.7647617811675933
protein,graph+identity0,3FOD,cluster_3FOD,2,48,0.37517259842896383,0.3034250669399638,1.0076728145018226
protein,graph+identity0,3FSO,cluster_3FSO,1,221,0.7957797148317243,0.5906539895002136,0.6252496251009505
protein,graph+identity0,3FTD,cluster_3FTD,1,240,0.7112203409125281,0.6811608922449169,0.7183625206226786
protein,graph+identity0,3FVA,cluster_3FVA,5,6,0.7459339184327006,0.7888934916555407,0.6977369374146103
protein,graph+identity0,3G1S,cluster_3G1S,1,418,0.6370318224380226,0.7011381339054464,0.7756283124858154
protein,graph+identity0,3GBW,cluster_3GBW,2,161,0.7659174835830608,0.8386151547066767,0.6742684081383464
protein,graph+identity0,3GHJ,cluster_3GHJ,1,116,0.5350094606339387,0.5134029654555502,0.8499771495670182
protein,graph+identity0,3HFO,cluster_3HFO,2,197,0.6346030625454931,0.6634871092185377,0.7793890299165032
protein,graph+identity0,3HHP,cluster_3HHP,5,1234,0.7532022821961483,0.7873951210578718,0.6746872382951512
protein,graph+identity0,3HNY,cluster_3HNY,2,156,0.720414651704081,0.7253245203959622,0.7012271496111907
protein,graph+identity0,3HP4,cluster_3HP4,2,183,0.5275262845453794,0.4587840150378689,0.8569023696814826
protein,graph+identity0,3HWU,cluster_3HWU,2,144,0.7424526199262175,0.7282100747864271,0.6742001511794292
protein,graph+identity0,3HYD,cluster_3HYD,5,7,0.7533960145001903,0.5357142857142858,0.7249017624758318
protein,graph+identity0,3HZ8,cluster_3HZ8,2,192,0.5160711766566334,0.47871516586208596,0.8642597696662507
protein,graph+identity0,3I2V,cluster_3I2V,2,124,0.40737995446274433,0.4411451842427858,0.9413640197273728
protein,graph+identity0,3I2Z,cluster_3I2Z,4,138,0.567708090827554,0.5725427610305,0.8284301605118037
protein,graph+identity0,3I4O,cluster_3I4O,1,135,0.7438533049149467,0.7116063035710541,0.6724227385721646
protein,graph+identity0,3I7M,cluster_3I7M,2,134,0.6294601855931143,0.5427455616597048,0.7790486276995732
protein,graph+identity0,3IHS,cluster_1OPD,4,169,0.5947417792780518,0.48894750844810225,0.8103051577503072
protein,graph+identity0,3IVV,cluster_3IVV,3,149,0.7844767612501182,0.7798481574211161,0.6290756185984059
protein,graph+identity0,3K6Y,cluster_3K6Y,2,227,0.605857988505316,0.6157932871470857,0.7976774068385378
protein,graph+identity0,3KBE,cluster_3KBE,2,140,0.6971791096331129,0.6894558797630136,0.7177612938243677
protein,graph+identity0,3KGK,cluster_3KGK,4,190,0.8095585921180185,0.7957527010572736,0.6044248138462347
protein,graph+identity0,3KZD,cluster_3KZD,5,85,0.6325346437703079,0.6637970629311855,0.7788287889629714
protein,graph+identity0,3L41,cluster_2ETX,1,220,0.6892931297111826,0.6801264837596028,0.7287888986483999
protein,graph+identity0,3LAA,cluster_3LAA,3,169,0.5930325874535111,0.5049497750623896,0.8820401184139136
protein,graph+identity0,3LAX,cluster_3LAX,1,106,0.7216490456558088,0.7222313189967609,0.7058241515347046
protein,graph+identity0,3LG3,cluster_3LG3,5,833,0.5555184026916332,0.6036940659287955,0.9056966451669414
protein,graph+identity0,3LJI,cluster_3LJI,4,272,0.5957023267032984,0.5416035496693892,0.8056230736078122
protein,graph+identity0,3M3P,cluster_3M3P,1,249,0.6192330691557549,0.6367970947748888,0.7856703271982151
protein,graph+identity0,3M8J,cluster_3M8J,4,178,0.6670740136370934,0.7240337772496956,0.7474658706218826
protein,graph+identity0,3M9J,cluster_3M9J,3,210,0.5192051482039521,0.5363858297462673,0.8593436536894514
protein,graph+identity0,3M9Q,cluster_3M9Q,1,176,0.4707612376752619,0.5293236839889495,0.9290849095276947
protein,graph+identity0,3MAB,cluster_1OPD,3,173,0.6411358424120336,0.5616340805910516,0.7683302543991604
protein,graph+identity0,3MD4,cluster_3MD4,2,12,0.7016389773429843,0.7810870121972561,0.7308467951566605
protein,graph+identity0,3MD5,cluster_3MD5,1,12,0.7206033075524332,0.7132867132867133,0.8503255847505476
protein,graph+identity0,3MEA,cluster_3MEA,3,166,0.665985713680642,0.7357434249518774,0.7634899600409686
protein,graph+identity0,3MGN,cluster_3MGN,4,348,0.19052288989876145,0.2413034911321661,1.1948286488180673
protein,graph+identity0,3MRE,cluster_3MRE,2,383,0.6654803472234733,0.7390297064119227,0.7566829568470357
protein,graph+identity0,3N11,cluster_3N11,5,325,0.5615004053631768,0.6244374498897589,0.834338295773946
protein,graph+identity0,3NE0,cluster_3NE0,4,208,0.6977657328092466,0.7017161344341698,0.726879054661987
protein,graph+identity0,3NGG,cluster_3NGG,3,94,0.7426496316492043,0.6224009132186653,0.6981339908779878
protein,graph+identity0,3NPV,cluster_3NPV,2,495,0.587948273303027,0.545369700562766,0.8143728586664964
protein,graph+identity0,3NVG,cluster_3NVG,3,6,0.6254821681910493,0.6571428571428573,0.8253508516890609
protein,graph+identity0,3NZL,cluster_3NZL,1,73,0.5904925136721918,0.6125222739392365,0.8102179171264942
protein,graph+identity0,3O0P,cluster_3O0P,2,194,0.7115641255033828,0.7198249260339789,0.70318846137257
protein,graph+identity0,3O5P,cluster_3O5P,1,128,0.7155585666455994,0.6698207279726762,0.7056376075944729
protein,graph+identity0,3OBQ,cluster_3OBQ,1,150,0.632043642166538,0.38649034974735114,0.776974731029869
protein,graph+identity0,3OQY,cluster_3OQY,3,234,0.6344536752442578,0.6025921638538588,0.7885161525446667
protein,graph+identity0,3P6J,cluster_3P6J,5,125,0.7963501062419408,0.7709479013841467,0.6270717139784974
protein,graph+identity0,3PD7,cluster_3PD7,1,188,0.7072146163497938,0.7509801097838881,0.7159838887663666
protein,graph+identity0,3PES,cluster_3PES,4,165,0.5937915212400028,0.5659713016472906,0.8238010485561543
protein,graph+identity0,3PID,cluster_3PID,3,387,0.5229659626507829,0.48634144435399734,0.8622029806966958
protein,graph+identity0,3PIW,cluster_3PIW,1,154,0.7636704372644474,0.7301361468644436,0.6714205657080377
protein,graph+identity0,3PKV,cluster_3PKV,3,221,0.5660972012106869,0.6351722217329624,0.8246638958196305
protein,graph+identity0,3PSM,cluster_3PSM,2,94,0.8106838772647336,0.878624117768531,0.5989549253019897
protein,graph+identity0,3PTL,cluster_3PTL,5,289,0.5254518704074572,0.6245098629113737,0.8868022924057557
protein,graph+identity0,3PVE,cluster_3PVE,1,347,0.7009443379206741,0.7295356599080978,0.7267316653725403
protein,graph+identity0,3PZ9,cluster_3PZ9,2,357,0.6974905463516393,0.7031667198698676,0.7279438199937417
protein,graph+identity0,3PZZ,cluster_3PZZ,4,12,0.9234503598788423,0.7832167832167832,0.4979327326454168
protein,graph+identity0,3Q2X,cluster_3Q2X,1,6,0.928670756598269,0.8285714285714287,0.4748627790397017
protein,graph+identity0,3Q6L,cluster_3Q6L,4,131,0.618337331549486,0.6029098927258733,0.7962053578184408
protein,graph+identity0,3QDS,cluster_3QDS,5,284,0.7271353956226331,0.720686134810562,0.7141285121627087
protein,graph+identity0,3QPA,cluster_3QPA,5,197,0.4676549588455951,0.7059294423071354,0.9118830769439059
protein,graph+identity0,3R6D,cluster_3R6D,2,221,0.6868810053107924,0.7552914847232517,0.7370968258055073
protein,graph+identity0,3R87,cluster_3R87,1,132,0.42456890477724696,0.3811292893728316,0.9127706496505597
protein,graph+identity0,3RQ9,cluster_3RQ9,3,162,0.5108977306542449,0.5949392635792509,0.9317212021389365
protein,graph+identity0,3RY0,cluster_3RY0,3,128,0.6266858593118012,0.6213088604573641,0.7882730602456913
protein,graph+identity0,3RZY,cluster_3Q6L,5,139,0.7057089593199155,0.651687276229565,0.7227197501181978
protein,graph+identity0,3S0A,cluster_3S0A,3,119,0.5144387593209538,0.5176186983374267,0.861350794685169
protein,graph+identity0,3SD2,cluster_3SD2,2,86,0.38895568539247954,0.5228036080288716,0.9302643820418299
protein,graph+identity0,3SEB,cluster_3SEB,3,238,0.6671442977434762,0.7700340213050285,0.7512647395650455
protein,graph+identity0,3SED,cluster_3SED,3,124,0.6710556231080405,0.6607951282275983,0.7772551996043624
protein,graph+identity0,3SO6,cluster_3SO6,5,150,0.6905408607460054,0.6810448894426318,0.7286886794844653
protein,graph+identity0,3SR3,cluster_3SR3,5,637,0.5911293729209506,0.5810061145316869,0.8090272640039984
protein,graph+identity0,3SUK,cluster_3SUK,3,248,0.6387381088524022,0.6569173914650993,0.7756540290626505
protein,graph+identity0,3SZH,cluster_3SZH,3,697,0.7819900979471882,0.7779572748947516,0.6331018341516129
protein,graph+identity0,3T0H,cluster_3T0H,5,208,0.7550000831458417,0.7972771906869922,0.6677237596733806
protein,graph+identity0,3T3K,cluster_3T3K,3,122,0.7516248056144361,0.799545958617328,0.6757595629554651
protein,graph+identity0,3T47,cluster_3T47,1,141,0.5070855988423741,0.5184138706349246,0.8725142211177677
protein,graph+identity0,3TDN,cluster_3TDN,4,357,0.48046147418091883,0.49699999063785805,0.8848596759562485
protein,graph+identity0,3TOW,cluster_3TOW,3,152,0.6142923935879039,0.7170295217238944,0.793563773076849
protein,graph+identity0,3TUA,cluster_3TUA,2,210,0.6511824476025888,0.7842827025316848,0.7695835245025684
protein,graph+identity0,3TYS,cluster_3TYS,5,75,0.6996859211088349,0.6338444908536953,0.7586525323552948
protein,graph+identity0,3U6G,cluster_3U6G,5,248,0.6188534461627874,0.5922946338184626,0.7930695036226936
protein,graph+identity0,3U97,cluster_3U97,2,77,0.7033281660962699,0.6819323037066312,0.7212184460361728
protein,graph+identity0,3UCI,cluster_3UCI,5,72,0.5341459172491163,0.4806739983278668,0.8618756118823419
protein,graph+identity0,3UR8,cluster_3UR8,4,637,0.696716951189476,0.6414285171769358,0.7257813437785497
protein,graph+identity0,3US6,cluster_3US6,1,148,0.6133565100456222,0.5155848002066273,0.8009496748508064
protein,graph+identity0,3V1A,cluster_3V1A,3,48,0.44692899118645557,0.5224731330323926,0.8961652106152365
protein,graph+identity0,3V75,cluster_3V75,2,285,0.5441794197045806,0.5241969931545465,0.8454605725550333
protein,graph+identity0,3VN0,cluster_3VN0,4,193,0.8111512684999606,0.6595495180499765,0.6597115752484974
protein,graph+identity0,3VOR,cluster_3VOR,3,182,0.5560457594725099,0.5474980940633277,0.8434819291133807
protein,graph+identity0,3VUB,cluster_3VUB,4,101,0.5958289029276804,0.619129989119348,0.8145511763574701
protein,graph+identity0,3VVV,cluster_3VVV,5,108,0.6608258723048882,0.5834045867756121,0.7738500601878009
protein,graph+identity0,3VZ9,cluster_3VZ9,5,163,0.7352247874528148,0.7317398596736074,0.6886115200549526
protein,graph+identity0,3W4Q,cluster_1ES5,4,773,0.7064973275590197,0.7235551796507391,0.7248083184469936
protein,graph+identity0,3ZBD,cluster_3ZBD,4,213,0.521300578143403,0.4647572675099808,0.864352089994676
protein,graph+identity0,3ZIT,cluster_3ZIT,5,152,0.39398835421146033,0.41339476330674,0.9361652756038347
protein,graph+identity0,3ZRX,cluster_3ZRX,3,221,0.5641197785087135,0.5672929372815241,0.8258910548664852
protein,graph+identity0,3ZSL,cluster_3ZSL,3,138,0.7173508781624762,0.5699715628093898,0.7147454319401229
protein,graph+identity0,3ZZP,cluster_3ZZP,2,74,0.4750058898671624,0.5251505032877363,0.8808256277643357
protein,graph+identity0,3ZZY,cluster_3ZZY,4,226,0.7304958206362917,0.6145153912548954,0.6889175511004009
protein,graph+identity0,4A02,cluster_4A02,1,166,0.4842086099220305,0.6358395378756609,0.8852668660463461
protein,graph+identity0,4ACJ,cluster_4ACJ,1,167,0.762004321008296,0.810544508721609,0.67658752700388
protein,graph+identity0,4AE7,cluster_4AE7,1,186,0.7763829913342651,0.7177984015986434,0.6381545556282284
protein,graph+identity0,4AM1,cluster_4AM1,2,345,0.5955133226331638,0.6139084688944906,0.8036506491407821
protein,graph+identity0,4ANN,cluster_4ANN,5,176,0.5481641369611431,0.5695636837364338,0.8419248211028139
protein,graph+identity0,4AVR,cluster_4AVR,3,188,0.6469468105707324,0.7354700986099518,0.7930452786961708
protein,graph+identity0,4AXY,cluster_4AXY,3,54,0.6627426537660083,0.5538614016374238,0.760913301221741
protein,graph+identity0,4B6G,cluster_4B6G,4,558,0.7400367842765617,0.7520138841981285,0.6910370732826051
protein,graph+identity0,4B9G,cluster_4B9G,1,292,0.801269209504605,0.7928091674859215,0.6264689912623802
protein,graph+identity0,4DD5,cluster_4DD5,4,387,0.626848394192139,0.6706798571150832,0.7899858815524077
protein,graph+identity0,4DKN,cluster_4DKN,5,423,0.7055904277832367,0.7057958083025807,0.7389198666388982
protein,graph+identity0,4DND,cluster_4DND,5,95,0.7496052533205794,0.6946692842612674,0.6697050951808373
protein,graph+identity0,4DPZ,cluster_4DPZ,4,109,0.7119159947141119,0.6527459543802132,0.7115919835536046
protein,graph+identity0,4DQ7,cluster_4DQ7,4,328,0.7354808374704436,0.7330047604321187,0.6892885584595257
protein,graph+identity0,4DT4,cluster_4DT4,5,160,0.7144997337711567,0.722105842983269,0.7590653050470111
protein,graph+identity0,4EK3,cluster_4EK3,3,287,0.6853231220357613,0.7037856991809899,0.7379608526112812
protein,graph+identity0,4ERY,cluster_4ERY,5,318,0.707574316211464,0.74931891904746,0.7310907090209873
protein,graph+identity0,4ES1,cluster_4ES1,4,95,0.6909282789899087,0.6925981531580849,0.7507368392311184
protein,graph+identity0,4EUG,cluster_4EUG,5,225,0.5793916217752182,0.6318573824640279,0.8154244308863545
protein,graph+identity0,4F01,cluster_4F01,1,448,0.3336291013706536,0.5301522846976764,1.015612074901917
protein,graph+identity0,4F3J,cluster_4F3J,3,143,0.6013375092673062,0.556837791864398,0.8035932471204652
protein,graph+identity0,4FR9,cluster_4FR9,5,141,0.6384951083002168,0.6408205901222955,0.7777562418062671
protein,graph+identity0,4G14,cluster_4G14,4,15,0.5559204299248552,0.5678571428571427,0.8656642142481585
protein,graph+identity0,4G2E,cluster_4G2E,2,151,0.7335427905238231,0.8047553527593025,0.6831818254043183
protein,graph+identity0,4G5X,cluster_4G5X,3,550,0.7246967801649886,0.7453976772253914,0.7062352405684041
protein,graph+identity0,4G6C,cluster_4G6C,2,658,0.6002005555389271,0.5747519293663846,0.808705429841569
protein,graph+identity0,4G7X,cluster_4G7X,3,194,0.6332085706084188,0.5593017747093466,0.7848018967290767
protein,graph+identity0,4GA2,cluster_4GA2,1,144,0.5194631622188904,0.5347883401230398,0.8559460282248997
protein,graph+identity0,4GMQ,cluster_4GMQ,3,92,0.5968766243027915,0.5629209500177241,0.8045615171687855
protein,graph+identity0,4GS3,cluster_4GS3,2,90,0.4980584202609548,0.6631023966723107,0.9297029440828075
protein,graph+identity0,4H4J,cluster_4H4J,4,236,0.8072663078979115,0.8347626623283304,0.6188254066638657
protein,graph+identity0,4H89,cluster_4H89,2,168,0.6054370178420299,0.567521618455255,0.7963973333767091
protein,graph+identity0,4HDE,cluster_4HDE,5,168,0.721381779541862,0.7843732264637177,0.7060284684958422
protein,graph+identity0,4HJP,cluster_4HJP,1,281,0.7153967051843846,0.7848888086082557,0.7042244339990007
protein,graph+identity0,4HWM,cluster_4HWM,2,117,0.6244898495226281,0.5867358025596127,0.7913957725691038
protein,graph+identity0,4IL7,cluster_4IL7,2,85,0.3885169029739291,0.29448206452514447,0.9391896950251585
protein,graph+identity0,4J11,cluster_4J11,1,357,0.6231756236738274,0.5095229134273163,0.7911902139616037
protein,graph+identity0,4J5O,cluster_4J5O,2,220,0.7139788123468435,0.6508262757285246,0.7072512627194627
protein,graph+identity0,4J5Q,cluster_2FG1,5,146,0.7294294055492406,0.7689218370773367,0.7001837738229989
protein,graph+identity0,4J78,cluster_4J78,4,305,0.634550327457174,0.7636198839846152,0.77558115831717
protein,graph+identity0,4JG2,cluster_4JG2,5,185,0.7785584423156116,0.8111566569547373,0.6786400849014738
protein,graph+identity0,4JVU,cluster_4JVU,1,207,0.7228127554186098,0.8072667004970943,0.7014591119173484
protein,graph+identity0,4JYP,cluster_4JYP,4,534,0.6561909759471206,0.7173981840527301,0.7593575952085826
protein,graph+identity0,4KEF,cluster_4KEF,3,133,0.49621161747372866,0.4502264203576391,0.8872466848463739
protein,graph+identity0,5CYT,cluster_1CCR,3,103,0.3583707736377214,0.3184744855340673,0.934946356056212
protein,graph+identity0,6RXN,cluster_6RXN,1,45,0.5554274470977145,0.5743083003952568,0.8625418328898279
protein,graph+geometric0,1ABA,cluster_1ABA,4,87,0.6315511888223616,0.7349614981851622,0.7786735859896567
protein,graph+geometric0,1AHO,cluster_1AHO,4,64,0.6082855173478743,0.7164230360249139,0.7950532836026526
protein,graph+geometric0,1AIE,cluster_1AIE,3,31,0.6628736974574241,0.44072580645161297,0.755872936724443
protein,graph+geometric0,1AKG,cluster_1AKG,1,16,0.46098230249466077,0.7019869450135229,0.9107176343142422
protein,graph+geometric0,1ATG,cluster_1ATG,1,231,0.5364074376940146,0.5857757510822388,0.8480188295589998
protein,graph+geometric0,1BGF,cluster_1BGF,4,124,0.5603923513153448,0.41470165684907284,0.8300719090851238
protein,graph+geometric0,1BX7,cluster_1BX7,4,51,0.5488946181327526,0.21565610859728507,0.8928943151415851
protein,graph+geometric0,1BYI,cluster_1BYI,1,224,0.5384895251605878,0.6063740424200268,0.8458750826866657
protein,graph+geometric0,1CCR,cluster_1CCR,2,111,0.5133927464880051,0.5173453965998155,0.8587291953079086
protein,graph+geometric0,1CYO,cluster_1CYO,5,88,0.6636808165225683,0.5871469960925535,0.7573648996471577
protein,graph+geometric0,1DF4,cluster_1DF4,1,57,0.9246874979770786,0.8306326160228157,0.5240171855953534
protein,graph+geometric0,1E5K,cluster_1E5K,2,188,0.7521602383741106,0.7401384673669388,0.6771245406913402
protein,graph+geometric0,1ES5,cluster_1ES5,5,260,0.6433415989209073,0.7172143347960146,0.7757813036873143
protein,graph+geometric0,1ETL,cluster_1ETL,3,12,0.7740614319133314,0.6773684327688402,0.7263359499943316
protein,graph+geometric0,1ETM,cluster_1ETM,5,12,0.6302566530686226,0.4405353735063205,0.8308200956966658
protein,graph+geometric0,1ETN,cluster_1ETN,4,12,-0.18854461923313917,-0.10717537177302122,1.1796961256650424
protein,graph+geometric0,1EW4,cluster_1EW4,2,106,0.6050928102771526,0.6333150277634961,0.7976521686526501
protein,graph+geometric0,1F8R,cluster_1F8R,3,1932,0.7922866766425992,0.7602327687048903,0.6577719414694072
protein,graph+geometric0,1FF4,cluster_1FF4,1,65,0.6016068723951425,0.5999409958945977,0.8017348813220856
protein,graph+geometric0,1FK5,cluster_1FK5,4,93,0.5535722940015564,0.526579256612041,0.8365711211048714
protein,graph+geometric0,1GCO,cluster_1GCO,4,1044,0.6305103779396533,0.6313877591046764,0.7794125314300323
protein,graph+geometric0,1GK7,cluster_1GK7,4,39,0.6901901281460769,0.3960726762499413,0.7411552331539389
protein,graph+geometric0,1GVD,cluster_1GVD,1,52,0.7466584088124667,0.615141619315807,0.7003583328972006
protein,graph+geometric0,1GXU,cluster_1GXU,2,88,0.6515697663316878,0.6136973033006456,0.7713622226322735
protein,graph+geometric0,1H6V,cluster_1H6V,2,2927,0.4843174906066467,0.5524385352988639,0.8904097054692999
protein,graph+geometric0,1HJE,cluster_1HJE,5,13,0.6386394759320442,0.6813186813186813,0.8203632759161091
protein,graph+geometric0,1I71,cluster_1I71,3,83,0.5703545345844365,0.6115312161387859,0.8236465589654667
protein,graph+geometric0,1IDP,cluster_1IDP,4,441,0.7651342705335843,0.8730257981921679,0.6556431779327501
protein,graph+geometric0,1IFR,cluster_1IFR,2,113,0.6918336569851249,0.7434989998525595,0.7615097010317646
protein,graph+geometric0,1K8U,cluster_1K8U,4,89,0.4737174538746663,0.36853238224875084,0.9052479759284647
protein,graph+geometric0,1KMM,cluster_1KMM,4,1499,0.7180605942019871,0.7547367004241207,0.7039980309032078
protein,graph+geometric0,1KNG,cluster_1KNG,4,144,0.5108708947847982,0.48117402846723845,0.8645216312455146
protein,graph+geometric0,1KR4,cluster_1KR4,3,110,0.6206427648948979,0.5896254486320037,0.7879265424768022
protein,graph+geometric0,1KYC,cluster_1KYC,1,15,0.7837516179475752,0.7607142857142856,0.6686966077882032
protein,graph+geometric0,1LR7,cluster_1LR7,4,73,0.6445153022999359,0.7353506058978302,0.7872964589548311
protein,graph+geometric0,1MF7,cluster_1MF7,4,194,0.6891174245933599,0.771133020931229,0.7475190474480469
protein,graph+geometric0,1N7E,cluster_1N7E,1,95,0.540778863998218,0.6830908779513961,0.8423451024584429
protein,graph+geometric0,1NKD,cluster_1NKD,4,59,0.6747224613600852,0.7331813677846032,0.7909074955272953
protein,graph+geometric0,1NKO,cluster_1NKO,5,122,0.5143972025669298,0.7200319874939417,0.8752137463181617
protein,graph+geometric0,1NLS,cluster_1NLS,1,237,0.5094399229794412,0.7337027377479951,0.8700772636162437
protein,graph+geometric0,1NNX,cluster_1NNX,2,93,0.7544664235998955,0.8062025336240066,0.6645513174299847
protein,graph+geometric0,1NOA,cluster_1NOA,3,113,0.570286435018064,0.5131476622387957,0.8225417172703229
protein,graph+geometric0,1NOT,cluster_1NOT,2,13,0.5992029668784912,0.5,0.8624188753834441
protein,graph+geometric0,1O06,cluster_1O06,2,20,0.9005980760001054,0.6947368421052631,0.4664356957125695
protein,graph+geometric0,1O08,cluster_1O08,4,221,0.34573100081046576,0.5967194069335937,0.9620303104298913
protein,graph+geometric0,1OB4,cluster_1OB4,5,16,0.41790665901748736,0.30882352941176466,0.9834270975948417
protein,graph+geometric0,1OB7,cluster_1OB7,2,16,0.5864982897725997,0.8623990561382061,0.8485213085148454
protein,graph+geometric0,1OPD,cluster_1OPD,4,85,0.46428743235471076,0.45163402205943587,0.8884663662280466
protein,graph+geometric0,1P9I,cluster_1P9I,4,29,0.6787150143065426,0.4285714285714285,0.7451985447431246
protein,graph+geometric0,1PEF,cluster_1PEF,4,18,0.8582269483191236,0.8885448916408669,0.5272093395705325
protein,graph+geometric0,1PEN,cluster_1PEN,3,16,0.5416328562601119,0.5342164801675237,0.8510228431721035
protein,graph+geometric0,1PMY,cluster_1PMY,4,123,0.6926150024655198,0.5989804012738951,0.7498306681941538
protein,graph+geometric0,1PZ4,cluster_1PZ4,5,113,0.6704253664481177,0.6844962707497692,0.7512590223933694
protein,graph+geometric0,1Q9B,cluster_1Q9B,4,43,0.8169716146283644,0.7562669888251283,0.6187714518721533
protein,graph+geometric0,1QAU,cluster_1QAU,5,112,0.6641221135729178,0.6387109863718574,0.754024584555468
protein,graph+geometric0,1QKI,cluster_1QKI,1,3912,0.5399317508589752,0.629577338872004,0.892234782975892
protein,graph+geometric0,1QTO,cluster_1QTO,5,122,0.6117456866063643,0.6097349811678258,0.7917432289276709
protein,graph+geometric0,1R29,cluster_1R29,2,122,0.584915261052618,0.5748558003094201,0.8123370869814863
protein,graph+geometric0,1R7J,cluster_1R7J,1,90,0.7642980225183525,0.6132874559411331,0.6763217091535418
protein,graph+geometric0,1RJU,cluster_1RJU,5,36,0.3840407189796226,0.2671814671814672,0.9381971815070071
protein,graph+geometric0,1RRO,cluster_1RRO,1,108,0.2890430973683777,0.21993783578679466,0.9744121719162911
protein,graph+geometric0,1SAU,cluster_1SAU,4,114,0.6318662088246445,0.6450222763574568,0.7903742665638469
protein,graph+geometric0,1TGR,cluster_1TGR,4,104,0.7245143343671686,0.6750507445864081,0.7119807914971891
protein,graph+geometric0,1TZV,cluster_1TZV,4,141,0.8102236977535828,0.7800692029890784,0.6133611746082093
protein,graph+geometric0,1U06,cluster_1U06,5,55,0.4455738889281799,0.28770360220413027,0.897097155514316
protein,graph+geometric0,1U7I,cluster_1U7I,2,267,0.7622827013647359,0.8008182696293217,0.6662420988631366
protein,graph+geometric0,1U9C,cluster_1U9C,5,221,0.5756742354760341,0.4134851422717025,0.8284817984452904
protein,graph+geometric0,1UHA,cluster_1UHA,5,82,0.6342415308939339,0.6763895995246302,0.7758938430798941
protein,graph+geometric0,1UKU,cluster_1KR4,2,102,0.7401347352014855,0.558597681660047,0.6844927628434058
protein,graph+geometric0,1ULR,cluster_1ULR,1,87,0.5951884948250624,0.6300479795001505,0.8168316889861991
protein,graph+geometric0,1UOY,cluster_1UOY,2,64,0.6875818566458819,0.6215730491827697,0.7484091754807612
protein,graph+geometric0,1USE,cluster_1USE,2,40,0.05393804434680156,-0.24484052532833023,1.2115934936660921
protein,graph+geometric0,1USM,cluster_1USM,3,77,0.8151915372283369,0.7137646154303657,0.6094565300481384
protein,graph+geometric0,1UTG,cluster_1UTG,3,70,0.5685720923315906,0.5102660333152417,0.8314560160028031
protein,graph+geometric0,1V05,cluster_1V05,3,96,0.5919298775349362,0.5612393006390023,0.8158543450727967
protein,graph+geometric0,1V70,cluster_1V70,3,105,0.5290546605995943,0.6301602771472142,0.852387394195616
protein,graph+geometric0,1VRZ,cluster_1VRZ,2,21,0.7182042012474296,0.7706304420840101,0.769945602931853
protein,graph+geometric0,1W2L,cluster_1W2L,4,97,0.5769709654961453,0.4021631217418198,0.8196087418101985
protein,graph+geometric0,1WBE,cluster_1WBE,4,204,0.5600326897645447,0.6244345010837321,0.8311077673025653
protein,graph+geometric0,1WHI,cluster_1WHI,4,122,0.5219110287396757,0.6322109705068266,0.8589980455570583
protein,graph+geometric0,1WLY,cluster_1WLY,3,322,0.6814344173896552,0.7176907914389001,0.739921831367346
protein,graph+geometric0,1WPA,cluster_1WPA,5,107,0.5468603710789259,0.3424286137893379,0.8393773635056275
protein,graph+geometric0,1X3O,cluster_1X3O,4,80,0.5681938994137897,0.5749799283967018,0.8270169052175782
protein,graph+geometric0,1XY1,cluster_1XY1,3,16,0.666142800226631,0.5905882545789548,1.0894230082622807
protein,graph+geometric0,1XY2,cluster_1XY2,3,8,0.5429782585360265,0.5576679417142028,0.917469711004478
protein,graph+geometric0,1Y6X,cluster_1Y6X,3,87,0.4977509157475375,0.5585157036750751,0.8818928466591771
protein,graph+geometric0,1YJO,cluster_1YJO,2,6,0.28646582247613467,0.3714285714285715,1.0933161515010696
protein,graph+geometric0,1YZM,cluster_1YZM,5,46,0.8599126457623207,0.7080917738889734,0.6925771198500251
protein,graph+geometric0,1Z21,cluster_1Z21,2,96,0.6363286890932376,0.6853230330288848,0.7751579358383249
protein,graph+geometric0,1ZCE,cluster_1ZCE,2,146,0.7667329734261077,0.7934504299909818,0.6859799737586992
protein,graph+geometric0,1ZVA,cluster_1ZVA,3,75,0.6235397354640307,0.5450096742634651,0.7835925276083866
protein,graph+geometric0,2A50,cluster_2A50,5,457,0.5543347469133942,0.6268627310844639,0.8421647524723894
protein,graph+geometric0,2AGK,cluster_2AGK,2,233,0.6641867593787424,0.6998525266180845,0.7571335928983567
protein,graph+geometric0,2AH1,cluster_2AH1,3,939,0.535012093872676,0.5339968926435843,0.8593861448405625
protein,graph+geometric0,2B0A,cluster_2B0A,4,186,0.6110812248890647,0.6291320454968553,0.8037393492162329
protein,graph+geometric0,2BCM,cluster_2BCM,4,413,0.5625824991016092,0.5041775286033002,0.8275096274270292
protein,graph+geometric0,2BF9,cluster_2BF9,1,36,0.5603312112341587,0.4441727276074517,0.8764592709639075
protein,graph+geometric0,2BRF,cluster_2BRF,3,100,0.7766969944014435,0.7223662422771067,0.6753046802579274
protein,graph+geometric0,2C71,cluster_2C71,2,205,0.6216795097378441,0.6693866265653741,0.8128044271988755
protein,graph+geometric0,2CE0,cluster_2CE0,3,99,0.6183496224403042,0.5930307707492973,0.7877932952909358
protein,graph+geometric0,2CG7,cluster_2CG7,3,90,0.5346745566697829,0.5228099637754252,0.8501139246679957
protein,graph+geometric0,2COV,cluster_2COV,5,534,0.7788592596732643,0.7443844876553137,0.6375832748140536
protein,graph+geometric0,2CWS,cluster_2CWS,3,227,0.6634634259162461,0.7056705292315176,0.7570179408509558
protein,graph+geometric0,2D5W,cluster_2D5W,5,1214,0.7031051965216496,0.6720036900701347,0.7258674207801821
protein,graph+geometric0,2DKO,cluster_2DKO,2,253,0.7894787408447801,0.686888312634335,0.6202695088742134
protein,graph+geometric0,2DPL,cluster_2DPL,1,565,0.47666957027953505,0.5353125385170409,0.8924329261583613
protein,graph+geometric0,2DSX,cluster_2DSX,5,52,0.35717551451474283,0.238852484000567,0.9343240512310664
protein,graph+geometric0,2E10,cluster_2E10,3,439,0.7742894986612998,0.8079646861533779,0.6421742690546625
protein,graph+geometric0,2E3H,cluster_2E3H,1,81,0.7083703377706383,0.6958343217967935,0.7075549843421922
protein,graph+geometric0,2EAQ,cluster_2EAQ,1,89,0.6844639058271559,0.48616555373668907,0.7442430727576913
protein,graph+geometric0,2EHP,cluster_2EHP,2,248,0.7794148461202279,0.8109581346156227,0.6523328868517444
protein,graph+geometric0,2EHS,cluster_1X3O,1,75,0.6889831652932674,0.7181040982817324,0.7557168944832086
protein,graph+geometric0,2ERW,cluster_2ERW,2,53,0.3132373463742155,0.11285152727018473,1.0131508724562523
protein,graph+geometric0,2ETX,cluster_2ETX,5,389,0.5341829851503337,0.545697113402318,0.8542287233969689
protein,graph+geometric0,2FB6,cluster_2FB6,4,116,0.7850132702045263,0.6711966189379054,0.6813775186710492
protein,graph+geometric0,2FG1,cluster_2FG1,1,157,0.6197510466981425,0.5547612642821971,0.7864222292960231
protein,graph+geometric0,2FN9,cluster_2FN9,5,560,0.6036436557482512,0.5936559873213535,0.8011199356570408
protein,graph+geometric0,2FQ3,cluster_2FQ3,1,85,0.7065118912569577,0.6971467656830174,0.7415866206459182
protein,graph+geometric0,2G69,cluster_2G69,4,99,0.6675994641107585,0.6619150396851357,0.7530814860014323
protein,graph+geometric0,2G7O,cluster_2G7O,2,68,0.7540702840772943,0.3068876997905803,0.6938117468976938
protein,graph+geometric0,2G7S,cluster_2G7S,5,190,0.6362934321866718,0.6107896006540712,0.7853350636467225
protein,graph+geometric0,2GKG,cluster_2GKG,1,122,0.6692739166443314,0.5183649192235452,0.7605952345011908
protein,graph+geometric0,2GOM,cluster_2GOM,1,121,0.5877297115339646,0.4509521995165695,0.8151458686852853
protein,graph+geometric0,2GXG,cluster_2GXG,3,140,0.727962456706856,0.6822164128634458,0.710026378455571
protein,graph+geometric0,2GZQ,cluster_2GZQ,3,191,0.4252325125587437,0.36436491823705414,0.9254121619600079
protein,graph+geometric0,2HQK,cluster_2HQK,5,213,0.7785157315769613,0.7386998901648084,0.693403918538998
protein,graph+geometric0,2HYK,cluster_2HYK,5,237,0.5920650410603132,0.5609274856646403,0.8103224775934602
protein,graph+geometric0,2I24,cluster_2I24,1,113,0.5145787885956584,0.47525971286285584,0.8593310684694085
protein,graph+geometric0,2I49,cluster_2I49,1,398,0.6835604991974342,0.6863308915116365,0.7431139011527951
protein,graph+geometric0,2IBL,cluster_2IBL,3,108,0.6655477978120413,0.6541800540163718,0.8612963393363808
protein,graph+geometric0,2IGD,cluster_2IGD,3,61,0.5119950137207357,0.5306327509192581,0.8634641529312079
protein,graph+geometric0,2IMF,cluster_2IMF,1,203,0.6297464681428856,0.6257050197707057,0.7804511505878237
protein,graph+geometric0,2IP6,cluster_2IP6,5,87,0.6361752079157725,0.41540452373531556,0.7751123612921026
protein,graph+geometric0,2IVY,cluster_2IVY,3,88,0.47839165910513237,0.42561585033982463,0.8935954929459224
protein,graph+geometric0,2J32,cluster_2J32,4,244,0.8163614622628103,0.7193271403660366,0.5908235994032468
protein,graph+geometric0,2J9W,cluster_2J9W,3,200,0.6955314747330331,0.6842917262778988,0.7315662189722159
protein,graph+geometric0,2JKU,cluster_2JKU,1,35,0.5774460768101775,0.34540233994640845,0.8830966148102117
protein,graph+geometric0,2JLI,cluster_2JLI,2,100,0.6071005796827291,0.5063892732137313,0.7960917735977115
protein,graph+geometric0,2JLJ,cluster_2JLI,3,115,0.7539326583722801,0.6249159126520789,0.6722990706389278
protein,graph+geometric0,2MCM,cluster_1NOA,1,112,0.7712842561296008,0.7168614621230296,0.6907770126544323
protein,graph+geometric0,2NLS,cluster_2NLS,5,36,0.4089587687238178,0.3343629343629344,0.9145231381756467
protein,graph+geometric0,2NR7,cluster_2NR7,1,194,0.8198013811838853,0.7308459416506782,0.6111697681797544
protein,graph+geometric0,2NUH,cluster_1KR4,1,104,0.668248441346308,0.5587574751191647,0.7546694649333736
protein,graph+geometric0,2O6X,cluster_2O6X,3,306,0.7800636651352915,0.7905973679568183,0.6361375851659542
protein,graph+geometric0,2OA2,cluster_2OA2,5,132,0.4998297199499269,0.3823954897438561,0.872415623924026
protein,graph+geometric0,2OCT,cluster_2OCT,1,192,0.5551079192797517,0.5689886547125741,0.8480862879429656
protein,graph+geometric0,2OHW,cluster_2OHW,4,256,0.5732874828065806,0.6525678483454752,0.837905510091296
protein,graph+geometric0,2OKT,cluster_2OKT,3,342,0.38596467283218744,0.3844209273624659,0.9572573032059711
protein,graph+geometric0,2OL9,cluster_2OL9,1,6,0.8642126247537311,0.7142857142857143,0.5520010628219311
protein,graph+geometric0,2OLX,cluster_2OLX,4,4,0.8691020614241726,0.6000000000000001,0.7627245814944208
protein,graph+geometric0,2PKT,cluster_2PKT,5,91,0.02493010398587424,0.05735991498839232,1.0862546746318613
protein,graph+geometric0,2PLT,cluster_2PLT,1,98,0.45769837478751507,0.515486330725564,0.8972651816963985
protein,graph+geometric0,2PMR,cluster_2PMR,4,76,0.6217218697957952,0.7698396424457221,0.7863319423585045
protein,graph+geometric0,2POF,cluster_2POF,2,440,0.6807503887182336,0.7107977850340496,0.738271035560768
protein,graph+geometric0,2PPN,cluster_2PPN,2,107,0.6241705414911828,0.715592870198114,0.7985455802025254
protein,graph+geometric0,2PSF,cluster_2PSF,2,608,0.4793862241711865,0.4754334363479633,0.8834029671140171
protein,graph+geometric0,2PTH,cluster_2PTH,5,193,0.7360911532533905,0.8052900395156033,0.7025267883803625
protein,graph+geometric0,2Q4N,cluster_2Q4N,4,153,0.6630602474757192,0.5651860334584627,0.7581058565889581
protein,graph+geometric0,2Q52,cluster_1WBE,2,412,0.7647495488806652,0.7546242477661658,0.6676958631787514
protein,graph+geometric0,2QJL,cluster_2QJL,1,99,0.6028923376344572,0.6732201779465189,0.8082953075781111
protein,graph+geometric0,2R16,cluster_2R16,2,175,0.5643473174126863,0.44891136538942783,0.8347046769300754
protein,graph+geometric0,2R6Q,cluster_2R6Q,2,138,0.5449096772948926,0.41861840333778016,0.8448719761309216
protein,graph+geometric0,2RB8,cluster_2RB8,1,93,0.6447094871688192,0.5153777002795056,0.7694096380901486
protein,graph+geometric0,2RE2,cluster_2RE2,2,238,0.6545795587015045,0.46424254190688496,0.7586798807790315
protein,graph+geometric0,2RFR,cluster_2RFR,3,154,0.686970218491507,0.4691809320612296,0.7280546175851592
protein,graph+geometric0,2V9V,cluster_2V9V,5,135,0.5431536607205113,0.4538095901159282,0.8405378399014193
protein,graph+geometric0,2VE8,cluster_2VE8,3,515,0.7073648985682538,0.6181815482326014,0.7125575541841795
protein,graph+geometric0,2VH7,cluster_2VH7,5,94,0.7163932995168157,0.7313238738243544,0.7078907927649689
protein,graph+geometric0,2VIM,cluster_2VIM,5,104,0.37101534654262397,0.3989384260787137,0.9371207741430541
protein,graph+geometric0,2VPA,cluster_2VPA,5,204,0.7517983299036272,0.7594462639982854,0.7594160052633651
protein,graph+geometric0,2VQ4,cluster_2VQ4,4,106,0.6761464074531593,0.7526066926677663,0.738013157454783
protein,graph+geometric0,2VY8,cluster_2VY8,2,149,0.7456052053978982,0.7761578473126277,0.6771287741314446
protein,graph+geometric0,2VYO,cluster_2C71,3,206,0.7112663470144347,0.7222177607892512,0.7193899494025938
protein,graph+geometric0,2W1V,cluster_2W1V,2,548,0.6765926694606657,0.7455814073383661,0.7479895775868927
protein,graph+geometric0,2W2A,cluster_2W2A,5,350,0.6310632012846441,0.6777517668824121,0.7764664820538659
protein,graph+geometric0,2W6A,cluster_2W6A,5,117,0.7735985400635552,0.4991008206273972,0.6543673825343187
protein,graph+geometric0,2WJ5,cluster_2WJ5,5,96,0.5140553514820614,0.5633253526400669,0.9148942096806509
protein,graph+geometric0,2WUJ,cluster_2WUJ,5,100,0.48421824945317676,0.27329896969570766,0.8769165078985625
protein,graph+geometric0,2WW7,cluster_2WW7,4,150,0.452390577064332,0.5198900558247466,0.9660997861879465
protein,graph+geometric0,2WWE,cluster_2WWE,4,111,0.5637347825663842,0.4883245436373653,0.8274279701207901
protein,graph+geometric0,2X1Q,cluster_2X1Q,5,240,0.46889584663585326,0.3988110650183987,0.8927382185122924
protein,graph+geometric0,2X25,cluster_2X25,4,168,0.6053415396460341,0.6954095388212896,0.8086463582520336
protein,graph+geometric0,2X3M,cluster_2X3M,2,166,0.7200055410425772,0.6007622518480351,0.7272522433801667
protein,graph+geometric0,2X5Y,cluster_2X5Y,1,171,0.7166821517359245,0.7025680749617337,0.716483935898541
protein,graph+geometric0,2X9Z,cluster_2X9Z,3,262,0.5775142187600927,0.5947726591928432,0.8169297280706517
protein,graph+geometric0,2XHF,cluster_2XHF,2,310,0.591019600765582,0.6359803613357513,0.8088790206414177
protein,graph+geometric0,2Y0T,cluster_2Y0T,1,101,0.7838520238546217,0.7562355669858005,0.6453314195511943
protein,graph+geometric0,2Y72,cluster_2Y72,5,170,0.7152655363316582,0.6841851038887811,0.7123609095077124
protein,graph+geometric0,2Y7L,cluster_2Y7L,2,319,0.7245372439355424,0.6940843440794752,0.7054846671823993
protein,graph+geometric0,2Y9F,cluster_2Y9F,5,149,0.7639339639090146,0.8594586946909114,0.6473091733985901
protein,graph+geometric0,2YLB,cluster_2YLB,3,400,0.7331263756428195,0.7844459472734933,0.6803240742666156
protein,graph+geometric0,2YNY,cluster_2YNY,1,315,0.7266616168797028,0.7218421439935278,0.7247198966117737
protein,graph+geometric0,2ZCM,cluster_2ZCM,3,357,0.4515582810870674,0.38156368148996617,0.8939653581625474
protein,graph+geometric0,2ZU1,cluster_2ZU1,5,360,0.7111123377354791,0.7587684539014001,0.7095994080607575
protein,graph+geometric0,3A0M,cluster_3A0M,3,148,0.6848143872956146,0.5251347014397455,0.7588444163762822
protein,graph+geometric0,3A7L,cluster_3A7L,2,128,0.6742940544963216,0.5916554840533473,0.7545041960071145
protein,graph+geometric0,3AMC,cluster_3AMC,3,614,0.7187839572555714,0.766086082419032,0.72345877814961
protein,graph+geometric0,3AUB,cluster_3AUB,2,116,0.6252182444207153,0.67753071630024,0.7907775490361799
protein,graph+geometric0,3B5O,cluster_3B5O,5,230,0.6253406905690584,0.6091176578660574,0.7837859644431587
protein,graph+geometric0,3BA1,cluster_3BA1,4,312,0.6554245870642594,0.5707330005958561,0.7559241012583726
protein,graph+geometric0,3BED,cluster_3BED,1,261,0.8094886904459775,0.8256730760081581,0.614652421044696
protein,graph+geometric0,3BQX,cluster_3BQX,4,139,0.47188032883627135,0.49470764411716384,0.9095963487314895
protein,graph+geometric0,3BZQ,cluster_3BZQ,2,99,0.5693354038294627,0.5531697784260292,0.8260932882477698
protein,graph+geometric0,3BZZ,cluster_3BZZ,5,100,0.4451514715296734,0.4491303448707746,0.9238695416855739
protein,graph+geometric0,3DRF,cluster_3DRF,1,547,0.5591989856259827,0.5485217069436472,0.8311388435887445
protein,graph+geometric0,3DWV,cluster_3DWV,1,325,0.6413924211663569,0.7208751810917872,0.771789331441818
protein,graph+geometric0,3E5T,cluster_2HQK,4,228,0.5349287239939096,0.46109620234101606,0.8464887233405524
protein,graph+geometric0,3E7R,cluster_3E7R,3,40,0.7030751499315093,0.7717784004748203,0.7517133125551749
protein,graph+geometric0,3EUR,cluster_3EUR,1,140,0.4046098469967296,0.3897797322232888,0.9252923095540165
protein,graph+geometric0,3F2Z,cluster_3F2Z,4,149,0.7717608467796256,0.7496367592831005,0.6625271847639725
protein,graph+geometric0,3F7E,cluster_3F7E,3,254,0.7565050280226591,0.8147675814188446,0.6631734686894515
protein,graph+geometric0,3FCN,cluster_3FCN,4,158,0.6310528841639371,0.5394901377496125,0.7784803954525246
protein,graph+geometric0,3FE7,cluster_3FE7,4,91,0.46058050233592523,0.5174850790910539,0.8881951913854368
protein,graph+geometric0,3FKE,cluster_3FKE,4,250,0.48011045633183164,0.4895458344662848,0.8890675822912766
protein,graph+geometric0,3FMY,cluster_3FMY,5,66,0.6568117709445207,0.6647044089624642,0.7625616213801905
protein,graph+geometric0,3FOD,cluster_3FOD,2,48,0.3568560303049901,0.34098681046813106,1.0117068665812223
protein,graph+geometric0,3FSO,cluster_3FSO,1,221,0.8045134381289823,0.594633025904205,0.6200407532517549
protein,graph+geometric0,3FTD,cluster_3FTD,1,240,0.7043000883699732,0.6761842260643415,0.7254382934698161
protein,graph+geometric0,3FVA,cluster_3FVA,5,6,0.6728909789669492,0.7775419143502353,0.7442998454427979
protein,graph+geometric0,3G1S,cluster_3G1S,1,418,0.6453854912058882,0.7083347984053362,0.769752688939206
protein,graph+geometric0,3GBW,cluster_3GBW,2,161,0.7603266116159029,0.8504078635578316,0.6753103898789892
protein,graph+geometric0,3GHJ,cluster_3GHJ,1,116,0.5452145420805127,0.5515686447918541,0.8407216887948157
protein,graph+geometric0,3HFO,cluster_3HFO,2,197,0.6388893830210844,0.667630945870021,0.7758724342219558
protein,graph+geometric0,3HHP,cluster_3HHP,5,1234,0.7486965413147216,0.7905767818002235,0.6750235326794823
protein,graph+geometric0,3HNY,cluster_3HNY,2,156,0.7173169943223635,0.7330706508873618,0.7048954782271516
protein,graph+geometric0,3HP4,cluster_3HP4,2,183,0.5252788436103517,0.45080844889768074,0.8581973046343593
protein,graph+geometric0,3HWU,cluster_3HWU,2,144,0.7519178225585443,0.7310977479190364,0.6667883595071842
protein,graph+geometric0,3HYD,cluster_3HYD,5,7,0.7773645243819884,0.39285714285714296,0.7081744937324407
protein,graph+geometric0,3HZ8,cluster_3HZ8,2,192,0.5003823339985262,0.47637455680350355,0.87500019384168
protein,graph+geometric0,3I2V,cluster_3I2V,2,124,0.4108773400775433,0.4305078238185913,0.9390041525876429
protein,graph+geometric0,3I2Z,cluster_3I2Z,4,138,0.5732269644739496,0.5934360990675149,0.8250108604879332
protein,graph+geometric0,3I4O,cluster_3I4O,1,135,0.7420202850001457,0.7141231833722932,0.6741701749426527
protein,graph+geometric0,3I7M,cluster_3I7M,2,134,0.6300247407761076,0.5424587707501962,0.7785342360422355
protein,graph+geometric0,3IHS,cluster_1OPD,4,169,0.5920023001309046,0.48895745332860235,0.8139400955321202
protein,graph+geometric0,3IVV,cluster_3IVV,3,149,0.7864159163049691,0.7741706112091445,0.6278664710445322
protein,graph+geometric0,3K6Y,cluster_3K6Y,2,227,0.5994813811424314,0.6067287605519164,0.8032215209791241
protein,graph+geometric0,3KBE,cluster_3KBE,2,140,0.7046278443231904,0.6983077014059955,0.7100807667097113
protein,graph+geometric0,3KGK,cluster_3KGK,4,190,0.7816771367420733,0.776681320942647,0.6334338229229307
protein,graph+geometric0,3KZD,cluster_3KZD,5,85,0.6379950834855403,0.6623410890403736,0.7737904163033482
protein,graph+geometric0,3L41,cluster_2ETX,1,220,0.6924397790978659,0.6774481571022741,0.7255905833900614
protein,graph+geometric0,3LAA,cluster_3LAA,3,169,0.6026529045769603,0.512486784164385,0.8786524868245497
protein,graph+geometric0,3LAX,cluster_3LAX,1,106,0.7494938264803885,0.7280403660965598,0.6812456313819841
protein,graph+geometric0,3LG3,cluster_3LG3,5,833,0.5575728132455168,0.6014262394617524,0.8971767636289071
protein,graph+geometric0,3LJI,cluster_3LJI,4,272,0.5896447929211638,0.5321792706119655,0.8106238875505554
protein,graph+geometric0,3M3P,cluster_3M3P,1,249,0.5995027961239242,0.629991325241497,0.8032655432699958
protein,graph+geometric0,3M8J,cluster_3M8J,4,178,0.6849203912107196,0.7353017215389787,0.731494039898143
protein,graph+geometric0,3M9J,cluster_3M9J,3,210,0.5307886276119197,0.5418320420825191,0.8526296364971455
protein,graph+geometric0,3M9Q,cluster_3M9Q,1,176,0.4670918843984289,0.5136730863324424,0.9266183284387136
protein,graph+geometric0,3MAB,cluster_1OPD,3,173,0.6465579987976198,0.5582003883404532,0.7637666791389458
protein,graph+geometric0,3MD4,cluster_3MD4,2,12,0.6932511255437233,0.8021028062474066,0.7675449130968393
protein,graph+geometric0,3MD5,cluster_3MD5,1,12,0.5307972432739497,0.6153846153846154,0.9995037417139452
protein,graph+geometric0,3MEA,cluster_3MEA,3,166,0.6630260687776605,0.7393847970251505,0.7681509472731188
protein,graph+geometric0,3MGN,cluster_3MGN,4,348,0.18874477021711,0.25329955945138827,1.1954357001276255
protein,graph+geometric0,3MRE,cluster_3MRE,2,383,0.6818713935225779,0.7548290779530255,0.7426670964565192
protein,graph+geometric0,3N11,cluster_3N11,5,325,0.5469903884941599,0.6091326258540086,0.8450722322594737
protein,graph+geometric0,3NE0,cluster_3NE0,4,208,0.7014237135608425,0.6893055317125848,0.7216881794789389
protein,graph+geometric0,3NGG,cluster_3NGG,3,94,0.7357270025327262,0.6137457193796657,0.7013554404454071
protein,graph+geometric0,3NPV,cluster_3NPV,2,495,0.5849432412335932,0.5600333860583292,0.8155183713355638
protein,graph+geometric0,3NVG,cluster_3NVG,3,6,0.6160690874752829,0.6571428571428573,0.8499926462585903
protein,graph+geometric0,3NZL,cluster_3NZL,1,73,0.6077818342074344,0.6204518641267431,0.8009270997028016
protein,graph+geometric0,3O0P,cluster_3O0P,2,194,0.7076010765183972,0.7122069396968823,0.7071209211650489
protein,graph+geometric0,3O5P,cluster_3O5P,1,128,0.7215294991008279,0.6654887818720755,0.7014489771294317
protein,graph+geometric0,3OBQ,cluster_3OBQ,1,150,0.6311101555812676,0.3887944644410931,0.7776500282838589
protein,graph+geometric0,3OQY,cluster_3OQY,3,234,0.6548480731400756,0.6268677684612833,0.76706900569011
protein,graph+geometric0,3P6J,cluster_3P6J,5,125,0.7900450773449664,0.7662228339489273,0.6348054706855372
protein,graph+geometric0,3PD7,cluster_3PD7,1,188,0.7029177961853147,0.7700672385006235,0.718506790884025
protein,graph+geometric0,3PES,cluster_3PES,4,165,0.6189005125370229,0.5758193437441608,0.8042079367577062
protein,graph+geometric0,3PID,cluster_3PID,3,387,0.5465481096360482,0.4941916452984924,0.8491034896404965
protein,graph+geometric0,3PIW,cluster_3PIW,1,154,0.7506543444230386,0.7279888808909234,0.6848886235024316
protein,graph+geometric0,3PKV,cluster_3PKV,3,221,0.5613682599208885,0.6253391597643704,0.8287355616827543
protein,graph+geometric0,3PSM,cluster_3PSM,2,94,0.8054314749194579,0.8800112707095122,0.60524411165463
protein,graph+geometric0,3PTL,cluster_3PTL,5,289,0.5174011799973678,0.6221948397958954,0.8876280258239599
protein,graph+geometric0,3PVE,cluster_3PVE,1,347,0.6976788947428905,0.7207773655818739,0.7294584591744155
protein,graph+geometric0,3PZ9,cluster_3PZ9,2,357,0.6951696569664226,0.7058089004310636,0.7268202222245782
protein,graph+geometric0,3PZZ,cluster_3PZZ,4,12,0.8742248559181811,0.6853146853146854,0.5840492210038214
protein,graph+geometric0,3Q2X,cluster_3Q2X,1,6,0.9104069522425446,0.8285714285714287,0.48680959182670824
protein,graph+geometric0,3Q6L,cluster_3Q6L,4,131,0.6291473923188681,0.5937227248649438,0.7871335916627881
protein,graph+geometric0,3QDS,cluster_3QDS,5,284,0.7366837445783105,0.7314805635357805,0.7128809054065258
protein,graph+geometric0,3QPA,cluster_3QPA,5,197,0.4630920022703035,0.7011279059404482,0.9076479897913101
protein,graph+geometric0,3R6D,cluster_3R6D,2,221,0.6806848698708446,0.7510800877133833,0.7414626933461212
protein,graph+geometric0,3R87,cluster_3R87,1,132,0.40906003283188963,0.358006590097659,0.9182927003848674
protein,graph+geometric0,3RQ9,cluster_3RQ9,3,162,0.49969567990567826,0.5841680156973191,0.9325076590896735
protein,graph+geometric0,3RY0,cluster_3RY0,3,128,0.593869818589235,0.6242272945172331,0.8130855442521991
protein,graph+geometric0,3RZY,cluster_3Q6L,5,139,0.7349986289296025,0.6462870096781624,0.694688404837309
protein,graph+geometric0,3S0A,cluster_3S0A,3,119,0.5104696648007511,0.5178501484973111,0.8646410607727345
protein,graph+geometric0,3SD2,cluster_3SD2,2,86,0.4416804638296651,0.5694486378611266,0.9024586582922912
protein,graph+geometric0,3SEB,cluster_3SEB,3,238,0.6540883125987569,0.7583045965336105,0.7619302927833664
protein,graph+geometric0,3SED,cluster_3SED,3,124,0.6714951627998895,0.6579941620515386,0.7770696932607705
protein,graph+geometric0,3SO6,cluster_3SO6,5,150,0.6688541458575946,0.6655774253418691,0.750265106192833
protein,graph+geometric0,3SR3,cluster_3SR3,5,637,0.5683513696510302,0.5710448207974915,0.8264196701851915
protein,graph+geometric0,3SUK,cluster_3SUK,3,248,0.6452114785413079,0.6475755216314076,0.7720270152289541
protein,graph+geometric0,3SZH,cluster_3SZH,3,697,0.772305941924284,0.7624846349619483,0.6454944853214493
protein,graph+geometric0,3T0H,cluster_3T0H,5,208,0.7506963530532604,0.7989981160661419,0.671726030366397
protein,graph+geometric0,3T3K,cluster_3T3K,3,122,0.7541624017957058,0.8098197218598371,0.6762646182654126
protein,graph+geometric0,3T47,cluster_3T47,1,141,0.5038643042324799,0.5059260448729851,0.8733402113232308
protein,graph+geometric0,3TDN,cluster_3TDN,4,357,0.47034081428341673,0.4828864495902795,0.8918894164605069
protein,graph+geometric0,3TOW,cluster_3TOW,3,152,0.6001479076747023,0.7155942768948378,0.8054921989186393
protein,graph+geometric0,3TUA,cluster_3TUA,2,210,0.6472921541273682,0.7839904992411036,0.7751454281215818
protein,graph+geometric0,3TYS,cluster_3TYS,5,75,0.6893367193553067,0.655096873575887,0.7616252922733463
protein,graph+geometric0,3U6G,cluster_3U6G,5,248,0.6159576095190392,0.6012808643595998,0.7918436598909777
protein,graph+geometric0,3U97,cluster_3U97,2,77,0.7034789938954895,0.6779888268742169,0.7178883822303435
protein,graph+geometric0,3UCI,cluster_3UCI,5,72,0.5197671834964005,0.4839861084314105,0.871802378963551
protein,graph+geometric0,3UR8,cluster_3UR8,4,637,0.6989081461179973,0.6496469831549128,0.7241622144220285
protein,graph+geometric0,3US6,cluster_3US6,1,148,0.6689128379578131,0.5390693542265576,0.7613524990317262
protein,graph+geometric0,3V1A,cluster_3V1A,3,48,0.47418087503077355,0.5615568375293613,0.883150490490611
protein,graph+geometric0,3V75,cluster_3V75,2,285,0.5731154164087802,0.5256598802986736,0.8246986723169077
protein,graph+geometric0,3VN0,cluster_3VN0,4,193,0.8019408379812367,0.643917775822937,0.6756180400412449
protein,graph+geometric0,3VOR,cluster_3VOR,3,182,0.543914053181982,0.5625371997214186,0.8498879875319088
protein,graph+geometric0,3VUB,cluster_3VUB,4,101,0.592447891021328,0.6266256646912607,0.8144274275310972
protein,graph+geometric0,3VVV,cluster_3VVV,5,108,0.674928792385806,0.5970280782487966,0.7606621375692004
protein,graph+geometric0,3VZ9,cluster_3VZ9,5,163,0.7401154593211842,0.7345552136054524,0.6804274224965849
protein,graph+geometric0,3W4Q,cluster_1ES5,4,773,0.7042553543355344,0.7219683754540391,0.7251353087411675
protein,graph+geometric0,3ZBD,cluster_3ZBD,4,213,0.5412531880898338,0.4317022847367594,0.8560870385795202
protein,graph+geometric0,3ZIT,cluster_3ZIT,5,152,0.40361173687793345,0.43165801971608964,0.9319942851576641
protein,graph+geometric0,3ZRX,cluster_3ZRX,3,221,0.5620765563027394,0.5473171683586108,0.82732001030197
protein,graph+geometric0,3ZSL,cluster_3ZSL,3,138,0.7156431680445635,0.5826136492920649,0.7171929452495729
protein,graph+geometric0,3ZZP,cluster_3ZZP,2,74,0.5116916111771275,0.538805008759572,0.8592604976017805
protein,graph+geometric0,3ZZY,cluster_3ZZY,4,226,0.7122723433248199,0.5998154713039148,0.7048886620871091
protein,graph+geometric0,4A02,cluster_4A02,1,166,0.4836392812654184,0.6351639933736465,0.8873331632174757
protein,graph+geometric0,4ACJ,cluster_4ACJ,1,167,0.7549243642828614,0.8009077612751103,0.6843313517725537
protein,graph+geometric0,4AE7,cluster_4AE7,1,186,0.7517108866247245,0.7020091585738514,0.6663167358689417
protein,graph+geometric0,4AM1,cluster_4AM1,2,345,0.5935352582401706,0.6083521007694052,0.8051891012743887
protein,graph+geometric0,4ANN,cluster_4ANN,5,176,0.5537569902494337,0.5897046595614567,0.8374557128202623
protein,graph+geometric0,4AVR,cluster_4AVR,3,188,0.621085156969455,0.720983090231436,0.8092876287954379
protein,graph+geometric0,4AXY,cluster_4AXY,3,54,0.6766709505538027,0.6104673329128246,0.7621231951360108
protein,graph+geometric0,4B6G,cluster_4B6G,4,558,0.7468694770719996,0.7535272489525576,0.6836826013232259
protein,graph+geometric0,4B9G,cluster_4B9G,1,292,0.7924341698871822,0.7885596886392956,0.6352036156471158
protein,graph+geometric0,4DD5,cluster_4DD5,4,387,0.6201658551285782,0.6648733224524029,0.7947444268335183
protein,graph+geometric0,4DKN,cluster_4DKN,5,423,0.7271358750888868,0.733693523182171,0.721762246647184
protein,graph+geometric0,4DND,cluster_4DND,5,95,0.741187620819157,0.6785788024215768,0.6828471008876765
protein,graph+geometric0,4DPZ,cluster_4DPZ,4,109,0.7225275723695985,0.6463238616393882,0.7012838037739414
protein,graph+geometric0,4DQ7,cluster_4DQ7,4,328,0.7287861567272571,0.7246127527588225,0.6946129579017272
protein,graph+geometric0,4DT4,cluster_4DT4,5,160,0.7221724993143829,0.7341254611099913,0.7521592380347734
protein,graph+geometric0,4EK3,cluster_4EK3,3,287,0.6924781047517902,0.7095690660747044,0.7291280028703095
protein,graph+geometric0,4ERY,cluster_4ERY,5,318,0.7059662054717811,0.7629235590369982,0.7318374407133448
protein,graph+geometric0,4ES1,cluster_4ES1,4,95,0.6804952601901905,0.6666736659183264,0.7783386832775594
protein,graph+geometric0,4EUG,cluster_4EUG,5,225,0.5764342924851309,0.6307506563505494,0.8176986088737039
protein,graph+geometric0,4F01,cluster_4F01,1,448,0.3519492729165023,0.542853630964312,1.0104730565094167
protein,graph+geometric0,4F3J,cluster_4F3J,3,143,0.5942644887653695,0.5298198599354942,0.8109201943600719
protein,graph+geometric0,4FR9,cluster_4FR9,5,141,0.6125287949498608,0.6259118619336572,0.7960912170215858
protein,graph+geometric0,4G14,cluster_4G14,4,15,0.48961351557485594,0.3928571428571428,0.9461753626084055
protein,graph+geometric0,4G2E,cluster_4G2E,2,151,0.7369934802150986,0.7930246926195718,0.6809477362102928
protein,graph+geometric0,4G5X,cluster_4G5X,3,550,0.7476767574881802,0.7437335719251432,0.6865882323583059
protein,graph+geometric0,4G6C,cluster_4G6C,2,658,0.5855718162264446,0.5640235487749857,0.8184651946991737
protein,graph+geometric0,4G7X,cluster_4G7X,3,194,0.6328295393190067,0.5748155185242176,0.7886790653725233
protein,graph+geometric0,4GA2,cluster_4GA2,1,144,0.5228197387057096,0.534458783296589,0.8531796264430432
protein,graph+geometric0,4GMQ,cluster_4GMQ,3,92,0.61004389111033,0.615677450179554,0.7972900741096229
protein,graph+geometric0,4GS3,cluster_4GS3,2,90,0.4975499169504806,0.6605341466628545,0.9288093752261699
protein,graph+geometric0,4H4J,cluster_4H4J,4,236,0.8076829968019741,0.8260533950085346,0.6173087655863181
protein,graph+geometric0,4H89,cluster_4H89,2,168,0.6100350406272325,0.5738222399757948,0.7932447378731944
protein,graph+geometric0,4HDE,cluster_4HDE,5,168,0.7428447190505182,0.789100943018799,0.690479293089384
protein,graph+geometric0,4HJP,cluster_4HJP,1,281,0.6896783977611216,0.7829912697569692,0.731965120667697
protein,graph+geometric0,4HWM,cluster_4HWM,2,117,0.5988225445915918,0.5737953048708553,0.8139041271042147
protein,graph+geometric0,4IL7,cluster_4IL7,2,85,0.4076640842569111,0.33311836153985797,0.9281221423227193
protein,graph+geometric0,4J11,cluster_4J11,1,357,0.6207322749367683,0.5003493939403948,0.79284664558995
protein,graph+geometric0,4J5O,cluster_4J5O,2,220,0.7237314942251413,0.6569690009719872,0.7003531254247569
protein,graph+geometric0,4J5Q,cluster_2FG1,5,146,0.7423157287196098,0.7751050785074626,0.6883697541426891
protein,graph+geometric0,4J78,cluster_4J78,4,305,0.6140539583985899,0.7560717094677704,0.7958544238972187
protein,graph+geometric0,4JG2,cluster_4JG2,5,185,0.7834843059148271,0.809864043473071,0.66005671676852
protein,graph+geometric0,4JVU,cluster_4JVU,1,207,0.7164134568965059,0.8056756299745038,0.7077981742576162
protein,graph+geometric0,4JYP,cluster_4JYP,4,534,0.6387184937667942,0.6941560185195749,0.7717155059691965
protein,graph+geometric0,4KEF,cluster_4KEF,3,133,0.5020084652419546,0.4417154130514024,0.8788581720482473
protein,graph+geometric0,5CYT,cluster_1CCR,3,103,0.3497397493495162,0.3006164110973609,0.9379867038189054
protein,graph+geometric0,6RXN,cluster_6RXN,1,45,0.5516314480190383,0.5428194993412384,0.8600743561206473
